date,open_price_usd,total_volume_usd,market_cap_usd
2013-04-28,135.30,0,1500517590
2013-04-29,141.96,0,1575032004
2013-04-30,135.30,0,1501657493
2013-05-01,117.00,0,1298951550
2013-05-02,103.43,0,1148667722
2013-05-03,91.01,0,1011066494
2013-05-04,111.25,0,1236351844
2013-05-05,116.79,0,1298377788
2013-05-06,118.33,0,1315992304
2013-05-07,106.40,0,1183766500
2013-05-08,112.64,0,1253655040
2013-05-09,113.00,0,1258130700
2013-05-10,118.78,0,1322989457
2013-05-11,113.01,0,1259239352
2013-05-12,114.71,0,1278708679
2013-05-13,117.18,0,1306721052
2013-05-14,114.50,0,1277278988
2013-05-15,114.16,0,1273849681
2013-05-16,115.50,0,1289277412
2013-05-17,123.10,0,1374605382
2013-05-18,123.88,0,1383755085
2013-05-19,120.50,0,1346499262
2013-05-20,122.58,0,1370131821
2013-05-21,122.90,0,1374154118
2013-05-22,123.00,0,1375791900
2013-05-23,125.75,0,1407041528
2013-05-24,131.70,0,1474180657
2013-05-25,130.77,0,1464316690
2013-05-26,134.60,0,1507769010
2013-05-27,128.99,0,1445444606
2013-05-28,129.18,0,1448115967
2013-05-29,132.13,0,1481781795
2013-05-30,127.40,0,1429308634
2013-05-31,127.98,0,1436386730
2013-06-01,129.09,0,1449499974
2013-06-02,121.30,0,1362684200
2013-06-03,121.16,0,1361765704
2013-06-05,121.31,0,1364113640
2013-06-06,121.71,0,1369233814
2013-06-07,119.00,0,1339234925
2013-06-08,110.09,0,1239395972
2013-06-09,108.40,0,1220874393
2013-06-10,99.75,0,1123844958
2013-06-11,105.99,0,1194605341
2013-06-12,108.90,0,1227904672
2013-06-13,108.40,0,1222819750
2013-06-14,102.77,0,1159766150
2013-06-15,98.40,0,1110902570
2013-06-16,99.99,0,1129287060
2013-06-17,100.42,0,1134610433
2013-06-18,102.00,0,1152834600
2013-06-19,106.55,0,1204638318
2013-06-20,107.90,0,1220273470
2013-06-21,110.91,0,1254733148
2013-06-22,109.02,0,1233750009
2013-06-23,107.25,0,1214260369
2013-06-24,108.00,0,1223181000
2013-06-25,102.44,0,1160635652
2013-06-26,103.69,0,1175194910
2013-06-27,103.39,0,1172207388
2013-06-28,99.66,0,1130338737
2013-06-29,93.33,0,1058953327
2013-06-30,95.39,0,1082693996
2013-07-01,97.50,0,1107084792
2013-07-02,89.49,0,1016445146
2013-07-03,90.80,0,1031653673
2013-07-04,78.80,0,895707780
2013-07-05,78.48,0,892405890
2013-07-06,67.81,0,771368060
2013-07-07,68.08,0,774804401
2013-07-08,77.50,0,882356395
2013-07-09,76.39,0,870081997
2013-07-10,77.00,0,877378425
2013-07-11,85.75,0,977479256
2013-07-12,93.80,0,1069724400
2013-07-13,88.06,0,1004551934
2013-07-14,95.58,0,1090715949
2013-07-15,94.00,0,1073073450
2013-07-16,97.30,0,1111179853
2013-07-17,98.98,0,1130735527
2013-07-18,97.80,0,1117707300
2013-07-19,88.79,0,1015062893
2013-07-20,91.57,0,1047311253
2013-07-21,89.28,0,1021492656
2013-07-22,90.37,0,1034399451
2013-07-23,91.70,0,1050054379
2013-07-24,94.58,0,1083333286
2013-07-25,94.53,0,1083076902
2013-07-26,96.95,0,1111232483
2013-07-27,94.13,0,1079278107
2013-07-28,94.01,0,1078286703
2013-07-29,98.58,0,1131111629
2013-07-30,101.50,0,1165105812
2013-07-31,110.34,0,1267183179
2013-08-01,106.23,0,1220481782
2013-08-02,101.61,0,1167849454
2013-08-03,103.70,0,1192378895
2013-08-04,104.86,0,1206152150
2013-08-05,106.56,0,1226188584
2013-08-06,105.84,0,1218425716
2013-08-07,106.75,0,1229098150
2013-08-08,101.67,0,1171586790
2013-08-09,103.40,0,1192028805
2013-08-10,102.71,0,1184605785
2013-08-11,103.77,0,1197378682
2013-08-12,105.18,0,1214268916
2013-08-13,106.07,0,1225008501
2013-08-14,111.62,0,1289602061
2013-08-15,111.87,0,1292943118
2013-08-16,109.87,0,1270257534
2013-08-17,112.74,0,1304015666
2013-08-18,114.40,0,1323762440
2013-08-19,118.78,0,1375023402
2013-08-20,120.50,0,1395441212
2013-08-21,121.51,0,1407757143
2013-08-22,122.50,0,1419858347
2013-08-23,120.00,0,1391517000
2013-08-24,120.44,0,1397179275
2013-08-25,122.00,0,1415749000
2013-08-26,122.04,0,1416676932
2013-08-27,125.67,0,1459371151
2013-08-28,123.02,0,1429111038
2013-08-29,123.44,0,1434594992
2013-08-30,129.20,0,1502172870
2013-08-31,137.76,0,1602407100
2013-09-01,138.17,0,1607960283
2013-09-02,137.17,0,1597132036
2013-09-03,137.51,0,1601702729
2013-09-04,135.21,0,1575534525
2013-09-05,129.96,0,1514888487
2013-09-06,126.13,0,1470861842
2013-09-07,123.73,0,1443353756
2013-09-08,121.77,0,1420952396
2013-09-09,126.40,0,1475596760
2013-09-10,127.78,0,1492304286
2013-09-11,131.65,0,1538132775
2013-09-12,134.22,0,1568874092
2013-09-13,135.05,0,1579271324
2013-09-14,131.39,0,1537187451
2013-09-15,129.95,0,1520967287
2013-09-16,131.48,0,1539430293
2013-09-17,131.31,0,1538014334
2013-09-18,132.06,0,1547280990
2013-09-19,130.23,0,1526484433
2013-09-20,128.57,0,1507618248
2013-09-21,126.78,0,1487211807
2013-09-22,128.37,0,1506534274
2013-09-23,126.73,0,1487984454
2013-09-24,126.09,0,1481135098
2013-09-25,127.99,0,1504122481
2013-09-26,128.02,0,1505025524
2013-09-27,131.84,0,1550524096
2013-09-28,133.93,0,1575663012
2013-09-29,140.28,0,1650965841
2013-09-30,131.65,0,1549941780
2013-10-01,132.55,0,1561200410
2013-10-02,132.04,0,1555751397
2013-10-03,123.07,0,1450746083
2013-10-04,128.26,0,1512486811
2013-10-05,129.57,0,1528611793
2013-10-06,127.56,0,1505549223
2013-10-07,128.38,0,1515724889
2013-10-08,125.72,0,1484816060
2013-10-09,130.90,0,1546580228
2013-10-10,129.68,0,1532820842
2013-10-11,130.27,0,1540367845
2013-10-12,135.35,0,1601082220
2013-10-13,135.48,0,1603402413
2013-10-14,140.48,0,1663458800
2013-10-15,143.89,0,1704751164
2013-10-16,143.61,0,1702245233
2013-10-17,146.15,0,1732995548
2013-10-18,151.34,0,1795176162
2013-10-19,170.51,0,2023531688
2013-10-20,172.01,0,2042261829
2013-10-21,181.41,0,2154778910
2013-10-22,193.45,0,2298993654
2013-10-23,206.78,0,2458505640
2013-10-24,198.80,0,2364666360
2013-10-25,172.48,0,2052637048
2013-10-26,178.96,0,2130644072
2013-10-27,189.83,0,2260913266
2013-10-28,198.55,0,2365643830
2013-10-29,204.39,0,2436022215
2013-10-30,204.20,0,2434768490
2013-10-31,203.88,0,2432069229
2013-11-01,205.26,0,2449516394
2013-11-02,206.89,0,2470106260
2013-11-03,212.45,0,2537555912
2013-11-04,226.28,0,2703825377
2013-11-05,230.63,0,2756789579
2013-11-06,260.85,0,3119094311
2013-11-07,295.63,0,3536067384
2013-11-08,332.02,0,3972444990
2013-11-09,358.00,0,4284552950
2013-11-10,313.00,0,3747322075
2013-11-11,340.55,0,4078792891
2013-11-12,355.48,0,4259334699
2013-11-13,404.17,0,4844512975
2013-11-14,408.84,0,4902328893
2013-11-15,424.16,0,5087746180
2013-11-16,437.41,0,5248843453
2013-11-17,488.36,0,5862542038
2013-11-18,580.87,0,6975450004
2013-11-19,614.40,0,7380464640
2013-11-20,565.34,0,6793450510
2013-11-21,675.06,0,8114440594
2013-11-22,731.15,0,8790506777
2013-11-23,819.31,0,9853534129
2013-11-24,764.43,0,9196532447
2013-11-25,793.07,0,9544775891
2013-11-26,832.93,0,10028164851
2013-11-27,914.13,0,11009416068
2013-11-28,979.08,0,11795833455
2013-11-29,1101.83,0,13280659993
2013-11-30,1127.45,0,13593664650
2013-12-01,1033.39,0,12464724345
2013-12-02,974.03,0,11753157346
2013-12-03,1078.64,0,13020236474
2013-12-04,1121.48,0,13542487814
2013-12-05,989.04,0,11947405392
2013-12-06,1019.66,0,12322234219
2013-12-07,811.98,0,9816777302
2013-12-08,743.11,0,8987358118
2013-12-09,897.89,0,10863885372
2013-12-10,927.78,0,11230173843
2013-12-11,887.08,0,10741252534
2013-12-12,878.17,0,10636987805
2013-12-13,897.27,0,10872198158
2013-12-14,866.99,0,10509219285
2013-12-15,854.62,0,10363485334
2013-12-16,789.15,0,9573257565
2013-12-17,691.65,0,8393847109
2013-12-18,559.36,0,6791343584
2013-12-19,677.84,0,8233502182
2013-12-20,694.25,0,8436421862
2013-12-21,596.12,0,7246404914
2013-12-22,650.27,0,7907201916
2013-12-23,645.75,0,7854951431
2013-12-24,659.94,0,8030446893
2013-12-25,668.74,0,8140337961
2013-12-26,734.59,0,8944973877
2013-12-27,734.27,62881800,8944473292
2013-12-28,738.81,28121600,9002769255
2013-12-29,726.47,27018300,8855251580
2013-12-30,760.52,24717100,9270681761
2013-12-31,755.16,21903500,9205343763
2014-01-01,767.74,23448600,9358693020
2014-01-02,772.53,16837800,9417082760
2014-01-03,825.47,54171500,10062417390
2014-01-04,849.14,36344700,10350952914
2014-01-05,919.41,62414600,11207538944
2014-01-06,936.38,88584600,11414401972
2014-01-07,826.50,80268100,10107681750
2014-01-08,838.32,78060300,10256342208
2014-01-09,853.29,58813600,10443906952
2014-01-10,863.30,29763600,10570439442
2014-01-11,905.72,48299500,11094594497
2014-01-12,867.45,40171100,10630187711
2014-01-13,840.96,42950500,10309307616
2014-01-14,838.05,23469400,10276902394
2014-01-15,860.44,28600400,10555404678
2014-01-16,837.98,18719700,10283900055
2014-01-17,812.90,39266000,9979241690
2014-01-18,840.00,18052700,10315662000
2014-01-19,838.17,17574100,10293335273
2014-01-20,869.15,25421600,10677333920
2014-01-21,869.57,26779700,10686776168
2014-01-22,865.03,17879900,10635024832
2014-01-23,846.97,18412100,10417265166
2014-01-24,808.32,20176000,9945387408
2014-01-25,804.39,31742800,9900713656
2014-01-26,853.51,22676800,10508799200
2014-01-27,891.86,32539200,10984370725
2014-01-28,777.00,61878700,9573533550
2014-01-29,816.85,33409200,10067676250
2014-01-30,817.17,16261700,10074827642
2014-01-31,817.93,31107400,10087796517
2014-02-01,832.52,14722200,10271715012
2014-02-02,836.41,19347600,10323662258
2014-02-03,813.38,12759200,10043290888
2014-02-04,832.36,14823400,10281144248
2014-02-05,830.92,15706200,10267242207
2014-02-06,805.08,47441900,9951171213
2014-02-07,721.32,65733100,8918941470
2014-02-08,701.61,86940400,8678266711
2014-02-09,672.07,34864400,8315656524
2014-02-10,689.65,38527400,8535556672
2014-02-11,697.76,121884000,8638931672
2014-02-12,655.26,65970400,8115968452
2014-02-13,651.91,19109100,8077474557
2014-02-14,623.57,90917600,7729134561
2014-02-15,644.10,57350800,7986582360
2014-02-16,613.85,24104900,7614456286
2014-02-17,645.14,48516100,8005429360
2014-02-18,625.01,22066400,7758139753
2014-02-19,620.99,13276100,7711283048
2014-02-20,593.89,35743400,7377405511
2014-02-21,582.75,56059000,7241455462
2014-02-22,571.06,21675800,7098404288
2014-02-23,622.97,44590700,7746491782
2014-02-24,572.39,47229500,7120130927
2014-02-25,489.31,111102000,6088839080
2014-02-26,567.25,75039300,7061198906
2014-02-27,586.28,38219000,7300959497
2014-02-28,567.20,24649000,7065922360
2014-03-01,560.11,22903800,6979712746
2014-03-02,561.35,11143900,6997269851
2014-03-03,585.79,33049800,7304054418
2014-03-04,675.00,86124600,8418886875
2014-03-05,658.24,26946700,8212712376
2014-03-06,654.55,16659800,8169324004
2014-03-07,617.62,29823000,7711032022
2014-03-08,610.37,21353000,7623170337
2014-03-09,636.17,15489000,7947989895
2014-03-10,621.17,16425700,7763134192
2014-03-11,624.23,12542300,7803983008
2014-03-12,638.07,20806300,7979719372
2014-03-13,639.03,12866600,7994472985
2014-03-14,629.67,11939800,7879611671
2014-03-15,638.07,5963930,7987471922
2014-03-16,629.55,4834240,7883319532
2014-03-17,623.71,13371500,7812934238
2014-03-18,612.62,23217800,7676276184
2014-03-19,610.64,15227500,7653772688
2014-03-20,592.07,20048500,7423640092
2014-03-21,582.30,38053400,7303695511
2014-03-22,561.22,17983700,7041711523
2014-03-23,567.78,10283000,7127031703
2014-03-24,571.42,17185800,7175538679
2014-03-25,582.55,18634700,7317439677
2014-03-26,584.44,17583200,7343002343
2014-03-27,567.64,22316700,7133333206
2014-03-28,503.66,79571600,6331497248
2014-03-29,502.30,26810900,6317113200
2014-03-30,469.94,17867800,5912148997
2014-03-31,457.40,56838500,5756309240
2014-04-01,478.72,35685800,6023351178
2014-04-02,437.52,49647600,5506313797
2014-04-03,447.08,40765500,5604036051
2014-04-04,448.88,22925500,5641613449
2014-04-05,464.83,13404500,5824866676
2014-04-06,460.70,10241400,5808861023
2014-04-07,457.79,9802770,5775641210
2014-04-08,450.46,10921600,5718579640
2014-04-09,440.20,13204400,5589580215
2014-04-10,360.84,55868300,4611917257
2014-04-11,420.06,62562800,5318033925
2014-04-12,420.66,19226500,5321874506
2014-04-13,414.95,22493500,5234667259
2014-04-14,457.63,50730200,5802302128
2014-04-15,520.12,49561000,6522974948
2014-04-16,529.16,56480100,6674473792
2014-04-17,494.40,34025500,6278792387
2014-04-18,478.23,19042400,6074116360
2014-04-19,501.55,19588200,6353700029
2014-04-20,497.32,12103100,6312896984
2014-04-21,492.67,15171400,6284666435
2014-04-22,484.85,9770190,6187034895
2014-04-23,487.53,8412033,6231920621
2014-04-24,494.27,9512215,6350012525
2014-04-25,458.81,44062362,5857079867
2014-04-26,453.80,11997980,5822776642
2014-04-27,437.92,9760122,5542720307
2014-04-28,436.92,20781688,5593864954
2014-04-29,443.27,15011936,5683724524
2014-04-30,445.00,13054746,5690810165
2014-05-01,455.09,11953625,5821425472
2014-05-02,443.47,8165770,5716625927
2014-05-03,434.03,9446959,5570422954
2014-05-04,433.94,5229831,5554777406
2014-05-05,429.08,8567756,5518951942
2014-05-06,426.76,10822749,5463474513
2014-05-07,439.30,16360711,5590798951
2014-05-08,437.36,8491459,5609810850
2014-05-09,447.49,8820053,5730133343
2014-05-10,452.51,5529665,5795543101
2014-05-11,436.28,11522907,5598956479
2014-05-12,439.19,5903394,5633629021
2014-05-13,437.31,5619474,5625308533
2014-05-14,444.25,6764834,5669111766
2014-05-15,444.25,6219944,5712906334
2014-05-16,445.17,5292981,5725217915
2014-05-17,445.85,2642092,5737967927
2014-05-18,444.21,7828553,5706165793
2014-05-19,443.87,11697296,5706978471
2014-05-20,483.42,59415447,6214911439
2014-05-21,488.77,20125942,6294422409
2014-05-22,522.61,28758404,6716604600
2014-05-23,524.48,30253344,6662964359
2014-05-24,523.11,10236387,6727963028
2014-05-25,569.38,43762385,7325371780
2014-05-26,579.62,26174592,7479335238
2014-05-27,569.48,33059214,7325147499
2014-05-28,571.55,15739188,7402205099
2014-05-29,565.26,14362991,7290260762
2014-05-30,621.15,42271700,7897757908
2014-05-31,620.50,18656368,8007248676
2014-06-01,640.16,53565200,8094125581
2014-06-02,656.41,41153744,8487587033
2014-06-03,667.37,37419432,8580309812
2014-06-04,641.18,43722722,8249183077
2014-06-05,658.10,24809750,8478552324
2014-06-06,648.63,14032413,8409353268
2014-06-07,651.71,12954148,8428206589
2014-06-08,649.90,6819174,8445489607
2014-06-09,643.91,15165258,8290260777
2014-06-10,649.06,13698528,8359493315
2014-06-11,630.04,20706209,8116778557
2014-06-12,567.18,41032286,7309311839
2014-06-13,594.68,37950646,7666330028
2014-06-14,570.00,33752602,7350662806
2014-06-15,583.41,19377537,7526353631
2014-06-16,592.52,25803391,7646618730
2014-06-17,607.16,14064825,7838352937
2014-06-18,604.19,14955836,7802403927
2014-06-19,593.39,11266428,7665345555
2014-06-20,590.06,14899961,7625133251
2014-06-21,591.26,8305000,7643411864
2014-06-22,595.04,9952321,7694627831
2014-06-23,586.15,11249421,7582634214
2014-06-24,582.41,11613406,7537047075
2014-06-25,561.47,18237241,7268686297
2014-06-26,579.59,12733877,7505647765
2014-06-27,598.24,19906419,7750006889
2014-06-28,594.87,13624207,7709210053
2014-06-29,598.49,8878656,7758488115
2014-06-30,637.75,47015974,8269625590
2014-07-01,643.94,38496542,8351853048
2014-07-02,648.11,25992122,8408206449
2014-07-03,640.28,18539084,8308930858
2014-07-04,627.13,22418157,8140821666
2014-07-05,627.58,9292052,8149049043
2014-07-06,631.00,11187211,8195697096
2014-07-07,619.50,18525911,8048556477
2014-07-08,620.05,9269840,8058075305
2014-07-09,620.16,9329941,8060033472
2014-07-10,615.13,15009204,7994627579
2014-07-11,630.84,15836827,8198773245
2014-07-12,633.64,13267458,8235215929
2014-07-13,627.46,11435029,8154939571
2014-07-14,618.21,2646077079,8034625268
2014-07-15,618.95,10776372,8044339957
2014-07-16,614.15,13679053,7981890813
2014-07-17,622.90,14637445,8095579447
2014-07-18,627.02,14086518,8173252760
2014-07-19,626.18,7640657,8165088481
2014-07-20,620.51,4767570,8093609699
2014-07-21,619.91,8225444,8088074095
2014-07-22,619.01,7698581,8078589321
2014-07-23,617.94,9043046,8066930366
2014-07-24,599.81,24703385,7832303310
2014-07-25,600.10,20256797,7837677745
2014-07-26,593.78,11443452,7758026640
2014-07-27,590.38,9300141,7715896689
2014-07-28,585.28,23117898,7651364384
2014-07-29,581.71,11790372,7607013191
2014-07-30,560.79,18397949,7335781094
2014-07-31,583.18,23252091,7630850376
2014-08-01,593.87,22927177,7773046502
2014-08-02,588.23,9260583,7701689838
2014-08-03,585.57,9179432,7669135008
2014-08-04,586.37,11325983,7681459104
2014-08-05,582.42,13046784,7631722476
2014-08-06,583.32,12769922,7645917854
2014-08-07,587.20,11942668,7699128900
2014-08-08,590.91,12277589,7749970439
2014-08-09,588.11,7934876,7716004476
2014-08-10,588.50,8504717,7723612746
2014-08-11,573.41,16394405,7528222642
2014-08-12,567.40,15825348,7451879445
2014-08-13,543.67,36644670,7142146356
2014-08-14,503.71,46265625,6619438824
2014-08-15,492.28,31123413,6470895123
2014-08-16,521.05,27941383,6851511348
2014-08-17,494.78,28596112,6508254264
2014-08-18,459.89,60758485,6051494359
2014-08-19,484.15,45173284,6373125927
2014-08-20,514.19,55122051,6770599524
2014-08-21,515.61,47111104,6791368598
2014-08-22,515.83,34159958,6796320998
2014-08-23,496.57,23986342,6544627813
2014-08-24,508.11,18509793,6698642065
2014-08-25,500.39,15737843,6598469042
2014-08-26,510.64,21288944,6735887475
2014-08-27,510.45,21505989,6735479301
2014-08-28,506.92,18467248,6691049888
2014-08-29,508.10,16001724,6708840033
2014-08-30,501.53,10747409,6624308546
2014-08-31,480.03,43358430,6342575501
2014-09-01,475.82,19343752,6288710717
2014-09-02,474.69,21083352,6275487638
2014-09-03,474.73,14233664,6277994218
2014-09-04,489.55,23597497,6475917910
2014-09-05,480.24,14058803,6354592772
2014-09-06,482.36,9776901,6384706079
2014-09-07,480.60,7748654,6363333296
2014-09-08,471.13,27618107,6239603056
2014-09-09,471.75,20218609,6249605641
2014-09-10,477.11,20792329,6322521232
2014-09-11,476.38,14579193,6314752955
2014-09-12,473.69,13395857,6280918617
2014-09-13,476.00,14007703,6313764543
2014-09-14,474.80,11468703,6299010306
2014-09-15,473.03,12723497,6278083239
2014-09-16,462.59,16956833,6141505243
2014-09-17,454.62,23179363,6037835957
2014-09-18,423.57,48338348,5627251629
2014-09-19,393.26,47766762,5226301320
2014-09-20,408.50,47847915,5430693510
2014-09-21,396.62,32843840,5274312253
2014-09-22,398.31,24225299,5298466364
2014-09-23,433.75,57448184,5771559860
2014-09-24,420.92,32689372,5602424154
2014-09-25,407.98,30733510,5431965427
2014-09-26,402.88,23707503,5365475264
2014-09-27,398.01,16698720,5301867858
2014-09-28,375.99,29504745,5009825167
2014-09-29,373.09,37668363,4972406273
2014-09-30,387.35,34519039,5164012591
2014-10-01,380.89,26019381,5079406228
2014-10-02,371.84,19867285,4959944621
2014-10-03,356.19,29080111,4752500694
2014-10-04,327.88,44971219,4376051376
2014-10-05,325.11,81809697,4340421694
2014-10-06,328.73,75997580,4390074095
2014-10-07,331.72,43924704,4431199693
2014-10-08,353.39,50777427,4721892499
2014-10-09,358.40,80036548,4790047734
2014-10-10,357.55,42046081,4780224306
2014-10-11,359.52,32266988,4807704216
2014-10-12,374.17,30739066,5005060918
2014-10-13,387.04,55435748,5178714608
2014-10-14,398.29,71417120,5330587770
2014-10-15,392.19,49257724,5250404406
2014-10-16,379.39,48941849,5080504777
2014-10-17,380.29,38063636,5093875428
2014-10-18,389.12,43799624,5213672025
2014-10-19,386.95,32870166,5185875585
2014-10-20,379.77,32186402,5090987747
2014-10-21,382.41,33195458,5127920489
2014-10-22,379.44,22279086,5089595057
2014-10-23,356.20,48354309,4779135400
2014-10-24,354.32,32650701,4755312883
2014-10-25,347.03,35098508,4658797625
2014-10-26,350.19,27618301,4702361471
2014-10-27,348.29,40322147,4678274816
2014-10-28,351.56,26517269,4723453013
2014-10-29,333.15,43376134,4477252539
2014-10-30,343.67,59854847,4620136995
2014-10-31,336.59,30524274,4526519246
2014-11-01,323.98,38569973,4358250679
2014-11-02,323.98,28711351,4359606957
2014-11-03,324.00,40772300,4361102298
2014-11-04,328.01,35073798,4416492356
2014-11-05,337.59,44434915,4546689685
2014-11-06,347.82,43131103,4685738574
2014-11-07,341.23,40263476,4598267773
2014-11-08,344.18,30212776,4639316977
2014-11-09,363.42,51466026,4900092961
2014-11-10,363.76,62274661,4906043990
2014-11-11,366.15,45679774,4939381808
2014-11-12,418.58,234617999,5648170007
2014-11-13,414.71,338849744,5597421602
2014-11-14,395.25,263499969,5336222507
2014-11-15,377.33,99179350,5095655586
2014-11-16,387.62,95731301,5236180276
2014-11-17,384.90,152824089,5200788045
2014-11-18,374.87,109440633,5066663713
2014-11-19,376.79,84367865,5093942323
2014-11-20,355.39,93722502,4805825478
2014-11-21,349.39,100624478,4725799745
2014-11-22,351.55,68856355,4756418768
2014-11-23,366.78,71063869,4963794289
2014-11-24,377.74,116848548,5113527167
2014-11-25,375.25,115570302,5080998638
2014-11-26,365.77,92282204,4953852407
2014-11-27,368.45,70974036,4991429534
2014-11-28,376.95,91254233,5108072425
2014-11-29,374.96,100952561,5082659949
2014-11-30,376.47,74926944,5104546201
2014-12-01,379.49,64120831,5146696229
2014-12-02,381.38,66841251,5173729066
2014-12-03,374.10,74772913,5076166197
2014-12-04,368.23,62639548,4997777245
2014-12-05,376.38,57857463,5109881265
2014-12-06,373.67,48428934,5074368104
2014-12-07,374.45,38514375,5086108462
2014-12-08,361.43,66593742,4910799207
2014-12-09,350.93,88924870,4769269438
2014-12-10,346.98,59696951,4716905099
2014-12-11,346.91,118502899,4717173182
2014-12-12,351.50,50698218,4780796277
2014-12-13,347.48,38735004,4727528507
2014-12-14,350.13,44354135,4764706151
2014-12-15,344.62,30644201,4690951072
2014-12-16,328.53,71798679,4473187530
2014-12-17,318.83,76239460,4342046796
2014-12-18,309.77,90976236,4219673039
2014-12-19,317.54,60607669,4326569824
2014-12-20,328.77,64328494,4480153982
2014-12-21,319.50,58024786,4353792202
2014-12-22,329.89,51126867,4498284260
2014-12-23,333.97,58571793,4555334102
2014-12-24,322.19,37974792,4395934388
2014-12-25,318.17,75362825,4342234118
2014-12-26,327.72,93256490,4473844614
2014-12-27,314.57,145862961,4295536139
2014-12-28,316.49,67051620,4322768587
2014-12-29,312.63,99471184,4271645364
2014-12-30,310.08,71609763,4237996981
2014-12-31,317.38,71036111,4338943850
2015-01-01,313.99,46999364,4293958347
2015-01-02,314.45,38855906,4301448335
2015-01-03,286.57,118778941,3921358112
2015-01-04,260.94,205500149,3571639781
2015-01-05,273.22,155038125,3740880427
2015-01-06,285.37,97002896,3908408221
2015-01-07,295.87,110674233,4053238742
2015-01-08,284.45,86570544,3897824162
2015-01-09,289.57,83478400,3968992614
2015-01-10,274.53,92683836,3763909200
2015-01-11,267.18,73256738,3664201454
2015-01-12,268.35,78982215,3681154854
2015-01-13,221.44,215752220,3038251389
2015-01-14,172.15,236006921,2362639550
2015-01-15,210.56,257637517,2890521923
2015-01-16,205.82,176217465,2826188131
2015-01-17,199.49,106431481,2740019366
2015-01-18,208.99,118664233,2871292169
2015-01-19,214.55,105545327,2948379299
2015-01-20,210.51,94312138,2893626589
2015-01-21,224.05,99166469,3080429687
2015-01-22,232.04,151229886,3191202338
2015-01-23,232.90,126038219,3203686664
2015-01-24,248.10,134933345,3413521852
2015-01-25,253.84,142426845,3493324596
2015-01-26,271.29,401755947,3734336331
2015-01-27,259.24,339951745,3568728002
2015-01-29,232.53,161971566,3203612158
2015-01-30,228.64,105832533,3150704414
2015-01-31,218.02,92459196,3005342179
2015-02-01,226.27,100844154,3119897131
2015-02-02,240.02,108043831,3310466195
2015-02-03,226.01,135790232,3117998019
2015-02-04,225.31,83155505,3109175682
2015-02-05,216.91,74142168,2994172300
2015-02-06,222.49,88164947,3072075447
2015-02-07,227.21,80694160,3138151161
2015-02-08,222.91,76979240,3079497925
2015-02-09,220.09,79154588,3041547651
2015-02-10,220.65,66708974,3049996660
2015-02-11,219.10,65150874,3029418429
2015-02-12,222.04,51632481,3070809845
2015-02-13,235.68,137045816,3260249205
2015-02-14,259.01,165435434,3584044453
2015-02-15,233.00,199965388,3224923704
2015-02-16,235.92,128976205,3266299220
2015-02-17,242.46,121468768,3357729670
2015-02-18,234.62,88821472,3250184845
2015-02-19,240.30,71396085,3329826479
2015-02-20,244.08,80482172,3383185376
2015-02-21,244.15,64143296,3384954727
2015-02-22,235.55,74180476,3266702003
2015-02-23,238.13,61755699,3303312137
2015-02-24,238.73,58732103,3312404143
2015-02-25,237.38,57584610,3294575196
2015-02-26,236.17,44991045,3278687400
2015-02-27,253.90,137186495,3525782547
2015-02-28,253.60,85884430,3522504179
2015-03-01,257.71,58106060,3580465594
2015-03-02,269.96,93658289,3751796695
2015-03-03,280.62,128754966,3901083285
2015-03-04,273.02,119553920,3796353843
2015-03-05,274.83,98543018,3822334890
2015-03-06,272.34,74704492,3788784931
2015-03-07,275.58,50059695,3834877371
2015-03-08,274.58,45050575,3821054906
2015-03-09,289.30,111062141,4027806172
2015-03-10,290.31,129285348,4043022165
2015-03-11,295.96,73794326,4122115212
2015-03-12,293.92,65277496,4095470764
2015-03-13,288.04,67739327,4014523121
2015-03-14,281.49,63244192,3924198781
2015-03-15,285.26,32203957,3977863689
2015-03-16,290.10,60818266,4046186763
2015-03-17,284.35,50540131,3967004055
2015-03-18,255.61,123648768,3566978131
2015-03-19,260.00,133194355,3629235646
2015-03-20,260.91,59404465,3642718765
2015-03-21,259.49,54148215,3623906198
2015-03-22,267.80,51503307,3740905134
2015-03-23,266.03,73040650,3717118257
2015-03-24,245.17,153991184,3426730126
2015-03-25,246.27,175875958,3443109528
2015-03-26,247.56,148675593,3462026773
2015-03-27,247.15,90325941,3457360134
2015-03-28,252.05,82125759,3526137496
2015-03-29,241.91,84472856,3384336376
2015-03-30,246.54,96641741,3449082801
2015-03-31,243.27,76545513,3403299618
2015-04-01,246.78,78230800,3456621445
2015-04-02,252.34,95206093,3535619145
2015-04-03,253.62,94243302,3554522141
2015-04-04,253.32,63959131,3551247974
2015-04-05,259.71,82969309,3641795730
2015-04-06,255.42,83832524,3582471422
2015-04-07,253.21,88508043,3551882234
2015-04-08,244.27,106548662,3427768045
2015-04-09,243.20,93749435,3413570472
2015-04-10,234.53,110710603,3292518276
2015-04-11,236.45,87635000,3319540688
2015-04-12,235.74,62271722,3309551886
2015-04-13,223.95,87796699,3146530900
2015-04-14,218.00,109539415,3063792223
2015-04-15,223.02,71588917,3134965195
2015-04-16,228.00,88471193,3205775570
2015-04-17,222.42,101386584,3127985666
2015-04-18,222.95,70165374,3136367732
2015-04-19,222.68,58633108,3133241392
2015-04-20,224.31,63561423,3157115506
2015-04-21,234.69,80763825,3304071909
2015-04-22,233.78,72515583,3292205019
2015-04-23,235.17,55130032,3312571610
2015-04-24,230.99,73282646,3254290910
2015-04-25,225.96,58830427,3184369640
2015-04-26,218.51,96999964,3080176877
2015-04-27,228.57,95409417,3222813920
2015-04-28,225.64,71643965,3182408230
2015-04-29,226.00,56781694,3188139665
2015-04-30,236.22,103785827,3333116827
2015-05-01,232.74,74708331,3284896594
2015-05-02,235.16,61431426,3319854339
2015-05-03,239.88,86630763,3387421698
2015-05-04,238.97,84138463,3375292446
2015-05-05,236.00,71871894,3334246892
2015-05-06,229.82,70623214,3246886599
2015-05-07,236.85,74887945,3346205371
2015-05-08,243.66,79882346,3442447010
2015-05-09,241.53,79529082,3412425892
2015-05-10,239.55,67810640,3384490103
2015-05-11,241.85,70787411,3416925739
2015-05-12,241.52,60882938,3412239399
2015-05-13,235.48,50100818,3326910420
2015-05-14,236.70,56975126,3344213288
2015-05-15,236.99,39256136,3348265270
2015-05-16,235.98,26856157,3333957591
2015-05-17,236.08,24401603,3335463663
2015-05-18,232.48,33772802,3284474809
2015-05-19,231.94,31085022,3276971295
2015-05-20,234.05,28778007,3306688656
2015-05-21,235.42,27373180,3326079679
2015-05-22,240.94,54518479,3419033119
2015-05-23,239.03,47757593,3392690898
2015-05-24,241.24,29761666,3424926508
2015-05-25,237.44,30834563,3371792793
2015-05-26,237.50,30268983,3373426621
2015-05-27,237.23,30728766,3370470121
2015-05-28,237.49,26801090,3374927914
2015-05-29,237.07,31108417,3369940317
2015-05-30,233.46,31403745,3319341161
2015-05-31,229.68,23353986,3266430207
2015-06-01,223.32,43602265,3176729203
2015-06-02,225.74,32062237,3212024675
2015-06-03,225.48,30472196,3208477949
2015-06-04,224.17,29003069,3189861690
2015-06-05,224.74,32252692,3197922617
2015-06-06,225.29,18238446,3205714609
2015-06-07,223.62,24133822,3181906061
2015-06-08,228.70,40449914,3254270843
2015-06-09,229.53,36746856,3266011480
2015-06-10,229.00,29194037,3258552455
2015-06-11,229.93,28833233,3271815632
2015-06-12,230.52,29722315,3280122726
2015-06-13,232.63,29012321,3310175113
2015-06-14,233.67,35303171,3324945179
2015-06-15,237.20,46839294,3375220318
2015-06-16,250.47,96364193,3564086481
2015-06-17,247.69,100630046,3524530311
2015-06-18,248.55,67360541,3536733401
2015-06-19,243.00,60767656,3457685093
2015-06-20,245.48,55692673,3492955383
2015-06-21,244.00,26531885,3488836375
2015-06-22,247.28,41166802,3536683170
2015-06-23,243.85,37387508,3488498072
2015-06-24,240.54,39616260,3442040366
2015-06-25,242.48,34244051,3470729480
2015-06-26,242.48,34005665,3471728541
2015-06-27,250.62,49080095,3589074420
2015-06-28,248.35,40522517,3557369716
2015-06-29,256.30,73197757,3672257830
2015-06-30,262.41,99893250,3760650013
2015-07-01,257.51,68104998,3691294142
2015-07-02,254.65,52711168,3651410105
2015-07-03,255.16,42339289,3659678538
2015-07-04,260.42,42932957,3736024266
2015-07-05,271.04,96139966,3889432509
2015-07-06,268.60,111884711,3855533498
2015-07-07,265.38,64748934,3810376692
2015-07-08,269.61,79366281,3871966451
2015-07-09,268.89,75940632,3862503903
2015-07-10,285.02,113799594,4095521056
2015-07-11,291.89,114394387,4195301868
2015-07-12,310.19,115546321,4459352693
2015-07-13,290.67,130058767,4179711757
2015-07-14,286.67,74446013,4122384618
2015-07-15,283.95,52932168,4084701354
2015-07-16,276.68,97423602,3981564979
2015-07-17,278.37,60573487,4007009432
2015-07-18,274.48,52505422,3951120257
2015-07-19,272.81,26896010,3926969933
2015-07-20,277.25,40729476,3993823954
2015-07-21,274.94,43239135,3961652068
2015-07-22,276.18,43240737,3980470592
2015-07-23,275.61,34164577,3973299339
2015-07-24,288.44,79396119,4158911305
2015-07-25,288.39,54859995,4158095826
2015-07-26,291.70,40248392,4205901558
2015-07-27,292.61,63540197,4219037232
2015-07-28,293.99,63623602,4238912997
2015-07-29,288.72,52624701,4162873226
2015-07-30,286.84,43880110,4135724833
2015-07-31,283.68,63971591,4090154891
2015-08-01,280.70,53533746,4047265066
2015-08-02,281.73,46165537,4062048251
2015-08-03,281.83,41411647,4063535809
2015-08-04,284.24,48308761,4098275923
2015-08-05,281.40,43424336,4057353078
2015-08-06,278.01,41914108,4008508407
2015-08-07,278.51,47637462,4015651480
2015-08-08,259.80,80056217,3745910822
2015-08-09,264.34,67863179,3811337989
2015-08-10,263.58,60783290,3817350355
2015-08-11,269.87,64124893,3909600812
2015-08-12,267.71,73043602,3879202424
2015-08-13,263.66,57163447,3821420844
2015-08-14,265.13,61280619,3843674745
2015-08-15,260.48,38131977,3777139797
2015-08-16,257.82,55868004,3739450599
2015-08-17,257.06,51730292,3729475807
2015-08-18,253.08,49833134,3672268004
2015-08-19,225.96,143390129,3279919634
2015-08-20,234.64,99655605,3406737000
2015-08-21,232.33,62180214,3374233145
2015-08-22,229.15,102329840,3328896176
2015-08-23,227.25,72465771,3302029053
2015-08-24,210.09,139379271,3053595830
2015-08-25,221.33,183422133,3217665292
2015-08-26,225.27,144278490,3275815634
2015-08-27,222.97,69900344,3243160211
2015-08-28,231.66,95134719,3370431355
2015-08-29,228.47,56654306,3324950575
2015-08-30,228.07,54615312,3319968529
2015-08-31,230.08,58032870,3350144206
2015-09-01,227.16,61479340,3308579440
2015-09-02,228.64,47781609,3331062657
2015-09-03,226.57,43765322,3301579143
2015-09-04,230.05,55274502,3353296685
2015-09-05,234.75,58712579,3422635973
2015-09-06,239.13,70113446,3487336313
2015-09-07,240.50,50336413,3508277387
2015-09-08,243.56,67754769,3553698013
2015-09-09,237.95,55993048,3472697170
2015-09-10,238.78,48531119,3485799693
2015-09-11,240.00,44294574,3504653619
2015-09-12,234.91,40541223,3431133648
2015-09-13,230.50,46253457,3367623264
2015-09-14,230.21,52117341,3364179590
2015-09-15,229.91,58562863,3360764475
2015-09-16,228.46,51089490,3340446395
2015-09-17,232.75,54594106,3403177100
2015-09-18,232.35,79606360,3399002107
2015-09-19,231.27,39022088,3383904198
2015-09-20,230.66,36477159,3375670111
2015-09-21,226.45,36795276,3314850054
2015-09-22,229.88,71785979,3365879385
2015-09-23,229.87,53526673,3366614507
2015-09-24,233.93,124125639,3426856523
2015-09-25,234.98,115435785,3443254571
2015-09-26,234.53,93607431,3437534062
2015-09-27,232.83,75776527,3413577895
2015-09-28,239.28,245683532,3508852289
2015-09-29,237.23,115160471,3479847405
2015-09-30,236.05,76056340,3463401139
2015-10-01,237.74,72356987,3489093808
2015-10-02,237.26,84448749,3482919072
2015-10-03,238.97,73353042,3508906580
2015-10-04,238.66,78899567,3505203182
2015-10-05,240.32,107434380,3530596946
2015-10-06,246.44,135776680,3621402164
2015-10-07,243.22,121587413,3574397658
2015-10-08,242.90,97564225,3569664084
2015-10-09,244.21,109153977,3588832044
2015-10-10,245.32,89165070,3607756619
2015-10-11,247.54,79268222,3640379548
2015-10-12,245.57,108125414,3611362597
2015-10-13,249.41,164455688,3667819987
2015-10-14,252.70,321865166,3720285701
2015-10-15,254.63,207297258,3749948525
2015-10-16,262.37,332398256,3864938757
2015-10-17,270.36,271593081,3983558776
2015-10-18,262.23,116712427,3864772726
2015-10-19,264.21,224715634,3894955159
2015-10-20,270.27,319017395,3985078068
2015-10-21,267.02,201630915,3938178701
2015-10-22,273.57,229034926,4035872004
2015-10-23,277.39,130573070,4093191773
2015-10-24,282.96,168029249,4176382825
2015-10-25,284.75,336860320,4203955930
2015-10-26,285.52,221583939,4215884952
2015-10-27,294.81,329397534,4354732831
2015-10-28,303.64,387209571,4486177629
2015-10-29,313.91,543163761,4639133967
2015-10-30,325.80,843340993,4816269545
2015-10-31,312.28,321997492,4617510890
2015-11-01,325.00,582434357,4806796483
2015-11-02,350.77,636690229,5189223756
2015-11-03,398.24,987283928,5893149470
2015-11-04,404.36,984425382,5985308849
2015-11-05,387.47,913505445,5736789622
2015-11-06,372.83,770242854,5521254799
2015-11-07,387.06,462741972,5733490751
2015-11-08,371.50,264157490,5504396533
2015-11-09,380.64,420137368,5641277305
2015-11-10,336.87,620473336,4993780087
2015-11-11,305.98,572707253,4537161821
2015-11-12,337.96,546923067,5012582356
2015-11-13,337.37,414918018,5005284729
2015-11-14,331.50,131135196,4919391965
2015-11-15,320.48,237800139,4757160339
2015-11-16,331.35,239442893,4919473734
2015-11-17,335.11,236625919,4976968039
2015-11-18,335.45,185981663,4983266453
2015-11-19,325.57,206391901,4837533520
2015-11-20,321.42,123560944,4777269084
2015-11-21,325.16,199949522,4834317690
2015-11-22,323.40,167053005,4809449591
2015-11-23,322.83,188739479,4802404204
2015-11-24,319.98,103800162,4761183527
2015-11-25,328.17,714595230,4884311516
2015-11-26,356.25,1237550808,5303722123
2015-11-27,359.01,895711316,5346023826
2015-11-28,356.21,667783122,5305804456
2015-11-29,371.49,921927632,5534688266
2015-11-30,378.27,1299027009,5637217099
2015-12-01,363.45,523072118,5417967323
2015-12-02,358.82,1153668372,5350373991
2015-12-03,360.95,1149814390,5383466481
2015-12-04,362.77,1039912870,5411894144
2015-12-05,390.65,1426331736,5829507440
2015-12-06,394.01,1512626610,5881283994
2015-12-07,394.36,1282263557,5887868033
2015-12-08,412.93,954462002,6167016641
2015-12-09,417.37,1528970868,6235070986
2015-12-10,416.91,1275837073,6230407268
2015-12-11,452.41,1623480958,6762812524
2015-12-12,434.90,1745413357,6502593548
2015-12-13,435.82,1484344616,6517994663
2015-12-14,443.28,1497157324,6631778542
2015-12-15,465.00,1555251795,6958907660
2015-12-16,453.91,896686370,6794808884
2015-12-17,456.47,1302614351,6834975642
2015-12-18,463.82,1135226734,6946908499
2015-12-19,462.05,556941127,6922223917
2015-12-20,441.13,1175787491,6610549658
2015-12-21,437.81,1416880180,6562505170
2015-12-22,436.24,1296402582,6540512247
2015-12-23,442.82,955949148,6640942255
2015-12-24,454.91,1418671442,6823821081
2015-12-25,455.74,1058738142,6838203626
2015-12-26,417.09,1725069506,6260008700
2015-12-27,423.93,1378749291,6364767558
2015-12-28,420.71,1310931885,6318056014
2015-12-29,432.15,1176234727,6491698546
2015-12-30,426.81,1227648166,6413208735
2015-12-31,431.14,1310033275,6479728151
2016-01-01,434.43,1338781511,6530621624
2016-01-02,434.33,769869068,6530688608
2016-01-03,430.20,984185980,6470199430
2016-01-04,433.53,1021957723,6522334778
2016-01-05,432.12,758209346,6502628563
2016-01-06,431.34,833341869,6492499351
2016-01-07,456.43,1637948558,6870164692
2016-01-08,454.70,1501742594,6847658074
2016-01-09,448.71,1085553694,6759240199
2016-01-10,447.21,1361099090,6738604517
2016-01-11,448.35,1182725806,6757695468
2016-01-12,445.79,888588585,6721027667
2016-01-13,432.12,1584488641,6516499236
2016-01-14,429.24,1266295629,6474583370
2016-01-15,365.91,1576734614,5519407460
2016-01-16,384.81,1710583688,5806905133
2016-01-17,386.36,1476285801,5830189311
2016-01-18,385.13,1357696059,5814809591
2016-01-19,379.02,1157108221,5723770826
2016-01-20,418.85,1674254290,6326929406
2016-01-21,407.82,1484721462,6161646249
2016-01-22,377.21,1626853796,5700897323
2016-01-23,389.64,755378842,5889248377
2016-01-24,403.06,1458284444,6094932221
2016-01-25,392.33,1332190241,5934195570
2016-01-26,392.46,1231352757,5937437390
2016-01-27,394.49,1023661370,5968224752
2016-01-28,379.55,1144817696,5745544310
2016-01-29,378.91,1378222858,5737400249
2016-01-30,376.92,926767404,5709052773
2016-01-31,364.35,795209373,5520342696
2016-02-01,371.04,1028395381,5623172735
2016-02-02,372.87,669492001,5652529733
2016-02-03,368.12,701511711,5582278352
2016-02-04,388.38,1068491901,5891023100
2016-02-05,385.73,1099201402,5852736452
2016-02-06,374.90,979578026,5690251854
2016-02-07,375.52,551083227,5701239913
2016-02-08,371.14,542257471,5636117688
2016-02-09,373.91,465479007,5679902055
2016-02-10,379.83,814090888,5771368715
2016-02-11,377.06,503979335,5730998807
2016-02-12,382.72,658159245,5818750496
2016-02-13,390.42,740171995,5937412022
2016-02-14,404.14,1319015073,6147686974
2016-02-15,399.38,1388195100,6076721221
2016-02-16,407.01,1111797900,6194279970
2016-02-17,416.85,1296165324,6345582495
2016-02-18,421.42,1445224879,6417045472
2016-02-19,419.38,601898504,6387331883
2016-02-20,441.12,1385245440,6720209556
2016-02-21,438.65,1506908217,6684028071
2016-02-22,437.80,1166708341,6672478907
2016-02-23,420.30,1465084347,6407178256
2016-02-24,423.19,1457408416,6452416826
2016-02-25,423.14,1416389937,6453391535
2016-02-26,427.03,58325278,6514156583
2016-02-27,432.14,595150632,6593663290
2016-02-28,432.80,546124186,6605163875
2016-02-29,436.92,1847224331,6669535766
2016-03-01,431.37,2515777834,6586086154
2016-03-02,424.49,2052408229,6482862266
2016-03-03,420.17,2737847218,6418406145
2016-03-04,409.41,2408874554,6255529066
2016-03-05,397.24,2766255767,6071173237
2016-03-06,404.91,2521764887,6189869498
2016-03-07,413.74,2361080396,6326260440
2016-03-08,411.88,1845168034,6299329213
2016-03-09,412.32,1705210743,6307800374
2016-03-10,416.29,2166212980,6370256294
2016-03-11,419.30,2440375017,6417916284
2016-03-12,410.80,2292018374,6289332500
2016-03-13,412.49,1845648236,6316587497
2016-03-14,414.59,1803876534,6350177716
2016-03-15,415.64,2111129338,6367983806
2016-03-16,416.54,1895643174,6383495146
2016-03-17,418.40,1743173853,6413413020
2016-03-18,408.28,2438769296,6259667304
2016-03-19,406.74,1764836350,6237403576
2016-03-20,411.88,1440329762,6317806513
2016-03-21,411.09,2250456010,6307102004
2016-03-22,416.36,2041042450,6389481378
2016-03-23,418.08,1985257305,6417382985
2016-03-24,414.88,2021330255,6369854280
2016-03-25,415.74,1933831282,6384534070
2016-03-26,416.71,1604214632,6401148697
2016-03-27,425.35,2326287424,6535264077
2016-03-28,422.76,2155194926,6497115017
2016-03-29,415.55,2681866389,6388027424
2016-03-30,412.60,2387281658,6344204936
2016-03-31,415.37,1432304099,6388090245
2016-04-01,416.75,447338223,6410999714
2016-04-02,419.67,633704454,6457346881
2016-04-03,418.19,429476810,6435354873
2016-04-04,419.44,525611740,6456959981
2016-04-05,422.65,541558101,6508054062
2016-04-06,421.66,527136258,6494387878
2016-04-07,421.08,593936634,6486917899
2016-04-08,418.47,727873661,6448380946
2016-04-09,416.15,791269617,6413012926
2016-04-10,421.13,484836964,6492839084
2016-04-11,422.58,710470937,6516847462
2016-04-12,426.18,1182165394,6573884543
2016-04-13,424.27,785800596,6546120648
2016-04-14,424.93,616490738,6558071166
2016-04-15,429.97,841700527,6637309898
2016-04-16,430.94,743886907,6653836775
2016-04-17,428.03,528907575,6610502491
2016-04-18,428.51,549297574,6619389286
2016-04-19,436.37,674540887,6742483781
2016-04-20,441.92,1101674781,6830010642
2016-04-21,451.08,1340299673,6973348482
2016-04-22,447.49,1244399315,6919439821
2016-04-23,451.82,835075483,6987975324
2016-04-24,459.92,1609960187,7114859335
2016-04-25,460.47,1607304204,7123685300
2016-04-26,467.86,1278134939,7240796777
2016-04-27,444.79,1344104894,6885300361
2016-04-28,449.38,1497339511,6957889603
2016-04-29,456.57,683291625,7070940369
2016-04-30,447.90,577836729,6938342200
2016-05-01,452.59,394606186,7012822522
2016-05-02,444.49,679795242,6888908380
2016-05-03,450.30,460396814,6980741978
2016-05-04,447.12,430680620,6933273129
2016-05-05,448.92,547921246,6962982235
2016-05-06,461.62,892002595,7161803490
2016-05-07,459.25,418352341,7126736757
2016-05-08,459.28,640880145,7129139993
2016-05-09,461.75,892533004,7169395601
2016-05-10,450.33,1121093827,6993799201
2016-05-11,452.18,672525014,7024148586
2016-05-12,454.73,697010377,7065405649
2016-05-13,456.01,489812072,7086941589
2016-05-14,455.50,540603401,7080714422
2016-05-15,457.84,514727784,7118621365
2016-05-16,454.89,649625052,7074393585
2016-05-17,452.42,456208619,7037627800
2016-05-18,453.37,382814030,7054124066
2016-05-19,440.54,626926268,6855767039
2016-05-20,441.89,644225135,6878428608
2016-05-21,443.15,382669886,6899543980
2016-05-22,438.68,369986913,6831902516
2016-05-23,443.18,378979422,6903990658
2016-05-24,445.77,423917608,6945849972
2016-05-25,449.05,593928755,6998825287
2016-05-26,453.73,772901620,7073262178
2016-05-27,473.86,1609915744,7388724420
2016-05-28,528.55,2308852892,8243121752
2016-05-29,524.62,2265760455,8182390025
2016-05-30,534.22,1027238918,8335577206
2016-05-31,531.41,976889071,8293336920
2016-06-01,539.17,864207753,8416291167
2016-06-02,538.83,655601896,8413013020
2016-06-03,570.44,947549857,8908568259
2016-06-04,573.53,1014758654,8958404429
2016-06-05,574.48,980649173,8975651028
2016-06-06,585.56,850291007,9151383511
2016-06-07,577.91,995595870,9033842182
2016-06-08,583.14,625927308,9117713570
2016-06-09,577.61,570784842,9033585758
2016-06-10,579.23,574507838,9060944980
2016-06-11,597.75,567638086,9352955399
2016-06-12,671.71,2134843167,10512767357
2016-06-13,704.29,1929369214,11025583302
2016-06-14,685.93,1295617504,10740428206
2016-06-15,693.23,1111645976,10857217290
2016-06-16,765.46,2295279423,11991494583
2016-06-17,749.42,2089119189,11742908608
2016-06-18,756.80,1639977543,11861509350
2016-06-19,764.05,1440147059,11978503075
2016-06-20,734.16,1274257071,11512940800
2016-06-21,665.00,2616450205,10430819686
2016-06-22,591.90,2116429838,9286122276
2016-06-23,623.21,2950728709,9779539537
2016-06-24,661.42,2819565197,10381264326
2016-06-25,666.06,2165368589,10456807082
2016-06-26,629.31,1973414930,9882102247
2016-06-27,648.30,1893446211,10182702233
2016-06-28,646.84,1557753995,10162291636
2016-06-29,637.44,1478192306,10016780634
2016-06-30,671.62,1557452115,10556309174
2016-07-01,677.71,1520646626,10654888849
2016-07-02,693.05,1369565986,10897332419
2016-07-03,664.75,1980745475,10456041581
2016-07-04,678.70,1647219063,10678148802
2016-07-05,667.53,1363651289,10504760880
2016-07-06,675.92,1193299158,10639167836
2016-07-07,638.62,2122556833,10054273625
2016-07-08,665.74,1407424927,10483645176
2016-07-09,653.87,1734638027,10298813662
2016-07-10,650.32,1043956725,10244077501
2016-07-11,649.07,969355597,10225531861
2016-07-12,670.95,1085661832,10571303712
2016-07-13,658.15,930971251,10370703851
2016-07-14,659.58,907126119,10394281929
2016-07-15,665.69,915530670,10491679653
2016-07-16,663.50,583921220,10458476977
2016-07-17,678.39,878701509,10694420116
2016-07-18,674.79,951136968,10638777020
2016-07-19,674.56,721148318,10636194258
2016-07-20,670.89,718486386,10579131342
2016-07-21,665.36,651736588,10493517599
2016-07-22,651.09,744993482,10269410782
2016-07-23,655.42,749951409,10338768243
2016-07-24,660.85,628152932,10425364937
2016-07-25,654.52,571897924,10326505496
2016-07-26,651.31,704328936,10276898044
2016-07-27,655.62,701731383,10345876482
2016-07-28,655.89,590272473,10351218168
2016-07-29,657.34,498459288,10375300169
2016-07-30,654.55,381261251,10332176091
2016-07-31,623.75,1034681070,9847086966
2016-08-01,605.75,1099193369,9564059424
2016-08-02,517.13,1868906087,8165924599
2016-08-03,567.38,2497221231,8960483431
2016-08-04,576.60,1656264327,9107192616
2016-08-05,576.03,730357921,9099338659
2016-08-06,587.63,781499292,9283768001
2016-08-07,592.67,1119146427,9364319559
2016-08-08,590.71,732938493,9334500359
2016-08-09,585.30,764158462,9249860836
2016-08-10,592.27,787203551,9361030949
2016-08-11,587.61,332761749,9288488902
2016-08-12,586.53,332148000,9272434001
2016-08-13,584.47,528917330,9241013898
2016-08-14,570.74,800709328,9024984100
2016-08-15,567.73,689576138,8978508770
2016-08-16,578.22,665471811,9145336947
2016-08-17,571.46,509828615,9039235991
2016-08-18,572.27,448162730,9053050627
2016-08-19,573.49,404401761,9073411772
2016-08-20,581.95,449090941,9208301152
2016-08-21,580.59,397848571,9187908144
2016-08-22,585.22,391991120,9262302917
2016-08-23,582.00,602216569,9212472966
2016-08-24,577.89,366732500,9148400142
2016-08-25,576.12,401309291,9121223052
2016-08-26,578.10,338221515,9153633134
2016-08-27,568.58,445311513,9003730819
2016-08-28,573.53,339737296,9083223370
2016-08-29,572.51,381390187,9068122329
2016-08-30,576.08,414583282,9125715540
2016-08-31,571.76,335483654,9058256695
2016-09-01,571.59,356532608,9056523460
2016-09-02,573.96,378500485,9095188851
2016-09-03,596.20,561496915,9448393430
2016-09-04,608.69,884434074,9647700437
2016-09-05,606.64,618185193,9616262727
2016-09-06,610.68,560341027,9681336387
2016-09-07,614.33,597124133,9740198080
2016-09-08,625.47,1600702239,9917920560
2016-09-09,621.91,850137525,9862631721
2016-09-10,623.06,586796233,9881939361
2016-09-11,605.32,1228662231,9601743135
2016-09-12,605.83,973866199,9611117069
2016-09-13,606.65,699782155,9625199431
2016-09-14,608.43,619105286,9654573080
2016-09-15,605.58,549080255,9610607639
2016-09-16,606.55,546585886,9627042762
2016-09-17,605.34,531090440,9609021664
2016-09-18,608.80,1306045902,9664864143
2016-09-19,608.62,1272958790,9663034352
2016-09-20,607.77,953214316,9650615110
2016-09-21,595.84,1589139471,9462412680
2016-09-22,594.96,994983745,9449414102
2016-09-23,601.89,1471656057,9560527882
2016-09-24,601.27,1136053862,9551877467
2016-09-25,599.31,1074112053,9522044920
2016-09-26,606.10,1917754354,9630957512
2016-09-27,604.21,1448434854,9602128428
2016-09-28,603.55,1023325385,9592874199
2016-09-29,604.64,1291135796,9611116960
2016-09-30,608.26,1177411408,9669703048
2016-10-01,614.06,1673872374,9763087935
2016-10-02,610.36,1018352267,9705298189
2016-10-03,611.96,767820467,9731860021
2016-10-04,609.24,817050996,9689785072
2016-10-05,611.64,915039146,9729061309
2016-10-06,610.98,714618920,9719787550
2016-10-07,616.22,1104537956,9804216114
2016-10-08,616.53,793016114,9810492981
2016-10-09,614.62,901840112,9781273121
2016-10-10,614.31,1274169413,9777010536
2016-10-11,640.70,2996984110,10198278180
2016-10-12,635.62,2475619341,10118464866
2016-10-13,634.62,2099764691,10103624254
2016-10-14,638.18,1671558094,10161283203
2016-10-15,637.21,1644480562,10146912931
2016-10-16,640.19,1454057375,10195309967
2016-10-17,637.48,1187159913,10153229676
2016-10-18,635.47,2024277148,10122263522
2016-10-19,628.44,1955775380,10011295943
2016-10-20,628.54,1803186001,10013934082
2016-10-21,629.72,1283400177,10033936840
2016-10-22,652.09,3522949283,10391486424
2016-10-23,649.63,3643525163,10353442543
2016-10-24,648.77,3212766801,10340849545
2016-10-25,652.63,2499429907,10403520542
2016-10-26,673.42,4850797703,10735427841
2016-10-27,683.37,5041475157,10896021892
2016-10-28,687.56,5069538566,10963463345
2016-10-29,715.41,6838400543,11409389607
2016-10-30,697.28,5824289996,11121149987
2016-10-31,698.58,6861251336,11143032476
2016-11-01,729.20,5882440879,11633474056
2016-11-02,734.16,4549460043,11713747882
2016-11-03,686.06,10469111039,10947521328
2016-11-04,702.11,5929334121,11204614010
2016-11-05,704.02,2146200088,11236368065
2016-11-06,712.13,2676516224,11367022668
2016-11-07,706.09,3299753094,11271922276
2016-11-08,708.94,3071821253,11318680822
2016-11-09,721.18,4364284008,11515479618
2016-11-10,713.21,3237455966,11389753142
2016-11-11,715.64,3576474208,11429941440
2016-11-12,703.76,6291883754,11241603256
2016-11-13,702.35,3720281493,11220193118
2016-11-14,705.55,5335752435,11279469101
2016-11-15,712.16,7530105089,11386521351
2016-11-16,740.90,9936150861,11847684539
2016-11-17,738.48,5475859343,11810455254
2016-11-18,748.43,3987706065,11970910273
2016-11-19,750.41,3235133019,12003962099
2016-11-20,728.37,5039283040,11652611522
2016-11-21,736.50,3192815797,11783996775
2016-11-22,748.12,3267220914,11971109864
2016-11-23,741.17,3775381683,11861151745
2016-11-24,736.75,3798900330,11791975961
2016-11-25,738.20,2481664642,11816670435
2016-11-26,732.73,2391921659,11730463633
2016-11-27,727.76,2688074106,11652161720
2016-11-28,731.84,2451726074,11719038708
2016-11-29,731.81,1904325476,11719891046
2016-11-30,742.36,4489070915,11890119633
2016-12-01,753.06,5522487160,12062849170
2016-12-02,771.17,4613958358,12354385552
2016-12-03,764.83,2869024714,12254501750
2016-12-04,766.37,3517012112,12280532758
2016-12-05,752.24,3552862905,12055567494
2016-12-06,758.69,3256985152,12160418227
2016-12-07,763.91,2603948961,12245767527
2016-12-08,768.67,2683311953,12323570552
2016-12-09,769.84,3111825855,12343519928
2016-12-10,773.13,6551233316,12397466678
2016-12-11,768.23,5508375144,12320826025
2016-12-12,778.43,6313690794,12485927227
2016-12-13,778.22,2821130580,12484153824
2016-12-14,775.89,1558761071,12444714534
2016-12-15,775.57,1345904094,12444351602
2016-12-16,781.34,1764681181,12538210372
2016-12-17,788.88,1759607152,12660596388
2016-12-18,788.44,1469513205,12654965391
2016-12-19,790.12,1102832367,12683371140
2016-12-20,799.72,1894271980,12838925681
2016-12-21,826.62,6050784066,13272429705
2016-12-22,859.37,7952522425,13799864747
2016-12-23,917.10,5647399306,14728698438
2016-12-24,891.68,4642138992,14322006704
2016-12-25,894.34,4022250326,14366519915
2016-12-26,902.61,4809313198,14501002034
2016-12-27,929.12,4597863955,14928671402
2016-12-28,977.14,4906008702,15702309527
2016-12-29,971.72,3796961161,15617018873
2016-12-30,960.93,4380999912,15445427988
2016-12-31,966.57,3381572989,15537921941
2017-01-01,998.05,3470830330,16045986193
2017-01-02,1019.20,4444828109,16387926825
2017-01-03,1035.53,4399421327,16652715383
2017-01-04,1130.85,8705359110,18187664240
2017-01-05,990.67,12102750397,15934886738
2017-01-06,894.03,10713248032,14382278477
2017-01-07,900.08,7496626398,14481153594
2017-01-08,908.09,4735054808,14611836820
2017-01-09,901.88,4072687735,14513519375
2017-01-10,905.76,3216810929,14577733898
2017-01-11,784.28,5258603516,12624083565
2017-01-12,799.43,3344901198,12869633173
2017-01-13,824.50,1860269657,13274790986
2017-01-14,817.83,1204479772,13169067954
2017-01-15,821.91,923896735,13236623006
2017-01-16,828.31,831361488,13341392032
2017-01-17,904.15,1316827457,14564800038
2017-01-18,873.93,1147970282,14079682756
2017-01-19,896.89,875858520,14451431614
2017-01-20,891.46,613796288,14366002978
2017-01-21,919.68,683491208,14822821175
2017-01-22,918.78,830201798,14810403902
2017-01-23,918.91,467022883,14814052398
2017-01-24,885.79,378666163,14281760610
2017-01-25,893.47,381951426,14407365094
2017-01-26,915.36,58349367,14762033604
2017-01-27,918.29,49029317,14811184893
2017-01-28,920.25,21882209,14844529150
2017-01-29,914.14,20288321,14747986190
2017-01-30,920.99,30166025,14860100040
2017-01-31,968.27,101775253,15624634422
2017-02-01,986.57,92784082,15922459702
2017-02-02,1008.40,93269627,16276789220
2017-02-03,1015.44,138411478,16392262891
2017-02-04,1033.63,99014097,16687723783
2017-02-05,1016.93,75284571,16420090078
2017-02-06,1024.51,73413587,16544150319
2017-02-07,1051.50,89525305,16981015238
2017-02-08,1055.30,164316931,17045265644
2017-02-09,981.70,333977588,15858560741
2017-02-10,992.11,155061227,16028562068
2017-02-11,1010.95,61189139,16334579163
2017-02-12,1000.52,36448049,16167938834
2017-02-13,996.10,75754127,16098583565
2017-02-14,1010.10,79285702,16326912556
2017-02-15,1008.88,38397960,16308969767
2017-02-16,1034.90,66797083,16731535007
2017-02-17,1056.56,93994063,17083619844
2017-02-18,1058.58,55001149,17118312230
2017-02-19,1053.50,37478367,17037979882
2017-02-20,1082.02,55971657,17500458952
2017-02-21,1125.41,157173668,18202277765
2017-02-22,1123.30,99272533,18168250822
2017-02-23,1185.65,132273779,19176691563
2017-02-24,1180.87,303444815,19108706913
2017-02-25,1149.40,118187068,18601876715
2017-02-26,1180.67,89353607,19110682514
2017-02-27,1193.13,87503105,19314424735
2017-02-28,1190.33,139855222,19271383899
2017-03-01,1227.48,105587215,19875003127
2017-03-02,1262.08,174318245,20437807787
2017-03-03,1289.54,152484577,20884867166
2017-03-04,1268.81,121628868,20551257964
2017-03-05,1276.23,62090178,20673857896
2017-03-06,1280.99,65232265,20753062038
2017-03-07,1233.06,213974225,19978921138
2017-03-08,1149.63,248575333,18629281762
2017-03-09,1191.24,149501332,19305673114
2017-03-10,1100.01,417086883,17829356646
2017-03-11,1181.20,169071413,19147525541
2017-03-12,1230.56,104613431,19950023304
2017-03-13,1243.26,131403644,20158188044
2017-03-14,1246.56,86807305,20214039432
2017-03-15,1258.46,72763975,20409261729
2017-03-16,1217.31,137592935,19743578283
2017-03-17,1074.09,283988948,17423426593
2017-03-18,961.96,342885275,15606390507
2017-03-19,1023.49,177388243,16606689806
2017-03-20,1036.33,101975751,16816818648
2017-03-21,1112.70,150015665,18058074337
2017-03-22,1039.84,188848065,16877645842
2017-03-23,1029.14,82048832,16705852354
2017-03-24,940.02,161801850,15261293153
2017-03-25,965.27,190451071,15672767506
2017-03-26,954.48,130490540,15499531724
2017-03-27,1042.61,138288339,16932388063
2017-03-28,1044.72,127643560,16968792613
2017-03-29,1038.62,121169066,16871375654
2017-03-30,1031.49,102438850,16757840044
2017-03-31,1078.27,133287124,17519577833
2017-04-01,1085.25,87750427,17634831647
2017-04-02,1098.07,80231506,-9223372036854776
2017-04-03,1139.31,131765236,18517903140
2017-04-04,1140.50,108222974,18539058630
2017-04-05,1132.34,87439620,18408732920
2017-04-06,1194.21,128309277,19416796070
2017-04-07,1189.78,90840184,19347052264
2017-04-08,1182.27,43899666,19227110120
2017-04-09,1187.70,41151426,19316186631
2017-04-10,1210.52,76050218,19691023825
2017-04-11,1226.62,78899689,19955556307
2017-04-12,1218.30,83573377,19822303422
2017-04-13,1174.21,131395672,19106860359
2017-04-14,1183.69,92892228,19263144685
2017-04-15,1180.32,53325277,19210567707
2017-04-16,1186.31,36294382,19310204918
2017-04-17,1205.14,83379623,19618884440
2017-04-18,1217.58,85025814,19823480859
2017-04-19,1225.72,71343830,19958292471
2017-04-20,1253.90,112476256,20419371473
2017-04-21,1254.99,91517341,20439557227
2017-04-22,1249.67,84061247,20355249795
2017-04-23,1247.84,84420564,20327793188
2017-04-24,1249.96,70514448,20364256791
2017-04-25,1263.05,93017241,20579834197
2017-04-26,1287.32,121914931,20977699423
2017-04-27,1331.31,134993633,21697132034
2017-04-28,1321.21,161417797,21534600390
2017-04-29,1327.69,86320647,21643161383
2017-04-30,1349.89,86247239,22007601315
2017-05-01,1408.45,217759984,22964730936
2017-05-02,1442.25,189160670,23518941608
2017-05-03,1485.82,206154589,24231937589
2017-05-04,1499.36,335017413,24455911024
2017-05-05,1506.04,324314593,24567395211
2017-05-06,1547.82,135507234,25252078564
2017-05-07,1557.88,149859388,25419561547
2017-05-08,1633.38,276144905,26655087386
2017-05-09,1700.18,383922543,27748404857
2017-05-10,1747.32,288565639,28521047691
2017-05-11,1808.78,313353160,29527250348
2017-05-12,1700.77,248020430,27767470034
2017-05-13,1751.73,246696637,28602793980
2017-05-14,1767.71,124978733,28867391788
2017-05-15,1696.13,231039670,27702000822
2017-05-16,1716.32,218205146,28034610161
2017-05-17,1804.45,271656160,29477763647
2017-05-18,1889.41,230137779,30868475119
2017-05-19,1972.90,279848678,32237082949
2017-05-20,2043.42,274198303,33393518555
2017-05-21,2053.88,264478154,33568054937
2017-05-22,2109.40,580030833,34479453631
2017-05-23,2292.70,389402024,37479380943
2017-05-24,2448.13,555024433,40025140034
2017-05-25,2366.97,889791512,38704024228
2017-05-26,2262.36,716011544,36997900173
2017-05-27,2082.84,683119789,34066387967
2017-05-28,2219.49,401864331,36305932628
2017-05-29,2286.27,312368212,37402630788
2017-05-30,2167.64,335746191,35466825282
2017-05-31,2329.08,416350459,38113024210
2017-06-01,2436.04,438586634,39868442922
2017-06-02,2514.23,292795887,41152717324
2017-06-03,2562.54,304803966,41949676689
2017-06-04,2556.41,254469614,41854068528
2017-06-05,2721.55,334411830,44563721217
2017-06-06,2903.44,1211604496,47547556371
2017-06-07,2716.06,717931661,44484425844
2017-06-08,2824.20,580940070,46261410001
2017-06-09,2817.06,393210045,46149913864
2017-06-10,2937.45,354694237,48127389932
2017-06-11,3013.71,350197483,49382412955
2017-06-12,2701.26,792436485,44267424095
2017-06-13,2736.19,410084484,44844697933
2017-06-14,2503.40,565476422,41033780986
2017-06-15,2444.49,845674828,40072859209
2017-06-16,2513.81,404682135,41213920650
2017-06-17,2683.57,386716359,44001982614
2017-06-18,2577.22,320439363,42262755912
2017-06-19,2620.14,307738405,42971547871
2017-06-20,2777.79,461719562,45561980142
2017-06-21,2717.00,447106676,44569583132
2017-06-22,2724.91,273815444,44703988751
2017-06-23,2737.75,187781433,44920255723
2017-06-24,2618.42,314564253,42966679004
2017-06-25,2606.86,320081172,42781394179
2017-06-26,2488.19,540038332,40837922140
2017-06-27,2531.35,518735269,41550828141
2017-06-28,2575.44,351206318,42279511903
2017-06-29,2561.68,239853091,42057301540
2017-06-30,2490.75,210111038,40897674122
2017-07-01,2439.82,207555417,40066457532
2017-07-02,2518.55,226784229,41365191379
2017-07-03,2576.71,304599470,42326047726
2017-07-04,2611.00,274900591,42894251457
2017-07-05,2607.22,238310796,42836970322
2017-07-06,2612.67,175365965,42931269844
2017-07-07,2509.22,260711001,41236052947
2017-07-08,2563.20,178182802,42128232902
2017-07-09,2519.22,117876421,41409824820
2017-07-10,2363.52,387541497,38856285255
2017-07-11,2353.91,420715282,38703498121
2017-07-12,2387.33,314834433,39258160521
2017-07-13,2364.32,233041528,38884514157
2017-07-14,2228.73,320113442,36658380772
2017-07-15,2033.29,463942211,33447052810
2017-07-16,1927.10,480771848,31704152053
2017-07-17,2181.29,495170863,35890008657
2017-07-18,2303.89,729320058,37911881678
2017-07-19,2274.62,577643324,37434637985
2017-07-20,2766.83,1277986818,45540558048
2017-07-21,2658.07,856653850,43755767266
2017-07-22,2802.35,631346052,46136314315
2017-07-23,2731.60,532874223,44977531724
2017-07-24,2751.35,356970178,45308735083
2017-07-25,2563.75,793382308,42223997194
2017-07-26,2507.39,583046427,41300436594
2017-07-27,2649.44,438390970,43645402712
2017-07-28,2798.83,1248796319,46111586171
2017-07-29,2720.10,862355191,44819837646
2017-07-30,2740.32,373175816,45158066502
2017-07-31,2871.37,438125893,47322548226
2017-08-01,2737.76,745400937,45126045891
2017-08-02,2697.85,412594211,44473195323
2017-08-03,2777.37,339104668,45788833024
2017-08-04,2845.90,368080368,46925073393
2017-08-05,3237.07,1066264902,53382167034
2017-08-06,3189.73,489419318,52607099482
2017-08-07,3356.71,695546889,55367416610
2017-08-08,3410.45,803019985,56260701200
2017-08-09,3330.90,638922625,54954274834
2017-08-10,3367.91,424604065,55570438887
2017-08-11,3562.59,641330314,58788973716
2017-08-12,3800.14,988460078,62715286393
2017-08-13,4023.25,1549520790,66405071142
2017-08-14,4175.70,1089626077,68927834713
2017-08-15,4149.31,1908427436,68500212180
2017-08-16,4262.56,1755705435,70376601817
2017-08-17,4286.92,1774245121,70778773054
2017-08-18,4097.69,1515069152,67671539511
2017-08-19,4115.21,1710080500,67968693045
2017-08-20,4001.23,551798952,66092742689
2017-08-21,3935.23,712634899,65008176479
2017-08-22,4008.42,1402352817,66221496791
2017-08-23,4069.08,801748251,67231683430
2017-08-24,4167.29,686855777,68859869629
2017-08-25,4199.89,689332055,69403950803
2017-08-26,4123.51,401970264,68147140643
2017-08-27,4116.47,348607397,68038485483
2017-08-28,4216.24,652038444,69694649044
2017-08-29,4394.06,864725915,72641940496
2017-08-30,4553.81,674336659,75292523275
2017-08-31,4702.94,675647445,77767841900
2017-09-01,4863.19,909131412,80428274476
2017-09-02,4556.60,1475097323,75367266379
2017-09-03,4632.46,1007165501,76631058146
2017-09-04,4317.19,1554585274,71425022760
2017-09-05,4447.88,1626968193,73598219046
2017-09-06,4592.25,1060025862,75996461011
2017-09-07,4584.82,669892693,75883474995
2017-09-08,4285.21,1477975498,70933796921
2017-09-09,4245.61,787822376,70287354162
2017-09-10,4132.66,997139675,68424784707
2017-09-11,4164.98,771493043,68968724069
2017-09-12,4130.96,1062536774,68415142332
2017-09-13,3883.65,1545425745,64328714659
2017-09-14,3100.67,1950938472,51366093442
2017-09-15,3587.94,3308099534,59446207725
2017-09-16,3606.28,1399781741,59757602842
2017-09-17,3553.43,846880198,58889832717
2017-09-18,4012.29,1282809663,66500676482
2017-09-19,3898.93,942656241,64629619386
2017-09-20,3858.02,676074373,63957210363
2017-09-21,3628.06,913652257,60152757874
2017-09-22,3622.18,767837733,60061814860
2017-09-23,3763.41,578068212,62411285738
2017-09-24,3672.31,429544014,60907151775
2017-09-25,3866.71,800311261,64137374772
2017-09-26,3852.94,544391498,63915425115
2017-09-27,4134.21,936452129,68589320813
2017-09-28,4134.88,852500405,68609525757
2017-09-29,4130.42,829225349,68544241007
2017-09-30,4297.79,720251083,71329258156
2017-10-01,4347.58,682387248,72162524814
2017-10-02,4383.33,738468959,72763860755
2017-10-03,4319.07,760685986,71707074499
2017-10-04,4231.46,573368923,70259971868
2017-10-05,4290.38,713160614,71244448103
2017-10-06,4347.55,623863525,72202651601
2017-10-07,4405.02,468192424,73165830198
2017-10-08,4562.32,771225396,75788890435
2017-10-09,4758.72,1128809803,79061044586
2017-10-10,4769.48,1134289150,79249573591
2017-10-11,4807.93,836737766,79896727839
2017-10-12,5331.62,2084912155,88609513441
2017-10-13,5610.49,3174154333,93253757323
2017-10-14,5679.22,2311782992,94406037194
2017-10-15,5684.05,1665374311,94500193338
2017-10-16,5728.93,1060235880,95258545426
2017-10-17,5643.86,1106795867,93855824390
2017-10-18,5592.78,2100240730,93017336299
2017-10-19,5696.38,1229468606,94752516352
2017-10-20,5952.77,1843078157,99030673397
2017-10-21,6043.97,1763987337,100559216277
2017-10-22,6003.46,1799855390,99899292228
2017-10-23,5959.98,2039339671,99188570754
2017-10-24,5550.08,2240037527,92378194194
2017-10-25,5704.87,1621897626,94967978387
2017-10-26,5883.05,1501048614,97947023065
2017-10-27,5775.52,1332315431,96164443214
2017-10-28,5734.31,892992277,95484533855
2017-10-29,6123.55,1942980853,101977770674
2017-10-30,6104.39,1307795535,101669814829
2017-10-31,6368.65,1800486324,106082152741
2017-11-01,6714.79,2095690343,111860407349
2017-11-02,7059.79,4363333286,117621545280
2017-11-03,7234.74,2826731065,120546744686
2017-11-04,7390.54,2043449643,123154674358
2017-11-05,7416.27,1942850009,123596829566
2017-11-06,7103.05,2653734035,118388777525
2017-11-07,7166.74,1829995407,119464110442
2017-11-08,7461.82,3478638875,124396351242
2017-11-09,7186.29,2330693501,119816786360
2017-11-10,6656.84,3886426126,110999386930
2017-11-11,6365.40,3148369501,106146109132
2017-11-12,5866.51,6001017947,97832172888
2017-11-13,6423.09,4636291556,107125442451
2017-11-14,6652.22,1824550615,110957725266
2017-11-15,7297.67,2935591360,121737427357
2017-11-16,7814.94,3413089663,130381304859
2017-11-17,7783.54,3245859431,129865386010
2017-11-18,7827.63,2227536660,130622715624
2017-11-19,8011.15,1572771189,133701043638
2017-11-20,8220.51,1706394366,137213053126
2017-11-21,8114.13,2901936853,135455116260
2017-11-22,8257.12,1528137247,137857431278
2017-11-23,8117.66,1550586715,135545106328
2017-11-24,8278.13,2135298893,138239984963
2017-11-25,8743.16,2124257199,146022669794
2017-11-26,9342.99,3493015607,156058041450
2017-11-27,9831.40,3629754500,164237026935
2017-11-28,10257.07,3453118782,171368281967
2017-11-29,9875.89,10258439068,165021094137
2017-11-30,10406.19,7443964833,173903131019
2017-12-01,10995.72,5021611420,183780731164
2017-12-02,11162.55,3178820955,186591841367
2017-12-03,11256.70,5761492456,188190520506
2017-12-04,11634.98,3216349724,194541160319
2017-12-05,12174.25,3131952574,203585321680
2017-12-06,13876.47,5086411370,232080024191
2017-12-07,18491.18,16482921408,309298517515
2017-12-08,16908.00,24144297784,282850210543
2017-12-09,15266.43,7307194000,255421618137
2017-12-10,15808.51,10474626173,264523195369
2017-12-11,17106.51,7710546750,286279279595
2017-12-12,17249.92,4686094940,288713846624
2017-12-13,16525.04,4407769522,276619329724
2017-12-14,16865.36,4117594354,282355027769
2017-12-15,17978.63,6146229229,301031043805
2017-12-16,19665.39,5116192713,329315720182
2017-12-17,19423.58,4251128480,325311461891
2017-12-18,19188.05,5411492205,321409248361
2017-12-19,18174.19,6141309845,304459646944
2017-12-20,17059.89,7509260354,285821795918
2017-12-21,16355.24,5580926437,274043056258
2017-12-22,14084.82,12164204097,236028031211
2017-12-23,15241.92,5076754666,255444795622
2017-12-24,14451.11,4129411908,242218743695
2017-12-25,14302.75,2485439207,239755987704
2017-12-26,16616.68,4255570626,278573473666
2017-12-27,16373.08,4950722889,274522325687
2017-12-28,15067.90,5266566468,252666630245
2017-12-29,15096.56,3753038184,253178163423
2017-12-30,13620.36,3600481281,228445816989
2017-12-31,14839.59,2921202870,248925602661
2018-01-01,14093.61,2345478674,236440337972
2018-01-02,15321.93,4130217904,257079617265
2018-01-03,15583.89,3310355625,261505188676
2018-01-04,15976.37,4217387188,268124738815
2018-01-05,18336.92,6275687596,307774011688
2018-01-06,18343.66,4240919831,307926110570
2018-01-07,17039.87,3044989247,286074127681
2018-01-08,15900.37,5752981090,266976271423
2018-01-09,15604.72,4214092202,262044268423
2018-01-10,15509.27,4969472883,260474112842
2018-01-11,14050.57,5833888113,236008991342
2018-01-12,14759.29,4021952803,247945818276
2018-01-13,15193.31,3134247725,255265724751
2018-01-14,14476.59,3336056551,243252295974
2018-01-15,14412.00,3222958351,242193794409
2018-01-16,11723.91,9677283153,197043955229
2018-01-17,11415.39,10225958521,191882616843
2018-01-18,11569.42,6558304864,194496634731
2018-01-19,11758.47,4208563477,197698672433
2018-01-20,13260.27,4520485016,222978421656
2018-01-21,11703.50,4319501969,196828374433
2018-01-22,10991.60,5012581424,184878210439
2018-01-23,10894.00,4779406611,183260375708
2018-01-24,11277.12,3582338296,189730563331
2018-01-25,11225.25,3204496193,188880475665
2018-01-26,11044.91,4616389063,185867144988
2018-01-27,11456.21,2894314081,192805209257
2018-01-28,11665.70,2682886341,196359635509
2018-01-29,11157.66,2345235501,187828526722
2018-01-30,11095.21,2321424680,186776632503
2018-01-31,9989.69,3804947187,168188285151
2018-02-01,10114.50,3225562145,170304196700
2018-02-02,9070.56,4769515274,152744180864
2018-02-03,8830.16,6813550017,148715185541
2018-02-04,8994.91,3422042095,151507305723
2018-02-05,8315.52,3337096341,140081544557
2018-02-06,6852.05,5313588643,115444836533
2018-02-07,7711.22,9152685413,129936854004
2018-02-08,7611.61,4862232217,128271617562
2018-02-09,8208.57,3190753947,138345016555
2018-02-10,8650.72,2960039949,145812043728
2018-02-11,8574.68,3371677738,144544944417
2018-02-12,8168.64,2806997177,137716289625
2018-02-13,8911.40,3069219871,150256428070
2018-02-14,8518.27,2551515988,143645913956
2018-02-15,9428.03,3282094241,159007423075
2018-02-16,10112.58,4332356646,170569769074
2018-02-17,10155.28,3141038601,171309236631
2018-02-18,11006.65,3699819140,185692327611
2018-02-19,10523.43,4740378627,177561296505
2018-02-20,11103.09,3486171705,187364222443
2018-02-21,11502.38,4225354045,194121879194
2018-02-22,9973.59,4574800113,168362084194
2018-02-23,10032.86,4626064156,169362253983
2018-02-24,10301.88,4009462976,173922837770
2018-02-25,9742.63,3465387502,164497574061
2018-02-26,9699.52,2743650278,163790896886
2018-02-27,10355.58,3646748812,174886939893
2018-02-28,10709.39,3398119467,180884108725
2018-03-01,10346.66,3182259829,174778709348
2018-03-02,10859.55,2892166041,183463718171
2018-03-03,11098.08,3031487197,187514886761
2018-03-04,11356.04,3019436740,191899353575
2018-03-05,11286.68,2580256309,190747933123
2018-03-06,11526.42,2693945511,194821583687
2018-03-07,10727.72,3618749299,181342656441
2018-03-08,9999.68,4896773758,169056252058
2018-03-09,9420.85,4028135944,159289105130
2018-03-10,9276.34,5476476289,156862284243
2018-03-11,8890.87,3260891796,150359761908
2018-03-12,9512.46,3876612722,160888688653
2018-03-13,9232.71,4019736167,156177221216
2018-03-14,9216.53,3628990704,155921695042
2018-03-15,8307.22,4020163253,140553335048
2018-03-16,8359.37,4571407140,141449655896
2018-03-17,8520.01,3070872383,144184737078
2018-03-18,8063.41,2591898944,136472702737
2018-03-19,8217.84,4330642348,139102798581
2018-03-20,8640.52,4276409100,146274523240
2018-03-21,8926.82,3554700592,151135311240
2018-03-22,8970.32,3081152046,151888445786
2018-03-23,8736.39,2931676660,147943048662
2018-03-24,8824.59,2877067842,149451318666
2018-03-25,8621.15,2444371384,146022681303
2018-03-26,8478.64,2066020545,143623891714
2018-03-27,8186.20,2972024163,138684803359
2018-03-28,7836.76,2653185409,132779843611
2018-03-29,7930.78,2033730317,134386559682
2018-03-30,7126.90,3680239216,120777974800
2018-03-31,6897.27,4264255595,116900853303
2018-04-01,6975.28,2565052340,118234055447
2018-04-02,6836.57,2649647152,115896903503
2018-04-03,7080.42,2253363912,120044225924
2018-04-04,7464.36,2762080503,126568883855
2018-04-05,6845.32,2544238382,116084750821
2018-04-06,6855.42,2568972346,116269847527
2018-04-07,6628.75,1840465006,112436767361
2018-04-08,6884.48,1856418406,116789559213
2018-04-09,6984.81,1413593787,118505840499
2018-04-10,6778.49,2437632634,115017783886
2018-04-11,6829.32,1550558592,115885988821
2018-04-12,6925.10,1586992258,117533696705
2018-04-13,7836.40,4980342880,133015394396
2018-04-14,7845.75,3910297535,133189892501
2018-04-15,7897.72,2294693915,134086501771
2018-04-16,8258.07,2350690711,140220533919
2018-04-17,8031.00,2754142166,136379313439
2018-04-18,7873.64,2491337660,133722872890
2018-04-19,8097.42,2326968646,137539507140
2018-04-20,8277.46,2422027692,140616565985
2018-04-21,8499.45,2961030105,144401932889
2018-04-22,8878.43,3214807963,150858701628
2018-04-23,8769.01,2503340750,149017082314
2018-04-24,8881.39,2205498227,150943914746
2018-04-25,9716.49,4398198651,165155791738
2018-04-26,8825.20,5523433548,150020058559
2018-04-27,9221.87,3847600030,156779014055
2018-04-28,8940.38,2839339949,152009053536
2018-04-29,9249.66,3006508148,157282709009
2018-04-30,9325.63,2827554754,158592809945
2018-05-01,9198.19,2508704421,156443377473
2018-05-02,9024.39,2661071473,153504488649
2018-05-03,9122.65,2179558786,155192629946
2018-05-04,9551.14,1228125378,162498830620
2018-05-05,9634.54,2695999384,163935762594
2018-05-06,9766.24,2617990804,166195961946
2018-05-07,9583.87,2626417557,163109111221
2018-05-08,9308.27,2767085706,158435513590
2018-05-09,9149.52,2455200522,155749835750
2018-05-10,9248.96,2363841215,157460887034
2018-05-11,8969.94,2359598426,152728483796
2018-05-12,8405.56,3726075355,143131877389
2018-05-13,8480.58,2995955137,144426929747
2018-05-14,8683.99,2283320840,147906738510
2018-05-15,8696.97,3143239504,148142733212
2018-05-16,8473.35,2586241490,144348790080
2018-05-17,8343.13,2772906142,142149224754
2018-05-18,8056.05,2173653717,137271416445
2018-05-19,8202.83,2127912775,139787112156
2018-05-20,8180.63,1672351903,139424471287
2018-05-21,8443.26,1660868682,143916527618
2018-05-22,8355.00,1711697912,142427831413
2018-05-23,8009.30,1895031387,136550347059
2018-05-24,7556.32,2777184893,128842835524
2018-05-25,7563.44,2602938657,128977752305
2018-05-26,7472.02,1959178260,127435061536
2018-05-27,7328.87,1289488237,125008468874
2018-05-28,7326.64,1247227035,124985768474
2018-05-29,7111.07,1770692328,121322210033
2018-05-30,7451.23,2224251684,127138205822
2018-05-31,7380.85,1772428208,125953862790
2018-06-01,7460.17,1714862985,127322669333
2018-06-02,7487.08,1637953743,127797556818
2018-06-03,7567.51,1531230054,129185013358
2018-06-04,7639.88,1432775394,130436135449
2018-06-05,7463.65,1643488925,127444424301
2018-06-06,7569.01,1754013550,129259980382
2018-06-07,7605.58,1562705992,129898428226
2018-06-08,7613.78,1459894514,130052073723
2018-06-09,7561.17,1362045102,129167113171
2018-06-10,7415.00,1102262799,126683533783
2018-06-11,6767.50,2788497501,115631864818
2018-06-12,6880.13,1973448736,117568067797
2018-06-13,6581.83,2060764063,112482862605
2018-06-14,6334.10,2571112868,108260201574
2018-06-15,6644.72,2354179149,113582443266
2018-06-16,6406.81,1740752642,109527730085
2018-06-17,6478.82,1306649276,110772203148
2018-06-18,6418.85,1120785833,109759607021
2018-06-19,6677.53,1750367371,114196505243
2018-06-20,6708.68,1649449915,114742187734
2018-06-21,6714.38,1626421446,114852494306
2018-06-22,6690.83,1400178396,114463912846
2018-06-23,6088.58,2932411240,104172397755
2018-06-24,6169.44,1635692583,105568325741
2018-06-25,6159.71,2452039492,105415073017
2018-06-26,6241.85,4326984848,106832748620
2018-06-27,6069.87,3248018160,103900589096
2018-06-28,6117.04,2057221708,104717160923
2018-06-29,5879.99,1928320709,100670773792
2018-06-30,6182.26,2341618860,105857391287
2018-07-01,6366.50,2086842502,109023438456
2018-07-02,6312.88,2601785822,108116702995
2018-07-03,6595.55,3392521918,112969688595
2018-07-04,6497.61,3013786719,111301577387
2018-07-05,6562.72,3111969366,112427869580
2018-07-06,6537.74,3315114738,112011029363
2018-07-07,6603.29,4742128038,113147533992
2018-07-08,6759.84,6047929423,115842716194
2018-07-09,6700.64,5015170530,114841688928
2018-07-10,6648.26,5246420831,113955190215
2018-07-11,6303.38,4358427108,108055463517
2018-07-12,6373.23,3969169304,109263693477
2018-07-13,6230.59,3534743492,106829387990
2018-07-14,6248.40,3951261053,107145717585
2018-07-15,6246.14,3709146623,107117271574
2018-07-16,6349.70,2857367440,108903950780
2018-07-17,6741.69,4559363479,115637208433
2018-07-18,7303.37,6194130741,125285895739
2018-07-19,7334.77,4843025305,125840376647
2018-07-20,7442.80,4107857511,127709804700
2018-07-21,7331.87,3727831731,125820597539
2018-07-22,7379.14,2892881147,126644347499
2018-07-23,7395.87,5717881946,126948286633
2018-07-24,7705.00,6202101798,132270404905
2018-07-25,8422.37,5592076818,144602365043
2018-07-26,8144.55,4086880125,139850429189
2018-07-27,7929.08,3429994450,136166569453
2018-07-28,8145.33,3624913498,139897416706
2018-07-29,8192.14,3659115451,140716208460
2018-07-30,8197.59,2598593362,140827378169
2018-07-31,8185.92,3497813385,140640772124
2018-08-01,7738.25,4675498855,132963528816
2018-08-02,7612.30,11591125727,130813483342
2018-08-03,7540.63,6834800615,129596337580
2018-08-04,7411.67,5580835718,127395242324
2018-08-05,7009.01,5952900998,120489906899
2018-08-06,7036.61,5989412029,120977961419
2018-08-07,6926.12,6927841832,119089729729
2018-08-08,6711.73,6729676124,115416628668
2018-08-09,6259.53,6834119515,107652609456
2018-08-10,6531.25,5843796067,112337822894
2018-08-11,6166.59,6731245061,106079149844
2018-08-12,6205.22,5708911347,106756980149
2018-08-13,6318.41,5507023282,108716328041
2018-08-14,6284.00,5381627198,108135868387
2018-08-15,6212.23,7179484727,106911788927
2018-08-16,6267.77,6619548180,107788817700
2018-08-17,6309.39,5982589407,108578823549
2018-08-18,6566.72,6206194159,113018605465
2018-08-19,6382.06,5616965846,109889851531
2018-08-20,6475.49,5160365103,111490970656
2018-08-21,6242.88,5578292471,107511643841
2018-08-22,6467.27,5658517103,111399689881
2018-08-23,6336.66,6759411528,109149076720
2018-08-24,6521.07,6096332849,112327439429
2018-08-25,6684.38,6913767388,115177527172
2018-08-26,6736.04,5280060348,116073397012
2018-08-27,6728.29,5215045899,115406552891
2018-08-28,6911.10,5444349729,118546009736
2018-08-29,7075.98,6246602892,121992306938
2018-08-30,7046.75,5976493149,121479639297
2018-08-31,7024.15,6587864491,121103237786
2018-09-01,7027.63,5959884321,121186316787
2018-09-02,7211.27,6257915214,124380655386
2018-09-03,7305.27,6640164155,125994361369
2018-09-04,7260.90,4511643010,125200923805
2018-09-05,7359.46,5344233220,126949626756
2018-09-06,6764.93,7036065651,116602093876
2018-09-07,6498.28,6558109771,112034863191
2018-09-08,6397.82,4422971842,110396118507
2018-09-09,6181.19,3851077568,106668555554
2018-09-10,6260.76,4174629548,108219061919
2018-09-11,6308.14,4504626594,108846231385
2018-09-12,6278.92,5001529025,108449181465
2018-09-13,6330.57,5026516733,109298582014
2018-09-14,6486.46,4987196752,112124461661
2018-09-15,6500.01,5350596522,112334356298
2018-09-16,6530.22,4295951324,112796085615
2018-09-17,6506.25,4715407407,112373562207
2018-09-18,6250.12,4600931272,107960190646
2018-09-19,6347.07,4472798160,109629673485
2018-09-20,6383.75,5380977505,110292032125
2018-09-21,6491.89,5059042420,112172960507
2018-09-22,6753.83,5931455400,116710823191
2018-09-23,6747.03,5159534299,116607568774
2018-09-24,6711.03,4322794079,116001860056
2018-09-25,6596.19,4626497702,114024650850
2018-09-26,6441.31,4580781824,111360852966
2018-09-27,6462.80,3788299697,111760801181
2018-09-28,6704.70,4690261095,115905890383
2018-09-29,6634.77,3140320712,114768551691
2018-09-30,6606.07,2294291064,114265552574
2018-10-01,6626.04,1908960743,114617564008
2018-10-02,6598.84,1893760873,114225251471
2018-10-03,6524.61,2035903501,112814709079
2018-10-04,6499.26,2247969611,112545036631
2018-10-05,6578.70,2059404665,113846158430
2018-10-06,6621.19,1840911130,114567814411
2018-10-07,6589.12,1464404366,114021329402
2018-10-08,6584.83,1499424737,113962679825
2018-10-09,6653.09,2081626437,115167647222
2018-10-10,6633.75,1741398467,114837789505
2018-10-11,6582.46,2070407902,113987017102
2018-10-12,6234.37,3581191343,108155761831
2018-10-13,6285.59,2295615181,108845285497
2018-10-14,6314.88,1851879465,109372673142
2018-10-15,6328.55,1847113724,109624316973
2018-10-16,6659.88,6217858944,115236573310
2018-10-17,6635.13,2746546151,114960968518
2018-10-18,6635.74,2820354466,114953321633
2018-10-19,6517.51,2625598931,112970698851
2018-10-20,6483.83,2652532022,112394945005
2018-10-21,6532.68,2387105749,113214078425
2018-10-22,6529.67,2127987153,113208108539
2018-10-23,6512.59,2655159955,112905904007
2018-10-24,6472.80,2784381147,112227883463
2018-10-25,6481.44,2607022302,112363064964
2018-10-26,6458.19,2618534041,112010056845
2018-10-27,6468.83,2698016931,112200801079
2018-10-28,6457.06,2383295891,111998326692
2018-10-29,6481.32,2065446089,112422008134
2018-10-30,6292.65,3631795693,109167179052
2018-10-31,6331.78,1962209614,109890575608
2018-11-01,6366.72,2042670545,110487418903
2018-11-02,6379.97,2922702484,110896563655
2018-11-03,6425.44,2675454291,111528929053
2018-11-04,6388.19,2582446887,110888814024
2018-11-05,6351.06,3198297932,110241536216
2018-11-06,6415.44,3213571991,111383003826
2018-11-07,6474.85,3408876944,112347500910
2018-11-08,6574.80,3120683821,113943582818
2018-11-09,6490.45,2402484611,112723294658
2018-11-10,6413.78,2707057000,111440702128
2018-11-11,6429.90,1672332108,111308110603
2018-11-12,6434.28,2943678894,111773252087
2018-11-13,6411.35,2651674691,111385885802
2018-11-14,6394.29,2890964719,111126759495
2018-11-15,5788.61,5690409837,100585460320
2018-11-16,5686.54,4981978553,98829079081
2018-11-17,5609.96,3236633357,97344067024
2018-11-18,5599.19,2525819291,97299989131
2018-11-19,5638.86,2422604401,98118875508
2018-11-20,4889.20,6126269575,85228342224
2018-11-21,4450.71,6314969584,76601948315
2018-11-22,4613.45,4321511764,80360705527
2018-11-23,4307.39,3055231903,75518575145
2018-11-24,4376.90,3520222576,76120308176
2018-11-25,3895.84,3115187178,67756132282
2018-11-26,4039.84,5226773378,70327984591
2018-11-27,3811.92,4652103084,66796155269
2018-11-28,3832.92,4050028039,66811830848
2018-11-29,4267.24,4973628808,74381953561
2018-11-30,4279.48,4313265392,74400715840
2018-12-01,4009.69,4007783473,69715049461
2018-12-02,4189.57,3183894471,73075855208
2018-12-03,4124.59,3242289556,71784475616
2018-12-04,3878.84,3128854933,67489136960
2018-12-05,3943.69,3255899965,68592152288
2018-12-06,3751.69,3020004368,65355774058
2018-12-07,3466.76,3672494312,60357918912
2018-12-08,3408.52,5243194484,59348913270
2018-12-09,3424.71,3430203804,59526617774
2018-12-10,3550.55,2938443354,61832986280
2018-12-11,3433.81,2614506143,59805353929
2018-12-12,3378.81,2720740077,58852767064
2018-12-13,3438.10,2552041790,59878323500
2018-12-14,3294.64,2620531733,57318285688
2018-12-15,3216.63,2663819605,55998515509
2018-12-16,3221.98,2103029920,56171263934
2018-12-17,3217.05,1972663570,56050483690
2018-12-18,3506.22,3421249875,61143447505
2018-12-19,3655.78,3898845062,63720433230
2018-12-20,3687.75,4721562504,64363548271
2018-12-21,4065.10,6126325233,70578857837
2018-12-22,3846.23,4813606169,67118181897
2018-12-23,3960.57,3568245608,68846085704
2018-12-24,3941.62,3514437243,68680118909
2018-12-25,4021.99,5022191528,70266326465
2018-12-26,3759.18,4189084247,65350104373
2018-12-27,3781.61,3568561116,65972460015
2018-12-28,3587.70,3386167814,62808667854
2018-12-29,3854.42,3561935969,67263083067
2018-12-30,3778.19,3031003209,66838758054
2018-12-31,3809.73,3109685385,66494185031
2019-01-01,3692.53,2991427568,64422635600
2019-01-02,3794.26,2689877851,66188448932
2019-01-03,3872.17,3263469039,67643304990
2019-01-04,3776.53,2261199755,65922288583
2019-01-05,3815.27,2950054796,66650769533
2019-01-06,3787.31,2763831884,66070973627
2019-01-07,4013.52,3435733236,70084169300
2019-01-08,3989.67,3360163853,69602133074
2019-01-09,3973.59,3482430798,69418693910
2019-01-10,3982.23,3230523441,69609283899
2019-01-11,3623.85,4144535970,63326376681
2019-01-12,3632.85,3263342033,63121578244
2019-01-13,3598.44,2456062890,62924488426
2019-01-14,3495.83,2675674830,61050348902
2019-01-15,3648.05,3101461658,63758350561
2019-01-16,3567.80,2953789408,62348810150
2019-01-17,3597.65,2753646524,62969304894
2019-01-18,3620.98,3049367561,63320099663
2019-01-19,3597.79,2649449860,62898826372
2019-01-20,3674.59,2766880413,64269861568
2019-01-21,3539.17,2940644469,61969431897
2019-01-22,3531.00,2561594565,61784404483
2019-01-23,3571.27,2718371972,62482350134
2019-01-24,3555.70,2663764215,62216525710
2019-01-25,3565.64,2514079888,62397665388
2019-01-26,3564.82,2582590473,62386316357
2019-01-27,3563.61,2548165746,62374968461
2019-01-28,3553.12,2882787007,62192208388
2019-01-29,3432.22,3445780458,60087154448
2019-01-30,3413.38,4865613085,59768195291
2019-01-31,3457.88,4973814467,60555372964
2019-02-01,3431.94,4330022381,60101226569
2019-02-02,3464.49,3765731026,60678990333
2019-02-03,3486.58,3310421844,61071179758
2019-02-04,3454.03,2375918195,60524138032
2019-02-05,3464.00,4454914649,60723961266
2019-02-06,3469.89,3653777872,60825168549
2019-02-07,3405.84,4211212356,59682137962
2019-02-08,3394.01,3297274818,59482397753
2019-02-09,3664.28,6293135761,64226481382
2019-02-10,3667.41,4883557857,64286029202
2019-02-11,3675.69,5081021130,64439836442
2019-02-12,3631.44,5446022476,63670312531
2019-02-13,3633.97,5532706262,63712841387
2019-02-14,3610.06,5635612273,63267872021
2019-02-15,3589.66,11971659893,62991824524
2019-02-16,3601.23,4506367417,63165603232
2019-02-17,3622.59,4019925055,63547140519
2019-02-18,3665.08,4945386865,64383522064
2019-02-19,3886.52,9588927259,68147457623
2019-02-20,3915.01,5969708630,68719418872
2019-02-21,3976.81,6377580055,69790459106
2019-02-22,3934.81,6838246918,69059468753
2019-02-23,3973.64,5999302846,69748877117
2019-02-24,4115.34,8493566415,72266544792
2019-02-25,3742.87,11112465191,66108588220
2019-02-26,3824.68,9049456994,67154603800
2019-02-27,3809.21,2992667601,66890485485
2019-02-28,3813.38,7731184276,67155912259
2019-03-01,3815.61,7627783001,67016664287
2019-03-02,3815.75,5524886886,67085713234
2019-03-03,3819.65,3291046239,67101767699
2019-03-04,3806.95,6749676087,66885712070
2019-03-05,3712.81,3608196681,65238057882
2019-03-06,3852.46,9088065055,67733767403
2019-03-07,3860.51,8477459044,67888909504
2019-03-08,3871.64,6098011810,68020879276
2019-03-09,3861.88,9387592412,67914021946
2019-03-10,3941.60,8968209822,69292799411
2019-03-11,3923.56,8576340544,68962957216
2019-03-12,3860.36,6459945402,67983966610
2019-03-13,3876.48,8326845841,68203157396
2019-03-14,3865.82,7240802847,67968370344
2019-03-15,3876.70,8610482287,68177693410
2019-03-16,3925.46,8157372615,69031558676
2019-03-17,4007.71,8463266885,70497099778
2019-03-18,3980.99,6533306537,70051219293
2019-03-19,3986.71,7639543945,70152235369
2019-03-20,4013.58,7503839511,70618508802
2019-03-21,4045.57,9137227916,71208656537
2019-03-22,3983.32,9845582434,70175421257
2019-03-23,3989.16,9404569963,70227188529
2019-03-24,4008.95,9206940725,70485598084
2019-03-25,3993.39,9883972401,70330401860
2019-03-26,3927.58,10661215003,69206266249
2019-03-27,3938.66,19375985748,69368692535
2019-03-28,4036.16,16215886403,71134892682
2019-03-29,4028.39,15160882531,70961529493
2019-03-30,4103.32,16340416942,72303023146
2019-03-31,4103.86,13007834060,72305792937
2019-04-01,4103.52,9729996888,72310769858
2019-04-02,4146.32,12393581267,73066822742
2019-04-03,4862.23,24241877355,86200568433
2019-04-04,4955.83,27840300619,87673795384
2019-04-05,4899.02,23773239681,86482892583
2019-04-06,5014.96,20072621554,88332459638
2019-04-07,5041.87,19652913084,88955701285
2019-04-08,5176.98,22875598540,91102196906
2019-04-09,5266.89,21960916923,92817357385
2019-04-10,5172.18,15780870293,91255525158
2019-04-11,5308.91,19407452727,93646653914
2019-04-12,5047.79,19758274668,89079171480
2019-04-13,5082.47,15595642634,89668931908
2019-04-14,5072.99,12260233701,89473995794
2019-04-15,5149.31,12373544681,90952758268
2019-04-16,5039.88,13837248985,89148028192
2019-04-17,5213.60,13646324290,91835875598
2019-04-18,5218.96,14530488676,92156851199
2019-04-19,5274.77,15343841014,93215173177
2019-04-20,5280.35,16257796674,93210585887
2019-04-21,5307.69,14990889922,93900276129
2019-04-22,5311.16,16383813162,93759009855
2019-04-23,5380.94,17199396917,94990455843
2019-04-24,5557.93,19400647820,98039931169
2019-04-25,5452.10,20538511242,96218396013
2019-04-26,5203.09,19329534424,91817406864
2019-04-27,5295.85,19632024918,93049690718
2019-04-28,5256.98,14876251954,93148101240
2019-04-29,5257.80,15573084969,92775167509
2019-04-30,5199.76,15442022887,91885324030
2019-05-01,5292.80,16794865767,93534079556
2019-05-02,5354.59,14566414700,94579889910
2019-05-03,5450.71,16512618031,96389607752
2019-05-04,5731.49,20006287572,101175865117
2019-05-05,5803.94,19242843060,102653043813
2019-05-06,5749.32,16184057012,101764683179
2019-05-07,5715.76,16811224132,101101531131
2019-05-08,5841.05,19408267639,103982497546
2019-05-09,5957.86,16672412472,105271848240
2019-05-10,6168.27,18401396126,109284325643
2019-05-11,6370.23,20801839693,112684642519
2019-05-12,7258.26,32480039430,129323693413
2019-05-13,6953.75,31545333637,122826926577
2019-05-14,7805.98,32078035931,138089773338
2019-05-15,7990.06,35426123185,141341132029
2019-05-16,8192.22,30893707828,144615566025
2019-05-17,7875.91,35026947534,139525363820
2019-05-18,7343.37,33030146386,130123159718
2019-05-19,7300.66,22478772524,129270047520
2019-05-20,8168.73,30747684364,144597541605
2019-05-21,7976.85,28621475468,141109768386
2019-05-22,7958.37,25314342979,141016653223
2019-05-23,7665.80,24589881451,135913068221
2019-05-24,7861.81,25345060243,139495233992
2019-05-25,7977.24,27368459147,141356836449
2019-05-26,8037.63,23978335158,142301375409
2019-05-27,8631.08,29224396883,152778982388
2019-05-28,8816.03,33136840741,156351517829
2019-05-29,8726.98,27335990651,154706420285
2019-05-30,8650.68,28214892247,153190671230
2019-05-31,8310.89,33295240431,147528939419
2019-06-01,8575.65,30329343189,152037344606
2019-06-02,8554.26,26683797990,151754429106
2019-06-03,8743.71,25133975363,155008799790
2019-06-04,8173.63,24486741553,145118113642
2019-06-05,7683.64,25442100900,136045887610
2019-06-06,7812.45,24641673547,138590833268
2019-06-07,7821.12,24560046378,138816674701
2019-06-08,8036.11,23629265497,142810130543
2019-06-09,7942.54,19829877311,140990840428
2019-06-10,7668.03,20152037018,136055336062
2019-06-11,8002.73,21741587788,141925422733
2019-06-12,7897.98,21017248550,140220553938
2019-06-13,8145.06,22181532884,144409895372
2019-06-14,8227.63,22919390184,145982200974
2019-06-15,8671.51,23291543613,154448670611
2019-06-16,8818.61,21892878337,156571955413
2019-06-17,8978.77,27305637341,159990740760
2019-06-18,9312.87,27464356714,165478791606
2019-06-19,9094.02,25029522787,161689176435
2019-06-20,9285.93,22298101529,164856060873
2019-06-21,9548.31,24707058599,169961289185
2019-06-22,10118.36,28580960083,179686819951
2019-06-23,10704.92,40190146697,190271555704
2019-06-24,10846.13,29108428088,193006026351
2019-06-25,11045.55,27529761441,196224565119
2019-06-26,11808.42,33544426408,209906767119
2019-06-27,12996.12,56948964491,231104555835
2019-06-28,11178.68,49628524363,198805331512
2019-06-29,12352.20,44872003181,219700496726
2019-06-30,11972.56,37724824507,213020899675
2019-07-01,10888.10,34920211165,193705059814
2019-07-02,10639.05,37463414437,189075622551
2019-07-03,10822.76,39264695559,191741802294
2019-07-04,11975.64,39944515602,213139916542
2019-07-05,11229.61,32487315000,199869428147
2019-07-06,10987.25,31349147297,195514947598
2019-07-07,11279.48,28013279881,200989208003
2019-07-08,11436.43,25828700447,203441013270
2019-07-09,12260.28,30917398836,217909027168
2019-07-10,12544.17,35885342263,223082925043
2019-07-11,12166.40,42163626088,216918064310
2019-07-12,11385.06,37061858273,202244103401
2019-07-13,11804.56,30078548880,210058300504
2019-07-14,11418.51,28485045772,202979011731
2019-07-15,10285.46,29857566851,183265698057
2019-07-16,10911.35,37553147017,195225460386
2019-07-17,9538.83,34409824869,170100385848
2019-07-18,9657.30,33328381505,172236725014
2019-07-19,10636.16,34034952895,189588944050
2019-07-20,10536.57,28858600368,187718958961
2019-07-21,10774.28,26163874235,190839615019
2019-07-22,10607.46,22814710058,189302289398
2019-07-23,10343.32,21903683695,184582963699
2019-07-24,9936.38,22986552398,177060329754
2019-07-25,9799.31,33861034799,175298806838
2019-07-26,9878.23,21622492404,176569486288
2019-07-27,9846.00,19942172081,175634298897
2019-07-28,9447.68,21257664351,168472890624
2019-07-29,9534.76,18649152593,170325673262
2019-07-30,9510.59,18424113910,169247002246
2019-07-31,9568.44,20138691741,170790961771
2019-08-01,10063.00,22957330876,179525433372
2019-08-02,10361.31,23668036460,185025579625
2019-08-03,10529.17,24128945575,187993708173
2019-08-04,10791.20,22296222953,192658484290
2019-08-05,10951.59,23160251365,195575205442
2019-08-06,11818.53,30944497414,210831100252
2019-08-07,11510.16,31588470768,204493918414
2019-08-08,11970.66,30083670252,213446022649
2019-08-09,12024.33,26678574728,214023992148
2019-08-10,11852.56,26240065035,211775940827
2019-08-11,11327.84,24949094387,202567916483
2019-08-12,11550.00,23042219585,206323428608
2019-08-13,11381.24,19933740546,203438784511
2019-08-14,10903.65,22886684528,194716791550
2019-08-15,10016.22,26620934498,178691691521
2019-08-16,10295.88,31003755662,183808182262
2019-08-17,10324.99,28168163141,184635409004
2019-08-18,10224.22,20998246407,182893178091
2019-08-19,10309.87,19708814223,184381498344
2019-08-20,10895.97,22097997942,194884121165
2019-08-21,10743.79,19460170323,192182485884
2019-08-22,10124.06,22757336326,181094936744
2019-08-23,10127.79,20144228964,181311699890
2019-08-24,10385.51,18313019853,187878412536
2019-08-25,10145.01,21187546608,181764456091
2019-08-26,10090.06,17899166778,180491202154
2019-08-27,10334.91,23392461463,184989701186
2019-08-28,10167.89,20937236587,181891056658
2019-08-29,9753.49,22948105442,174174790993
2019-08-30,9485.14,20461661030,169825879930
2019-08-31,9588.99,16388578394,171703455568
2019-09-01,9607.29,15364904439,172069023390
2019-09-02,9729.27,15003447441,174169160999
2019-09-03,10323.02,20258697359,184367332386
2019-09-04,10620.17,23588848898,190297653629
2019-09-05,10573.52,21198071665,189378108189
2019-09-06,10570.25,18952591605,189354988380
2019-09-07,10350.75,23555216964,185513074362
2019-09-08,10461.55,18658457494,187490153206
2019-09-09,10404.33,16804085431,186487925900
2019-09-10,10321.93,21012460994,185101736449
2019-09-11,10121.10,17425806761,181228983505
2019-09-12,10150.71,19989784061,182006412816
2019-09-13,10401.32,17986804177,186490286819
2019-09-14,10355.63,16650634276,185791118117
2019-09-15,10349.55,16529697331,185709926005
2019-09-16,10305.68,13781855194,184860740268
2019-09-17,10268.42,17580630288,184216635305
2019-09-18,10203.07,17279102873,183148194810
2019-09-19,10158.85,18848349198,182304851002
2019-09-20,10253.23,23532550738,183793185093
2019-09-21,10178.44,17281137872,182621118150
2019-09-22,9997.20,15973816316,179541584401
2019-09-23,10041.30,16268084727,180261864538
2019-09-24,9699.50,17797331462,174073117683
2019-09-25,8702.71,27762368999,158225996381
2019-09-26,8446.24,25000732108,151968918856
2019-09-27,8098.81,22627889544,145450672157
2019-09-28,8183.48,19755414533,147034755882
2019-09-29,8225.11,17936691398,147518938470
2019-09-30,8064.38,16673592220,144886125388
2019-10-01,8271.29,21681424235,148699326425
2019-10-02,8366.50,17832872037,150346803071
2019-10-03,8350.13,17676173879,150093691782
2019-10-04,8176.35,17383555314,146959035400
2019-10-05,8156.52,16931274118,146603545122
2019-10-06,8140.24,16751341178,146326858013
2019-10-07,7890.23,16860212059,141846566055
2019-10-08,8182.25,21702135919,147113201630
2019-10-09,8180.69,19349468270,147101302075
2019-10-10,8573.06,21622617283,154173400068
2019-10-11,8561.52,21307956537,153974523119
2019-10-12,8277.85,22522161254,148684409190
2019-10-13,8308.47,18009645881,149460560799
2019-10-14,8289.50,17006193532,149295847367
2019-10-15,8347.35,17384052861,150188449071
2019-10-16,8175.86,17879549109,147132917996
2019-10-17,8010.30,18700096465,144153894666
2019-10-18,8079.93,17154383747,145395122717
2019-10-19,7957.31,18867966948,143241128773
2019-10-20,7949.80,16704267725,143016860664
2019-10-21,8208.36,18477598770,147845092520
2019-10-22,8220.92,17608633116,147972317569
2019-10-23,8045.29,19789278104,144778678026
2019-10-24,7468.53,23372887463,134533554377
2019-10-25,7433.92,18827850067,133881191476
2019-10-26,8652.03,33573878836,155391555503
2019-10-27,9217.24,49973845767,166118326255
2019-10-28,9502.02,38396780064,171191596562
2019-10-29,9239.90,36102429175,166074573773
2019-10-30,9407.16,32395177165,169552821617
2019-10-31,9171.87,30846909824,165289440819
2019-11-01,9151.82,30452200168,165197797837
2019-11-02,9233.41,28239184319,166428932045
2019-11-03,9302.83,24723381192,167702162283
2019-11-04,9204.29,24204135433,166118344448
2019-11-05,9378.95,30915689706,169099256442
2019-11-06,9300.37,30247351916,167676477991
2019-11-07,9340.05,28787468130,168462131862
2019-11-08,9221.07,27099310470,166326340114
2019-11-09,8795.90,30263888375,158619022798
2019-11-10,8809.78,22726115539,159050488592
2019-11-11,9043.67,24973742613,162996713001
2019-11-12,8729.92,24569575080,157759659438
2019-11-13,8806.75,25677565876,158722325408
2019-11-14,8770.78,22919706604,158380664654
2019-11-15,8652.03,24149531742,156230551241
2019-11-16,8480.44,27102692385,152925645909
2019-11-17,8496.38,21153024163,153343011226
2019-11-18,8508.50,22808991915,153491320213
2019-11-19,8202.83,25563738776,148089631527
2019-11-20,8138.83,24993518394,146797393103
2019-11-21,8095.87,23442272035,146173851046
2019-11-22,7632.49,26390689050,137741605692
2019-11-23,7293.01,39111609334,131796120680
2019-11-24,7309.69,23984198665,132153647358
2019-11-25,6935.74,25073885715,126056411448
2019-11-26,7118.26,34693320000,128442554041
2019-11-27,7157.68,25650766568,129550686419
2019-11-28,7483.75,28972696169,135280930612
2019-11-29,7438.62,22282583661,134540136589
2019-11-30,7720.87,23595242634,139585890644
2019-12-01,7556.40,19070509165,136619988248
2019-12-02,7405.81,22892863740,133806709251
2019-12-03,7308.98,19403364523,132186853223
2019-12-04,7286.08,17246866851,131920184619
2019-12-05,7209.97,24794733347,130707605072
2019-12-06,7373.78,22344057774,133644089122
2019-12-07,7530.92,20930338572,135763797983
2019-12-08,7493.55,17579259211,135655571431
2019-12-09,7508.32,17330633418,135886870643
2019-12-10,7347.04,19646929699,133091781421
2019-12-11,7233.95,19546221322,130970047495
2019-12-12,7197.43,18016936696,130242932604
2019-12-13,7200.71,19829801018,130489545692
2019-12-14,7247.35,18535665729,131188243085
2019-12-15,7081.74,19497758114,128114177662
2019-12-16,7108.56,18896096612,128886696697
2019-12-17,6901.04,22208927989,124984942946
2019-12-18,6627.16,26481385709,119931733577
2019-12-19,7274.77,57308255784,131230049167
2019-12-20,7152.56,23539013331,129498636861
2019-12-21,7185.44,22483207164,130122764301
2019-12-22,7141.55,18632480433,129342305760
2019-12-23,7488.20,24325792144,135086328271
2019-12-24,7335.21,30235862119,132931613272
2019-12-25,7266.61,26519710985,131358497319
2019-12-26,7204.18,23546783551,130643567867
2019-12-27,7208.49,24771695136,130768750218
2019-12-28,7247.62,25893684880,131349923253
2019-12-29,7307.89,21437778062,132567576728
2019-12-30,7394.03,22035194451,133997529973
2019-12-31,7240.43,22320671264,131377523457
2020-01-01,7195.15,21187883711,130394101536
2020-01-02,7193.75,18123516839,130422953818
2020-01-03,6963.85,20313194628,126280790200
2020-01-04,7300.35,31015776262,132766262579
2020-01-05,7351.38,20611640058,133474716218
2020-01-06,7349.97,21929224571,133388991087
2020-01-07,7734.68,28148518762,140557168287
2020-01-08,8147.42,34823187724,147798610896
2020-01-09,8045.79,39971512000,146089575425
2020-01-10,7832.80,29276053441,141913856953
2020-01-11,8180.51,35777298156,146879934259
2020-01-12,8012.09,31504583511,145561586659
2020-01-13,8171.40,27533390876,148204228775
2020-01-14,8110.65,27962176781,147446058196
2020-01-15,8801.87,55384169406,159481192214
2020-01-16,8820.85,48160401007,159960761752
2020-01-17,8720.92,36462155571,158412991118
2020-01-18,8902.57,41671910798,161848747742
2020-01-19,8906.90,36801813632,161823609428
2020-01-20,8690.38,39242297096,157906057309
2020-01-21,8631.25,29527689343,156848009984
2020-01-22,8724.82,27057681780,158564958351
2020-01-23,8665.44,25628542095,157502652064
2020-01-24,8415.96,30696020541,152984928859
2020-01-25,8432.10,30691734305,153294353937
2020-01-26,8348.67,26582198966,151794495723
2020-01-27,8595.73,30241155463,156302144661
2020-01-28,8879.34,39661537340,161473602737
2020-01-29,9320.81,49812761504,169518428145
2020-01-30,9276.89,47273353144,168738228802
2020-01-31,9509.81,51037775415,172993102966
2020-02-01,9308.06,50102814006,169340144566
2020-02-02,9363.22,48307978234,170361167834
2020-02-03,9338.42,55025402184,169926610304
2020-02-04,9308.91,56824765308,169406963183
2020-02-05,9179.96,55377658456,167075369075
2020-02-06,9592.18,65675565621,174596806174
2020-02-07,9744.64,71141695218,177388314198
2020-02-08,9799.45,69495711756,178414902529
2020-02-09,9890.70,71561797135,180081607384
2020-02-10,10148.38,78110955305,184792100015
2020-02-11,9890.12,81406687324,180145850760
2020-02-12,10226.93,38930644712,186262984852
2020-02-13,10328.90,45456624048,188132988213
2020-02-14,10221.26,54151236618,186190344916
2020-02-15,10320.16,50206573483,187680301471
2020-02-16,9894.14,51460340289,180265718401
2020-02-17,9943.67,42364906261,181221481669
2020-02-18,9723.61,48517591137,176547652266
2020-02-19,10133.82,54648014950,184918071499
2020-02-20,9618.41,50502739124,175312937107
2020-02-21,9608.17,53579139401,174871048291
2020-02-22,9673.01,37678167401,176701844102
2020-02-23,9658.61,32555342237,176097270350
2020-02-24,9946.72,38743680759,181368043820
2020-02-25,9670.96,41928789500,175872097740
2020-02-26,9345.34,39441760776,170478976468
2020-02-27,8801.66,45140119230,160731785488
2020-02-28,8781.18,43045469001,160149975301
2020-02-29,8717.33,41297721067,159030381910
2020-03-01,8552.99,33291626663,156047250857
2020-03-02,8567.80,34310775733,155934421965
2020-03-03,8905.88,59776629743,162521881369
2020-03-04,8756.72,68336042797,159816567727
2020-03-05,8758.65,38832067217,159869936941
2020-03-06,9038.87,38122635173,165070261613
2020-03-07,9135.85,41388087588,166791067805
2020-03-08,8902.20,36764763103,162543409238
2020-03-09,8041.37,39132209138,147076617272
2020-03-10,7921.33,45678665163,144664117909
2020-03-11,7906.73,40882213634,144410718988
2020-03-12,7935.52,38689036553,144948460093
2020-03-13,5142.99,50009548492,93092131087
2020-03-14,5542.82,74329688818,101262945297
2020-03-15,5214.19,36054625747,95216478865
2020-03-16,5397.93,32985693210,98632587514
2020-03-17,5032.50,44034438468,91962797384
2020-03-18,5389.42,36007089254,98079756007
2020-03-19,5376.28,37618067230,98259998309
2020-03-20,6170.20,48056214948,112778383593
2020-03-21,6195.60,50936770688,113030383273
2020-03-22,6145.77,40189198131,112349835902
2020-03-23,5859.65,37255748385,107128564671
2020-03-24,6456.35,45578824448,118046727573
2020-03-25,6730.17,45846522059,123064256189
2020-03-26,6695.90,42082295491,122445336599
2020-03-27,6765.56,34840544710,123732739823
2020-03-28,6397.83,32910551599,117019679178
2020-03-29,6255.00,35231848359,114171796492
2020-03-30,5915.34,25923471292,108551603304
2020-03-31,6403.14,34907149978,117151628727
2020-04-01,6421.71,32287674952,117750205634
2020-04-02,6640.80,35886963978,120921617010
2020-04-03,6807.90,47638672294,124719708454
2020-04-04,6732.85,39867535857,123234164428
2020-04-05,6859.42,35009177102,125564427826
2020-04-06,6788.05,31885662165,124272363452
2020-04-07,7297.64,45370138561,133484854333
2020-04-08,7196.78,43386074291,131782164466
2020-04-09,7342.29,38922547593,134518720640
2020-04-10,7294.49,34921486435,133598651282
2020-04-11,6864.69,37828011011,125740858699
2020-04-12,6878.78,30280054180,125980543742
2020-04-13,6913.16,34544392366,126655463658
2020-04-14,6857.54,38062368291,125651103790
2020-04-15,6860.18,33837365577,125713883016
2020-04-16,6629.43,29692916171,121499498110
2020-04-17,7059.93,45752002264,129402884478
2020-04-18,7035.26,31701906840,128961704237
2020-04-19,7242.51,30035235468,132775323305
2020-04-20,7127.51,29714765522,130680700686
2020-04-21,6856.46,35276609104,125724610428
2020-04-22,6842.04,30093303601,125473149029
2020-04-23,7110.00,30819547915,130398643209
2020-04-24,7382.79,41032858925,135414822710
2020-04-25,7495.39,33233126913,137493716065
2020-04-26,7538.56,31610167152,138298135123
2020-04-27,7683.87,33760863612,140977260141
2020-04-28,7774.28,35205525352,142649802463
2020-04-29,7758.23,32855687797,142370212777
2020-04-30,8744.43,60399592066,160483573440
2020-05-01,8610.64,65838312160,158042623264
2020-05-02,8824.82,44773967198,161989355179
2020-05-03,8966.31,39177855720,164603123456
2020-05-04,8888.67,45617019157,163036842347
2020-05-05,8884.41,44698213713,162341412440
2020-05-06,9003.24,43436234292,165335617639
2020-05-07,9144.69,48538811467,167950864937
2020-05-08,9959.17,61712313965,182927847431
2020-05-09,9821.81,50955646313,180421762956
2020-05-10,9566.78,46706541180,175752574355
2020-05-11,8752.62,61704475185,160814678354
2020-05-12,8604.75,57996080837,158113540964
2020-05-13,8788.47,39515455756,161474125336
2020-05-14,9283.09,44239951917,170593350056
2020-05-15,9796.49,52076585311,179398095871
2020-05-16,9309.30,44866846516,170983863891
2020-05-17,9375.30,34146492788,172309401207
2020-05-18,9666.33,35650032954,177224284369
2020-05-19,9708.44,38922896810,178446153576
2020-05-20,9760.20,37077538115,179127815803
2020-05-21,9526.51,34829170075,175227227253
2020-05-22,9059.96,35965016694,166569335291
2020-05-23,9131.77,27700943120,168309812993
2020-05-24,9170.36,26159735072,168614573111
2020-05-25,8731.85,29437505507,161407638875
2020-05-26,8883.69,29130957734,163333743989
2020-05-27,8839.13,26860828303,162547226897
2020-05-28,9174.12,28916177010,168615778510
2020-05-29,9546.05,31771100326,175534414971
2020-05-30,9427.12,28880265575,173355014878
2020-05-31,9662.71,30231487422,177978616383
2020-06-01,9466.96,27396663221,174105710752
2020-06-02,10167.93,33702539854,186932702066
2020-06-03,9515.24,36841150779,175463166972
2020-06-04,9645.23,25222025159,177416480473
2020-06-05,9776.20,24903069188,179830985955
2020-06-06,9636.97,23447982002,177373937377
2020-06-07,9662.86,19374357195,177901732350
2020-06-08,9738.60,23856639265,179167717944
2020-06-09,9773.03,21154971285,179810911053
2020-06-10,9767.01,22844271951,179709840754
2020-06-11,9874.90,24398738300,181705166674
2020-06-12,9326.00,31225155445,171615707160
2020-06-13,9469.53,23601462338,174266571296
2020-06-14,9469.47,19693461097,174275005803
2020-06-15,9345.96,18836155989,172116372679
2020-06-16,9431.72,29160908897,173598215784
2020-06-17,9524.93,26391020757,175075304218
2020-06-18,9463.36,23643218251,174231189757
2020-06-19,9399.77,20601074386,173034439846
2020-06-20,9312.78,23738525502,171101646024
2020-06-21,9360.25,19774464253,172323213442
2020-06-22,9298.36,18986237382,171192409474
2020-06-23,9678.68,24768621257,178128652480
2020-06-24,9624.68,17756804210,177187041227
2020-06-25,9288.06,23183760292,171028279702
2020-06-26,9258.67,23499175984,170495281892
2020-06-27,9166.49,22429204011,168807143703
2020-06-28,9013.91,21515626881,166004979430
2020-06-29,9139.90,19665935217,168334049772
2020-06-30,9185.17,19754459583,169175896894
2020-07-01,9149.72,19741435780,168558715595
2020-07-02,9230.67,20005031554,170031996603
2020-07-03,9094.32,19379463385,167604994105
2020-07-04,9071.39,17420495829,167116284671
2020-07-05,9132.91,16643732673,168258822207
2020-07-06,9087.41,17324463886,167429736493
2020-07-07,9342.38,21987059042,172136257752
2020-07-08,9253.63,18945747769,170510411872
2020-07-09,9432.17,20708592426,173809293390
2020-07-10,9235.72,19480413474,170198606144
2020-07-11,9282.91,18224423468,171104767642
2020-07-12,9234.31,16167064476,170191069703
2020-07-13,9297.48,17173962880,171364106456
2020-07-14,9240.76,18245667827,170370727819
2020-07-15,9247.06,19147263017,170451532162
2020-07-16,9203.37,16565948995,169758848798
2020-07-17,9136.48,18760484380,168496782961
2020-07-18,9156.28,16500659022,168760444137
2020-07-19,9168.40,15638459043,169031588403
2020-07-20,9202.62,16085385662,169692625142
2020-07-21,9163.16,17080393205,168936986921
2020-07-22,9384.38,20048075731,173036757676
2020-07-23,9514.30,19702428931,175370017197
2020-07-24,9589.82,26966148756,176821599774
2020-07-25,9535.94,35810926085,175865705418
2020-07-26,9691.83,36726067828,178740874540
2020-07-27,9925.75,19713211085,183064851468
2020-07-28,10962.26,34694788844,202191797991
2020-07-29,10904.92,27637575180,201144184191
2020-07-30,11093.61,23642111784,204969785091
2020-07-31,11116.31,22265381996,205200775318
2020-08-01,11325.55,22329797905,208933774575
2020-08-02,11812.09,26198946496,217741425309
2020-08-03,11066.31,27584591853,204126077225
2020-08-04,11230.91,20583344057,207218525402
2020-08-05,11181.92,20527193171,206583502228
2020-08-06,11719.26,22359870185,216249264844
2020-08-07,11768.13,21793317051,217128467890
2020-08-08,11571.49,21624736673,213579066889
2020-08-09,11739.13,17286825185,216526346494
2020-08-10,11682.85,17051550191,215621627428
2020-08-11,11862.94,24145919191,218920276229
2020-08-12,11398.67,24448699831,210825577055
2020-08-13,11579.87,22803776235,213770877598
2020-08-14,11817.16,24755770184,217185020505
2020-08-15,11777.39,21650925952,216916952670
2020-08-16,11864.91,21285690553,219049736823
2020-08-17,11901.78,19209711614,219750735623
2020-08-18,12272.47,25481896191,226536103502
2020-08-19,11949.61,24825715159,220980135332
2020-08-20,11733.28,23384200656,216660276173
2020-08-21,11861.84,20353349055,219044968221
2020-08-22,11515.12,23406354443,212896669546
2020-08-23,11676.39,19572783954,215641597240
2020-08-24,11647.93,18467219109,215347356765
2020-08-25,11758.83,20061559392,217410678530
2020-08-26,11350.75,23423332919,209658632328
2020-08-27,11465.00,20869928786,211778947737
2020-08-28,11300.40,21595917446,208747591910
2020-08-29,11519.12,19271253871,212799723685
2020-08-30,11481.48,18415439614,212114842612
2020-08-31,11701.00,19909556667,216179629567
2020-09-01,11672.32,21077276618,215921598551
2020-09-02,11895.23,25232603062,221315690777
2020-09-03,11418.25,26038738389,210746091570
2020-09-04,10197.46,49411126241,188438095255
2020-09-05,10484.47,27623487077,194040447576
2020-09-06,10177.79,56430042199,188092098308
2020-09-07,10260.02,28801019507,189621410257
2020-09-08,10359.45,26560146962,191501904759
2020-09-09,10125.01,47780699209,186825391249
2020-09-10,10230.15,21357083446,188757938084
2020-09-11,10342.16,77545788531,191180566587
2020-09-12,10378.22,20796810116,192111562750
2020-09-13,10439.38,19955498078,192997988416
2020-09-14,10328.87,21057424433,190922719938
2020-09-15,10661.10,23526143436,197010021430
2020-09-16,10787.58,23802088944,199044338128
2020-09-17,10952.25,24459086809,202524001250
2020-09-18,10938.00,23547167125,202358479464
2020-09-19,10927.15,20681771888,202091264905
2020-09-20,11084.00,18334274060,204994315603
2020-09-21,10923.33,20161733907,202032519471
2020-09-22,10439.52,23757059692,193677795064
2020-09-23,10527.59,19866578109,194731087415
2020-09-24,10223.78,19981974722,189120580778
2020-09-25,10726.53,21348447554,198514026300
2020-09-26,10681.99,19119761059,197616950282
2020-09-27,10743.19,16886146730,198687083452
2020-09-28,10765.30,17639951628,199236216251
2020-09-29,10672.03,19869963340,197720212771
2020-09-30,10837.52,18308943801,200532996048
2020-10-01,10770.88,18558607663,199310441689
2020-10-02,10627.98,20889752500,196617081791
2020-10-03,10572.67,21258724984,195660035180
2020-10-04,10546.66,16039831145,195188285650
2020-10-05,10670.70,16029160488,197494664454
2020-10-06,10784.95,17853484006,199530129891
2020-10-07,10605.96,19419734685,196314284797
2020-10-08,10668.01,17222472600,197575523785
2020-10-09,10888.67,19767968267,201518932274
2020-10-10,11063.25,19254933802,204809205392
2020-10-11,11286.54,19496631246,209268690953
2020-10-12,11377.81,16270141990,210799352797
2020-10-13,11543.18,20957733314,213726225963
2020-10-14,11426.11,19556025069,211576163358
2020-10-15,11435.57,20441486195,211756280001
2020-10-16,11495.58,20511481707,212878404237
2020-10-17,11319.10,20436703034,209993205751
2020-10-18,11365.81,15650920221,210421523307
2020-10-19,11495.90,15569792414,212752326976
2020-10-20,11752.15,18121468516,217391050813
2020-10-21,11908.71,21431994056,220404884319
2020-10-22,12806.44,29314287990,236717318526
2020-10-23,12951.04,25070864647,240257678154
2020-10-24,12928.07,21379873278,239590543524
2020-10-25,13106.05,19302801175,242785151288
2020-10-26,13021.41,18998745579,241326618199
2020-10-27,13060.79,21507619986,242141178090
2020-10-28,13655.19,23918511528,253004886697
2020-10-29,13283.00,26825856788,245661872194
2020-10-30,13441.88,22860841954,249545455596
2020-10-31,13537.17,23482756915,250845436638
2020-11-01,13778.64,22691200479,255329261021
2020-11-02,13720.36,19771957708,254260250528
2020-11-03,13558.36,22630851230,251266177558
2020-11-04,13989.98,22602862338,259277183165
2020-11-05,14101.72,25857225138,261103557611
2020-11-06,15553.33,36313255719,288118007577
2020-11-07,15548.31,34523587705,288563189165
2020-11-08,14818.46,30369855795,274687727890
2020-11-09,15496.32,24082570972,287116472704
2020-11-10,15335.34,29501754043,284292217076
2020-11-11,15278.71,21918753733,283242342239
2020-11-12,15686.91,23990613793,291215273242
2020-11-13,16265.15,28001128791,301529322417
2020-11-14,16326.81,24826304420,302672502422
2020-11-15,16095.56,22096608221,298290647831
2020-11-16,15984.67,19184714603,296277008765
2020-11-17,16714.40,24606359052,309857769717
2020-11-18,17651.82,31572384446,327448838765
2020-11-19,17829.93,40089857655,330792375072
2020-11-20,17819.76,30586797552,330526082019
2020-11-21,18628.81,28731271104,345552251091
2020-11-22,18689.53,31201880852,346623937352
2020-11-23,18390.61,33010231294,342078349285
2020-11-24,18360.69,33389683851,340635146714
2020-11-25,19091.52,49429532567,354209935574
2020-11-26,18753.29,32146102840,348158099247
2020-11-27,17138.03,48738957777,317999016791
2020-11-28,17140.28,30680336583,318057301370
2020-11-29,17718.97,24501260966,328812520406
2020-11-30,18169.95,23940328529,336495192223
2020-12-01,19609.52,36160827241,363927715779
2020-12-02,18857.42,38614628144,349587593227
2020-12-03,19208.40,28923102075,356517705143
2020-12-04,19435.20,24342606871,360661550057
2020-12-05,18711.23,26369871383,347850442857
2020-12-06,19139.11,23333284386,355244908735
2020-12-07,19325.55,21832193873,358762118305
2020-12-08,19198.81,22034483384,356587934226
2020-12-09,18336.51,26799991796,340435142948
2020-12-10,18564.99,29806757749,344693077430
2020-12-11,18262.06,24092658534,339714540194
2020-12-12,18058.03,26080197328,335310805699
2020-12-13,18807.10,21918803314,349235537026
2020-12-14,19151.13,23550581096,355642790361
2020-12-15,19259.97,21638023120,357681110300
2020-12-16,19432.36,24173322660,360542942205
2020-12-17,21317.66,39062639738,396179736656
2020-12-18,22805.66,60693764159,423587689809
2020-12-19,23120.57,37000188847,429459534590
2020-12-20,23863.85,35252972900,443289431125
2020-12-21,23518.32,32907758818,436893169133
2020-12-22,22840.99,38423396405,424329939582
2020-12-23,23794.79,38733771616,441752551013
2020-12-24,23308.13,42917744240,433051601801
2020-12-25,23760.29,36826373659,441614502954
2020-12-26,24671.11,36622874230,458416319552
2020-12-27,26476.13,41995154623,491978602970
2020-12-28,26423.23,56654980596,493427450341
2020-12-29,27125.38,42186521237,503712223154
2020-12-30,27424.54,38081840206,509680257177
2020-12-31,28837.29,43341140482,535967306918
2021-01-01,29022.42,43503516563,539438036436
2021-01-02,29352.13,34089717988,545593282215
2021-01-03,32163.82,57273436641,597887713054
2021-01-04,33008.23,178894068361,613616917626
2021-01-05,31515.58,74657165356,585726270249
2021-01-06,34082.21,67420500716,633651671519
2021-01-07,36933.52,71027195898,682743683563
2021-01-08,39547.08,78642959829,735339707368
2021-01-09,40815.96,82846468856,758971014787
2021-01-10,40296.53,55921808672,749347201463
2021-01-11,38397.90,73381123613,714078952009
2021-01-12,35669.91,111691569520,663380898829
2021-01-13,33938.34,68954134557,629751630408
2021-01-14,37456.01,65278944794,696668634091
2021-01-15,39232.75,57519444622,729751433670
2021-01-16,36787.52,63450740093,684304915288
2021-01-17,36254.71,55054325262,674660879866
2021-01-18,35804.26,50749258739,672291934493
2021-01-19,36595.46,46769030147,682647247200
2021-01-20,36104.86,51736994549,671734819189
2021-01-21,35587.49,58406615612,662434464441
2021-01-22,30913.70,69415314298,575205510268
2021-01-23,32957.91,69549742252,613271077002
2021-01-24,32068.09,43575409685,596744391345
2021-01-25,32273.52,42810544126,600595408892
2021-01-26,32375.32,50410553261,602517850752
2021-01-27,32582.11,48489676580,606573549810
2021-01-28,30445.53,51514291052,566661443732
2021-01-29,33128.35,51075972572,616625386428
2021-01-30,34150.82,97468515525,635688668064
2021-01-31,34199.52,52001249491,636624676861
2021-02-01,33064.79,42488649643,615013848827
2021-02-02,33405.99,49268860243,621908231690
2021-02-03,35485.99,50730704377,660664104637
2021-02-04,37494.72,49762137494,695794870716
2021-02-05,36816.51,54494811707,686453802173
2021-02-06,38007.83,47446256482,706320162929
2021-02-07,39279.41,57076868562,732453192637
2021-02-08,38833.34,53802559039,723434796638
2021-02-09,46307.57,86994225365,862413737411
2021-02-10,46569.56,78828431117,867164581003
2021-02-11,44848.69,70000356396,839561451461
2021-02-12,47815.96,66187179919,890629045244
2021-02-13,47414.19,61942185129,880620921496
2021-02-14,46941.29,55312381649,874425017687
2021-02-15,48607.87,57738376570,905515462577
2021-02-16,47898.49,61061855794,892345220938
2021-02-17,49238.14,64141133354,917339726315
2021-02-18,52143.68,68478739131,971516568848
2021-02-19,51733.08,58486508606,963911356673
2021-02-20,56038.73,71397235197,1044189900352
2021-02-21,56377.63,77351787996,1050555931433
2021-02-22,57669.30,61223272211,1075380337358
2021-02-23,54410.86,101532021847,1012091985973
2021-02-24,48691.89,116689607926,904133801445
2021-02-25,49849.38,73140585469,929081504354
2021-02-26,46992.67,60355381276,875883932252
2021-02-27,46551.49,74357197464,869070614248
2021-02-28,46653.53,50989764249,869649724201
2021-03-01,44970.16,59679588927,838307614585
2021-03-02,49787.34,63218569172,928146793676
2021-03-03,48532.24,53499537417,905413239165
2021-03-04,50577.46,59212268141,942969910364
2021-03-05,48727.45,60749587836,908517236708
2021-03-06,49091.81,56568112294,911379300053
2021-03-07,49019.37,41478786533,916504852500
2021-03-08,51313.09,46146324828,955040794770
2021-03-09,52328.54,53568946626,974195000547
2021-03-10,54700.27,57418251743,1018978819157
2021-03-11,56020.49,63560545037,1044805904678
2021-03-12,57788.87,64605228618,1077836070933
2021-03-13,57353.86,59984971692,1069776383194
2021-03-14,61315.20,67332756651,1145191373522
2021-03-15,59428.97,48104078384,1111684638819
2021-03-16,55805.33,70594488700,1049197142852
2021-03-17,56830.25,63219904254,1060221966895
2021-03-18,59014.93,63368268626,1101028543248
2021-03-19,57922.41,58387006276,1081065767946
2021-03-20,58243.27,51948388931,1086741150607
2021-03-21,58376.16,54549112636,1090022321078
2021-03-22,57573.54,55664123838,1074356788297
2021-03-23,54370.14,62001716795,1020641820439
2021-03-24,54584.87,60383378707,1017637245492
2021-03-25,52526.87,73029051195,982797427007
2021-03-26,51416.91,63401640503,959155260367
2021-03-27,55033.10,55442557956,1027209990795
2021-03-28,55832.42,47285749219,1042184275333
2021-03-29,55728.10,49315845081,1039333584621
2021-03-30,57634.93,57387039705,1075942162537
2021-03-31,58668.63,52387542501,1095293012033
2021-04-01,58817.37,57495844478,1098127310947
2021-04-02,58801.19,54320681401,1098583823874
2021-04-03,59060.03,52224918752,1103133931137
2021-04-04,57060.41,52067853988,1067101827373
2021-04-05,58228.80,46156767978,1087344280110
2021-04-06,58706.82,54670173277,1096202611390
2021-04-07,58062.18,61497704158,1084341670321
2021-04-08,56134.42,67617613532,1050759681845
2021-04-09,58065.64,48714359354,1083362883828
2021-04-10,58152.99,45880879042,1085794662405
2021-04-11,59979.39,61788197399,1116221525334
2021-04-12,59988.02,46792500387,1120606689450
2021-04-13,59911.02,55994558889,1118532902102
2021-04-14,63576.68,71993120011,1187737045885
2021-04-15,62807.12,80157135508,1173412921930
2021-04-16,63179.77,60495376851,1179561609817
2021-04-17,61497.30,86260673270,1149602869702
2021-04-18,60273.87,63808212133,1125592412523
2021-04-19,56288.95,102065957642,1053618163310
2021-04-20,55721.17,66156275210,1043148020633
2021-04-21,56294.73,68166802216,1055145534127
2021-04-22,54190.07,56115370322,1012699264346
2021-04-23,51965.57,77897442832,971174701493
2021-04-24,51191.12,91138220375,956744203682
2021-04-25,50133.11,49296256746,937014999515
2021-04-26,48981.44,46233432154,915533819859
2021-04-27,53978.81,60226926860,1008389773190
2021-04-28,54991.81,48468560013,1027617870422
2021-04-29,54810.61,48072930663,1024625833392
2021-04-30,53596.70,46958036373,1001973605935
2021-05-01,57828.51,53879045974,1082721727348
2021-05-02,57812.97,43967070046,1080897634123
2021-05-03,56600.75,39072664394,1057850321949
2021-05-04,57200.30,54132470274,1069571255196
2021-05-05,53464.37,71296763919,999775008412
2021-05-06,57432.10,72158368258,1070969079354
2021-05-07,56507.76,87510802711,1056801053575
2021-05-08,57361.57,68154805947,1072831991777
2021-05-09,58771.88,66812167538,1099271802312
2021-05-10,58213.93,67906284081,1088903483393
2021-05-11,55901.67,76672978748,1045714370754
2021-05-12,56928.97,67726708141,1064993057464
2021-05-13,50004.76,75523928654,935512493151
2021-05-14,49972.80,104203551168,934964766186
2021-05-15,49913.26,56820196965,935962705739
2021-05-16,46780.90,62896879696,875321252276
2021-05-17,46585.06,70636455914,871695620616
2021-05-18,43780.83,84054878924,819256623329
2021-05-19,43091.04,65037066859,800545278568
2021-05-20,37287.39,141151477375,697785056488
2021-05-21,40437.73,95001812131,759679496751
2021-05-22,37339.63,88706010988,698762712554
2021-05-23,37520.32,61178935274,702143968884
2021-05-24,34977.53,84358034876,654558962028
2021-05-25,38642.44,71163197727,723143072420
2021-05-26,38210.81,48724794158,715248689990
2021-05-27,39406.93,47026386118,737668726732
2021-05-28,38642.90,40836817156,723137484747
2021-05-29,35710.22,49991590068,668521654365
2021-05-30,34775.08,43184025045,654239808357
2021-05-31,35714.75,30650274658,668664301774
2021-06-01,37340.68,37950798680,699138611681
2021-06-02,36680.07,33536905028,688726381047
2021-06-03,37685.72,31240691604,704531333543
2021-06-04,39151.32,33396718845,733150718114
2021-06-05,36938.72,39345490149,691747462828
2021-06-06,35546.99,34068172836,662913486273
2021-06-07,35834.47,27689283071,671131079524
2021-06-08,33451.38,33345528753,626527049948
2021-06-09,33557.15,46727462986,629018966290
2021-06-10,37553.64,54511387836,705292677171
2021-06-11,36903.30,42952476855,691681868464
2021-06-12,37289.43,36358044263,698528023664
2021-06-13,35666.15,35710196743,668148892256
2021-06-14,39147.71,38185633278,733402631079
2021-06-15,40624.51,45836408439,761104314502
2021-06-16,40378.20,36706248352,756522207420
2021-06-17,38321.45,36563438890,718016373177
2021-06-18,38193.62,36330237284,715652442155
2021-06-19,35881.11,35162612173,673761687974
2021-06-20,35581.64,28858979692,666901325910
2021-06-21,35787.08,35609127164,670634370557
2021-06-22,31711.94,51873870277,598335733136
2021-06-23,32507.74,57443014758,606580031923
2021-06-24,33702.62,39798236962,631634847766
2021-06-25,34675.45,31862051544,650340461976
2021-06-26,31943.14,38635245431,598703019611
2021-06-27,32023.97,36873109420,600235334321
2021-06-28,34607.29,34335452117,649262127990
2021-06-29,34556.84,32453802891,647741224117
2021-06-30,35968.99,35121257876,674231340724
2021-07-01,35171.49,31024153847,660200427590
2021-07-02,33677.57,29129630236,629863895572
2021-07-03,33950.79,25084046353,633684390026
2021-07-04,34729.89,22986053605,650382046625
2021-07-05,35394.21,22727930418,663571591568
2021-07-06,33928.13,25894820185,636061920915
2021-07-07,34149.99,26106856612,640405812762
2021-07-08,33932.25,23692220470,636246944189
2021-07-09,32933.58,29065577052,617861633772
2021-07-10,33971.30,24282108111,637000370375
2021-07-11,33704.54,20558304484,632185737683
2021-07-12,34299.94,17798828844,643335853171
2021-07-13,33262.65,21683885321,623350567667
2021-07-14,32676.38,19932531700,613002045101
2021-07-15,32878.50,21779069066,616691143980
2021-07-16,31726.04,21557729227,595342431374
2021-07-17,31399.65,22671859963,588495008676
2021-07-18,31588.67,17715455995,592581931071
2021-07-19,31919.39,17742105808,597872278369
2021-07-20,30928.21,20095540828,580252472383
2021-07-21,29971.90,23000299062,561743228117
2021-07-22,32383.78,29070652060,605357009417
2021-07-23,32409.50,19741588059,607621607805
2021-07-24,33455.55,22937379735,627747173675
2021-07-25,34213.60,22120323672,642012590041
2021-07-26,35456.12,20929083221,664681184169
2021-07-27,37281.92,53550491998,701921012035
2021-07-28,39076.59,36401287454,732311951673
2021-07-29,40031.20,41369107423,751371299911
2021-07-30,39977.76,28717414113,750407963580
2021-07-31,41936.26,35530501783,786531956384
2021-08-01,41754.17,28437941448,784039345926
2021-08-02,39914.83,28555173662,747403845432
2021-08-03,39278.77,28057528866,737440183776
2021-08-04,38368.35,28422901237,720835141114
2021-08-05,39751.58,27751046040,747085951935
2021-08-06,40825.38,38527930905,768416417394
2021-08-07,42802.14,40840608017,803853127161
2021-08-08,44647.58,42725276705,838457486988
2021-08-09,43753.22,39633218479,821704814136
2021-08-10,46311.00,42726733998,861862844506
2021-08-11,45639.51,35669862362,854344953099
2021-08-12,45652.06,35679832771,857660568377
2021-08-13,44495.21,35838614930,836054770492
2021-08-14,47717.27,34320865037,895084141169
2021-08-15,47088.85,33294851811,886593539913
2021-08-16,47025.00,32863850458,882888202378
2021-08-17,46031.76,34221605780,866391335029
2021-08-18,44534.45,34488116651,836777066606
2021-08-19,45015.47,34668999388,847143004615
2021-08-20,46745.03,38434805723,867650725473
2021-08-21,49195.88,36497089237,923013359587
2021-08-22,48933.69,42147725293,920750216465
2021-08-23,49250.54,27110183703,925630106451
2021-08-24,49518.58,35800255386,930729196214
2021-08-25,47940.61,38387146175,902489541308
2021-08-26,49002.70,33517327124,921328247354
2021-08-27,47229.07,33774857003,887832142450
2021-08-28,49083.10,34607868773,922969799299
2021-08-29,48936.54,28491785397,920017911099
2021-08-30,48907.27,26244843558,919515378469
2021-08-31,47124.25,32326073272,885729258053
2021-09-01,47335.42,34868965959,890014982635
2021-09-02,48823.06,39060601275,918058330851
2021-09-03,49338.78,39362789535,927323146557
2021-09-04,49934.53,42934455726,937295558515
2021-09-05,50013.03,36985805207,940538655660
2021-09-06,51696.21,31765191430,971284117138
2021-09-07,52739.80,37532574717,992868819862
2021-09-08,46995.16,64010507329,881943904969
2021-09-09,46085.03,48151104381,866885887154
2021-09-10,46518.94,38581092904,876179332244
2021-09-11,44802.61,38051987740,842222636395
2021-09-12,45196.49,34160277726,849828231596
2021-09-13,46195.22,27585855039,869122611514
2021-09-14,45139.83,40683028028,848992511474
2021-09-15,47135.43,38645575966,886524004597
2021-09-16,48186.53,30037816650,906727769791
2021-09-17,47879.47,31578783375,900990520812
2021-09-18,47228.66,27731209179,892585184978
2021-09-19,48266.63,27630476158,907957032341
2021-09-20,47371.04,26163167369,891560241243
2021-09-21,42932.95,41220025454,805826302811
2021-09-22,40386.62,45940419565,760802031651
2021-09-23,43587.22,36624234960,820460824051
2021-09-24,44980.90,33594750550,846615719474
2021-09-25,42752.17,42973070343,809772498813
2021-09-26,42856.86,30898116660,808279417023
2021-09-27,43336.86,30462815705,825341135636
2021-09-28,42247.36,30483144439,794889951096
2021-09-29,41010.38,29691944223,775534111089
2021-09-30,41587.67,30068690312,782626384092
2021-10-01,43859.33,30859918335,827840965060
2021-10-02,48181.88,42089383190,906929641889
2021-10-03,47777.76,29742127388,900582483713
2021-10-04,48282.97,26034594562,910331395887
2021-10-05,49260.23,32691763060,927812140868
2021-10-06,51668.99,35480330025,973040988103
2021-10-07,55415.01,48462388016,1044675252844
2021-10-08,53894.60,36549815857,1015246512239
2021-10-09,54010.94,33935485257,1016650501581
2021-10-10,55125.46,31927344846,1038524699061
2021-10-11,54711.87,38579271671,1030788036762
2021-10-12,57572.51,41913482915,1084736227838
2021-10-13,56335.04,40021384611,1061829863954
2021-10-14,57487.99,41216945749,1083366079899
2021-10-15,57452.43,35994603913,1082900149763
2021-10-16,61809.02,53653355008,1164782155730
2021-10-17,61165.64,35385452269,1153847028825
2021-10-18,61583.77,29625957542,1160650121142
2021-10-19,62017.97,39610183787,1173944883530
2021-10-20,64517.65,42550624869,1217582580303
2021-10-21,66237.52,40790757382,1250376460616
2021-10-22,62541.09,48709960686,1178926819141
2021-10-23,61029.27,40766460605,1151508584005
2021-10-24,61572.14,28505039148,1161166467847
2021-10-25,61173.17,29982535557,1153315262663
2021-10-26,63228.21,30852852368,1192131994833
2021-10-27,60604.19,33233702858,1143497865065
2021-10-28,58641.00,43976252157,1105754837661
2021-10-29,60767.56,52318597557,1145912030969
2021-10-30,62283.20,38648967245,1178047465292
2021-10-31,61837.26,31810216330,1166423768410
2021-11-01,61471.87,32494948461,1159841954948
2021-11-02,61121.83,35834742028,1152831210804
2021-11-03,63247.21,37335066460,1186951581189
2021-11-04,63130.94,36561444797,1187048124214
2021-11-05,61601.74,33152275947,1157101738113
2021-11-06,61247.38,31182137448,1154530569293
2021-11-07,61661.36,31423601393,1162489871875
2021-11-08,63153.23,24877902990,1191631271448
2021-11-09,67617.02,105426313891,1278797895528
2021-11-10,67145.37,41207912438,1268116896159
2021-11-11,65061.05,48648563669,1221681091091
2021-11-12,65005.65,35457583783,1228606858157
2021-11-13,64432.05,36872626218,1215930166023
2021-11-14,64660.34,29677693457,1220299721851
2021-11-15,65648.98,26088449437,1239021452561
2021-11-16,63933.84,32107212452,1206711952538
2021-11-17,60448.56,48978396011,1141910823556
2021-11-18,60603.66,39200729529,1138136620641
2021-11-19,56987.32,41828523862,1075758915731
2021-11-20,58459.26,37851259606,1103594176399
2021-11-21,60082.91,29676550712,1134300362589
2021-11-22,59139.78,25743426947,1120610791476
2021-11-23,56386.86,34001467919,1064619437494
2021-11-24,57748.79,36421192857,1090380950871
2021-11-25,57198.18,31695369988,1080039673037
2021-11-26,58897.85,33721097081,1112182356757
2021-11-27,53827.79,41325811946,1016487054820
2021-11-28,54533.40,28256851068,1030781591913
2021-11-29,57237.66,27659464987,1080980050981
2021-11-30,57848.77,30985196647,1092574224476
2021-12-01,57011.28,35723038604,1076804436724
2021-12-02,57169.37,49383073891,1079838995017
2021-12-03,56508.27,36296342257,1067406204923
2021-12-04,53785.97,39527112726,1016040747070
2021-12-05,49161.99,55941408415,930097457942
2021-12-06,49268.47,32826574574,932015145132
2021-12-07,50461.58,36126018722,953396710270
2021-12-08,50647.66,30083305920,956961313926
2021-12-09,50530.46,26590164539,954800139986
2021-12-10,47885.87,27269362515,904878061657
2021-12-11,47303.56,29611257205,893919955030
2021-12-12,49242.30,24619129767,930603779264
2021-12-13,50051.08,19871029748,945932497231
2021-12-14,46696.30,29628245402,882570058437
2021-12-15,48410.56,30152105690,915015634617
2021-12-16,48936.86,33782603071,925006387197
2021-12-17,47694.53,24699414444,901558072619
2021-12-18,46328.70,30617760444,875783175210
2021-12-19,46970.06,23305069270,887944269264
2021-12-20,46807.05,23002876886,884905649264
2021-12-21,47117.01,29356191956,890808857615
2021-12-22,49145.22,25764127608,929203956014
2021-12-23,48755.90,21887790446,921888029985
2021-12-24,50900.61,26419703745,960809259355
2021-12-25,50888.72,22535489970,962312381228
2021-12-26,50663.49,17235296606,958099737763
2021-12-27,50852.86,19632044502,961723851972
2021-12-28,50774.07,22793878137,960280703700
2021-12-29,47725.15,29538983233,902655839568
2021-12-30,46506.99,26348739119,874314106560
2021-12-31,47191.87,23753871435,892648631306
2022-01-01,46319.65,25895349605,876192941903
2022-01-02,47816.08,18904585811,904551946917
2022-01-03,47387.21,33756128242,897536090321
2022-01-04,46531.14,21890019532,880330191985
2022-01-05,45938.02,24895990584,876242689666
2022-01-06,43647.15,31837641246,827723202715
2022-01-07,43216.46,26366602397,819522879407
2022-01-08,41527.20,79685254648,787735561341
2022-01-09,41756.66,23337017233,792892599976
2022-01-10,41862.36,18016718174,791648558215
2022-01-11,41869.86,27984634062,792407724468
2022-01-12,42777.21,22813557398,809621515508
2022-01-13,43981.88,28250302540,832460077955
2022-01-14,42608.41,43905745871,806510860232
2022-01-15,43120.85,20238314435,816129314317
2022-01-16,43226.65,14651008625,816800318527
2022-01-17,43119.79,14452346389,816325578941
2022-01-18,42298.34,17694929626,800822650384
2022-01-19,42395.46,18897950050,803962100418
2022-01-20,41749.55,19626113310,790507925309
2022-01-21,40707.68,20930163211,774235809673
2022-01-22,36508.80,38296960033,692855029163
2022-01-23,35180.44,35517336417,666220701468
2022-01-24,36306.41,22865032969,687575973800
2022-01-25,36774.01,36385158449,696465421899
2022-01-26,36988.93,46168918585,700571452649
2022-01-27,36870.44,26756873750,700165819656
2022-01-28,37276.84,22057410457,702311456033
2022-01-29,37852.58,19214103304,717026944843
2022-01-30,38232.18,14178650232,722829009646
2022-01-31,37983.15,11807185114,719570142322
2022-02-01,38555.53,17731563487,727905398096
2022-02-02,38835.69,17109120250,736102274237
2022-02-03,37000.98,16709908527,700645616424
2022-02-04,37101.35,16136299995,703003347952
2022-02-05,41673.84,25347215344,777355085536
2022-02-06,41493.69,16752051696,786295053042
2022-02-07,42475.54,13206494655,804942041477
2022-02-08,43910.93,24171856714,833392518215
2022-02-09,44184.45,29024977265,837406846076
2022-02-10,44383.89,19780565063,841339973339
2022-02-11,43628.14,27877618434,826942197610
2022-02-12,42445.39,23279080010,803706779792
2022-02-13,42254.74,15479727289,799547462143
2022-02-14,42247.84,12146423251,802059713029
2022-02-15,42634.57,18090873763,808280617642
2022-02-16,44574.32,19801081789,848321283144
2022-02-17,44063.28,16847003857,836256083784
2022-02-18,40562.99,22270664615,770096677779
2022-02-19,40073.50,20130002755,759881874201
2022-02-20,40192.76,11735183838,761447243940
2022-02-21,38514.01,15998424231,730381814665
2022-02-22,37059.98,25174914104,703004241590
2022-02-23,38337.20,22212181617,727094284068
2022-02-24,37372.29,18507851468,708829287814
2022-02-25,38363.35,40839699481,727657714638
2022-02-26,39316.16,22579249142,745763194704
2022-02-27,39090.20,14568201295,741083625918
2022-02-28,37803.59,19424397946,717619764688
2022-03-01,43225.40,30634280855,819019441072
2022-03-02,44459.59,27880763034,841254375272
2022-03-03,43980.71,25615956856,834437956672
2022-03-04,42491.98,22366184129,807454920682
2022-03-05,39200.30,25121267306,743810477766
2022-03-06,39463.15,14818212145,748197160856
2022-03-07,38442.99,16995562041,729501899968
2022-03-08,38076.49,24596395439,723198804468
2022-03-09,38732.94,22556397749,735453953726
2022-03-10,41986.03,29211702119,796849504897
2022-03-11,39468.35,27653455219,749384110700
2022-03-12,38775.18,23624165275,738267961693
2022-03-13,38903.69,12440826654,738456528058
2022-03-14,37852.53,14461647576,718551088031
2022-03-15,39669.42,21250969229,751354026219
2022-03-16,39331.85,20768829818,747642430664
2022-03-17,41165.64,34974203469,779761001844
2022-03-18,41001.71,18861644943,778474325710
2022-03-19,41837.41,30316128166,794378970588
2022-03-20,42201.94,16580741572,800887993391
2022-03-21,41283.26,16856192302,784054464872
2022-03-22,41061.82,21335882483,779205413379
2022-03-23,42401.90,28688623151,803937099701
2022-03-24,42802.15,21851891599,810894331278
2022-03-25,43936.10,26212783704,834251096725
2022-03-26,44331.78,26147756108,842031938722
2022-03-27,44510.84,13676534294,845235093873
2022-03-28,46715.12,22545392530,887283025181
2022-03-29,46994.88,30051327357,892747620148
2022-03-30,47459.26,26128040681,901430001889
2022-03-31,47063.37,24497248306,895356010541
2022-04-01,45528.41,27736469646,865010142445
2022-04-02,46270.20,32948605532,879144224206
2022-04-03,45842.14,24803837260,871050305859
2022-04-04,46434.56,21510196790,882346640419
2022-04-05,46622.64,28019309651,885584977681
2022-04-06,45635.45,25474063862,867247321783
2022-04-07,43198.78,34113818642,820983263463
2022-04-08,43515.15,22960138784,827032889945
2022-04-09,42315.71,24202906401,804272478981
2022-04-10,42796.40,13949535312,812734148493
2022-04-11,42274.91,14936318819,803574629065
2022-04-12,39603.97,30168665078,752680814425
2022-04-13,40205.68,27804694935,764314681923
2022-04-14,41205.17,25453869986,783560801482
2022-04-15,39959.46,22744792147,759703443635
2022-04-16,40586.60,22053774554,771666602548
2022-04-17,40450.38,15777789210,770439827829
2022-04-18,39739.12,16627779442,755627152747
2022-04-19,40833.54,30617039400,776463403746
2022-04-20,41498.12,22717772925,789141783336
2022-04-21,41397.22,24937668255,787437397454
2022-04-22,40528.54,32131220616,770787243370
2022-04-23,39756.85,46022063019,756144456298
2022-04-24,39561.78,15010797472,752414150959
2022-04-25,39469.05,16778683768,752446283900
2022-04-26,40488.88,32883645914,770112436973
2022-04-27,38134.22,31053018153,725434540422
2022-04-28,39237.95,28170490246,746473028158
2022-04-29,39741.77,31484572271,756090806421
2022-04-30,38650.55,27758348826,735829877666
2022-05-01,37820.61,20955789685,719611115951
2022-05-02,38537.65,24857664487,733294957353
2022-05-03,38561.57,29825308569,733787526678
2022-05-04,37758.50,23070122642,718542028696
2022-05-05,39699.02,31748901527,755764276889
2022-05-06,36612.23,37402043366,696020943882
2022-05-07,36116.39,32223287014,687093350325
2022-05-08,35573.31,19130720395,678702448511
2022-05-09,34070.31,30810576502,648514321642
2022-05-10,30269.59,58369928594,576197842488
2022-05-11,31026.93,54071363210,590644412747
2022-05-12,28913.49,65985702702,549294001873
2022-05-13,29126.12,61338080284,555266177877
2022-05-14,29310.73,71541696924,558053182541
2022-05-15,30189.33,25759546764,573777699744
2022-05-16,31319.31,22948123704,596346266889
2022-05-17,29923.61,28418179221,569801943005
2022-05-18,30502.19,24964703224,581272773176
2022-05-19,28772.20,26219431165,547927169401
2022-05-20,30382.41,29190056577,578678245848
2022-05-21,29256.81,25980877920,557201657281
2022-05-22,29491.51,13561006428,561696351559
2022-05-23,30351.05,17199930155,578090387085
2022-05-24,29163.17,26646754325,555459414424
2022-05-25,29655.03,23486436837,564885248022
2022-05-26,29584.95,23108764916,563577022958
2022-05-27,29346.78,31972044692,559066076344
2022-05-28,28646.65,31756305901,545752899522
2022-05-29,29088.24,15406515373,554938694217
2022-05-30,29492.50,14496111398,561771345709
2022-05-31,31740.94,34891305295,604926607441
2022-06-01,31865.75,29770567353,607393396319
2022-06-02,29833.45,35553330792,569001624438
2022-06-03,30481.01,24232399986,580863150152
2022-06-04,29714.14,21997859591,566275595800
2022-06-05,29872.36,12911383482,568340135127
2022-06-06,29917.76,13395229055,570209935092
2022-06-07,31372.58,27644798123,597966736177
2022-06-08,31265.47,36111325508,597205650753
2022-06-09,30229.24,27080284929,576238781341
2022-06-10,30101.19,18871591862,573819802895
2022-06-11,29101.30,25663085729,554622874799
2022-06-12,28374.14,22518366770,540789214974
2022-06-13,26767.27,29834061116,514202090511
2022-06-14,22525.77,64852526179,429492202561
2022-06-15,22244.85,47639470968,423044474597
2022-06-16,22529.20,52027211447,429887916885
2022-06-17,20408.69,27449277946,389181727346
2022-06-18,20473.05,24232922585,391441740414
2022-06-19,19047.42,38920632524,362303884192
2022-06-20,20516.41,32488136326,390555374757
2022-06-21,20636.76,28346447997,392793374516
2022-06-22,20700.92,25340643363,395059669321
2022-06-23,19983.57,24955466738,381616262301
2022-06-24,21100.27,23655104387,402495826231
2022-06-25,21262.71,21955656696,407086114490
2022-06-26,21525.88,16152442749,410110791491
2022-06-27,21052.81,15392697878,401645800330
2022-06-28,20751.48,17719011288,395914576106
2022-06-29,20282.54,18161209601,386606940573
2022-06-30,20108.53,20744333507,384067866466
2022-07-01,19608.40,22816515395,365984224323
2022-07-02,19407.45,28756781115,370916529919
2022-07-03,19268.23,15601715001,367706689138
2022-07-04,19310.23,13976969844,368549364135
2022-07-05,20257.01,18634860046,386425176263
2022-07-06,20188.78,23623270106,385301783066
2022-07-07,20566.69,21755499642,392479833071
2022-07-08,21660.60,21927087503,414055638574
2022-07-09,21858.82,46645398901,417690286505
2022-07-10,21589.63,26211587452,412459838738
2022-07-11,20859.81,25037950754,398249545889
2022-07-12,19998.47,21319467249,382000290322
2022-07-13,19350.74,22074971578,370191767291
2022-07-14,20225.24,28560004361,385462566549
2022-07-15,20574.84,28732413537,393104346703
2022-07-16,20794.81,46542248374,397285233066
2022-07-17,21193.08,42051101695,404705642581
2022-07-18,20824.36,29615794462,397660610561
2022-07-19,22395.37,58636734705,425756736661
2022-07-20,23366.91,57338223362,445889013251
2022-07-21,23313.30,40775718994,446130012150
2022-07-22,23155.21,63224249258,442379611364
2022-07-23,22696.90,40304373301,433485926857
2022-07-24,22506.20,42519262113,429803379588
2022-07-25,22613.72,33108916659,433819662322
2022-07-26,21330.30,42667548129,407480099600
2022-07-27,21235.61,53995620035,405692421502
2022-07-28,22908.88,54498281944,437193517022
2022-07-29,23822.07,55609627981,454806622615
2022-07-30,23847.58,41089335196,459609388580
2022-07-31,23653.46,62102072347,451726702392
2022-08-01,23379.70,31786729326,447051019373
2022-08-02,23333.75,44489771147,445958949620
2022-08-03,23053.85,35151096517,440954684721
2022-08-04,22860.42,41334593234,437035641450
2022-08-05,22678.36,23624874220,432420621056
2022-08-06,23225.04,27040190910,443821669890
2022-08-07,22984.58,14439694271,439414782173
2022-08-08,23197.60,14324042469,442979379284
2022-08-09,23823.68,27756736787,455450642522
2022-08-10,23203.68,29738069338,443382534835
2022-08-11,23948.83,32215976526,457270455537
2022-08-12,23948.75,33892871244,458070674128
2022-08-13,24411.38,25195193357,466765701335
2022-08-14,24433.65,22240559960,467078368769
2022-08-15,24312.54,21287616856,464896345363
2022-08-16,24179.01,33404812508,462437221425
2022-08-17,23913.33,24971300201,456791042838
2022-08-18,23359.42,29567403252,447015816173
2022-08-19,23248.38,20228208349,444845955425
2022-08-20,20945.83,35142410593,400810425581
2022-08-21,21175.23,23809679191,404924875534
2022-08-22,21615.76,20476237108,413578924866
2022-08-23,21387.75,28856912427,408409110510
2022-08-24,21562.45,29331102122,412338357271
2022-08-25,21395.46,26855905243,409503007623
2022-08-26,21618.01,26767966536,413843488596
2022-08-27,20271.32,34910727805,387215087167
2022-08-28,20069.95,24463219415,383790676114
2022-08-29,19659.25,19781826309,376180531071
2022-08-30,20308.86,28706315246,389119405471
2022-08-31,19805.35,30308993725,379555151405
2022-09-01,20023.55,27825786160,383348414529
2022-09-02,20153.98,25616737336,385027707311
2022-09-03,19941.45,24078042298,381788074512
2022-09-04,19814.56,20048153187,379422449024
2022-09-05,19980.01,21537524477,382421043401
2022-09-06,19785.73,23522961655,378685143698
2022-09-07,18859.50,39940310406,361210437264
2022-09-08,19280.63,30517907004,369340091983
2022-09-09,19322.78,28936941008,369723445425
2022-09-10,21359.58,42487059055,408976281845
2022-09-11,21707.39,35941349745,415974687298
2022-09-12,21739.80,31266252145,416073628622
2022-09-13,22339.67,44006486689,427473787888
2022-09-14,20184.97,46489890915,386529657259
2022-09-15,20255.92,35789015870,387486232250
2022-09-16,19702.17,33715957207,377719382182
2022-09-17,19764.41,30187737710,377988702162
2022-09-18,20131.68,23394494074,385486747327
2022-09-19,19437.16,28689764414,372598380208
2022-09-20,19570.39,39507938865,374524246937
2022-09-21,18869.93,33890591850,361980678159
2022-09-22,18539.64,41059997265,355194467886
2022-09-23,19464.32,37660914390,372075639498
2022-09-24,19291.90,35506139424,370913140448
2022-09-25,18939.97,24644354422,363168779956
2022-09-26,18809.41,21516374223,360256894978
2022-09-27,19219.73,42560193944,367613056759
2022-09-28,19116.33,52482615484,366383164264
2022-09-29,19444.79,47494258190,372892084645
2022-09-30,19563.77,37537716230,374830625220
2022-10-01,19476.93,37848666331,373222100681
2022-10-02,19314.46,15943514603,370204708063
2022-10-03,19065.15,17859684588,366195863791
2022-10-04,19620.57,26634227152,375767908259
2022-10-05,20345.40,30974520028,390177741507
2022-10-06,20161.83,29366342083,386368899196
2022-10-07,19949.05,31354758329,382505641462
2022-10-08,19457.31,25445042398,373170861484
2022-10-09,19418.04,12996183216,372391945609
2022-10-10,19448.15,14404623229,372264710552
2022-10-11,19142.69,23743487601,367207056773
2022-10-12,19058.63,25102717821,365118514776
2022-10-13,19153.04,22339104401,367301644901
2022-10-14,19383.94,37194496438,371647189087
2022-10-15,19198.11,34806651159,367584653731
2022-10-16,19072.78,13103099352,365870425567
2022-10-17,19272.92,15683330320,369552982161
2022-10-18,19557.90,23713928578,375052275830
2022-10-19,19348.03,25848175159,371196833239
2022-10-20,19134.24,23047051893,367085331988
2022-10-21,19031.16,25712511232,365098952755
2022-10-22,19173.28,30297335038,367999082249
2022-10-23,19203.87,13362526958,368484939424
2022-10-24,19574.82,19928822961,375197423662
2022-10-25,19316.94,28657172009,370622833881
2022-10-26,20095.15,39846253139,385476931984
2022-10-27,20774.25,50667020408,398674628647
2022-10-28,20278.37,41829789298,389238872376
2022-10-29,20591.24,36165609165,395201306735
2022-10-30,20800.71,32806216911,399135164712
2022-10-31,20623.87,24707906149,395548335410
2022-11-01,20494.60,37290619695,393311097044
2022-11-02,20489.65,32262771911,393218202888
2022-11-03,20162.98,44539856162,387015867490
2022-11-04,20210.91,36562782564,387756249892
2022-11-05,21150.32,33773463079,405987599945
2022-11-06,21282.99,31061573101,408892506459
2022-11-07,20907.00,50602704771,401869336200
2022-11-08,20597.76,91750982446,395168506455
2022-11-09,18562.35,92144963385,356871594632
2022-11-10,15742.44,74978675391,301963847694
2022-11-11,17594.92,65200666543,336597208100
2022-11-12,17080.22,45030331311,325921112619
2022-11-13,16797.99,21893997141,322330608513
2022-11-14,16344.34,20411619109,313605586517
2022-11-15,16645.83,37539226046,320598982525
2022-11-16,16890.53,28676275679,324608360619
2022-11-17,16689.40,26922027947,320099234744
2022-11-18,16718.36,22011291267,321287480850
2022-11-19,16707.02,20942172141,320876918352
2022-11-20,16712.73,10844466290,321151208474
2022-11-21,16304.08,15680401750,313370674122
2022-11-22,15814.34,31057277097,303834128504
2022-11-23,16171.63,25091849199,311463297390
2022-11-24,16608.01,26858079944,319494112507
2022-11-25,16596.04,20949512927,318949911015
2022-11-26,16524.45,18933018588,317919884011
2022-11-27,16456.16,18243019110,316206865320
2022-11-28,16459.15,16551822516,316487666895
2022-11-29,16222.21,24566056814,311810991501
2022-11-30,16441.98,24663035431,316170903326
2022-12-01,17186.50,30676053555,330763402607
2022-12-02,16972.73,23319572025,326141917293
2022-12-03,17084.87,20945433172,328178365692
2022-12-04,16923.38,16931408154,326498242603
2022-12-05,17149.93,18214353301,329544949094
2022-12-06,16973.37,23204017214,326635737516
2022-12-07,17085.64,21026126511,328108161817
2022-12-08,16851.30,21192130006,324178677957
2022-12-09,17235.01,22674029585,331389860356
2022-12-10,17149.82,23179829829,329756788299
2022-12-11,17125.36,14234368490,329283186565
2022-12-12,17101.04,15681124919,328868814165
2022-12-13,17179.60,21633829199,330715694645
2022-12-14,17784.16,28941242218,342102502915
2022-12-15,17808.72,27267536669,342692750075
2022-12-16,17338.36,22754686788,333854506371
2022-12-17,16623.76,22250411215,318992400742
2022-12-18,16806.49,15086383816,323096167354
2022-12-19,16742.82,11134054723,322740705485
2022-12-20,16422.56,17719672545,316270478164
2022-12-21,16899.33,24938219698,325120443530
2022-12-22,16816.85,16062767787,323127932459
2022-12-23,16824.79,17847826942,323519254393
2022-12-24,16791.46,16765392450,323013370317
2022-12-25,16848.57,10169853734,324072643386
2022-12-26,16842.18,12574453969,323868581953
2022-12-27,16900.08,12574997282,325036912915
2022-12-28,16701.84,17436062122,321351469137
2022-12-29,16538.91,19113614756,318288869205
2022-12-30,16644.38,15683731677,320297298176
2022-12-31,16604.02,17497327983,319722045805
2023-01-01,16540.69,12013247678,318278329992
2023-01-02,16615.97,9799252684,319832024055
2023-01-03,16674.34,13023861028,321486454934
2023-01-04,16677.65,15367167884,321080820418
2023-01-05,16855.17,20836560772,324397588037
2023-01-06,16832.10,14919039445,324138957221
2023-01-07,16960.23,19046576250,326571439012
2023-01-08,16950.86,9594456673,326371741274
2023-01-09,17074.62,11841041543,328470896861
2023-01-10,17194.91,25532751567,331158152699
2023-01-11,17436.90,21858206845,335743942932
2023-01-12,17996.83,25439279073,345688973387
2023-01-13,18866.81,48025109150,363381125083
2023-01-14,19941.78,39514419053,382675302196
2023-01-15,21019.21,49498711312,405209898132
2023-01-16,20853.23,23072133988,401697403587
2023-01-17,21175.34,34809391746,407760358639
2023-01-18,21156.78,33278841337,407405144843
2023-01-19,20726.84,40612056909,399349603616
2023-01-20,21081.67,29144534678,406258441952
2023-01-21,22705.83,41321936669,436724993652
2023-01-22,22771.02,44077026804,438578588179
2023-01-23,22736.66,34124364415,438060367560
2023-01-24,22984.87,36750647386,442926343073
2023-01-25,22610.01,35621897293,435679436196
2023-01-26,23180.42,42772537175,446715261349
2023-01-27,23024.75,37099702812,444005849172
2023-01-28,23082.86,36109035905,444898315874
2023-01-29,23022.23,19567219824,443702765526
2023-01-30,23797.46,38438621264,458368002026
2023-01-31,22840.39,38594596832,439295730927
2023-02-01,23137.32,32683643418,445991168199
2023-02-02,23725.16,37452064508,457383099383
2023-02-03,23539.68,44735297657,453565018923
2023-02-04,23451.58,41267040611,452312595756
2023-02-05,23340.35,21063097082,450197147855
2023-02-06,22946.29,26678691425,442933975659
2023-02-07,22786.48,33963650031,438726385719
2023-02-08,23294.91,38850594359,449391195299
2023-02-09,22947.51,34247782006,442518382692
2023-02-10,21820.89,51161546272,420790678628
2023-02-11,21630.13,42389972640,417351358181
2023-02-12,21889.43,23574706406,422107650474
2023-02-13,21779.87,25877166001,420218240428
2023-02-14,21807.83,36761909546,420838871939
2023-02-15,22220.07,45363697020,428649056118
2023-02-16,24307.88,44336284482,468820317787
2023-02-17,23756.91,48144978044,459293697175
2023-02-18,24628.82,54200707341,475194230168
2023-02-19,24642.79,24900444765,475529620772
2023-02-20,24284.48,33664683478,470798520570
2023-02-21,24786.67,38997046275,478236525470
2023-02-22,24417.39,41991954878,470623925511
2023-02-23,24146.10,40336608136,465998918250
2023-02-24,23951.11,42356618035,461042830140
2023-02-25,23172.29,35081974267,447316067422
2023-02-26,23157.04,22999909593,447030240436
2023-02-27,23541.12,24469102669,454284528652
2023-02-28,23518.12,28832423816,454364917719
2023-03-01,23155.54,25534054046,446010055988
2023-03-02,23634.33,32507897259,456417315967
2023-03-03,23464.34,27432755758,453067155321
2023-03-04,22367.43,34239649135,431727585101
2023-03-05,22348.33,13392431932,431837491811
2023-03-06,22421.89,16080097920,433081135066
2023-03-07,22415.11,21124920006,432758824798
2023-03-08,22217.21,27780357943,427994888567
2023-03-09,21712.65,28493032425,419694984165
2023-03-10,20376.32,40173833478,392841773384
2023-03-11,20195.23,51593890225,390202255053
2023-03-12,20521.56,37746654240,394742728282
2023-03-13,22095.71,36639901909,425816781284
2023-03-14,24178.96,66799159802,466509005563
2023-03-15,24758.77,70714394276,478406045310
2023-03-16,24470.88,63107437929,472833547484
2023-03-17,25161.27,60688056875,486375597563
2023-03-18,27466.68,64617615618,530038219067
2023-03-19,27107.79,46473651091,523262280970
2023-03-20,28186.84,46394763656,546680822196
2023-03-21,27929.17,55315948514,538935400013
2023-03-22,28264.24,34430928756,545917428270
2023-03-23,27449.25,35394833934,530515158754
2023-03-24,28459.74,20360807195,549578396179
2023-03-25,27595.49,21551272690,533634255119
2023-03-26,27670.20,15053754845,534960802333
2023-03-27,28048.47,14450374261,542675619059
2023-03-28,27182.30,18519053232,525230880103
2023-03-29,27291.35,17658503319,528042785009
2023-03-30,28395.00,21097595427,548808373530
2023-03-31,28041.12,22702531379,542369769760
2023-04-01,28516.78,19112345640,551707238560
2023-04-02,28498.94,10085380789,550949831049
2023-04-03,28236.51,11682876587,545181408318
2023-04-04,27815.43,19711493345,539350908802
2023-04-05,28175.33,14871614373,544313567953
2023-04-06,28197.20,16507617904,545409754929
2023-04-07,28042.98,13079528995,542601176317
2023-04-08,27934.44,10141276804,540432353743
2023-04-09,27968.13,8844199146,541094458101
2023-04-10,28351.24,11429030270,548568597244
2023-04-11,29657.97,17475381731,574059578670
2023-04-12,30260.94,18320296515,585359301945
2023-04-13,29904.14,18407698928,578850627448
2023-04-14,30405.03,16404033694,587939018759
2023-04-15,30468.41,20984067684,589051372433
2023-04-16,30312.16,11028264273,586969785778
2023-04-17,30304.81,11188035367,586268225588
2023-04-18,29467.46,16771824488,569958059901
2023-04-19,30365.90,18078539249,587730212231
2023-04-20,28833.22,24136616862,558796473891
2023-04-21,28255.58,21695904965,546141074655
2023-04-22,27300.16,20420333534,528357279464
2023-04-23,27861.64,11700230850,539454716830
2023-04-24,27606.58,11435645307,533753154140
2023-04-25,27511.64,16443099945,532290845182
2023-04-26,28351.22,17061823986,548359667399
2023-04-27,28352.19,30540034741,548638734338
2023-04-28,29483.52,26238597380,570258039119
2023-04-29,29339.99,18730801539,568153896405
2023-04-30,29217.94,9711415139,565714356651
2023-05-01,29362.06,14707008605,568513467268
2023-05-02,28125.50,19980169281,544421676291
2023-05-03,28654.39,17699097406,554886795898
2023-05-04,28988.32,19944381491,561312171795
2023-05-05,28846.46,12676760580,558634329303
2023-05-06,29520.32,4971523631,571520224183
2023-05-07,28887.74,6463808309,559078681903
2023-05-08,28611.44,10199066943,554373015262
2023-05-09,27696.76,21535578789,536032086472
2023-05-10,27607.39,8876813251,535037100027
2023-05-11,27639.73,17159331951,534937464539
2023-05-12,27024.77,7754296234,523414877659
2023-05-13,26787.69,9157286238,518816444751
2023-05-14,26798.13,8365379054,520426027097
2023-05-15,26911.81,6019488454,521319019335
2023-05-16,27227.79,14570026782,527655229434
2023-05-17,27022.71,12927093921,523965691859
2023-05-18,27389.97,12580626235,530762551513
2023-05-19,26842.95,12599487112,520544913836
2023-05-20,26884.37,11559136131,521153640363
2023-05-21,27093.79,3882362454,525040003344
2023-05-22,26773.83,8125825606,519171380714
2023-05-23,26869.69,8025716966,520821915714
2023-05-24,27222.94,11685763863,527528695689
2023-05-25,26338.95,17477200137,510987979871
2023-05-26,26475.61,11953749225,513295724356
2023-05-27,26717.99,10994037071,517973731438
2023-05-28,26848.24,6029471708,520461980942
2023-05-29,28110.31,13144599279,544879177079
2023-05-30,27759.75,13483205893,538430950370
2023-05-31,27713.91,12766436370,537414074117
2023-06-01,27245.47,10001106222,528464394083
2023-06-02,26824.10,12156086971,520271910707
2023-06-03,27247.74,15428145242,528508990069
2023-06-04,27066.37,6673279606,525209390396
2023-06-05,27315.45,6098045626,529630092281
2023-06-06,25792.62,21208433572,500593893699
2023-06-07,27216.62,22188018261,527295592028
2023-06-08,26346.24,14723854336,510979921091
2023-06-09,26507.91,10197924964,514279355772
2023-06-10,26469.58,10464066236,513226142603
2023-06-11,25858.12,9755626714,501653860264
2023-06-12,25916.58,10439993428,502683000962
2023-06-13,25910.36,9761691909,502562686069
2023-06-14,25872.21,9921875986,501752262682
2023-06-15,25107.75,11982737580,487262840555
2023-06-16,25564.60,15184095954,495788386559
2023-06-17,26327.33,13604025864,510906153488
2023-06-18,26501.04,9533422255,514331114458
2023-06-19,26333.09,8589379740,511384956033
2023-06-20,26779.39,6651894946,519667661979
2023-06-21,28330.89,19958565665,549330089184
2023-06-22,30101.76,23757254197,584070487997
2023-06-23,29935.63,19613389214,581473706979
2023-06-24,30629.24,22630955879,594588611688
2023-06-25,30537.82,11736119930,592912110032
2023-06-26,30454.76,12076819255,591387700082
2023-06-27,30285.51,16032184117,587134340344
2023-06-28,30693.55,14411853963,595427193050
2023-06-29,30083.48,8489428028,584187696961
2023-06-30,30466.61,12545425127,591688337869
2023-07-01,30480.78,21422361051,591722375246
2023-07-02,30583.62,4210431244,593625140903
2023-07-03,30571.89,7236318144,593627203722
2023-07-04,31134.71,14755008157,604507839820
2023-07-05,30775.62,12403890725,598449423994
2023-07-06,30484.79,10260132141,592386606697
2023-07-07,29990.06,21776707864,583429029204
2023-07-08,30315.27,13018507893,588811434764
2023-07-09,30264.20,5608541982,587678367158
2023-07-10,30169.87,7559670230,585883986681
2023-07-11,30394.28,12835219757,590311894649
2023-07-12,30620.81,11753418050,594749192359
2023-07-13,30407.42,13072555444,590629381261
2023-07-14,31446.01,21254274346,610725509599
2023-07-15,30311.83,21977151421,588107447250
2023-07-16,30297.97,6233916919,588642134564
2023-07-17,30237.33,8356410454,586391434734
2023-07-18,30147.86,10974383372,585500720965
2023-07-19,29848.03,13152758553,579708613538
2023-07-20,29919.87,8545620844,581327322357
2023-07-21,29787.04,11117456853,579308712612
2023-07-22,29914.68,8492627981,581397880391
2023-07-23,29710.16,6745541065,577068525402
2023-07-24,30057.96,7427606999,584296796267
2023-07-25,29184.90,15195244951,567051778656
2023-07-26,29222.97,7929844775,568019115129
2023-07-27,29363.67,13088677750,570531781625
2023-07-28,29200.24,9047649540,567708714252
2023-07-29,29314.10,7682754827,569952119667
2023-07-30,29356.75,4882536541,570804910033
2023-07-31,29277.76,7872881637,569135711633
2023-08-01,29233.14,6641808341,568333703606
2023-08-02,29537.11,15289922841,572408929758
2023-08-03,29146.64,19266318894,567074709354
2023-08-04,29176.15,12539132810,567940644790
2023-08-05,29087.94,12112869086,565073127340
2023-08-06,29046.80,5335308729,564970113458
2023-08-07,29044.20,5360283576,564947914083
2023-08-08,29178.15,13252185122,567529179866
2023-08-09,29779.56,14603570419,579214283624
2023-08-10,29585.49,14633310097,575535414817
2023-08-11,29423.82,8106253519,572414205818
2023-08-12,29396.85,4651950358,571976559046
2023-08-13,29412.14,3994297895,572257798804
2023-08-14,29284.97,4755220449,569687130447
2023-08-15,29400.59,12408355477,572242735188
2023-08-16,29170.49,11523395158,567498309103
2023-08-17,28754.20,14809979642,559982624303
2023-08-18,26501.59,29965585683,516026928369
2023-08-19,26042.84,18062351746,506815826636
2023-08-20,26104.78,3355038749,508087686823
2023-08-21,26160.70,8304370132,509078930366
2023-08-22,26119.01,9377753161,508491920831
2023-08-23,26033.68,13702941053,506356213378
2023-08-24,26450.01,14600566342,514955818082
2023-08-25,26134.93,11961319631,508906955118
2023-08-26,26044.04,2582213806,507007928705
2023-08-27,26002.02,3420999388,506086069152
2023-08-28,26082.72,4743752357,507835678907
2023-08-29,26109.27,9995933796,508350651766
2023-08-30,27730.50,29462388819,539045091002
2023-08-31,27297.26,16029914124,531729400483
2023-09-01,25927.42,20360682650,505403246528
2023-09-02,25812.33,15924588669,502687549097
2023-09-03,25853.66,8203515573,503679892455
2023-09-04,25959.60,8301138495,505513039061
2023-09-05,25829.36,6700578092,502409490054
2023-09-06,25784.41,7633735597,501979376928
2023-09-07,25752.96,12225427271,501615002105
2023-09-08,26192.33,4521997781,509837705629
2023-09-09,25907.23,8058794339,504533063388
2023-09-10,25889.33,404806433,504373920219
2023-09-11,25834.58,6603006234,503489661583
2023-09-12,25133.30,14859931201,489502952546
2023-09-13,25866.81,16825266473,503997883573
2023-09-14,26223.44,12975855576,510909474485
2023-09-15,26531.40,11739428177,516823786026
2023-09-16,26634.63,9768889420,518872387637
2023-09-17,26557.77,1224363672,517396850181
2023-09-18,26520.99,5791146184,516614128896
2023-09-19,26741.46,16477839825,521346975856
2023-09-20,27219.30,12615959842,530357673731
2023-09-21,27115.85,13497179077,529168513966
2023-09-22,26561.13,8169328791,517743774815
2023-09-23,26572.04,9968041759,518383856097
2023-09-24,26573.92,6583511186,517968304453
2023-09-25,26249.56,7226298595,511787693512
2023-09-26,26298.63,11974957450,512103393582
2023-09-27,26204.76,9786025048,511054250890
2023-09-28,26350.15,12889674588,513713645984
2023-09-29,27009.01,16683207555,526917684460
2023-09-30,26917.20,9059145545,524946724659
2023-10-01,26969.88,6295435108,525936342995
2023-10-02,27967.51,9358226524,545302108027
2023-10-03,27615.06,18127133424,538323470358
2023-10-04,27439.12,12676657038,535605771922
2023-10-05,27792.11,10876597601,541954661181
2023-10-06,27435.87,13376186563,534851643045
2023-10-07,27958.20,13817979025,545154869333
2023-10-08,27977.54,7226218925,545619681437
2023-10-09,27948.10,7141598447,544989660642
2023-10-10,27593.78,7640029989,538282690588
2023-10-11,27392.25,10151720984,535200388380
2023-10-12,26842.19,14608441296,523656381533
2023-10-13,26729.14,10867640259,521607675083
2023-10-14,26841.14,14344414896,523655619454
2023-10-15,26863.18,5543160607,523979202939
2023-10-16,27150.30,6604845643,529643463244
2023-10-17,28513.31,22792799562,555338775502
2023-10-18,28417.72,10403248077,555003134086
2023-10-19,28328.25,13461030458,553311088370
2023-10-20,28715.75,11193923144,559364043795
2023-10-21,29677.39,23561406298,579536788709
2023-10-22,29920.07,7452489477,583719549319
2023-10-23,30019.38,11330304246,583399133857
2023-10-24,32953.26,35558857925,641535355789
2023-10-25,33846.72,46464714676,660676033939
2023-10-26,34471.99,23840463173,673948847499
2023-10-27,34174.45,17712548550,667401630873
2023-10-28,33899.09,14148818690,662119938018
2023-10-29,34092.63,8431785275,665892923224
2023-10-30,34556.24,10359013389,674293769230
2023-10-31,34498.70,17075173424,673508057018
2023-11-01,34672.29,16419150929,676319525450
2023-11-02,35457.45,18642295525,692543794895
2023-11-03,34924.06,20690186422,681560028737
2023-11-04,34731.38,17254049537,677974451476
2023-11-05,35048.41,10001404423,685385094862
2023-11-06,35061.93,12796779678,684647430279
2023-11-07,35031.27,12717348150,683644463783
2023-11-08,35436.54,18582602380,691660755958
2023-11-09,35795.08,14717120833,699187515032
2023-11-10,36768.42,38190964507,717022051490
2023-11-11,37344.25,23152060053,730760729871
2023-11-12,37122.72,12033297220,720323851791
2023-11-13,37067.70,8831221164,725016899532
2023-11-14,36549.16,18041088204,714263437354
2023-11-15,35545.20,22330924588,694845286839
2023-11-16,37903.66,28479730068,739215831747
2023-11-17,36201.52,12023334732,707488742970
2023-11-18,36527.76,22683923624,714651953917
2023-11-19,36582.37,8877846889,715117663450
2023-11-20,37413.99,12599067948,732521837352
2023-11-21,37489.30,16005284775,732673492673
2023-11-22,35965.36,18891503535,702705880302
2023-11-23,37464.83,25245202377,732259726682
2023-11-24,37293.32,11956046627,728816537112
2023-11-25,37738.93,22996708652,737614054535
2023-11-26,37809.85,7505379785,739536714717
2023-11-27,37491.84,10229112671,733376783676
2023-11-28,37250.17,17979133248,728040168286
2023-11-29,37802.24,19715537241,738816928727
2023-11-30,37810.35,20964545195,740494537383
2023-12-01,37711.82,16566770728,737659515839
2023-12-02,38688.26,24470176252,756249390093
2023-12-03,39481.67,14892418344,771834682369
2023-12-04,39960.28,14107800649,782845232813
2023-12-05,41974.33,40273974905,820527379429
2023-12-06,44105.94,37740677040,863171503830
2023-12-07,43788.29,30306637688,857037901745
2023-12-08,43270.12,27712048105,848245522795
2023-12-09,44202.18,24726661393,863242780337
2023-12-10,43745.49,17074228506,855611272270
2023-12-11,43757.96,11865167562,856192504674
2023-12-12,41200.96,39734542164,806178244439
2023-12-13,41450.82,24919333991,812055172696
2023-12-14,42931.76,26301358636,840112594143
2023-12-15,43009.60,22978695605,841400560143
2023-12-16,41992.01,17134765249,821883086852
2023-12-17,42247.07,13524832238,825747211475
2023-12-18,41410.82,16536428696,810534011291
2023-12-19,42684.18,26473040427,834757901244
2023-12-20,42250.21,23402523668,827483345953
2023-12-21,43634.12,28334648886,854173854160
2023-12-22,43849.70,21948638203,858312140015
2023-12-23,44003.70,20833936535,861822676200
2023-12-24,43752.03,9872050976,856850313226
2023-12-25,43034.97,18313974070,845029028630
2023-12-26,43638.24,18744716867,854524607073
2023-12-27,42516.43,20477744540,832471600532
2023-12-28,43418.47,23244754807,849194163327
2023-12-29,42600.65,20336573644,836073458798
2023-12-30,42074.71,24832397519,822933961871
2023-12-31,42220.61,14727224645,826609156661
2024-01-01,42208.20,14183728910,827596236151
2024-01-02,44168.68,16958999498,863804922702
2024-01-03,44994.67,39089952716,878395004793
2024-01-04,42821.56,43146162598,838208392904
2024-01-05,44195.58,26123887043,866352960237
2024-01-06,44113.70,29364675804,863690851062
2024-01-07,43956.12,11841102132,861211168830
2024-01-08,43883.74,15144653805,856926317088
2024-01-09,46936.19,40821502384,919666641903
2024-01-10,46105.95,39887918406,902166917320
2024-01-11,46632.31,52030057181,915259343942
2024-01-12,46314.36,49198128806,909846384596
2024-01-13,42893.93,45913301456,838383512177
2024-01-14,42848.47,19424747840,839198740717
2024-01-15,41800.93,16968959097,822907066751
2024-01-16,42587.34,22634527324,835225973286
2024-01-17,43148.00,22023116042,845770850850
2024-01-18,42713.86,21299064875,836987995503
2024-01-19,41261.39,25160430945,808845819110
2024-01-20,41600.94,24407872955,815241536115
2024-01-21,41626.11,9533488489,817217622404
2024-01-22,41541.90,8032696834,814709364023
2024-01-23,39504.73,31202848830,775020895102
2024-01-24,39833.45,29683327703,779133357030
2024-01-25,40123.67,22217129215,786928905377
2024-01-26,39938.29,13376924613,783180536825
2024-01-27,41862.94,22681602409,820989861818
2024-01-28,42119.61,10694258830,826254540126
2024-01-29,42026.58,13669905345,824240091063
2024-01-30,43267.61,20680322267,849198976216
2024-01-31,42892.03,24526664209,839294111913
2024-02-01,42583.26,22197944957,835421372331
2024-02-02,43069.04,22443682769,844585195328
2024-02-03,43170.66,18624791426,846561992602
2024-02-04,42976.85,7779819312,842668526995
2024-02-05,42599.36,11250814654,835416357159
2024-02-06,42648.46,18682275992,836630860392
2024-02-07,43087.79,17131113853,845393687726
2024-02-08,44247.42,21200879625,868672050078
2024-02-09,45338.27,27709605139,890468166608
2024-02-10,47143.24,41993952311,925541926939
2024-02-11,47769.00,16461159742,938210772985
2024-02-12,48189.88,13196875461,945579645769
2024-02-13,50050.14,37684440687,981463410833
2024-02-14,49732.15,37331081151,974585308372
2024-02-15,51790.17,41805076940,1017596576730
2024-02-16,51958.23,31991869491,1020725811640
2024-02-17,52166.43,24850432118,1024019280535
2024-02-18,51684.52,19851884283,1015778284419
2024-02-19,52138.49,17025880431,1023586119011
2024-02-20,51764.31,22555121072,1016146442772
2024-02-21,52286.79,34499627551,1026424315286
2024-02-22,51842.76,30624246621,1018869881156
2024-02-23,51319.50,23733644209,1007314397269
2024-02-24,50841.08,22637679780,999139504636
2024-02-25,51553.10,15528276124,1012485917140
2024-02-26,51751.88,15455098216,1016549456019
2024-02-27,54478.19,35407941476,1071049856129
2024-02-28,57003.53,51983799587,1118963733317
2024-02-29,62558.58,87218855804,1225273849242
2024-03-01,61298.22,67692687247,1206725326872
2024-03-02,62426.64,36699193361,1227712629022
2024-03-03,62067.87,25198213831,1219383305484
2024-03-04,63053.11,27108369390,1236312176673
2024-03-05,68186.65,74551714626,1333913436699
2024-03-06,64291.54,96403762013,1264870242319
2024-03-07,66145.92,73151905042,1297845751760
2024-03-08,66944.88,48853892626,1317508010581
2024-03-09,68315.25,63346588227,1340971395885
2024-03-10,68508.00,21359706191,1346027264111
2024-03-11,69075.67,36660543917,1357390358032
2024-03-12,72130.55,66653067166,1417772589114
2024-03-13,71467.17,64599341551,1403692914139
2024-03-14,73097.77,51906601044,1436631290572
2024-03-15,71420.03,63073551322,1403843488135
2024-03-16,69497.76,81204427005,1367669237528
2024-03-17,65292.31,49265436013,1282404282863
2024-03-18,68425.42,47190980587,1344508983080
2024-03-19,67708.94,51101822567,1331771923948
2024-03-20,62132.52,80179417876,1223867418062
2024-03-21,67819.06,70836803715,1332594162508
2024-03-22,65535.98,48393664548,1287348061971
2024-03-23,63509.04,42436600224,1247366367469
2024-03-24,64285.80,25489933246,1264722355271
2024-03-25,67310.98,28098318940,1323456466318
2024-03-26,69938.95,44820310273,1371797489739
2024-03-27,70082.05,36257324509,1375728580463
2024-03-28,69435.75,41441040888,1360261687784
2024-03-29,70710.20,30455289338,1390869723348
2024-03-30,69919.06,25785951735,1374646886108
2024-03-31,69702.31,16408802302,1370247487960
2024-04-01,71246.95,19723005998,1401370211582
2024-04-02,69785.93,36040088989,1373784286061
2024-04-03,65440.42,45161133992,1288360536577
2024-04-04,66123.94,35559952962,1301670235624
2024-04-05,68542.18,37516850710,1348455954443
2024-04-06,67978.61,35132808696,1337452583876
2024-04-07,69000.65,19119438139,1358548956715
2024-04-08,69401.97,17935478429,1367272232852
2024-04-09,71624.18,33111949671,1410324678269
2024-04-10,69158.64,36488482039,1361830648709
2024-04-11,70527.89,38378062633,1387722485989
2024-04-12,70106.66,30118549150,1379324055321
2024-04-13,67252.11,43471949726,1321648247460
2024-04-14,64404.83,49214481480,1270009515097
2024-04-15,65752.66,40292911693,1293286386553
2024-04-16,63430.57,42796604938,1247928896841
2024-04-17,63720.50,42157169474,1253670904297
2024-04-18,61328.90,41123362076,1207185042484
2024-04-19,63461.59,35901618166,1249565911947
2024-04-20,63988.82,52227787324,1263308149914
2024-04-21,64894.42,16601830591,1277940837360
2024-04-22,64936.42,19592118541,1279763566407
2024-04-23,66841.67,27748586313,1317058642854
2024-04-24,66406.95,23232230785,1306843409278
2024-04-25,64279.52,30939903322,1265541377861
2024-04-26,64486.18,24705345526,1269387456068
2024-04-27,63802.33,23302057198,1255539337969
2024-04-28,63517.25,19190483386,1249495302303
2024-04-29,63030.43,16180294651,1240724751366
2024-04-30,63797.68,27242983698,1257159131219
2024-05-01,60749.47,39533113322,1197773959986
2024-05-02,58297.57,51109380172,1151677489315
2024-05-03,59135.17,28255509745,1164721402399
2024-05-04,62839.34,33591665812,1239817041555
2024-05-05,63820.45,20510614461,1257549583083
2024-05-06,64010.01,18115695040,1259667234461
2024-05-07,63172.48,17917770174,1244417948316
2024-05-08,62363.06,19925137721,1229336706399
2024-05-09,61215.50,20303831135,1203918522477
2024-05-10,63148.60,25837724248,1240910691254
2024-05-11,60888.22,23987518755,1199393711200
2024-05-12,60776.97,12120618802,1197102943502
2024-05-13,61507.05,13045696109,1211277523449
2024-05-14,62878.78,27740460084,1238994152713
2024-05-15,61569.11,21581895152,1212998352772
2024-05-16,66220.52,38101793065,1307048849176
2024-05-17,65260.88,29114585833,1286278919684
2024-05-18,67053.12,25397793919,1319238394090
2024-05-19,66912.62,13025487676,1319928522882
2024-05-20,66252.71,9072734600,1304727108598
2024-05-21,71430.30,35923476641,1406288649447
2024-05-22,70189.84,41105056578,1382275470798
2024-05-23,69181.20,31059440496,1362228629449
2024-05-24,67906.47,39235702119,1336347300306
2024-05-25,68539.92,28127411967,1350764328536
2024-05-26,69268.45,15929396750,1363997851295
2024-05-27,68508.83,11243743771,1349351520129
2024-05-28,69367.24,18983806932,1366931305389
2024-05-29,68316.64,31278122196,1347542673428
2024-05-30,67577.27,24320692138,1331734029835
2024-05-31,68372.49,25344376898,1346147846430
2024-06-01,67474.95,19685305476,1331606411823
2024-06-02,67704.33,10724053325,1333649555935
2024-06-03,67740.02,16137350588,1335930570690
2024-06-04,68808.29,29862293750,1355484820107
2024-06-05,70600.01,31561053725,1390853496950
2024-06-06,71184.60,32560403315,1400297735227
2024-06-07,70759.59,23612879690,1394881646978
2024-06-08,69325.36,18597495570,1366366925857
2024-06-09,69315.10,10688301508,1366065699664
2024-06-10,69654.16,10461044041,1372556186705
2024-06-11,69493.18,19335866774,1369378888544
2024-06-12,67329.15,38513044383,1327665028180
2024-06-13,68224.52,36027809551,1345244310607
2024-06-14,66700.32,29654777884,1317161415435
2024-06-15,66011.08,27966992833,1301949410096
2024-06-16,66190.49,13472726245,1304370314918
2024-06-17,66615.54,12650130204,1313849391757
2024-06-18,66460.39,29409728999,1309329377373
2024-06-19,65109.31,41386972050,1282295865979
2024-06-20,64907.07,21680698981,1278699763341
2024-06-21,64844.67,26001551475,1279317116821
2024-06-22,64071.62,24694310199,1263258746635
2024-06-23,64239.90,6340606686,1266336092891
2024-06-24,63221.36,10748270932,1248188877658
2024-06-25,60363.23,42036553107,1188964670369
2024-06-26,61770.41,21105562262,1217935012740
2024-06-27,60749.90,22908540919,1198205485428
2024-06-28,61562.65,18855138893,1213931985720
2024-06-29,60317.10,24399416695,1189569860171
2024-06-30,60864.44,11435110884,1199792912681
2024-07-01,62734.39,17373592048,1236676710888
2024-07-02,62819.82,25573074911,1238799172480
2024-07-03,62042.57,18100530102,1222901857941
2024-07-04,60244.68,30348692427,1186937170315
2024-07-05,57189.17,43112005395,1130121668991
2024-07-06,56739.86,60081357583,1118490666778
2024-07-07,58230.48,21293913671,1147176330416
2024-07-08,55880.38,20211914621,1100452083928
2024-07-09,56665.14,41614266908,1117615464652
2024-07-10,57988.30,28413854577,1144794688187
2024-07-11,57704.20,25987656347,1139350681823
2024-07-12,57388.19,29196653599,1130276546536
2024-07-13,57899.29,25504482306,1141567375406
2024-07-14,59152.72,16765547593,1168371787726
2024-07-15,60942.33,21295520564,1204059167829
2024-07-16,64835.49,37810068493,1277806993831
2024-07-17,65162.24,40914441633,1284899538175
2024-07-18,64136.31,33459451714,1266016458007
2024-07-19,63959.57,25976148879,1261456293182
2024-07-20,66689.55,36994610752,1316147398344
2024-07-21,67206.06,17353396168,1325658979468
2024-07-22,68088.14,27078771828,1343346742483
2024-07-23,67607.71,43157593652,1333201881092
2024-07-24,65942.42,36100536095,1300963591116
2024-07-25,65403.54,28680123270,1290447066028
2024-07-26,65749.96,35836896136,1297125144853
2024-07-27,67920.30,30821370069,1339927966899
2024-07-28,68055.41,30976752617,1342889431799
2024-07-29,68242.25,17175244020,1346263382370
2024-07-30,66770.32,42529043667,1317581413497
2024-07-31,66219.05,28892376511,1306758338818
2024-08-01,64679.78,31403681581,1275401473742
2024-08-02,65357.53,38911302448,1289157073528
2024-08-03,61407.30,39004321616,1211854070245
2024-08-04,60738.74,32885545024,1197962170719
2024-08-05,58006.21,33664501541,1147854905922
2024-08-06,53956.26,120245972389,1064889039014
2024-08-07,55959.84,52620100833,1104019419317
2024-08-08,55099.95,41605918903,1088566703585
2024-08-09,61859.03,49201548320,1218342891279
2024-08-10,60912.59,33804208928,1198300504959
2024-08-11,60887.71,13418919090,1201818989571
2024-08-12,58804.23,21715994493,1159146815398
2024-08-13,59350.07,39403296386,1171441797234
2024-08-14,60601.22,31955576195,1195798013191
2024-08-15,58739.19,28079911398,1159479277228
2024-08-16,57624.12,33490251842,1137141836826
2024-08-17,58881.93,30368238897,1162716063850
2024-08-18,59430.79,12467437134,1173270497431
2024-08-19,58438.29,17656027564,1156217205294
2024-08-20,59574.95,24031330179,1176063402362
2024-08-21,59060.13,31470716091,1166088863323
2024-08-22,61144.69,32960965011,1207099049403
2024-08-23,60387.54,28170302506,1192308382714
2024-08-24,64049.69,45038665759,1261916434075
2024-08-25,64157.16,22029153446,1264961887999
2024-08-26,64265.82,17875230147,1269291077270
2024-08-27,62922.59,17894692681,1242487823611
2024-08-28,59526.56,38131727428,1176762244308
2024-08-29,59015.30,42018989572,1166032395736
2024-08-30,59351.58,32563333957,1171762256044
2024-08-31,59156.25,44038496615,1168247205701
2024-09-01,58960.24,11399086336,1164278309271
2024-09-02,57357.72,25465621878,1133133027661
2024-09-03,59108.73,28012782291,1168410293916
2024-09-04,57504.54,26829983370,1137361604371
2024-09-05,57987.85,37550380697,1144983177152
2024-09-06,56132.40,30005773446,1109212553022
2024-09-07,53923.36,50260816557,1065462041081
2024-09-08,54150.94,17048448412,1068954727890
2024-09-09,54792.41,18644823662,1085390277574
2024-09-10,57049.12,35655419448,1126840069632
2024-09-11,57624.16,29676093302,1137928777839
2024-09-12,57381.76,37765652735,1134292554479
2024-09-13,58106.95,34177859933,1148469900814
2024-09-14,60620.63,31919740724,1197832322916
2024-09-15,60003.30,15800120841,1185255944125
2024-09-16,59214.80,17289597543,1169677517083
2024-09-17,58211.12,32196570894,1150499194410
2024-09-18,60317.03,34191170118,1191818552364
2024-09-19,61440.41,40445339415,1211837853549
2024-09-20,62966.53,41959080716,1243871590271
2024-09-21,63128.22,35587830477,1246475981189
2024-09-22,63403.40,12938083116,1254104417392
2024-09-23,63582.60,20349365413,1255899286380
2024-09-24,63327.03,23998847799,1251095079247
2024-09-25,64334.14,31490984594,1271183646357
2024-09-26,63151.90,26087643766,1245721254991
2024-09-27,65130.77,37995568904,1287151352433
2024-09-28,65791.00,32664917504,1299708226182
2024-09-29,65934.11,15342911003,1303217687718
2024-09-30,65663.69,12948707839,1297825615076
2024-10-01,63243.28,35124446789,1249577803402
2024-10-02,60872.67,54251488434,1202927109018
2024-10-03,60655.56,41870731292,1198652098493
2024-10-04,60727.86,37711138442,1200491237696
2024-10-05,62103.01,30349059839,1226663492771
2024-10-06,62091.93,11095453163,1226761949791
2024-10-07,62811.80,14592422861,1241834324868
2024-10-08,62287.39,33878876147,1231091696620
2024-10-09,62185.23,28626429277,1229717180592
2024-10-10,60597.15,28530748118,1197736450280
2024-10-11,60195.18,29481971886,1189691671375
2024-10-12,62392.34,32008659336,1233357176570
2024-10-13,63207.77,17665963646,1249002272717
2024-10-14,62829.53,16784552979,1241241970951
2024-10-15,66049.99,46553796134,1306085613998
2024-10-16,66962.22,51797932877,1323774576162
2024-10-17,67647.54,40640495380,1337304399195
2024-10-18,67328.11,34512072358,1330387728624
2024-10-19,68465.62,39984956633,1353541799303
2024-10-20,68388.87,14110889435,1351942347611
2024-10-21,68962.83,17253863433,1362381684460
2024-10-22,67394.86,40485496092,1332326858574
2024-10-23,67351.05,31398389967,1331426858508
2024-10-24,66683.97,32676918488,1318285437546
2024-10-25,68214.05,35892606570,1347888109011
2024-10-26,66585.67,48426924850,1313975091942
2024-10-27,67018.17,21169467790,1325192118637
2024-10-28,67938.55,16533385730,1343350549900
2024-10-29,69845.30,41990540385,1380874923096
2024-10-30,72781.11,65487782005,1439310420089
2024-10-31,72342.62,43498144314,1431085552900
2024-11-01,70265.00,45907074189,1390195908293
2024-11-02,69507.92,54863092261,1374687306837
2024-11-03,69299.16,14709379755,1370516856366
2024-11-04,68803.51,37659435507,1362302032218
2024-11-05,67793.30,46183110994,1340192510480
2024-11-06,69335.43,40025021601,1370963795353
2024-11-07,75620.89,128492534668,1496392703841
2024-11-08,75987.24,66590396087,1502620808928
2024-11-09,76550.02,50687468388,1514048743889
2024-11-10,76630.23,31430906056,1519470275068
2024-11-11,80466.72,93473126208,1590846468754
2024-11-12,88637.42,133959805309,1756619702929
2024-11-13,88264.60,152356811694,1741113172482
2024-11-14,90488.10,136046309844,1790737763695
2024-11-15,87407.51,99649391847,1726797438787
2024-11-16,90947.98,84382485698,1799276211922
2024-11-17,90606.45,49255174407,1790415769635
2024-11-18,89841.47,48556083102,1776887033230
2024-11-19,90534.62,77391724184,1790917617392
2024-11-20,92251.65,80493234958,1825195454019
2024-11-21,94217.02,80747272080,1862618759426
2024-11-22,98509.12,118163852022,1948284556982
2024-11-23,98927.49,85746174564,1958091000958
2024-11-24,97679.46,47414200207,1931255637662
2024-11-25,98015.94,50665680247,1939446484727
2024-11-26,93004.70,89476321216,1838788677874
2024-11-27,91931.83,97389239316,1819990514406
2024-11-28,95981.18,81469353260,1899088665519
2024-11-29,95661.60,49067932024,1892297852305
2024-11-30,97453.25,74670031636,1926826079390
2024-12-01,96513.14,43580019721,1910022814270
2024-12-02,97311.71,49147687433,1925808416478
2024-12-03,95833.14,101019861361,1896576914276
2024-12-04,96031.63,87935752288,1900922167493
2024-12-05,98881.47,98230784298,1957276192604
2024-12-06,97201.50,190460293532,1920742551504
2024-12-07,99973.85,115812632020,1978389972044
2024-12-08,99781.83,61061136200,1974739091621
2024-12-09,101235.37,62677764785,2003238967639
2024-12-10,97353.95,146846843212,1926047690158
2024-12-11,96649.71,125835977743,1913115778728
2024-12-12,101123.62,118484957961,2001746436339
2024-12-13,100000.81,100092043320,1979166149963
2024-12-14,101352.23,78802903279,2005406021236
2024-12-15,101367.01,57321924844,2007646386699
2024-12-16,104721.50,70645074625,2075487816560
2024-12-17,106074.11,115184737759,2097460193711
2024-12-18,106034.91,93417826250,2100629850065
2024-12-19,100355.58,113692025885,1985284833094
2024-12-20,97851.35,100611554887,1937022229972
2024-12-21,97691.43,112340864007,1932373308116
2024-12-22,97202.82,53058382639,1922768195068
2024-12-23,95094.27,44619017105,1884599149192
2024-12-24,94644.91,64937790293,1874912975787
2024-12-25,98695.71,49169088282,1951173788529
2024-12-26,99344.95,33963749856,1966481159354
2024-12-27,95678.31,45049342388,1894744251986
2024-12-28,94331.95,41498540808,1867708753555
2024-12-29,95184.62,22429850904,1885556552231
2024-12-30,93663.45,24065314500,1854872605739
2024-12-31,92627.28,57595164139,1833188187478
2025-01-01,93507.86,45327464908,1851839954625
2025-01-02,94384.18,23275007790,1869193319140
2025-01-03,96852.15,45157338603,1917905016064
2025-01-04,98084.34,35721645948,1942834829350
2025-01-05,98256.74,20979035421,1946611205641
2025-01-06,98364.59,20060293835,1948339898719
2025-01-07,102229.39,46111387334,2024825178620
2025-01-08,96952.10,60610257147,1919133187081
2025-01-09,95016.71,65790469838,1885313354914
2025-01-10,92376.28,65850881575,1832933628118
2025-01-11,94736.63,63433655717,1876836759923
2025-01-12,94559.55,17836423168,1874286243378
2025-01-13,94454.77,19608932596,1870314882307
2025-01-14,94456.35,76328330233,1870609367805
2025-01-15,96574.08,51241728229,1912603332624
2025-01-16,100313.15,57637319740,1986831430652
2025-01-17,100044.58,50150102497,1980935754458
2025-01-18,104160.69,69135117732,2063854663834
2025-01-19,104334.62,49416447749,2067151195362
2025-01-20,101275.34,72970313684,2014842808850
2025-01-21,101764.91,120158523167,2017837068202
2025-01-22,106182.24,95344290058,2098829000928
2025-01-23,103673.54,55030669603,2054288661794
2025-01-24,104067.61,102455227371,2062360759045
2025-01-25,104835.19,51418786363,2076156720643
2025-01-26,104796.04,22740744965,2077647817531
2025-01-27,102552.25,20639818380,2036324005947
2025-01-28,101958.47,93191643783,2019295541214
2025-01-29,101313.11,45780526814,2007072201508
2025-01-30,103718.98,47425401642,2056581551172
2025-01-31,104781.51,42122570869,2076760153261
2025-02-01,102382.39,37187819228,2028504133577
2025-02-02,100674.79,22827776122,1996423711262
2025-02-03,97568.32,59784234332,1933691439792
2025-02-04,101466.86,122163969235,2011121374512
2025-02-05,98118.44,73196693058,1943535291172
2025-02-06,96582.89,48848958932,1912584628590
2025-02-07,96635.42,44462180396,1915093756058
2025-02-08,96558.46,57077722340,1911296376425
2025-02-09,96558.24,20760850645,1914211835440
2025-02-10,96548.58,25457107581,1913068773356
2025-02-11,97399.98,37054987394,1930742951090
2025-02-12,95739.98,36454577155,1898788887978
2025-02-13,97836.19,47115618235,1936842454814
2025-02-14,96561.66,29084371911,1914315097486
2025-02-15,97488.48,32289906945,1931656846871
2025-02-16,97569.95,14215311318,1934308378710
2025-02-17,96149.35,13634794999,1905012222220
2025-02-18,95776.16,25324374113,1898997753782
2025-02-19,95495.89,38311133145,1892702154845
2025-02-20,96554.87,27703222487,1914337919660
2025-02-21,98384.32,24175261970,1950376106325
2025-02-22,96135.16,42477472951,1906058197506
2025-02-23,96564.15,18464415571,1915260330871
2025-02-24,96327.46,16643044375,1909625674815
2025-02-25,91396.77,45539703844,1814176779160
2025-02-26,88755.77,96742453403,1759750360550
2025-02-27,83900.11,69277430796,1664314955448
2025-02-28,84709.14,305190442157,1679555320077
2025-03-01,84441.90,80695237175,1674754437110
2025-03-02,86005.26,30634474723,1705564098301
2025-03-03,94261.53,61859112551,1868321705444
2025-03-04,86124.71,68715362745,1708198960874
2025-03-05,87310.81,65863356680,1731441668070
2025-03-06,90604.08,51606642860,1797706868228
2025-03-07,90001.40,47555759125,1782785866812
2025-03-08,86773.34,63216440875,1720436931689
2025-03-09,86142.98,18809360803,1708605516770
2025-03-10,80751.14,32013406241,1602073794580
2025-03-11,78783.94,49983692766,1563547150148
2025-03-12,82799.11,56404462275,1642997419532
2025-03-13,83884.25,41782186209,1662502658718
2025-03-14,81098.90,32583592655,1608477373718
2025-03-15,83971.71,28571483950,1665725559906
2025-03-16,84391.69,10761796127,1674173293916
2025-03-17,82610.62,21638031633,1638672153484
2025-03-18,84075.37,19659366247,1667799227887
2025-03-19,82780.03,24557570269,1642578274106
2025-03-20,86815.44,33871216993,1721565138141
2025-03-21,84270.84,27579127651,1672550706503
2025-03-22,84009.53,18091004976,1666749159154
2025-03-23,83793.31,7771134682,1662574363664
2025-03-24,85787.71,12617587531,1702009594329
2025-03-25,87327.73,27270889835,1732715331970
2025-03-26,87520.58,30351832943,1735368473904
2025-03-27,86960.86,25522877559,1724854479046
2025-03-28,87227.27,24620445368,1729729987159
2025-03-29,84359.47,31674486232,1673182800974
2025-03-30,82679.17,16837439420,1640665503855
2025-03-31,82356.38,13428975108,1633996304187
2025-04-01,82514.09,30326148750,1635076581047
2025-04-02,85237.59,29172899852,1690602036035
2025-04-03,82526.42,46332905658,1637358764747
2025-04-04,83163.99,36594464539,1652537223075
2025-04-05,83852.01,35647289400,1664234880198
2025-04-06,83595.89,14910400036,1656020067997
2025-04-07,78211.48,36140377232,1555325260787
2025-04-08,79179.29,82909748173,1581407565278
2025-04-09,76329.09,47812787635,1515042499757
2025-04-10,82622.17,87408220482,1640567909122
2025-04-11,79596.36,41213520154,1580023209138
2025-04-12,83439.29,39813566444,1655868880454
2025-04-13,85305.10,22428929482,1693600655371
2025-04-14,83600.82,28731125718,1658923208082
2025-04-15,84523.45,33155578229,1677843510120
2025-04-16,83656.49,25084671428,1660749023283
2025-04-17,84105.78,26948109142,1670497569762
2025-04-18,84930.91,19323821375,1686226810049
2025-04-19,84433.75,9550691273,1676373197915
2025-04-20,85126.66,12635983531,1690090596771
2025-04-21,85073.17,12625843856,1689008667806
2025-04-22,87452.05,40070025414,1735703747771
2025-04-23,93576.17,53841992235,1858587811718
2025-04-24,93605.45,39901515880,1858660302322
2025-04-25,93872.81,30031246761,1864298110563
2025-04-26,94773.11,39336184715,1882121595176
2025-04-27,94644.07,15445392740,1879131951239
2025-04-28,93809.34,15926259371,1862772247122
2025-04-29,95030.61,31913814737,1887067388174
2025-04-30,94256.36,25882629766,1870818389258
2025-05-01,94235.75,26541700309,1871350362569
2025-05-02,96426.95,30207566405,1914884389769
2025-05-03,96855.57,23276376191,1923251765866
2025-05-04,95922.87,13797554864,1904894886395
2025-05-05,94326.62,14903122946,1872812442453
2025-05-06,94758.82,24086456278,1882511286488
2025-05-07,96854.53,23348052607,1923643840815
2025-05-08,97026.49,64376174032,1927134557858
2025-05-09,103076.28,50020047721,2047883753853
2025-05-10,102962.54,40800894903,2045046445524
2025-05-11,104630.88,21558992540,2077132539531
2025-05-12,103994.06,27389436049,2065659960471
2025-05-13,102876.83,43090605819,2044347271866
2025-05-14,104184.49,33861432520,2069356072124
2025-05-15,103594.43,28398245847,2057798367293
2025-05-16,103708.85,31823340473,2060142559914
2025-05-17,103556.03,25887953182,2057725640290
2025-05-18,103212.36,18950056010,2050318521478
2025-05-19,106030.64,30744060180,2104889720873
2025-05-20,105629.42,43339734154,2098485415895
2025-05-21,106786.72,36393687094,2121778617274
2025-05-22,109665.86,60722883114,2178838967666
2025-05-23,111560.36,52218408239,2214712145787
2025-05-24,107216.67,49251745838,2131595896624
2025-05-25,107831.36,27128230117,2142540077685
2025-05-26,108861.81,29652659665,2163072841534
2025-05-27,109377.72,27950577138,2173059855839
2025-05-28,109068.46,38978783509,2167551887130
2025-05-29,107838.18,29794278037,2143342706888
2025-05-30,105745.42,38279231893,2101348752694
2025-05-31,104010.92,39680060338,2066830946978
2025-06-01,104687.51,20432694555,2080467809296
2025-06-02,105710.01,17721500508,2101178071591
2025-06-03,105884.74,26313843059,2104229403095
2025-06-04,105434.48,25925661121,2095294001281
2025-06-05,104812.92,25812143563,2083148839111
2025-06-06,101650.74,39711941132,2020294099992
2025-06-07,104409.75,29897390978,2075175500201
2025-06-08,105681.45,17749731309,2100553336903
2025-06-09,105692.25,16044679696,2100654769399
2025-06-10,110261.57,38222993298,2191877481231
2025-06-11,110212.73,36303839183,2189350055406
2025-06-12,108679.98,30338936632,2159529375274
2025-06-13,105979.23,35865159511,2107911943768
2025-06-14,106045.56,49471015506,2107973087548
2025-06-15,105482.91,17916412456,2097486541223
2025-06-16,105554.49,16568441853,2098499110553
2025-06-17,106951.27,32095957012,2127895470545
2025-06-18,104683.42,38603212011,2080968120977
2025-06-19,104722.70,30339326410,2081677732262
2025-06-20,104690.65,18063282658,2081355279873
2025-06-21,103290.11,30632751225,2054120245608
2025-06-22,101532.57,21644463199,2017415966696
2025-06-23,100852.58,51287142390,2005179769772
2025-06-24,105511.62,50011797129,2097741233587
2025-06-25,105976.07,31704641077,2107110352430
2025-06-26,107238.53,30468274982,2132141147369
2025-06-27,106984.01,24320699663,2127292099755
2025-06-28,107078.92,25194306262,2129020567386
2025-06-29,107331.59,8960877694,2134239999930
2025-06-30,108396.62,14881078675,2155183166490
2025-07-01,107132.80,22489515582,2130471589192
2025-07-02,105613.40,25033160828,2100087563078
2025-07-03,108824.44,36395184773,2163835371770
2025-07-04,109602.20,29892049538,2179664531220
2025-07-05,108040.89,24248906785,2148601712907
2025-07-06,108217.47,10042942281,2152344091390
2025-07-07,109215.20,14638669497,2171497503296
2025-07-08,108300.72,25493246476,2153777588647
2025-07-09,108953.19,20488865138,2167049398057
2025-07-10,111327.53,37078460441,2215210888568
2025-07-11,115879.65,56204086624,2303292357000
2025-07-12,117571.03,64185145924,2338612196962
2025-07-13,117418.96,24351256098,2335485977831
2025-07-14,119117.56,27310851455,2369050366836
2025-07-15,119833.67,68915956379,2383825813674
2025-07-16,117678.19,80299520980,2341223394840
2025-07-17,118748.16,50374263849,2363194640210
2025-07-18,119445.37,49282617206,2376237382764
2025-07-19,117988.95,58896449261,2347165317625
2025-07-20,117901.63,23934511126,2345398337786
2025-07-21,117256.92,36702153882,2333757287860
2025-07-22,117482.47,46344384345,2337365497467
2025-07-23,119955.80,58939000421,2387516761560
2025-07-24,118629.06,45225685168,2359931875301
2025-07-25,118354.44,51940414419,2354764508343
2025-07-26,117540.81,91617702596,2338855554999
2025-07-27,117959.54,25145925064,2346959472845
2025-07-28,119418.91,30220402191,2376524838793
2025-07-29,118003.30,43433742204,2349472897426
2025-07-30,117853.31,42860287144,2345126504020
2025-07-31,117833.24,43054424657,2343717963710
2025-08-01,115700.00,45238249453,2302199162425
2025-08-02,113234.61,65794680822,2253609880959
2025-08-03,112554.90,33543439044,2240413983638
2025-08-04,114199.11,24689273719,2272802075267
2025-08-05,115138.69,32488023583,2292395156144
2025-08-06,114128.35,37316213252,2271583255077
2025-08-07,115022.10,32052509631,2289295036529
2025-08-08,117463.47,38289687095,2337732858704
2025-08-09,116688.37,33017415813,2323026541073
2025-08-10,116510.08,27638785406,2318815857402
2025-08-11,119266.93,37157754755,2374097296838
2025-08-12,118773.80,61739781528,2364060561673
2025-08-13,120202.53,46941089790,2392854421746
2025-08-14,123560.99,61818118106,2458895200753
2025-08-15,118405.60,73822008368,2360043737045
2025-08-16,117339.79,44268714220,2335290383260
2025-08-17,117501.22,23202714237,2339465736068
2025-08-18,117542.84,20906566027,2340648324182
2025-08-19,116256.41,47337926941,2313556987528
2025-08-20,112778.34,46156885037,2245419916216
2025-08-21,114252.40,42166369117,2274471285844
2025-08-22,112414.40,32048202091,2238121481750
2025-08-23,116834.25,50878158871,2326174803321
2025-08-24,115359.98,27306719885,2296786080140
2025-08-25,113399.55,40682656777,2259663171125
2025-08-26,110185.35,52854872364,2194453712376
2025-08-27,111842.71,43023800053,2227025695776
2025-08-28,111216.08,36957904263,2215255294290
2025-08-29,112525.60,34222495087,2239422945687
2025-08-30,108480.31,51702115726,2160278651486
2025-08-31,108781.96,27799981331,2166165747945
2025-09-01,108253.36,26140904019,2155694976690
2025-09-02,109162.69,42999610648,2174100506466
2025-09-03,111190.18,50235464643,2212595221503
2025-09-04,111711.52,36406080683,2225365905592
2025-09-05,110724.74,38708366685,2204051936301
2025-09-06,110662.18,56020470627,2204045604631
2025-09-07,110209.19,19340758702,2195288669200
2025-09-08,111131.99,22147049159,2213764479139
2025-09-09,112025.13,37159847900,2231763512227
2025-09-10,111547.44,45338021458,2222026777598
2025-09-11,113975.32,52205187155,2270241314653
2025-09-12,115503.17,43752917633,2299764311656
2025-09-13,116160.14,51192951486,2314347371940
2025-09-14,115970.58,30063858748,2310166037871
2025-09-15,115373.56,26889399415,2297459118244
2025-09-16,115397.25,46947581231,2297977599505
2025-09-17,116762.85,39964451595,2325326932461
2025-09-18,116455.95,54740952295,2321583680139
2025-09-19,117145.50,43642467075,2333705338232
2025-09-20,115655.81,34296721252,2303469041669
2025-09-21,115715.52,18774953731,2305371926506
2025-09-22,115304.48,18659113983,2297332085238
2025-09-23,112696.74,69152342029,2245929069311
2025-09-24,112022.17,46154878824,2232693472657
2025-09-25,113320.57,46677543220,2257741194219
2025-09-26,108963.53,74481796351,2171950311711
2025-09-27,109710.21,55257214021,2185866776172
2025-09-28,109654.81,23294896964,2185203231301
2025-09-29,112142.57,31274654339,2235798877396
2025-09-30,114309.15,57833295883,2278362523594
2025-10-01,114024.23,57718901821,2272137555069
2025-10-02,118503.24,69920179085,2359569556068
2025-10-03,120611.72,71252850673,2399524207992
2025-10-04,122250.15,83155430409,2436956902845
2025-10-05,122380.94,35161626562,2438832157553
2025-10-06,123506.19,72011486031,2461221856764
2025-10-07,124773.51,69605991065,2486073086655
2025-10-08,121518.76,76087884720,2421938444026
2025-10-09,123352.50,62576032795,2459003621170
2025-10-10,121698.03,72097306669,2423288659157
2025-10-11,113201.74,151002213090,2265659827790
2025-10-12,110853.12,108643865752,2211404015103
2025-10-13,115189.57,93857100744,2294724465037
2025-10-14,115222.28,68935270367,2296863527018
2025-10-15,113156.57,91211854989,2257545230986
2025-10-16,110708.67,68877328886,2207742082237
2025-10-17,108076.73,84773160808,2154964541836
2025-10-18,106443.61,94325236795,2123017949517
2025-10-19,107156.00,34412835720,2135575517406
2025-10-20,108621.13,45373692612,2165367850075
2025-10-21,110608.57,60452111148,2205571381113
2025-10-22,108486.10,105841401713,2162410619418
2025-10-23,107618.43,83996418126,2145773248655
2025-10-24,110048.52,56192643014,2193901841034
2025-10-25,110997.80,49120903424,2213306367537
2025-10-26,111620.31,23214874411,2224861052775
2025-10-27,114476.01,42483268634,2283691326423
2025-10-28,114182.79,63764801511,2276235094682
2025-10-29,112950.35,66299512352,2254003248725
2025-10-30,110046.67,64235327509,2194746293755
2025-10-31,108240.77,72648897660,2157803742876
2025-11-01,109573.91,58800487941,2185193896779
2025-11-02,110014.14,24938475578,2194075979770
2025-11-03,110650.21,35098774844,2201849942058
2025-11-04,106521.09,75068433318,2123664079962
2025-11-05,101635.27,108965721651,2026091188341
2025-11-06,103877.96,77083907217,2073000557934
2025-11-07,101322.64,64118217250,2019147576692
2025-11-08,103396.08,93627003785,2063021740892
2025-11-09,102290.14,51095924202,2039995976869
2025-11-10,104709.68,59952468438,2086419359800
2025-11-11,105909.07,67546556820,2112747067952
2025-11-12,102960.78,71008299179,2053215927641
2025-11-13,101521.71,63332414143,2025837265460
2025-11-14,99730.45,100463341916,1996168972712
2025-11-15,94456.39,113198323665,1891799949910
2025-11-16,95508.31,39062120798,1905234340632
2025-11-17,94411.33,72645149973,1883240679703
2025-11-18,92036.73,95794596045,1835458818946
2025-11-19,92819.76,103837258806,1851234710247
2025-11-20,91363.28,82897875507,1820062799702
2025-11-21,86649.97,99171039191,1731258563683
2025-11-22,85051.80,135093457122,1697723941246
2025-11-23,84682.62,42644968955,1690556523056
2025-11-24,86783.85,60446592409,1732233225777
2025-11-25,88229.36,77606296173,1761564072532
2025-11-26,87310.33,67956444142,1742162762886
2025-11-27,90474.23,69690430588,1806439309545
2025-11-28,91279.06,59295194348,1821778517480
2025-11-29,90950.38,62833195067,1814919896425
2025-11-30,90841.45,39253888202,1812771321411
2025-12-01,90406.28,40334819410,1807818977105
2025-12-02,86281.50,92988982967,1723547230445
2025-12-03,91344.73,83138039129,1824843161126
2025-12-04,93619.44,81429135005,1868050658598
2025-12-05,92140.70,67878296355,1839369557446
2025-12-06,89307.09,50193142877,1782798987370
2025-12-07,89244.76,24818678153,1781194798200
2025-12-08,90162.91,33912893267,1799656690089
2025-12-09,90618.05,45466493941,1808394676577
2025-12-10,92723.21,54575121854,1852116289106
2025-12-11,92005.14,52189659396,1837321739747
2025-12-12,92494.18,53232377699,1848922166366
2025-12-13,90307.26,67750393559,1803244893515
2025-12-14,90257.43,35222775785,1801496999572
2025-12-15,88230.77,33808538697,1761380944797
2025-12-16,86413.92,50630498834,1724624039059
2025-12-17,87821.89,48317754255,1751373602588
2025-12-18,86064.95,48886793508,1718491930389
2025-12-19,85450.33,58649139179,1704341132954
2025-12-20,88103.86,51932451057,1759398134897
2025-12-21,88347.94,17103607835,1762805314680
2025-12-22,88577.42,22541294542,1768920028842
2025-12-23,88491.12,41948947368,1767081210843
2025-12-24,87406.44,46353794742,1745209464474
2025-12-25,87642.61,29100645180,1749379166231
2025-12-26,87229.78,22773603342,1741491085116
2025-12-27,87305.96,47130449136,1743187621561
2025-12-28,87807.00,15670944600,1753375412209
2025-12-29,87822.91,17428479525,1753595375313
2025-12-30,87156.56,53957962808,1739794323452
2025-12-31,88414.63,39734225800,1765833387996
2026-01-01,87520.18,37245075349,1747837206254
2026-01-02,88727.67,21163124465,1771365149347
2026-01-03,89926.28,50705395176,1795890115525
2026-01-04,90593.85,23480735293,1809211438369
2026-01-05,91373.22,31050236623,1824986876689
2026-01-06,93926.80,59451605755,1876558232963
2026-01-07,93666.86,57439451726,1870043996457
2026-01-08,91257.16,47910812257,1822220317807
2026-01-09,90983.52,48319133568,1817249307661
2026-01-10,90504.90,43664879516,1807784901284
2026-01-11,90442.02,13961660357,1806483854866
2026-01-12,90819.37,19870776214,1814078415941
2026-01-13,91134.97,46923085428,1820530763451
2026-01-14,95260.44,66844465447,1902289955573
2026-01-15,97007.78,68433627981,1938292963238
2026-01-16,95584.83,59629891835,1909227332523
2026-01-17,95516.08,37208122952,1907673016263
2026-01-18,95099.53,17839431205,1899912876486
2026-01-19,93752.71,23132534226,1874976961281
2026-01-20,92558.46,43338958369,1849232162887
2026-01-21,88312.84,60578606229,1764030499464
2026-01-22,89354.34,62357735673,1785123532735
2026-01-23,89443.40,39301750756,1787014846081
2026-01-24,89412.40,43393369571,1786292506432
2026-01-25,89170.87,16537403155,1781979789713
2026-01-26,86548.32,39912523619,1731460015137
2026-01-27,88307.86,50644433647,1764540020524
2026-01-28,89204.22,43778458931,1782508769730
2026-01-29,89162.10,45893249753,1781310220302
2026-01-30,84570.41,70962598615,1689639802554
2026-01-31,84141.78,79515463846,1680807873674
2026-02-01,78725.86,78488542273,1573735495563
2026-02-02,76937.06,58330740752,1537520318474
2026-02-03,78767.66,84675130405,1573216672022
2026-02-04,75638.96,73734215653,1512165605444
2026-02-05,73172.29,74109194166,1463518712915
2026-02-06,62853.69,142403234254,1262033077145
2026-02-07,70523.95,128662818794,1410203662656
2026-02-08,69296.81,68978204828,1385532837702
2026-02-09,70542.37,42782981464,1411671712614
2026-02-10,70096.41,56115089203,1400898153464
2026-02-11,68779.91,43014177104,1374149240710
2026-02-12,66937.58,54917156057,1337566230010
2026-02-13,66184.58,47600564766,1322855090693
2026-02-14,68838.87,43307347077,1376029371467
2026-02-15,69765.60,38886730357,1395185595833
2026-02-16,68716.58,44139541277,1373546624940
2026-02-17,68907.78,36789211961,1377439978227
2026-02-18,67489.46,38338996657,1349284955302
2026-02-19,66456.35,36348385076,1327723958117
2026-02-20,66918.68,34180839195,1338094580096
2026-02-21,67970.29,53528257485,1358591334157
2026-02-22,67977.91,20679811587,1359065859647
2026-02-23,67585.12,20354767532,1350654423262
2026-02-24,64577.55,56724400503,1291178509393
2026-02-25,64074.11,44864477921,1281148417170
2026-02-26,67947.39,54747624391,1358175414543
2026-02-27,67469.06,45543276395,1348944333913
2026-02-28,65883.99,43031961580,1317715385673
2026-03-01,67008.45,46319353202,1340289147461
2026-03-02,65713.50,43467491554,1314048555376
2026-03-03,68864.04,60995565405,1377737947310
2026-03-04,68321.62,52704039830,1367228918357
2026-03-05,72669.77,81081561358,1453089991036
2026-03-06,70874.99,55313274476,1417652016603
2026-03-07,68148.28,46427994894,1364073902598
2026-03-08,67271.19,24588849466,1345067153653
2026-03-09,66036.16,35845854761,1321622467265
2026-03-10,68459.32,52419546997,1369955697970
2026-03-11,69883.01,57031319360,1397516391203
2026-03-12,70226.82,48188681301,1405229147519
2026-03-13,70544.43,43093376170,1411413242208
2026-03-14,70965.28,62328257622,1419133420992
2026-03-15,71217.10,23763781398,1424666372556
2026-03-16,72681.91,29137209888,1453818980888
2026-03-17,74858.15,56424669616,1496606935787
2026-03-18,73926.28,47796151710,1479034380092
2026-03-19,71255.86,46235388353,1425248408811
2026-03-20,69871.45,46069506173,1397132369158
2026-03-21,70552.63,39288514956,1411553294477
2026-03-22,68733.55,22788052216,1381324607062
2026-03-23,67848.88,30380203637,1357220326651
2026-03-24,70892.83,52502731112,1417921177640
2026-03-25,70524.51,40395077211,1410852097506
2026-03-26,71309.26,36566429239,1426722276575
2026-03-27,68791.11,52234708976,1375963897396
2026-03-28,66321.02,48874426380,1326110397918
2026-03-29,66321.07,23637115349,1326978316239
2026-03-30,65970.43,25095464002,1320068534523
2026-03-31,66699.27,37098483335,1334537611576
2026-04-01,68231.83,56210727882,1364706648348
2026-04-02,68089.06,46822039843,1362124061745
2026-04-03,66891.66,47198627199,1338643103491
2026-04-04,66939.69,26755680224,1339404819038
2026-04-05,67304.25,21516550337,1346790078681
2026-04-06,68985.53,26416194025,1380583534920
2026-04-07,68864.23,45398732028,1378430433268
2026-04-08,71975.62,54821363018,1439691204997
2026-04-09,71117.08,42583999504,1423286125224
2026-04-10,71770.75,39293023567,1436399827131
2026-04-11,72972.71,38358391004,1460609915845
2026-04-12,73053.89,23868132455,1462802384989
2026-04-13,70756.75,30101377741,1415861769818
2026-04-14,74514.63,53329034805,1491650187281
2026-04-15,74181.11,57684799835,1484804385765
2026-04-16,74833.51,33592871495,1497468161199
2026-04-17,75149.19,44500754087,1503597305334
2026-04-18,77128.44,64762179077,1543927908120
2026-04-19,75728.46,66292316931,1515912560791
2026-04-20,73856.06,62221359442,1478753744437
2026-04-21,75874.55,48152404106,1518784350281
2026-04-22,76350.25,41231756234,1528459815743
2026-04-23,78194.78,49815267208,1566077005144
2026-04-24,78260.62,41704798845,1566737928291
2026-04-25,77444.80,33584952478,1550504073874
2026-04-26,77619.14,17276677149,1553988530841
2026-04-27,78645.13,22944408007,1575064891879
2026-04-28,77361.30,39453767786,1549702864532
2026-04-29,76345.23,32683167167,1528431321586
2026-04-30,75774.89,42528290002,1517194764796
2026-05-01,76286.58,31717874197,1528163519736
2026-05-02,78172.07,39070393405,1564746221568
2026-05-03,78655.35,18618912382,1574625317385
2026-05-04,78562.55,21884574780,1573067635503
2026-05-05,79823.89,55780483402,1598023587523
2026-05-06,80925.09,41115413344,1620550900863
2026-05-07,81425.00,41133090711,1630523861202
2026-05-08,80022.04,38385751842,1602537556661
2026-05-09,80189.07,34583448281,1605561829781
2026-05-10,80678.03,18921531898,1615753832504
2026-05-11,82145.66,28066045740,1644787760960
2026-05-12,81725.21,33905980449,1636812805155
2026-05-13,80480.89,33067066162,1611919136784
2026-05-14,79277.80,44896912206,1587717799782
2026-05-15,81051.98,44287881795,1623427124965
2026-05-16,79068.82,38052335522,1583853006823
2026-05-17,78135.01,26082683404,1565271173826
2026-05-18,77425.72,22985134432,1547173050294
2026-05-19,76952.21,43600665900,1541450290438
2026-05-20,76808.81,28896388946,1538679326205
2026-05-21,77459.94,28637186323,1551690153642
2026-05-22,77546.34,29075253047,1554827670332
2026-05-23,75482.52,30314018357,1512164902010
2026-05-24,76672.79,33021471676,1536316423811
2026-05-25,76988.16,23346751408,1542380599548
2026-05-26,77274.4,21579710482,1547932919218
2026-05-27,75824.06,39159693387,1519006468647
2026-05-28,74352.7,36456563334,1489192939341
2026-05-29,73539.84,39482623576,1473190543991
2026-05-30,73382.72,35500171846,1470438487484
2026-05-31,73751.07,18041892698,1477685075481
2026-06-01,73593.37,16753747818,1474566905230
2026-06-02,71360.33,51807946724,1430970894389
2026-06-03,66649.86,66210108956,1335527869867
2026-06-04,64021.89,47109696433,1282892747601
2026-06-05,63796.25,65428213201,1277535354121
2026-06-06,60921.79,74296044994,1221126222047
2026-06-07,60861.88,31865516854,1219858358359
2026-06-08,63254.57,37684637505,1266954887605
2026-06-09,63078.44,34027346085,1263134225700
2026-06-10,61658.31,40990944564,1235553329907
2026-06-11,61492.51,27715292454,1231789348363
2026-06-12,63552.3,30075017169,1273718877820
2026-06-13,63537.74,28141339067,1273276135244
2026-06-14,64377.58,17522802429,1290225515375
2026-06-15,65713.62,22887575559,1317085172262
2026-06-16,66300.96,33915183708,1328696238979
2026-06-17,65598.94,25567698997,1314781494836
2026-06-18,64422.57,32345181752,1291258235600
2026-06-19,62900.23,31279738052,1260907043905
2026-06-20,63513.66,23172898934,1268758066935
2026-06-21,64240.23,17171401473,1287768457406
2026-06-22,63231.87,16735692356,1267530073395
2026-06-23,63957.2,26433062359,1282343470084
2026-06-24,62651.93,29785354920,1256025968759
2026-06-25,60909.0,43197491543,1220207438492
2026-06-26,59712.62,40411370315,1197252258228
2026-06-27,59981.83,39391565257,1202615550275
2026-06-28,59943.11,15714909474,1201807514775
2026-06-29,59612.29,16805740158,1195265179758
2026-06-30,60159.63,31395384175,1206445488078
2026-07-01,58550.75,32002232960,1174078264197
2026-07-02,59979.9,38794170476,1203067263000
2026-07-03,61487.3,39471243076,1232917246447
2026-07-04,62537.44,26040911211,1253971325074
2026-07-05,63094.24,19052046395,1265163108868
2026-07-06,63546.43,18562833785,1274101034947
2026-07-07,64072.3,36720711337,1284575087506
