date,open_price_usd,close_price_usd,adj_close_price_usd,total_volume_usd
2013-04-29,60.0800,61.4400,52.8400,640326400.0
2013-04-30,62.1600,63.2400,54.4000,691538400.0
2013-05-01,63.4800,62.7600,54.0000,506909200.0
2013-05-02,63.1200,63.6400,54.7600,421828400.0
2013-05-03,64.4800,64.2800,55.2800,361300800.0
2013-05-06,65.1200,65.8000,56.6000,496641600.0
2013-05-07,66.4400,65.5200,56.3600,483753200.0
2013-05-08,65.5600,66.2800,57.0000,472598000.0
2013-05-09,65.6800,65.2400,56.5200,398487600.0
2013-05-10,65.4400,64.7200,56.0400,334852000.0
2013-05-13,64.5200,64.9600,56.2400,316948800.0
2013-05-14,64.8400,63.4000,54.9200,447118000.0
2013-05-15,62.7200,61.2800,53.0400,741613600.0
2013-05-16,60.4800,62.0800,53.7600,603204000.0
2013-05-17,62.7200,61.8800,53.6000,427904400.0
2013-05-20,61.7200,63.2800,54.8000,451578400.0
2013-05-21,62.6000,62.8000,54.4000,456022000.0
2013-05-22,63.4400,63.0400,54.6000,443038400.0
2013-05-23,62.2800,63.1600,54.6800,353021200.0
2013-05-24,62.9600,63.6000,55.0800,276166800.0
2013-05-28,64.2800,63.0800,54.6000,386145200.0
2013-05-29,62.8400,63.5600,55.0400,330576400.0
2013-05-30,63.6800,64.5200,55.8400,353519600.0
2013-05-31,64.6400,64.2400,55.6400,384302800.0
2013-06-03,64.4000,64.4000,55.7600,372352400.0
2013-06-04,64.7600,64.2000,55.5600,292728800.0
2013-06-05,63.6800,63.6000,55.0400,290589600.0
2013-06-06,63.6400,62.6400,54.2400,416934000.0
2013-06-07,62.3600,63.1200,54.6400,404535600.0
2013-06-10,63.5200,62.6800,54.2800,450153200.0
2013-06-11,62.2400,62.5200,54.1200,286112400.0
2013-06-12,62.8000,61.7600,53.4800,265227200.0
2013-06-13,61.8000,62.2800,53.9200,285832400.0
2013-06-14,62.2000,61.4400,53.2000,271866000.0
2013-06-17,61.6400,61.7200,53.4400,259414400.0
2013-06-18,61.6400,61.6800,53.4000,195025600.0
2013-06-19,61.6400,60.4400,52.3200,310940000.0
2013-06-20,59.9200,59.5600,51.5600,357310800.0
2013-06-21,59.8000,59.0800,51.1600,481118400.0
2013-06-24,58.2000,57.5200,49.8000,480746000.0
2013-06-25,57.9600,57.5200,49.8000,314162800.0
2013-06-26,57.7200,56.8800,49.2400,367724000.0
2013-06-27,57.0400,56.2400,48.7200,337246000.0
2013-06-28,55.9200,56.6400,49.0400,578516400.0
2013-07-01,57.5200,58.4400,50.6000,391053600.0
2013-07-02,58.5600,59.8000,51.7600,469865200.0
2013-07-03,60.1200,60.1200,52.0400,240928800.0
2013-07-05,60.0400,59.6400,51.6400,274024800.0
2013-07-08,60.0000,59.2800,51.3600,298138400.0
2013-07-09,59.0800,60.3200,52.2400,352584400.0
2013-07-10,59.9600,60.1200,52.0400,281405600.0
2013-07-11,60.4400,61.0400,52.8400,326292400.0
2013-07-12,61.0800,60.9200,52.7600,279563200.0
2013-07-15,60.7200,61.0800,52.8800,241917200.0
2013-07-16,60.9200,61.4400,53.2000,216538000.0
2013-07-17,61.4000,61.4800,53.2400,198990400.0
2013-07-18,61.9200,61.6800,53.4000,218878800.0
2013-07-19,61.8800,60.7200,52.5600,268721600.0
2013-07-22,61.3600,60.9200,52.7200,207796400.0
2013-07-23,60.8400,59.8400,51.8400,369395600.0
2013-07-24,62.7200,62.9200,54.4800,591936800.0
2013-07-25,62.9600,62.6400,54.2400,229493600.0
2013-07-26,62.2000,63.0000,54.5600,200152400.0
2013-07-29,62.9600,63.9600,55.4000,248057600.0
2013-07-30,64.2800,64.7600,56.0800,309422400.0
2013-07-31,65.0000,64.6400,55.9600,322957600.0
2013-08-01,65.1200,65.2400,56.4800,206250800.0
2013-08-02,65.4400,66.0800,57.2000,274783600.0
2013-08-05,66.4000,67.0800,58.0800,318855600.0
2013-08-06,66.8800,66.4800,57.5600,334857600.0
2013-08-07,66.2400,66.4400,57.5200,298858000.0
2013-08-08,66.2800,65.8400,57.4000,255777200.0
2013-08-09,65.5200,64.9200,56.6000,266865200.0
2013-08-12,65.2800,66.7600,58.2000,364434000.0
2013-08-13,67.2800,69.9200,60.9600,881941200.0
2013-08-14,71.1200,71.2000,62.0800,756372400.0
2013-08-15,70.9200,71.1200,62.0000,490294000.0
2013-08-16,71.4400,71.7600,62.5600,362306000.0
2013-08-19,72.0400,72.5200,63.2400,510518400.0
2013-08-20,72.8000,71.6000,62.4000,358688400.0
2013-08-21,71.9600,71.7600,62.5600,335879600.0
2013-08-22,72.1200,71.8400,62.6400,244207600.0
2013-08-23,71.8800,71.5600,62.4000,222731600.0
2013-08-26,71.5200,71.8400,62.6400,330965600.0
2013-08-27,71.1600,69.8000,60.8400,424188800.0
2013-08-28,69.4400,70.1200,61.1200,307608000.0
2013-08-29,70.2400,70.2400,61.2400,239657600.0
2013-08-30,70.2800,69.6000,60.6800,272297200.0
2013-09-03,70.4400,69.8000,60.8400,331928800.0
2013-09-04,71.3600,71.2400,62.0800,345032800.0
2013-09-05,71.4800,70.7600,61.6800,236367600.0
2013-09-06,71.2000,71.1600,62.0400,359525600.0
2013-09-09,72.1600,72.3200,63.0400,340687200.0
2013-09-10,72.3200,70.6800,61.6000,743195600.0
2013-09-11,66.7200,66.8000,58.2400,898696400.0
2013-09-12,66.9200,67.5200,58.8400,404051200.0
2013-09-13,67.0400,66.4000,57.8800,298835600.0
2013-09-16,65.8400,64.3200,56.0400,543706800.0
2013-09-17,64.0000,65.0400,56.6800,399380800.0
2013-09-18,66.1600,66.4000,57.8400,456862000.0
2013-09-19,67.2400,67.4800,58.8000,404541200.0
2013-09-20,68.2800,66.7600,58.2000,699302800.0
2013-09-23,70.8800,70.0800,61.0800,762106800.0
2013-09-24,70.6800,69.8800,60.9200,364344400.0
2013-09-25,69.8800,68.8000,59.9600,316957200.0
2013-09-26,69.4400,69.4400,60.5600,237221600.0
2013-09-27,69.1200,68.9600,60.1200,228040400.0
2013-09-30,68.1600,68.1200,59.3600,260156400.0
2013-10-01,68.3600,69.7200,60.7600,353883600.0
2013-10-02,69.3600,69.9200,60.9600,289184000.0
2013-10-03,70.0800,69.0400,60.2000,322753200.0
2013-10-04,69.1200,69.0000,60.1600,258868400.0
2013-10-07,69.5200,69.6800,60.7200,312292400.0
2013-10-08,70.0000,68.7200,59.8800,290917200.0
2013-10-09,69.2400,69.5200,60.6000,301725200.0
2013-10-10,70.2000,69.9600,60.9600,278602800.0
2013-10-11,69.5600,70.4000,61.3600,267738800.0
2013-10-14,69.9600,70.8800,61.7600,261898000.0
2013-10-15,71.0800,71.2400,62.0800,320073600.0
2013-10-16,71.5600,71.6000,62.4000,251101200.0
2013-10-17,71.4400,72.0800,62.8000,253593200.0
2013-10-18,72.2800,72.6800,63.3600,290542000.0
2013-10-21,73.1200,74.4800,64.9200,398106800.0
2013-10-22,75.2000,74.2800,64.7200,534063600.0
2013-10-23,74.1600,75.0000,65.3600,313723200.0
2013-10-24,75.0000,76.0000,66.2400,384764800.0
2013-10-25,75.9200,75.1200,65.4800,337792000.0
2013-10-28,75.5600,75.6800,65.9600,550440800.0
2013-10-29,76.6000,73.8000,64.3200,635807200.0
2013-10-30,74.2400,75.0000,65.3600,354163600.0
2013-10-31,75.0000,74.6800,65.0800,275696400.0
2013-11-01,74.8800,74.2800,64.7600,274890000.0
2013-11-04,74.4400,75.2400,65.6000,244627600.0
2013-11-05,74.9600,75.0800,65.4400,265213200.0
2013-11-06,74.8800,74.4000,65.2400,223375600.0
2013-11-07,74.2400,73.2000,64.2000,262620400.0
2013-11-08,73.5200,74.3600,65.2000,279316800.0
2013-11-11,74.2800,74.1600,65.0000,227452400.0
2013-11-12,73.9600,74.2800,65.1200,204276800.0
2013-11-13,74.0000,74.3600,65.2000,197220800.0
2013-11-14,74.6800,75.4400,66.1600,282419200.0
2013-11-15,75.2400,75.0000,65.7600,317920400.0
2013-11-18,75.0000,74.0800,64.9600,244944000.0
2013-11-19,74.1600,74.2400,65.0800,208938800.0
2013-11-20,74.1600,73.5600,64.4800,193916800.0
2013-11-21,73.9600,74.4400,65.2800,262026800.0
2013-11-22,74.2000,74.2400,65.1200,223725600.0
2013-11-25,74.4400,74.8000,65.6000,229311600.0
2013-11-26,74.8800,76.2000,66.8000,401382800.0
2013-11-27,76.6000,78.0000,68.3600,363448400.0
2013-11-29,78.4800,79.4400,69.6400,318127600.0
2013-12-02,79.7200,78.7600,69.0400,472544800.0
2013-12-03,79.7600,80.9200,70.9200,450968000.0
2013-12-04,80.8000,80.7200,70.7600,377809600.0
2013-12-05,81.8000,81.1200,71.1200,447580000.0
2013-12-06,80.8400,80.0000,70.1200,344352400.0
2013-12-09,80.1200,80.9200,70.9600,320493600.0
2013-12-10,80.5200,80.8000,70.8400,278269600.0
2013-12-11,81.0000,80.2000,70.3200,359718800.0
2013-12-12,80.3200,80.0800,70.2000,262290000.0
2013-12-13,80.4000,79.2000,69.4400,332822000.0
2013-12-16,79.2800,79.6400,69.8400,282592800.0
2013-12-17,79.4000,79.2800,69.5200,229902400.0
2013-12-18,78.5200,78.6800,68.9600,565863200.0
2013-12-19,78.5200,77.7600,68.2000,320308800.0
2013-12-20,77.9200,78.4400,68.7600,436413600.0
2013-12-23,81.1600,81.4400,71.4000,501306400.0
2013-12-24,81.4000,81.0800,71.0800,167554800.0
2013-12-26,81.1600,80.5600,70.6400,204008000.0
2013-12-27,80.5600,80.0000,70.1600,225884400.0
2013-12-30,79.6400,79.2000,69.4400,253629600.0
2013-12-31,79.1600,80.1600,70.2800,223084400.0
2014-01-02,79.4000,79.0000,69.2800,234684800.0
2014-01-03,79.0000,77.2800,67.7600,392467600.0
2014-01-06,76.7600,77.7200,68.1200,412610800.0
2014-01-07,77.7600,77.1600,67.6400,317209200.0
2014-01-08,76.9600,77.6400,68.0800,258529600.0
2014-01-09,78.1200,76.6400,67.2000,279148800.0
2014-01-10,77.1200,76.1200,66.7600,304976000.0
2014-01-13,75.7200,76.5200,67.0800,378492800.0
2014-01-14,76.8800,78.0400,68.4400,332561600.0
2014-01-15,79.0800,79.6400,69.8000,391638800.0
2014-01-16,79.2800,79.1600,69.4000,229278000.0
2014-01-17,78.8000,77.2400,67.7200,426739600.0
2014-01-21,77.2800,78.4400,68.7600,328526800.0
2014-01-22,78.7200,78.8000,69.0800,379985200.0
2014-01-23,78.5600,79.4400,69.6400,403239200.0
2014-01-24,79.1600,78.0000,68.4000,429354800.0
2014-01-27,78.6000,78.6400,68.9600,554878800.0
2014-01-28,72.6800,72.3600,63.4400,1065523200.0
2014-01-29,72.0000,71.5200,62.7200,502810000.0
2014-01-30,71.8000,71.4000,62.6000,678501600.0
2014-01-31,70.7200,71.5200,62.6800,464797200.0
2014-02-03,71.8000,71.6400,62.8000,401464000.0
2014-02-04,72.2800,72.6800,63.7200,376681200.0
2014-02-05,72.3600,73.2400,64.2000,328344800.0
2014-02-06,72.8800,73.2000,64.5600,257765200.0
2014-02-07,74.4800,74.2400,65.4800,370280400.0
2014-02-10,74.0800,75.5600,66.6400,345559200.0
2014-02-11,75.8000,76.5600,67.5200,282256800.0
2014-02-12,76.7200,76.5600,67.5200,308100800.0
2014-02-13,76.3600,77.7600,68.6000,307398000.0
2014-02-14,77.4800,77.7200,68.5200,272924400.0
2014-02-18,78.0000,78.0000,68.8000,260251600.0
2014-02-19,77.8400,76.7600,67.7200,313768000.0
2014-02-20,76.1600,75.8800,66.9200,305858000.0
2014-02-21,76.1200,75.0400,66.1600,278784800.0
2014-02-24,74.7200,75.3600,66.4800,288909600.0
2014-02-25,75.6400,74.6000,65.7600,231952000.0
2014-02-26,74.8000,73.9200,65.2000,276217200.0
2014-02-27,73.8800,75.4000,66.4800,301882000.0
2014-02-28,75.6000,75.1600,66.3200,371968800.0
2014-03-03,74.7600,75.4000,66.4800,238781200.0
2014-03-04,75.8400,75.8800,66.9200,259140000.0
2014-03-05,75.8400,76.0400,67.0800,200062800.0
2014-03-06,76.1200,75.8400,66.8800,185488800.0
2014-03-07,75.8800,75.7600,66.8400,220729600.0
2014-03-10,75.4800,75.8400,66.8800,178584000.0
2014-03-11,76.4800,76.6000,67.5600,279224400.0
2014-03-12,76.3600,76.6400,67.6000,199326400.0
2014-03-13,76.7600,75.8000,66.8400,257742800.0
2014-03-14,75.5600,74.9600,66.1200,237199200.0
2014-03-17,75.4000,75.2400,66.3600,199544800.0
2014-03-18,75.1200,75.9200,66.9600,209647200.0
2014-03-19,76.0400,75.8800,66.9200,224756000.0
2014-03-20,75.6800,75.5200,66.6000,208398400.0
2014-03-21,76.0000,76.1200,67.1200,374046400.0
2014-03-24,76.9200,77.0400,67.9200,355700800.0
2014-03-25,77.3600,77.8400,68.6800,282293200.0
2014-03-26,78.0800,77.1200,68.0000,299768000.0
2014-03-27,77.1600,76.7600,67.7200,222031600.0
2014-03-28,76.9200,76.6800,67.6400,200564000.0
2014-03-31,77.0400,76.6800,67.6400,168669200.0
2014-04-01,76.8400,77.3600,68.2400,200760000.0
2014-04-02,77.4800,77.5200,68.3600,180420800.0
2014-04-03,77.3600,76.9600,67.8800,162344000.0
2014-04-04,77.1200,75.9600,67.0000,275251200.0
2014-04-07,75.4400,74.8000,65.9600,289850400.0
2014-04-08,75.0400,74.7600,65.9600,243888400.0
2014-04-09,74.6800,75.7600,66.8000,206169600.0
2014-04-10,75.8000,74.8000,65.9600,239652000.0
2014-04-11,74.1600,74.2400,65.4800,271717600.0
2014-04-14,74.5600,74.5200,65.7200,205674000.0
2014-04-15,74.3200,74.0000,65.2400,266490000.0
2014-04-16,74.0000,74.1600,65.4000,214765600.0
2014-04-17,74.2800,75.0000,66.1200,284334400.0
2014-04-21,75.0400,75.8800,66.9200,182548800.0
2014-04-22,75.4800,75.9600,67.0000,202563200.0
2014-04-23,75.6000,74.9600,66.1200,394940000.0
2014-04-24,81.1600,81.1200,71.5200,759911600.0
2014-04-25,80.6400,81.7200,72.0400,390275200.0
2014-04-28,81.8400,84.8800,74.8400,669485600.0
2014-04-29,84.8000,84.6000,74.6400,337377600.0
2014-04-30,84.6800,84.2800,74.3600,456640800.0
2014-05-01,84.5600,84.4800,74.5200,244048000.0
2014-05-02,84.6400,84.6400,74.6400,191514400.0
2014-05-05,84.3200,85.8400,75.7200,287067200.0
2014-05-06,85.9600,84.9200,74.8800,374564400.0
2014-05-07,85.0400,84.6000,74.6400,282864400.0
2014-05-08,84.0400,84.0000,74.4800,230297200.0
2014-05-09,83.5200,83.6400,74.2000,291597600.0
2014-05-12,83.9200,84.6800,75.1200,213208800.0
2014-05-13,84.5600,84.8400,75.2400,159737200.0
2014-05-14,84.6400,84.8400,75.2400,166404000.0
2014-05-15,84.9600,84.1200,74.6000,230846000.0
2014-05-16,84.0800,85.3600,75.7200,276256400.0
2014-05-19,85.4000,86.3600,76.6000,317755200.0
2014-05-20,86.3600,86.4000,76.6000,234836000.0
2014-05-21,86.2800,86.6000,76.8000,196859600.0
2014-05-22,86.6400,86.7600,76.9200,200760000.0
2014-05-23,86.7600,87.7200,77.8000,232209600.0
2014-05-27,88.0000,89.3600,79.2800,348866000.0
2014-05-28,89.4400,89.1600,79.0400,315481600.0
2014-05-29,89.6800,90.7600,80.4800,376474000.0
2014-05-30,91.1200,90.4400,80.2000,564020800.0
2014-06-02,90.5600,89.8000,79.6400,369350800.0
2014-06-03,89.7600,91.0800,80.7600,292709200.0
2014-06-04,91.0800,92.1200,81.6800,335482000.0
2014-06-05,92.3200,92.4800,82.0000,303805600.0
2014-06-06,92.8400,92.2400,81.8000,349938400.0
2014-06-09,92.6800,93.6800,83.0800,301660000.0
2014-06-10,94.7200,94.2400,83.6000,251108000.0
2014-06-11,94.1200,93.8800,83.2400,182724000.0
2014-06-12,94.0400,92.2800,81.8400,218996000.0
2014-06-13,92.2000,91.2800,80.9600,218100000.0
2014-06-16,91.5200,92.2000,81.7600,142244000.0
2014-06-17,92.3200,92.0800,81.6800,118904000.0
2014-06-18,92.2800,92.2000,81.7600,134056000.0
2014-06-19,92.2800,91.8800,81.4800,142112000.0
2014-06-20,91.8400,90.9200,80.6400,403592000.0
2014-06-23,91.3200,90.8400,80.5600,174776000.0
2014-06-24,90.7600,90.2800,80.0800,156144000.0
2014-06-25,90.2000,90.3600,80.1200,147476000.0
2014-06-26,90.3600,90.9200,80.6000,130516000.0
2014-06-27,90.8000,92.0000,81.5600,256116000.0
2014-06-30,92.0800,92.9200,82.4000,197929200.0
2014-07-01,93.5200,93.5200,82.9200,152892000.0
2014-07-02,93.8800,93.4800,82.9200,113860000.0
2014-07-03,93.6800,94.0400,83.4000,91567200.0
2014-07-07,94.1200,95.9600,85.1200,225872000.0
2014-07-08,96.2800,95.3600,84.5600,260888000.0
2014-07-09,95.4400,95.4000,84.6000,145744000.0
2014-07-10,93.7600,95.0400,84.2800,158744000.0
2014-07-11,95.3600,95.2400,84.4400,136072000.0
2014-07-14,95.8800,96.4400,85.5200,171240000.0
2014-07-15,96.8000,95.3200,84.5200,181911600.0
2014-07-16,96.9600,94.7600,84.0400,213585200.0
2014-07-17,95.0400,93.0800,82.5600,229192000.0
2014-07-18,93.6400,94.4400,83.7600,199952000.0
2014-07-21,95.0000,93.9600,83.3200,156316000.0
2014-07-22,94.6800,94.7200,84.0000,220788000.0
2014-07-23,95.4000,97.2000,86.2000,371672000.0
2014-07-24,97.0400,97.0400,86.0400,182916000.0
2014-07-25,96.8400,97.6800,86.6400,173876000.0
2014-07-28,97.8000,99.0000,87.8000,221272000.0
2014-07-29,99.3200,98.3600,87.2400,172572000.0
2014-07-30,98.4400,98.1600,87.0400,132040000.0
2014-07-31,97.1600,95.6000,84.8000,227372000.0
2014-08-01,94.9200,96.1200,85.2400,194044000.0
2014-08-04,96.3600,95.6000,84.7600,159832000.0
2014-08-05,95.3600,95.1200,84.3600,223732000.0
2014-08-06,94.7600,94.9600,84.2000,154232000.0
2014-08-07,94.9200,94.4800,84.2000,186844000.0
2014-08-08,94.2800,94.7200,84.4400,167460000.0
2014-08-11,95.2800,96.0000,85.5600,146340000.0
2014-08-12,96.0400,95.9600,85.5200,135180000.0
2014-08-13,96.1600,97.2400,86.6800,127664000.0
2014-08-14,97.3200,97.5200,86.8800,112464000.0
2014-08-15,97.9200,98.0000,87.3200,195804000.0
2014-08-18,98.4800,99.1600,88.3600,190288000.0
2014-08-19,99.4000,100.5200,89.6000,277596000.0
2014-08-20,100.4400,100.5600,89.6400,210796000.0
2014-08-21,100.5600,100.6000,89.6400,133912000.0
2014-08-22,100.2800,101.3200,90.3200,176736000.0
2014-08-25,101.8000,101.5600,90.5200,161080000.0
2014-08-26,101.4000,100.8800,89.9200,132608000.0
2014-08-27,101.0000,102.1200,91.0400,209476000.0
2014-08-28,101.6000,102.2400,91.1200,273840000.0
2014-08-29,102.8800,102.5200,91.3600,178380000.0
2014-09-02,103.0400,103.3200,92.0800,214256000.0
2014-09-03,103.0800,98.9600,88.2000,501684000.0
2014-09-04,98.8400,98.1200,87.4400,342872000.0
2014-09-05,98.8000,98.9600,88.2000,233828000.0
2014-09-08,99.3200,98.3600,87.6800,185426800.0
2014-09-09,99.0800,98.0000,87.3200,759385200.0
2014-09-10,98.0000,101.0000,90.0000,403478400.0
2014-09-11,100.4000,101.4400,90.4000,249412400.0
2014-09-12,101.2000,101.6800,90.6000,250504400.0
2014-09-15,102.8000,101.6400,90.6000,245266000.0
2014-09-16,99.8000,100.8800,89.8800,267632400.0
2014-09-17,101.2800,101.6000,90.5200,243706000.0
2014-09-18,101.9200,101.8000,90.7200,149197600.0
2014-09-19,102.2800,100.9600,90.0000,283609600.0
2014-09-22,101.8000,101.0400,90.0800,211153600.0
2014-09-23,100.6000,102.6400,91.4800,253608800.0
2014-09-24,102.1600,101.7600,90.6800,240687200.0
2014-09-25,100.5200,97.8800,87.2400,400368000.0
2014-09-26,98.5200,100.7600,89.8000,249482000.0
2014-09-29,98.6400,100.1200,89.2400,199065200.0
2014-09-30,100.8000,100.7600,89.8000,221056400.0
2014-10-01,100.6000,99.2000,88.4000,205965200.0
2014-10-02,99.2800,99.9200,89.0400,191031200.0
2014-10-03,99.4400,99.6400,88.8000,173878400.0
2014-10-06,99.9600,99.6400,88.8000,148204800.0
2014-10-07,99.4400,98.7600,88.0000,168376800.0
2014-10-08,98.7600,100.8000,89.8400,229618800.0
2014-10-09,101.5600,101.0000,90.0400,309506000.0
2014-10-10,100.6800,100.7200,89.7600,265326400.0
2014-10-13,101.3200,99.8000,88.9600,214333600.0
2014-10-14,100.4000,98.7600,88.0000,254754400.0
2014-10-15,97.9600,97.5600,86.9200,403734400.0
2014-10-16,95.5600,96.2800,85.8000,288618000.0
2014-10-17,97.5200,97.6800,87.0400,272718800.0
2014-10-20,98.3200,99.7600,88.9200,310069200.0
2014-10-21,103.0000,102.4800,91.3200,378495600.0
2014-10-22,102.8400,103.0000,91.8000,273052400.0
2014-10-23,104.0800,104.8400,93.4400,284298800.0
2014-10-24,105.2000,105.2400,93.8000,188215600.0
2014-10-27,104.8400,105.1200,93.6800,136750800.0
2014-10-28,105.4000,106.7200,95.1200,192243600.0
2014-10-29,106.6400,107.3200,95.6800,210751600.0
2014-10-30,106.9600,107.0000,95.3600,162619200.0
2014-10-31,108.0000,108.0000,96.2400,178557200.0
2014-11-03,108.2400,109.4000,97.5200,209130400.0
2014-11-04,109.3600,108.6000,96.8000,166297600.0
2014-11-05,109.0800,108.8800,97.0400,149743600.0
2014-11-06,108.6000,108.6800,97.3200,139874000.0
2014-11-07,108.7600,109.0000,97.5600,134766000.0
2014-11-10,109.0000,108.8400,97.4000,108782000.0
2014-11-11,108.6800,109.6800,98.2000,109769200.0
2014-11-12,109.3600,111.2400,99.6000,187769600.0
2014-11-13,111.8000,112.8000,101.0000,238091600.0
2014-11-14,113.1600,114.2000,102.2000,176254400.0
2014-11-17,114.2800,114.0000,102.0400,186986800.0
2014-11-18,113.9600,115.4800,103.3600,176896000.0
2014-11-19,115.4400,114.6800,102.6400,167476800.0
2014-11-20,114.9200,116.3200,104.1200,173582000.0
2014-11-21,117.5200,116.4800,104.2400,228717200.0
2014-11-24,116.8400,118.6400,106.2000,189803200.0
2014-11-25,119.0800,117.6000,105.2800,275361600.0
2014-11-26,117.9600,119.0000,106.5200,163073200.0
2014-11-28,119.2800,118.9200,106.4400,99257600.0
2014-12-01,118.8000,115.0800,103.0000,335256000.0
2014-12-02,113.5200,114.6400,102.6000,237395600.0
2014-12-03,115.7600,115.9200,103.7600,172253600.0
2014-12-04,115.7600,115.4800,103.3600,168178000.0
2014-12-05,116.0000,115.0000,102.9600,153275600.0
2014-12-08,114.0800,112.4000,100.6000,230659600.0
2014-12-09,110.2000,114.1200,102.1600,240832000.0
2014-12-10,114.4000,111.9600,100.2000,178261200.0
2014-12-11,112.2800,111.6400,99.9200,165606800.0
2014-12-12,110.4400,109.7200,98.2400,224112400.0
2014-12-15,110.6800,108.2400,96.8800,268872400.0
2014-12-16,106.3600,106.7600,95.5600,243162800.0
2014-12-17,107.1200,109.4000,97.9200,213647200.0
2014-12-18,111.8800,112.6400,100.8400,236024800.0
2014-12-19,112.2800,111.7600,100.0400,353719200.0
2014-12-22,112.1600,112.9600,101.0800,180670000.0
2014-12-23,113.2400,112.5600,100.7200,104113600.0
2014-12-24,112.6000,112.0000,100.2800,57918400.0
2014-12-26,112.0800,114.0000,102.0400,134884000.0
2014-12-29,113.8000,113.9200,101.9600,110395600.0
2014-12-30,113.6400,112.5200,100.7200,119526000.0
2014-12-31,112.8000,110.3600,98.8000,165613600.0
2015-01-02,111.4000,109.3200,97.8800,212818400.0
2015-01-05,108.2800,106.2400,95.1200,257142000.0
2015-01-06,106.5600,106.2800,95.1200,263188400.0
2015-01-07,107.2000,107.7600,96.4400,160423600.0
2015-01-08,109.2400,111.8800,100.1600,237458000.0
2015-01-09,112.6800,112.0000,100.2800,214798000.0
2015-01-12,112.6000,109.2400,97.8000,198603200.0
2015-01-13,111.4400,110.2400,98.6800,268367600.0
2015-01-14,109.0400,109.8000,98.2800,195826400.0
2015-01-15,110.0000,106.8000,95.6000,240056000.0
2015-01-16,107.0400,106.0000,94.8800,314053200.0
2015-01-20,107.8400,108.7200,97.3200,199599600.0
2015-01-21,108.9600,109.5600,98.0800,194303600.0
2015-01-22,110.2800,112.4000,100.6000,215185600.0
2015-01-23,112.3200,113.0000,101.1200,185859200.0
2015-01-26,113.7200,113.0800,101.2400,222460000.0
2015-01-27,112.4000,109.1200,97.6800,382274800.0
2015-01-28,117.6400,115.3200,103.2000,585908400.0
2015-01-29,116.3200,118.9200,106.4400,337745600.0
2015-01-30,118.4000,117.1600,104.8800,334982000.0
2015-02-02,118.0400,118.6400,106.2000,250956400.0
2015-02-03,118.5200,118.6400,106.2000,207662800.0
2015-02-04,118.5200,119.5600,107.0400,280598800.0
2015-02-05,120.0000,119.9600,107.8000,168984800.0
2015-02-06,120.0000,118.9200,106.8800,174826400.0
2015-02-09,118.5600,119.7200,107.6000,155559200.0
2015-02-10,120.1600,122.0000,109.6400,248034000.0
2015-02-11,122.7600,124.8800,112.2400,294247200.0
2015-02-12,126.0400,126.4400,113.6400,297898000.0
2015-02-13,127.2800,127.0800,114.2000,217088800.0
2015-02-17,127.4800,127.8400,114.8800,252609600.0
2015-02-18,127.6400,128.7200,115.6800,179566800.0
2015-02-19,128.4800,128.4400,115.4400,149449600.0
2015-02-20,128.6000,129.5200,116.3600,195793600.0
2015-02-23,130.0400,133.0000,119.5200,283896400.0
2015-02-24,132.9600,132.1600,118.7600,276912400.0
2015-02-25,131.5600,128.8000,115.7600,298846800.0
2015-02-26,128.8000,130.4000,117.2000,365150000.0
2015-02-27,130.0000,128.4800,115.4400,248059200.0
2015-03-02,129.2400,129.0800,116.0000,192386800.0
2015-03-03,128.9600,129.3600,116.2400,151265200.0
2015-03-04,129.1200,128.5200,115.5200,126665200.0
2015-03-05,128.6000,126.4000,113.6000,226068400.0
2015-03-06,128.4000,126.6000,113.7600,291368400.0
2015-03-09,127.9600,127.1200,114.2400,354114000.0
2015-03-10,126.4000,124.5200,111.8800,275426400.0
2015-03-11,124.7600,122.2400,109.8400,275756000.0
2015-03-12,122.3200,124.4400,111.8400,193450800.0
2015-03-13,124.4000,123.6000,111.0800,207309200.0
2015-03-16,123.8800,124.9600,112.2800,143497200.0
2015-03-17,125.9200,127.0400,114.1600,204092400.0
2015-03-18,127.0000,128.4800,115.4400,261083600.0
2015-03-19,128.7600,127.5200,114.6000,183238000.0
2015-03-20,128.2400,125.9200,113.1600,274780400.0
2015-03-23,127.1200,127.2000,114.3200,150838800.0
2015-03-24,127.2400,126.6800,113.8400,131369200.0
2015-03-25,126.5600,123.3600,110.8800,206620800.0
2015-03-26,122.7600,124.2400,111.6400,190291600.0
2015-03-27,124.5600,123.2400,110.7600,158184800.0
2015-03-30,124.0400,126.3600,113.5600,188398800.0
2015-03-31,126.0800,124.4400,111.8400,168362400.0
2015-04-01,124.8000,124.2400,111.6800,162485600.0
2015-04-02,125.0400,125.3200,112.6400,128880400.0
2015-04-06,124.4800,127.3600,114.4400,148776000.0
2015-04-07,127.6400,126.0000,113.2400,140049200.0
2015-04-08,125.8400,125.6000,112.8800,149316800.0
2015-04-09,125.8400,126.5600,113.7200,129936000.0
2015-04-10,125.9600,127.0800,114.2400,160752000.0
2015-04-13,128.3600,126.8400,114.0000,145460400.0
2015-04-14,127.0000,126.3200,113.5200,102098400.0
2015-04-15,126.4000,126.7600,113.9200,115881600.0
2015-04-16,126.2800,126.1600,113.4000,113476000.0
2015-04-17,125.5600,124.7600,112.1200,207828000.0
2015-04-20,125.5600,127.6000,114.6800,188217200.0
2015-04-21,128.1200,126.9200,114.0400,129740400.0
2015-04-22,127.0000,128.6000,115.6000,150618000.0
2015-04-23,128.3200,129.6800,116.5200,183083600.0
2015-04-24,130.4800,130.2800,117.0800,178103600.0
2015-04-27,132.3200,132.6400,119.2000,387816800.0
2015-04-28,134.4800,130.5600,117.3200,475696000.0
2015-04-29,130.1600,128.6400,115.6000,253544400.0
2015-04-30,128.6400,125.1600,112.4800,332781600.0
2015-05-01,126.0800,128.9600,115.8800,234050400.0
2015-05-04,129.5200,128.6800,115.6400,203953200.0
2015-05-05,128.1600,125.8000,113.0400,197085600.0
2015-05-06,126.5600,125.0000,112.3600,288564000.0
2015-05-07,124.7600,125.2800,113.0400,175763600.0
2015-05-08,126.6800,127.6400,115.1600,222201600.0
2015-05-11,127.4000,126.3200,114.0000,168143200.0
2015-05-12,125.6000,125.8800,113.6000,192640000.0
2015-05-13,126.1600,126.0000,113.7200,138776800.0
2015-05-14,127.4000,128.9600,116.3600,180814000.0
2015-05-15,129.0800,128.7600,116.2000,152832000.0
2015-05-18,128.4000,130.2000,117.4800,203531600.0
2015-05-19,130.6800,130.0800,117.3600,178532800.0
2015-05-20,130.0000,130.0400,117.3600,145819600.0
2015-05-21,130.0800,131.4000,118.5600,158921600.0
2015-05-22,131.6000,132.5200,119.6000,182384000.0
2015-05-26,132.6000,129.6000,116.9600,282790400.0
2015-05-27,130.3200,132.0400,119.1600,183332800.0
2015-05-28,131.8800,131.7600,118.9200,122933200.0
2015-05-29,131.2400,130.2800,117.5600,203538000.0
2015-06-01,130.2800,130.5200,117.8000,128451200.0
2015-06-02,129.8800,129.9600,117.2800,134670400.0
2015-06-03,130.6800,130.1200,117.4400,123934000.0
2015-06-04,129.6000,129.3600,116.7200,153800400.0
2015-06-05,129.5200,128.6400,116.0800,142507200.0
2015-06-08,128.8800,127.8000,115.3200,210699200.0
2015-06-09,126.6800,127.4000,115.0000,224301600.0
2015-06-10,127.9200,128.8800,116.3200,156349200.0
2015-06-11,129.1600,128.6000,116.0400,141563600.0
2015-06-12,128.2000,127.1600,114.7600,147544800.0
2015-06-15,126.0800,126.9200,114.5200,175955600.0
2015-06-16,127.0400,127.6000,115.1600,125976400.0
2015-06-17,127.7200,127.3200,114.8800,131672400.0
2015-06-18,127.2400,127.8800,115.4000,141628800.0
2015-06-19,127.7200,126.6000,114.2400,218867600.0
2015-06-22,127.4800,127.6000,115.1600,136157200.0
2015-06-23,127.4800,127.0400,114.6400,121075600.0
2015-06-24,127.2000,128.1200,115.6000,221123600.0
2015-06-25,128.8800,127.5200,115.0400,127752400.0
2015-06-26,127.6800,126.7600,114.4000,176267200.0
2015-06-29,125.4400,124.5200,112.3600,196645600.0
2015-06-30,125.5600,125.4400,113.2000,177482800.0
2015-07-01,126.9200,126.6000,114.2400,120955200.0
2015-07-02,126.4400,126.4400,114.1200,108844000.0
2015-07-06,124.9600,126.0000,113.7200,112241600.0
2015-07-07,125.8800,125.6800,113.4400,187787200.0
2015-07-08,124.4800,122.5600,110.6000,243046400.0
2015-07-09,123.8400,120.0800,108.3600,314380000.0
2015-07-10,121.9600,123.2800,111.2400,245418000.0
2015-07-13,125.0400,125.6800,113.4000,165762000.0
2015-07-14,126.0400,125.6000,113.3600,127072400.0
2015-07-15,125.7200,126.8000,114.4400,134596800.0
2015-07-16,127.7200,128.5200,115.9600,144889600.0
2015-07-17,129.0800,129.6000,116.9600,184658800.0
2015-07-20,130.9600,132.0800,119.2000,235600800.0
2015-07-21,132.8400,130.7600,118.0000,307025600.0
2015-07-22,122.0000,125.2400,113.0000,461802400.0
2015-07-23,126.2000,125.1600,112.9600,203998000.0
2015-07-24,125.3200,124.5200,112.3600,168649200.0
2015-07-27,123.0800,122.7600,110.8000,177822000.0
2015-07-28,123.3600,123.3600,111.3600,134472400.0
2015-07-29,123.1600,123.0000,111.0000,148046800.0
2015-07-30,122.3200,122.3600,110.4400,134513200.0
2015-07-31,122.6000,121.3200,109.4800,171540000.0
2015-08-03,121.5200,118.4400,106.8800,279904000.0
2015-08-04,117.4000,114.6400,103.4400,496554400.0
2015-08-05,112.9600,115.4000,104.1600,397250400.0
2015-08-06,115.9600,115.1200,104.3600,211612000.0
2015-08-07,114.6000,115.5200,104.7200,154681600.0
2015-08-10,116.5200,119.7200,108.5200,219806400.0
2015-08-11,117.8000,113.4800,102.8800,388331200.0
2015-08-12,112.5200,115.2400,104.4800,404870000.0
2015-08-13,116.0400,115.1600,104.4000,194143200.0
2015-08-14,114.3200,115.9600,105.1200,171718000.0
2015-08-17,116.0400,117.1600,106.2000,163538800.0
2015-08-18,116.4400,116.5200,105.6000,138242800.0
2015-08-19,116.0800,115.0000,104.2400,193146000.0
2015-08-20,114.0800,112.6400,102.1200,274006400.0
2015-08-21,110.4400,105.7600,95.8800,513102000.0
2015-08-24,94.8800,103.1200,93.4800,648825200.0
2015-08-25,111.1200,103.7200,94.0400,414406400.0
2015-08-26,107.0800,109.6800,99.4400,387098400.0
2015-08-27,112.2400,112.9200,102.3600,338464400.0
2015-08-28,112.1600,113.2800,102.6800,212657600.0
2015-08-31,112.0400,112.7600,102.2000,224917200.0
2015-09-01,110.1600,107.7200,97.6400,307383600.0
2015-09-02,110.2400,112.3200,101.8400,247555200.0
2015-09-03,112.4800,110.3600,100.0400,212935600.0
2015-09-04,108.9600,109.2800,99.0400,199985200.0
2015-09-08,111.7600,112.3200,101.8000,219374400.0
2015-09-09,113.7600,110.1600,99.8400,340043200.0
2015-09-10,110.2800,112.5600,102.0400,251571200.0
2015-09-11,111.8000,114.2000,103.5200,199662000.0
2015-09-14,116.6000,115.3200,104.5200,233453600.0
2015-09-15,115.9200,116.2800,105.4000,173364800.0
2015-09-16,116.2400,116.4000,105.5200,148694000.0
2015-09-17,115.6800,113.9200,103.2800,256450400.0
2015-09-18,112.2000,113.4400,102.8400,297141200.0
2015-09-21,113.6800,115.2000,104.4400,200888000.0
2015-09-22,113.3600,113.4000,102.8000,201384800.0
2015-09-23,113.6400,114.3200,103.6400,143026800.0
2015-09-24,113.2400,115.0000,104.2400,200878000.0
2015-09-25,116.4400,114.7200,104.0000,224607600.0
2015-09-28,113.8400,112.4400,101.9200,208436000.0
2015-09-29,112.8400,109.0400,98.8800,293461600.0
2015-09-30,110.1600,110.3200,100.0000,265892000.0
2015-10-01,109.0800,109.6000,99.3200,255716400.0
2015-10-02,108.0000,110.3600,100.0800,232079200.0
2015-10-05,109.8800,110.7600,100.4400,208258800.0
2015-10-06,110.6400,111.3200,100.9200,192787200.0
2015-10-07,111.7200,110.7600,100.4400,187062400.0
2015-10-08,110.2000,109.5200,99.2800,247918400.0
2015-10-09,110.0000,112.1200,101.6400,211064400.0
2015-10-12,112.7200,111.6000,101.1600,121868800.0
2015-10-13,110.8000,111.8000,101.3200,132197200.0
2015-10-14,111.2800,110.2000,99.9200,177849600.0
2015-10-15,110.9200,111.8800,101.4000,150694000.0
2015-10-16,111.7600,111.0400,100.6400,156930400.0
2015-10-19,110.8000,111.7200,101.2800,119036800.0
2015-10-20,111.3200,113.7600,103.1200,195871200.0
2015-10-21,114.0000,113.7600,103.1200,167180800.0
2015-10-22,114.3200,115.5200,104.7200,166616400.0
2015-10-23,116.6800,119.0800,107.9600,237467600.0
2015-10-26,118.0800,115.2800,104.5200,265335200.0
2015-10-27,115.4000,114.5600,103.8400,279537600.0
2015-10-28,116.9200,119.2800,108.1200,342205600.0
2015-10-29,118.6800,120.5200,109.2800,204909200.0
2015-10-30,121.0000,119.5200,108.3200,197461200.0
2015-11-02,120.8000,121.2000,109.8400,128813200.0
2015-11-03,120.8000,122.5600,111.1200,182076000.0
2015-11-04,123.1200,122.0000,110.6000,179544400.0
2015-11-05,121.8400,120.9200,110.0800,158210800.0
2015-11-06,121.1200,121.0400,110.2000,132169200.0
2015-11-09,120.9600,120.5600,109.7600,135485600.0
2015-11-10,116.9200,116.7600,106.3200,236511600.0
2015-11-11,116.3600,116.1200,105.7200,180872000.0
2015-11-12,116.2800,115.7200,105.3600,130102400.0
2015-11-13,115.2000,112.3200,102.2800,183249600.0
2015-11-16,111.3600,114.2000,103.9600,152426800.0
2015-11-17,114.9200,113.6800,103.5200,110467600.0
2015-11-18,115.7600,117.2800,106.7600,186698800.0
2015-11-19,117.6400,118.7600,108.1200,173183200.0
2015-11-20,119.2000,119.3200,108.6000,137148400.0
2015-11-23,119.2800,117.7600,107.2000,129930000.0
2015-11-24,117.3200,118.8800,108.2400,171212800.0
2015-11-25,119.2000,118.0400,107.4400,85553200.0
2015-11-27,118.2800,117.8000,107.2400,52185600.0
2015-11-30,118.0000,118.3200,107.6800,156721200.0
2015-12-01,118.7600,117.3200,106.8400,139409600.0
2015-12-02,117.3200,116.2800,105.8800,133546400.0
2015-12-03,116.5600,115.2000,104.8800,166278000.0
2015-12-04,115.2800,119.0400,108.3600,231108000.0
2015-12-07,119.0000,118.2800,107.6800,128336800.0
2015-12-08,117.5200,118.2400,107.6400,137238000.0
2015-12-09,117.6400,115.6400,105.2400,185445600.0
2015-12-10,116.0400,116.1600,105.7600,116850800.0
2015-12-11,115.2000,113.2000,103.0400,187544800.0
2015-12-14,112.2000,112.4800,102.4000,257274800.0
2015-12-15,111.9600,110.4800,100.6000,213292400.0
2015-12-16,111.0800,111.3200,101.3600,224954000.0
2015-12-17,112.0000,109.0000,99.2000,179091200.0
2015-12-18,108.9200,106.0400,96.5200,385813200.0
2015-12-21,107.2800,107.3200,97.7200,190362400.0
2015-12-22,107.4000,107.2400,97.6400,131157600.0
2015-12-23,107.2800,108.6000,98.8800,130629600.0
2015-12-24,109.0000,108.0400,98.3600,54281600.0
2015-12-28,107.6000,106.8000,97.2400,106816800.0
2015-12-29,106.9600,108.7200,99.0000,123724800.0
2015-12-30,108.6000,107.3200,97.7200,100855200.0
2015-12-31,107.0000,105.2800,95.8400,163649200.0
2016-01-04,102.6000,105.3600,95.9200,270597600.0
2016-01-05,105.7600,102.7200,93.5200,223164000.0
2016-01-06,100.5600,100.6800,91.6800,273829600.0
2016-01-07,98.6800,96.4400,87.8000,324377600.0
2016-01-08,98.5600,96.9600,88.2800,283192000.0
2016-01-11,98.9600,98.5200,89.7200,198957600.0
2016-01-12,100.5600,99.9600,91.0000,196616800.0
2016-01-13,100.3200,97.4000,88.6800,249758400.0
2016-01-14,97.9600,99.5200,90.6000,252680400.0
2016-01-15,96.2000,97.1200,88.4400,319335600.0
2016-01-19,98.4000,96.6800,88.0000,212350800.0
2016-01-20,95.0800,96.8000,88.1200,289337600.0
2016-01-21,97.0400,96.3200,87.6800,208646000.0
2016-01-22,98.6400,101.4000,92.3200,263202000.0
2016-01-25,101.5200,99.4400,90.5200,207178000.0
2016-01-26,99.9200,100.0000,91.0400,300308000.0
2016-01-27,96.0400,93.4000,85.0400,533478800.0
2016-01-28,93.8000,94.0800,85.6400,222715200.0
2016-01-29,94.8000,97.3200,88.6000,257666000.0
2016-02-01,96.4800,96.4400,87.8000,163774000.0
2016-02-02,95.4000,94.4800,86.0000,149428800.0
2016-02-03,95.0000,96.3600,87.7200,183857200.0
2016-02-04,95.8800,96.6000,88.4400,185886800.0
2016-02-05,96.5200,94.0000,86.0400,185672400.0
2016-02-08,93.1200,95.0000,86.9600,216085600.0
2016-02-09,94.2800,95.0000,86.9600,177324800.0
2016-02-10,95.9200,94.2800,86.2800,169374400.0
2016-02-11,93.8000,93.6800,85.7600,200298800.0
2016-02-12,94.2000,94.0000,86.0400,161405600.0
2016-02-16,95.0000,96.6400,88.4400,196231600.0
2016-02-17,96.6800,98.1200,89.8000,179452800.0
2016-02-18,98.8400,96.2800,88.1200,156084000.0
2016-02-19,96.0000,96.0400,87.9200,141496800.0
2016-02-22,96.3200,96.8800,88.6800,137123200.0
2016-02-23,96.4000,94.6800,86.6800,127770400.0
2016-02-24,94.0000,96.0800,87.9600,145022800.0
2016-02-25,96.0400,96.7600,88.5600,110330800.0
2016-02-26,97.2000,96.9200,88.7200,115964400.0
2016-02-29,96.8800,96.6800,88.5200,140865200.0
2016-03-01,97.6400,100.5200,92.0000,201628400.0
2016-03-02,100.5200,100.7600,92.2000,132678400.0
2016-03-03,100.6000,101.5200,92.9200,147822800.0
2016-03-04,102.3600,103.0000,94.2800,184220400.0
2016-03-07,102.4000,101.8800,93.2400,143315600.0
2016-03-08,100.7600,101.0400,92.4800,126247600.0
2016-03-09,101.3200,101.1200,92.5600,108806800.0
2016-03-10,101.4000,101.1600,92.6000,134054400.0
2016-03-11,102.2400,102.2800,93.6000,109632800.0
2016-03-14,101.9200,102.5200,93.8400,100304400.0
2016-03-15,103.9600,104.6000,95.7200,160270800.0
2016-03-16,104.6000,105.9600,97.0000,153214000.0
2016-03-17,105.5200,105.8000,96.8400,137682800.0
2016-03-18,106.3200,105.9200,96.9600,176820800.0
2016-03-21,105.9200,105.9200,96.9600,142010800.0
2016-03-22,105.2400,106.7200,97.6800,129777600.0
2016-03-23,106.4800,106.1200,97.1600,102814000.0
2016-03-24,105.4800,105.6800,96.7200,104532000.0
2016-03-28,106.0000,105.2000,96.2800,77645600.0
2016-03-29,104.8800,107.6800,98.5600,124760400.0
2016-03-30,108.6400,109.5600,100.2800,182404400.0
2016-03-31,109.7200,109.0000,99.7600,103553600.0
2016-04-01,108.7600,110.0000,100.6800,103496000.0
2016-04-04,110.4000,111.1200,101.7200,149424800.0
2016-04-05,109.5200,109.8000,100.5200,106314800.0
2016-04-06,110.2400,110.9600,101.5600,105616400.0
2016-04-07,109.9600,108.5600,99.3600,127207600.0
2016-04-08,108.9200,108.6800,99.4800,94326800.0
2016-04-11,108.9600,109.0000,99.8000,117630000.0
2016-04-12,109.3200,110.4400,101.0800,108929200.0
2016-04-13,110.8000,112.0400,102.5600,133029200.0
2016-04-14,111.6400,112.0800,102.6000,101895600.0
2016-04-15,112.1200,109.8400,100.5600,187756000.0
2016-04-18,108.8800,107.4800,98.3600,243286000.0
2016-04-19,107.8800,106.9200,97.8400,129539600.0
2016-04-20,106.6400,107.1200,98.0400,122444000.0
2016-04-21,106.9200,105.9600,97.0000,126210000.0
2016-04-22,105.0000,105.6800,96.7200,134732400.0
2016-04-25,105.0000,105.0800,96.2000,112126400.0
2016-04-26,103.9200,104.3600,95.5200,224064800.0
2016-04-27,96.0000,97.8000,89.5200,458408400.0
2016-04-28,97.6000,94.8400,86.8000,328970800.0
2016-04-29,94.0000,93.7200,85.8000,274126000.0
2016-05-02,93.9600,93.6400,85.7200,192640400.0
2016-05-03,94.2000,95.2000,87.1200,227325200.0
2016-05-04,95.2000,94.2000,86.2000,164102000.0
2016-05-05,94.0000,93.2400,85.8800,143562000.0
2016-05-06,93.3600,92.7200,85.4000,174799600.0
2016-05-09,93.0000,92.8000,85.4400,131745600.0
2016-05-10,93.3200,93.4000,86.0400,134747200.0
2016-05-11,93.4800,92.5200,85.2000,114876400.0
2016-05-12,92.7200,90.3200,83.2000,305258800.0
2016-05-13,90.0000,90.5200,83.3600,177571200.0
2016-05-16,92.4000,93.8800,86.4400,245039200.0
2016-05-17,94.5600,93.4800,86.0800,187667600.0
2016-05-18,94.1600,94.5600,87.0800,168249600.0
2016-05-19,94.6400,94.2000,86.7600,121768400.0
2016-05-20,94.6400,95.2400,87.6800,128104000.0
2016-05-23,95.8800,96.4400,88.8000,152074400.0
2016-05-24,97.2400,97.9200,90.1600,140560800.0
2016-05-25,98.6800,99.6400,91.7600,152675200.0
2016-05-26,99.6800,100.4000,92.4800,225324800.0
2016-05-27,99.4400,100.3600,92.4000,145364800.0
2016-05-31,99.6000,99.8800,91.9600,169228800.0
2016-06-01,99.0000,98.4400,90.6800,116693200.0
2016-06-02,97.6000,97.7200,90.0000,160766400.0
2016-06-03,97.8000,97.9200,90.1600,114019600.0
2016-06-06,98.0000,98.6400,90.8400,93170000.0
2016-06-07,99.2400,99.0400,91.2000,89638000.0
2016-06-08,99.0000,98.9600,91.1200,83392400.0
2016-06-09,98.5200,99.6400,91.7600,106405600.0
2016-06-10,98.5200,98.8400,91.0000,126851600.0
2016-06-13,98.6800,97.3200,89.6400,152082000.0
2016-06-14,97.3200,97.4400,89.7600,127727600.0
2016-06-15,97.8000,97.1200,89.4400,117780800.0
2016-06-16,96.4400,97.5600,89.8400,125307200.0
2016-06-17,96.6400,95.3200,87.8000,244032800.0
2016-06-20,96.0000,95.0800,87.5600,137647600.0
2016-06-21,94.9600,95.9200,88.3200,142185600.0
2016-06-22,96.2400,95.5600,88.0000,116876400.0
2016-06-23,95.9600,96.0800,88.4800,128960800.0
2016-06-24,92.9200,93.4000,86.0000,301245600.0
2016-06-27,93.0000,92.0400,84.7600,181958400.0
2016-06-28,92.9200,93.6000,86.2000,161779600.0
2016-06-29,93.9600,94.4000,86.9200,146124000.0
2016-06-30,94.4400,95.6000,88.0400,143345600.0
2016-07-01,95.4800,95.8800,88.3200,104106000.0
2016-07-05,95.4000,95.0000,87.4800,110820800.0
2016-07-06,94.6000,95.5200,87.9600,123796400.0
2016-07-07,95.6800,95.9600,88.3600,100558400.0
2016-07-08,96.4800,96.6800,89.0400,115648400.0
2016-07-11,96.7600,97.0000,89.3200,95179600.0
2016-07-12,97.1600,97.4000,89.7200,96670000.0
2016-07-13,97.4000,96.8800,89.2000,103568800.0
2016-07-14,97.4000,98.8000,90.9600,155676000.0
2016-07-15,98.9200,98.7600,90.9600,120548000.0
2016-07-18,98.6800,99.8400,91.9200,145975600.0
2016-07-19,99.5600,99.8800,91.9600,95119600.0
2016-07-20,100.0000,99.9600,92.0400,105104000.0
2016-07-21,99.8400,99.4400,91.5600,130808000.0
2016-07-22,99.2800,98.6800,90.8400,113254800.0
2016-07-25,98.2400,97.3200,89.6400,161531600.0
2016-07-26,96.8000,96.6800,89.0400,224959200.0
2016-07-27,104.2800,102.9600,94.8000,369379200.0
2016-07-28,102.8400,104.3200,96.0800,159479200.0
2016-07-29,104.2000,104.2000,95.9600,110934800.0
2016-08-01,104.4000,106.0400,97.6800,152671600.0
2016-08-02,106.0400,104.4800,96.2000,135266400.0
2016-08-03,104.8000,105.8000,97.4400,120810400.0
2016-08-04,105.6000,105.8800,98.0400,109634800.0
2016-08-05,106.2800,107.4800,99.5200,162213600.0
2016-08-08,107.5200,108.3600,100.3200,112148800.0
2016-08-09,108.2400,108.8000,100.7600,105260800.0
2016-08-10,108.7200,108.0000,100.0000,96034000.0
2016-08-11,108.5200,107.9200,99.9200,109938000.0
2016-08-12,107.7600,108.2000,100.1600,74641600.0
2016-08-15,108.1200,109.4800,101.3600,103472800.0
2016-08-16,109.6400,109.3600,101.2800,135177600.0
2016-08-17,109.0800,109.2400,101.1200,101424000.0
2016-08-18,109.2400,109.0800,101.0000,87938800.0
2016-08-19,108.7600,109.3600,101.2400,101472400.0
2016-08-22,108.8800,108.5200,100.4800,103280800.0
2016-08-23,108.6000,108.8400,100.8000,85030800.0
2016-08-24,108.5600,108.0400,100.0400,94700400.0
2016-08-25,107.4000,107.5600,99.6000,100344800.0
2016-08-26,107.4000,106.9600,99.0000,111065200.0
2016-08-29,106.6400,106.8000,98.9200,99881200.0
2016-08-30,105.8000,106.0000,98.1600,99455600.0
2016-08-31,105.6800,106.0800,98.2400,118649600.0
2016-09-01,106.1200,106.7200,98.8400,106806000.0
2016-09-02,107.6800,107.7200,99.7600,107210000.0
2016-09-06,107.9200,107.6800,99.7200,107521600.0
2016-09-07,107.8400,108.3600,100.3200,169457200.0
2016-09-08,107.2400,105.5200,97.7200,212008000.0
2016-09-09,104.6400,103.1200,95.4800,186228000.0
2016-09-12,102.6400,105.4400,97.6400,181171200.0
2016-09-13,107.5200,107.9600,99.9600,248704800.0
2016-09-14,108.7200,111.7600,103.4800,443554800.0
2016-09-15,113.8800,115.5600,107.0000,359934400.0
2016-09-16,115.1200,114.9200,106.4000,319547600.0
2016-09-19,115.2000,113.6000,105.1600,188092000.0
2016-09-20,113.0400,113.5600,105.1600,138057200.0
2016-09-21,113.8400,113.5600,105.1200,144012800.0
2016-09-22,114.3600,114.6400,106.1200,124296000.0
2016-09-23,114.4000,112.7200,104.3600,209924800.0
2016-09-26,111.6400,112.8800,104.5200,119477600.0
2016-09-27,113.0000,113.0800,104.7200,98429600.0
2016-09-28,113.6800,113.9600,105.5200,118564400.0
2016-09-29,113.1600,112.2000,103.8800,143548000.0
2016-09-30,112.4400,113.0400,104.6800,145516400.0
2016-10-03,112.7200,112.5200,104.2000,86807200.0
2016-10-04,113.0400,113.0000,104.6400,118947200.0
2016-10-05,113.4000,113.0400,104.6800,85812400.0
2016-10-06,113.6800,113.8800,105.4400,115117200.0
2016-10-07,114.3200,114.0400,105.6000,97433600.0
2016-10-10,115.0000,116.0400,107.4400,144944000.0
2016-10-11,117.6800,116.3200,107.6800,256164000.0
2016-10-12,117.3600,117.3200,108.6400,150347200.0
2016-10-13,116.8000,117.0000,108.3200,140769600.0
2016-10-14,117.8800,117.6400,108.9200,142608800.0
2016-10-17,117.3200,117.5600,108.8400,94499600.0
2016-10-18,118.2000,117.4800,108.7600,98214000.0
2016-10-19,117.2400,117.1200,108.4400,80138400.0
2016-10-20,116.8800,117.0400,108.4000,96503200.0
2016-10-21,116.8000,116.6000,107.9600,92770800.0
2016-10-24,117.0800,117.6400,108.9200,94154800.0
2016-10-25,117.9600,118.2400,109.4800,192516000.0
2016-10-26,114.3200,115.6000,107.0400,264536800.0
2016-10-27,115.4000,114.4800,106.0000,138248000.0
2016-10-28,113.8800,113.7200,105.2800,151446800.0
2016-10-31,113.6400,113.5600,105.1200,105677600.0
2016-11-01,113.4400,111.4800,103.2400,175303200.0
2016-11-02,111.4000,111.6000,103.3200,113326800.0
2016-11-03,111.0000,109.8400,102.2000,107730400.0
2016-11-04,108.5200,108.8400,101.2800,123348000.0
2016-11-07,110.0800,110.4000,102.7600,130240000.0
2016-11-08,110.3200,111.0400,103.3600,97016800.0
2016-11-09,109.8800,110.8800,103.2000,236705600.0
2016-11-10,111.0800,107.8000,100.3200,228538000.0
2016-11-11,107.1200,108.4400,100.9200,136575600.0
2016-11-14,107.7200,105.7200,98.3600,204702000.0
2016-11-15,106.5600,107.1200,99.6800,129058000.0
2016-11-16,106.6800,110.0000,102.3600,235362000.0
2016-11-17,109.8000,109.9600,102.3200,110528000.0
2016-11-18,109.7200,110.0400,102.4400,113715600.0
2016-11-21,110.1200,111.7200,104.0000,117058400.0
2016-11-22,111.9600,111.8000,104.0400,103862000.0
2016-11-23,111.3600,111.2400,103.5200,109705600.0
2016-11-25,111.1200,111.8000,104.0400,45903600.0
2016-11-28,111.4400,111.5600,103.8400,108776000.0
2016-11-29,110.7600,111.4400,103.7200,114115200.0
2016-11-30,111.6000,110.5200,102.8400,144649200.0
2016-12-01,110.3600,109.4800,101.8800,148347600.0
2016-12-02,109.1600,109.9200,102.2800,106112000.0
2016-12-05,110.0000,109.1200,101.5600,137298000.0
2016-12-06,109.5200,109.9600,102.3200,104782000.0
2016-12-07,109.2800,111.0400,103.3200,119994800.0
2016-12-08,110.8800,112.1200,104.3600,108273200.0
2016-12-09,112.3200,113.9600,106.0400,137610400.0
2016-12-12,113.2800,113.3200,105.4400,105497600.0
2016-12-13,113.8400,115.2000,107.2000,174935200.0
2016-12-14,115.0400,115.2000,107.2000,136127200.0
2016-12-15,115.3600,115.8000,107.8000,186098000.0
2016-12-16,116.4800,115.9600,107.9200,177404400.0
2016-12-19,115.8000,116.6400,108.5600,111117600.0
2016-12-20,116.7200,116.9600,108.8400,85700000.0
2016-12-21,116.8000,117.0400,108.9600,95132800.0
2016-12-22,116.3600,116.2800,108.2400,104343600.0
2016-12-23,115.6000,116.5200,108.4400,56998000.0
2016-12-27,116.5200,117.2800,109.1200,73187600.0
2016-12-28,117.5200,116.7600,108.6800,83623600.0
2016-12-29,116.4400,116.7200,108.6400,60158000.0
2016-12-30,116.6400,115.8000,107.8000,122345200.0
2017-01-03,115.8000,116.1600,108.0800,115127600.0
2017-01-04,115.8400,116.0000,107.9600,84472400.0
2017-01-05,115.9200,116.6000,108.5200,88774400.0
2017-01-06,116.7600,117.9200,109.7200,127007600.0
2017-01-09,117.9600,119.0000,110.7200,134247600.0
2017-01-10,118.7600,119.1200,110.8400,97848400.0
2017-01-11,118.7200,119.7600,111.4400,110354400.0
2017-01-12,118.9200,119.2400,110.9600,108344800.0
2017-01-13,119.1200,119.0400,110.8000,104447600.0
2017-01-17,118.3200,120.0000,111.6800,137759200.0
2017-01-18,120.0000,120.0000,111.6800,94852000.0
2017-01-19,119.4000,119.7600,111.4800,102389200.0
2017-01-20,120.4400,120.0000,111.6800,130391600.0
2017-01-23,120.0000,120.0800,111.7600,88200800.0
2017-01-24,119.5600,119.9600,111.6400,92844000.0
2017-01-25,120.4000,121.8800,113.4400,129510400.0
2017-01-26,121.6800,121.9600,113.4800,105350400.0
2017-01-27,122.1200,121.9600,113.4800,82251600.0
2017-01-30,120.9200,121.6400,113.2000,121510000.0
2017-01-31,121.1600,121.3600,112.9200,196804000.0
2017-02-01,127.0400,128.7600,119.8400,447940000.0
2017-02-02,128.0000,128.5200,119.6000,134841600.0
2017-02-03,128.3200,129.0800,120.1200,98029200.0
2017-02-06,129.1200,130.2800,121.2400,107383600.0
2017-02-07,130.5200,131.5200,122.4000,152735200.0
2017-02-08,131.3600,132.0400,122.8800,92016400.0
2017-02-09,131.6400,132.4000,123.7600,113399600.0
2017-02-10,132.4800,132.1200,123.4800,80262000.0
2017-02-13,133.0800,133.2800,124.6000,92141600.0
2017-02-14,133.4800,135.0400,126.2000,132904800.0
2017-02-15,135.5200,135.5200,126.6400,142492400.0
2017-02-16,135.6800,135.3600,126.5200,90338400.0
2017-02-17,135.1200,135.7200,126.8400,88792800.0
2017-02-21,136.2400,136.6800,127.7600,98028800.0
2017-02-22,136.4400,137.1200,128.1600,83347600.0
2017-02-23,137.4000,136.5200,127.6000,83152800.0
2017-02-24,135.9200,136.6800,127.7200,87106400.0
2017-02-27,137.1200,136.9200,128.0000,81029600.0
2017-02-28,137.0800,137.0000,128.0400,93931600.0
2017-03-01,137.8800,139.8000,130.6400,145658400.0
2017-03-02,140.0000,138.9600,129.8800,104844000.0
2017-03-03,138.7600,139.7600,130.6400,84432400.0
2017-03-06,139.3600,139.3200,130.2400,87000000.0
2017-03-07,139.0400,139.5200,130.4000,69785200.0
2017-03-08,138.9600,139.0000,129.9200,74828800.0
2017-03-09,138.7600,138.6800,129.6400,88623600.0
2017-03-10,139.2400,139.1200,130.0400,78451200.0
2017-03-13,138.8400,139.2000,130.1200,69686800.0
2017-03-14,139.3200,139.0000,129.9200,61236400.0
2017-03-15,139.4000,140.4800,131.2800,102767200.0
2017-03-16,140.7200,140.6800,131.5200,76928000.0
2017-03-17,141.0000,140.0000,130.8400,175540000.0
2017-03-20,140.4000,141.4800,132.2400,86168000.0
2017-03-21,142.1200,139.8400,130.7200,158119600.0
2017-03-22,139.8400,141.4000,132.2000,103440800.0
2017-03-23,141.2400,140.9200,131.7200,81385200.0
2017-03-24,141.5200,140.6400,131.4400,89582400.0
2017-03-27,139.4000,140.8800,131.6800,94300400.0
2017-03-28,140.9200,143.8000,134.4000,133499200.0
2017-03-29,143.6800,144.1200,134.7200,116760000.0
2017-03-30,144.2000,143.9200,134.5200,84829200.0
2017-03-31,143.7200,143.6800,134.2800,78646800.0
2017-04-03,143.7200,143.6800,134.3200,79942800.0
2017-04-04,143.2400,144.7600,135.3200,79565600.0
2017-04-05,144.2400,144.0400,134.6000,110871600.0
2017-04-06,144.2800,143.6800,134.2800,84596000.0
2017-04-07,143.7200,143.3200,133.9600,66688800.0
2017-04-10,143.6000,143.1600,133.8000,75733600.0
2017-04-11,142.9600,141.6400,132.3600,121517600.0
2017-04-12,141.6000,141.8000,132.5200,81400000.0
2017-04-13,141.9200,141.0400,131.8400,71291600.0
2017-04-17,141.4800,141.8400,132.5600,66328400.0
2017-04-18,141.4000,141.2000,131.9600,58790000.0
2017-04-19,141.8800,140.6800,131.4800,69313600.0
2017-04-20,141.2400,142.4400,133.1200,93278400.0
2017-04-21,142.4400,142.2800,132.9600,69283600.0
2017-04-24,143.5200,143.6400,134.2400,68537200.0
2017-04-25,143.9200,144.5200,135.0800,75486000.0
2017-04-26,144.4800,143.6800,134.2800,80164800.0
2017-04-27,143.9200,143.8000,134.4000,56985200.0
2017-04-28,144.0800,143.6400,134.2800,83441600.0
2017-05-01,145.1200,146.6000,137.0000,134411600.0
2017-05-02,147.5200,147.5200,137.8800,181408800.0
2017-05-03,145.6000,147.0400,137.4400,182788000.0
2017-05-04,146.5200,146.5200,136.9600,93487600.0
2017-05-05,146.7600,148.9600,139.2400,109310800.0
2017-05-08,149.0400,153.0000,143.0000,195009600.0
2017-05-09,153.8800,154.0000,143.9200,156521600.0
2017-05-10,153.6400,153.2400,143.2400,103222800.0
2017-05-11,152.4400,153.9600,144.4800,109020400.0
2017-05-12,154.6800,156.1200,146.5200,130108000.0
2017-05-15,156.0000,155.6800,146.1200,104038800.0
2017-05-16,155.9600,155.4800,145.9200,80194000.0
2017-05-17,153.6000,150.2400,141.0000,203070800.0
2017-05-18,151.2800,152.5200,143.1600,134272800.0
2017-05-19,153.4000,153.0400,143.6400,107843200.0
2017-05-22,154.0000,154.0000,144.5200,91865600.0
2017-05-23,154.8800,153.8000,144.3600,79675600.0
2017-05-24,153.8400,153.3200,143.9200,76712000.0
2017-05-25,153.7200,153.8800,144.4000,76942400.0
2017-05-26,154.0000,153.6000,144.1600,87710400.0
2017-05-30,153.4000,153.6800,144.2400,80507600.0
2017-05-31,153.9600,152.7600,143.3600,97804800.0
2017-06-01,153.1600,153.1600,143.7600,65616400.0
2017-06-02,153.6000,155.4400,145.8800,111082800.0
2017-06-05,154.3200,153.9200,144.4800,101326800.0
2017-06-06,153.8800,154.4400,144.9600,106499600.0
2017-06-07,155.0400,155.3600,145.8400,84278400.0
2017-06-08,155.2400,155.0000,145.4800,85003200.0
2017-06-09,155.2000,148.9600,139.8400,259530800.0
2017-06-12,145.7600,145.4000,136.4800,289229200.0
2017-06-13,147.1600,146.6000,137.6000,136661600.0
2017-06-14,147.5200,145.1600,136.2400,126124800.0
2017-06-15,143.3200,144.2800,135.4400,128661600.0
2017-06-16,143.7600,142.2800,133.5200,201444400.0
2017-06-19,143.6800,146.3200,137.3600,130165600.0
2017-06-20,146.8800,145.0000,136.0800,99600400.0
2017-06-21,145.5200,145.8800,136.9200,85063200.0
2017-06-22,145.7600,145.6400,136.6800,76425200.0
2017-06-23,145.1200,146.2800,137.2800,141757600.0
2017-06-26,147.1600,145.8400,136.8400,102769600.0
2017-06-27,145.0000,143.7200,134.8800,99047600.0
2017-06-28,144.4800,145.8400,136.8800,88329600.0
2017-06-29,144.7200,143.6800,134.8400,125997600.0
2017-06-30,144.4400,144.0400,135.1600,92096400.0
2017-07-03,144.8800,143.5200,134.6800,57111200.0
2017-07-05,143.6800,144.0800,135.2400,86278400.0
2017-07-06,143.0400,142.7200,133.9600,96515200.0
2017-07-07,142.8800,144.1600,135.3200,76806800.0
2017-07-10,144.1200,145.0400,136.1600,84362400.0
2017-07-11,144.7200,145.5200,136.6000,79127200.0
2017-07-12,145.8800,145.7600,136.8000,99538000.0
2017-07-13,145.5200,147.7600,138.6800,100797600.0
2017-07-14,147.9600,149.0400,139.8800,80528400.0
2017-07-17,148.8400,149.5600,140.3600,95174000.0
2017-07-18,149.2000,150.0800,140.8400,71475200.0
2017-07-19,150.4800,151.0400,141.7200,83692000.0
2017-07-20,151.5200,150.3200,141.1200,68974800.0
2017-07-21,150.0000,150.2800,141.0400,105010400.0
2017-07-24,150.6000,152.0800,142.7600,85972800.0
2017-07-25,151.8000,152.7600,143.3600,75415600.0
2017-07-26,153.3600,153.4800,144.0400,63124000.0
2017-07-27,153.7600,150.5600,141.3200,129905200.0
2017-07-28,149.8800,149.5200,140.3200,68854800.0
2017-07-31,149.8800,148.7200,139.6000,79383600.0
2017-08-01,149.1200,150.0400,140.8400,141474400.0
2017-08-02,159.2800,157.1200,147.4800,279747200.0
2017-08-03,157.0400,155.5600,146.0000,108389200.0
2017-08-04,156.0800,156.4000,146.7600,82239600.0
2017-08-07,157.0400,158.8000,149.0400,87481200.0
2017-08-08,158.6000,160.0800,150.2400,144823600.0
2017-08-09,159.2400,161.0400,151.1600,104526000.0
2017-08-10,159.8800,155.3200,146.3600,163217200.0
2017-08-11,156.6000,157.4800,148.4000,105028400.0
2017-08-14,159.3200,159.8400,150.6000,88490800.0
2017-08-15,160.6800,161.6000,152.2800,117862000.0
2017-08-16,161.9600,160.9600,151.6400,110686400.0
2017-08-17,160.5200,157.8800,148.7200,111762400.0
2017-08-18,157.8800,157.5200,148.4000,109712400.0
2017-08-21,157.5200,157.2000,148.1200,105474000.0
2017-08-22,158.2400,159.7600,150.5600,86418400.0
2017-08-23,159.0800,159.9600,150.7200,77596400.0
2017-08-24,160.4400,159.2800,150.0800,79275600.0
2017-08-25,159.6400,159.8800,150.6400,101920400.0
2017-08-28,160.1200,161.4800,152.1600,103864000.0
2017-08-29,160.1200,162.9200,153.4800,118067600.0
2017-08-30,163.8000,163.3600,153.9200,109078400.0
2017-08-31,163.6400,164.0000,154.5200,107140400.0
2017-09-01,164.8000,164.0400,154.5600,66364400.0
2017-09-05,163.7600,162.0800,152.7200,117874000.0
2017-09-06,162.7200,161.9200,152.5600,86606800.0
2017-09-07,162.0800,161.2400,151.9600,87714000.0
2017-09-08,160.8800,158.6400,149.4800,114446000.0
2017-09-11,160.5200,161.5200,152.1600,126323200.0
2017-09-12,162.6000,160.8800,151.5600,286856000.0
2017-09-13,159.8800,159.6400,150.4400,179629600.0
2017-09-14,159.0000,158.2800,149.1200,95042800.0
2017-09-15,158.4800,159.8800,150.6400,196458400.0
2017-09-18,160.1200,158.6800,149.5200,113077600.0
2017-09-19,159.5200,158.7200,149.5600,83242400.0
2017-09-20,157.8800,156.0800,147.0400,211805600.0
2017-09-21,155.8000,153.4000,144.5200,150046800.0
2017-09-22,151.5200,151.8800,143.1200,186581600.0
2017-09-25,150.0000,150.5600,141.8400,177549200.0
2017-09-26,151.7600,153.1200,144.2800,146640000.0
2017-09-27,153.8000,154.2400,145.3200,102016800.0
2017-09-28,153.8800,153.2800,144.4400,88022000.0
2017-09-29,153.2000,154.1200,145.2000,105199200.0
2017-10-02,154.2400,153.8000,144.9200,74795200.0
2017-10-03,154.0000,154.4800,145.5600,64921200.0
2017-10-04,153.6400,153.4800,144.6000,80655200.0
2017-10-05,154.1600,155.4000,146.4000,85135200.0
2017-10-06,154.9600,155.3200,146.3200,69630400.0
2017-10-09,155.8000,155.8400,146.8400,65051600.0
2017-10-10,156.0400,155.8800,146.8800,62468000.0
2017-10-11,155.9600,156.5600,147.5200,67622400.0
2017-10-12,156.3600,156.0000,147.0000,64500400.0
2017-10-13,156.7200,157.0000,147.9200,65576800.0
2017-10-16,157.8800,159.8800,150.6400,96486000.0
2017-10-17,159.7600,160.4800,151.2000,75989200.0
2017-10-18,160.4000,159.7600,150.5200,65496800.0
2017-10-19,156.7600,155.9600,146.9600,170336800.0
2017-10-20,156.6000,156.2400,147.2400,95896400.0
2017-10-23,156.8800,156.1600,147.1600,87937200.0
2017-10-24,156.2800,157.1200,148.0400,71028800.0
2017-10-25,156.9200,156.4000,147.3600,84828400.0
2017-10-26,157.2400,157.4000,148.3200,68002000.0
2017-10-27,159.2800,163.0400,153.6400,177816800.0
2017-10-30,163.8800,166.7200,157.0800,178803200.0
2017-10-31,167.8800,169.0400,159.2800,144187200.0
2017-11-01,169.8800,166.8800,157.2400,134551200.0
2017-11-02,166.6000,168.1200,158.4000,165573600.0
2017-11-03,174.0000,172.5200,162.5200,237594400.0
2017-11-06,172.3600,174.2400,164.2000,140105200.0
2017-11-07,173.9200,174.8000,164.7200,97446000.0
2017-11-08,174.6800,176.2400,166.0400,97638000.0
2017-11-09,175.1200,175.8800,165.7200,117930400.0
2017-11-10,175.1200,174.6800,165.1600,100582000.0
2017-11-13,173.5200,173.9600,164.5200,67928400.0
2017-11-14,173.0400,171.3200,162.0400,99130000.0
2017-11-15,169.9600,169.0800,159.8800,116632400.0
2017-11-16,171.1600,171.1200,161.8000,94550000.0
2017-11-17,171.0400,170.1600,160.8800,87598000.0
2017-11-20,170.2800,169.9600,160.7200,65049600.0
2017-11-21,170.7600,173.1200,163.7200,100525200.0
2017-11-22,173.3600,174.9600,165.4400,102355600.0
2017-11-24,175.1200,174.9600,165.4400,56106800.0
2017-11-27,175.0400,174.0800,164.6400,82867200.0
2017-11-28,174.3200,173.0800,163.6400,105715200.0
2017-11-29,172.6400,169.4800,160.2800,166665600.0
2017-11-30,170.4400,171.8400,162.5200,166108800.0
2017-12-01,169.9600,171.0400,161.7600,159037200.0
2017-12-04,172.4800,169.8000,160.5600,130169600.0
2017-12-05,169.0400,169.6400,160.4000,109400800.0
2017-12-06,167.5200,169.0000,159.8000,114240000.0
2017-12-07,169.0400,169.3200,160.1200,102693200.0
2017-12-08,170.4800,169.3600,160.1600,93420800.0
2017-12-11,169.2000,172.6800,163.2800,141095200.0
2017-12-12,172.1600,171.6800,162.3600,77636800.0
2017-12-13,172.5200,172.2800,162.9200,95273600.0
2017-12-14,172.4000,172.2400,162.8400,81906000.0
2017-12-15,173.6400,173.9600,164.5200,160677200.0
2017-12-18,174.8800,176.4000,166.8400,117684400.0
2017-12-19,175.0400,174.5200,165.0400,109745600.0
2017-12-20,174.8800,174.3600,164.8800,93902400.0
2017-12-21,174.1600,175.0000,165.4800,83799600.0
2017-12-22,174.6800,175.0000,165.4800,65397600.0
2017-12-26,170.8000,170.5600,161.2800,132742000.0
2017-12-27,170.1200,170.6000,161.3200,85992800.0
2017-12-28,171.0000,171.0800,161.7600,65920800.0
2017-12-29,170.5200,169.2400,160.0400,103999600.0
2018-01-02,170.1600,172.2400,162.8800,102223600.0
2018-01-03,172.5200,172.2400,162.8800,118071600.0
2018-01-04,172.5200,173.0400,163.6000,89738400.0
2018-01-05,173.4400,175.0000,165.4800,94640000.0
2018-01-08,174.3600,174.3600,164.8800,82271200.0
2018-01-09,174.5600,174.3200,164.8400,86336000.0
2018-01-10,173.1600,174.2800,164.8000,95839600.0
2018-01-11,174.6000,175.2800,165.7600,74670800.0
2018-01-12,176.1600,177.0800,167.4400,101672400.0
2018-01-16,177.8800,176.2000,166.6000,118263600.0
2018-01-17,176.1600,179.1200,169.3600,137547200.0
2018-01-18,179.3600,179.2400,169.5200,124773600.0
2018-01-19,178.6000,178.4800,168.7600,129700400.0
2018-01-22,177.3200,177.0000,167.3600,108434400.0
2018-01-23,177.3200,177.0400,167.4000,130756400.0
2018-01-24,177.2400,174.2400,164.7600,204420400.0
2018-01-25,174.5200,171.1200,161.8000,166116000.0
2018-01-26,172.0000,171.5200,162.2000,156572000.0
2018-01-29,170.1600,167.9600,158.8400,202561600.0
2018-01-30,165.5200,166.9600,157.8800,184192800.0
2018-01-31,166.8800,167.4400,158.3200,129915600.0
2018-02-01,167.1600,167.7600,158.6400,188923200.0
2018-02-02,166.0000,160.5200,151.7600,346375200.0
2018-02-05,159.1200,156.4800,147.9600,290954000.0
2018-02-06,154.8400,163.0400,154.1600,272975200.0
2018-02-07,163.0800,159.5200,150.8800,206434400.0
2018-02-08,160.2800,155.1600,146.7200,217562000.0
2018-02-09,157.0800,156.4000,148.5200,282690400.0
2018-02-12,158.5200,162.7200,154.4800,243278000.0
2018-02-13,161.9600,164.3200,156.0400,130196800.0
2018-02-14,163.0400,167.3600,158.9200,162579600.0
2018-02-15,169.8000,173.0000,164.2400,204588800.0
2018-02-16,172.3600,172.4400,163.7200,160704400.0
2018-02-20,172.0400,171.8400,163.1600,135722000.0
2018-02-21,172.8400,171.0800,162.4400,149886400.0
2018-02-22,171.8000,172.5200,163.8000,123967600.0
2018-02-23,173.6800,175.5200,166.6400,135249600.0
2018-02-26,176.3600,178.9600,169.9200,152648800.0
2018-02-27,179.1200,178.4000,169.3600,155712400.0
2018-02-28,179.2400,178.1200,169.1200,151128400.0
2018-03-01,178.5200,175.0000,166.1600,195208000.0
2018-03-02,172.8000,176.2000,167.3200,153816000.0
2018-03-05,175.2000,176.8400,167.8800,113605600.0
2018-03-06,177.9200,176.6800,167.7600,95154000.0
2018-03-07,174.9600,175.0400,166.2000,126814000.0
2018-03-08,175.4800,176.9600,168.0000,95096400.0
2018-03-09,177.9600,179.9600,170.8800,128740800.0
2018-03-12,180.2800,181.7200,172.5200,128828400.0
2018-03-13,182.6000,179.9600,170.8800,126774000.0
2018-03-14,180.3200,178.4400,169.4400,117473600.0
2018-03-15,178.5200,178.6400,169.6400,90975200.0
2018-03-16,178.6400,178.0400,169.0400,157618800.0
2018-03-19,177.3200,175.3200,166.4400,133787200.0
2018-03-20,175.2400,175.2400,166.4000,78597600.0
2018-03-21,175.0400,171.2800,162.6000,148219600.0
2018-03-22,170.0000,168.8400,160.3200,165963200.0
2018-03-23,168.4000,164.9600,156.6000,164115200.0
2018-03-26,168.0800,172.7600,164.0400,150164800.0
2018-03-27,173.6800,168.3200,159.8400,163690400.0
2018-03-28,167.2400,166.4800,158.0800,166674000.0
2018-03-29,167.8000,167.7600,159.3200,153594000.0
2018-04-02,166.6400,166.6800,158.2400,150347200.0
2018-04-03,167.6400,168.4000,159.8800,121112000.0
2018-04-04,164.8800,171.6000,162.9200,138422000.0
2018-04-05,172.6000,172.8000,164.0800,107732800.0
2018-04-06,170.9600,168.4000,159.8800,140021200.0
2018-04-09,169.8800,170.0400,161.4400,116070800.0
2018-04-10,173.0000,173.2400,164.4800,113634400.0
2018-04-11,172.2400,172.4400,163.7200,89726400.0
2018-04-12,173.4000,174.1200,165.3600,91557200.0
2018-04-13,174.7600,174.7200,165.9200,100497200.0
2018-04-16,175.0400,175.8400,166.9200,86313600.0
2018-04-17,176.4800,178.2400,169.2400,106421600.0
2018-04-18,177.8000,177.8400,168.8400,83018000.0
2018-04-19,173.7600,172.8000,164.0800,139235200.0
2018-04-20,170.6000,165.7200,157.3600,261964400.0
2018-04-23,166.8400,165.2400,156.8800,146062000.0
2018-04-24,165.6800,162.9600,154.7200,134768000.0
2018-04-25,162.6000,163.6400,155.4000,113528400.0
2018-04-26,164.1200,164.2400,155.9200,111852000.0
2018-04-27,164.0000,162.3200,154.1200,142623200.0
2018-04-30,162.1200,165.2400,156.9200,169709600.0
2018-05-01,166.4000,169.1200,160.5600,214277600.0
2018-05-02,175.2400,176.5600,167.6400,266157600.0
2018-05-03,175.8800,176.8800,167.9600,136272800.0
2018-05-04,178.2400,183.8400,174.5600,224805200.0
2018-05-07,185.1600,185.1600,175.8000,169805600.0
2018-05-08,185.0000,186.0400,176.6400,113611200.0
2018-05-09,186.5600,187.3600,177.8800,92844800.0
2018-05-10,187.7600,190.0400,180.4400,111957200.0
2018-05-11,189.4800,188.6000,179.7600,104848800.0
2018-05-14,189.0000,188.1600,179.3200,83115200.0
2018-05-15,186.7600,186.4400,177.7200,94780800.0
2018-05-16,186.0800,188.1600,179.3600,76732400.0
2018-05-17,188.0000,187.0000,178.2400,69176000.0
2018-05-18,187.2000,186.3200,177.5600,73190800.0
2018-05-21,188.0000,187.6400,178.8400,73603200.0
2018-05-22,188.4000,187.1600,178.4000,60962800.0
2018-05-23,186.3600,188.3600,179.5200,80233600.0
2018-05-24,188.7600,188.1600,179.3200,92936000.0
2018-05-25,188.2400,188.6000,179.7600,69844000.0
2018-05-29,187.6000,187.8800,179.0800,90056400.0
2018-05-30,187.7200,187.5200,178.7200,74762000.0
2018-05-31,187.2400,186.8800,178.1200,109931200.0
2018-06-01,188.0000,190.2400,181.3200,93770000.0
2018-06-04,191.6400,191.8400,182.8400,105064800.0
2018-06-05,193.0800,193.3200,184.2400,86264000.0
2018-06-06,193.6400,193.9600,184.8800,83734400.0
2018-06-07,194.1200,193.4800,184.4000,85388800.0
2018-06-08,191.1600,191.6800,182.7200,106627200.0
2018-06-11,191.3600,191.2400,182.2800,73234000.0
2018-06-12,191.4000,192.2800,183.2800,67644400.0
2018-06-13,192.4000,190.6800,181.7600,86553600.0
2018-06-14,191.5600,190.8000,181.8400,86440400.0
2018-06-15,190.0400,188.8400,180.0000,246876800.0
2018-06-18,187.8800,188.7600,179.8800,73939600.0
2018-06-19,185.1200,185.6800,177.0000,134314000.0
2018-06-20,186.3600,186.5200,177.7600,82514800.0
2018-06-21,187.2400,185.4800,176.7600,102847600.0
2018-06-22,186.1200,184.9200,176.2400,108801600.0
2018-06-25,183.4000,182.1600,173.6400,126652400.0
2018-06-26,183.0000,184.4400,175.8000,98276800.0
2018-06-27,185.2400,184.1600,175.5200,101141200.0
2018-06-28,184.1200,185.5200,176.8000,69460800.0
2018-06-29,186.2800,185.1200,176.4400,90950800.0
2018-07-02,183.8400,187.1600,178.4000,70925200.0
2018-07-03,187.8000,183.9200,175.2800,55819200.0
2018-07-05,185.2400,185.4000,176.7200,66416800.0
2018-07-06,185.4000,187.9600,179.1600,69940800.0
2018-07-09,189.5200,190.6000,181.6400,79026400.0
2018-07-10,190.7200,190.3600,181.4400,63756400.0
2018-07-11,188.5200,187.8800,179.0800,75326000.0
2018-07-12,189.5200,191.0400,182.0800,72164400.0
2018-07-13,191.0800,191.3200,182.3600,50055600.0
2018-07-16,191.5200,190.9200,181.9600,60172400.0
2018-07-17,189.7600,191.4400,182.4800,62138000.0
2018-07-18,191.7600,190.4000,181.4800,65573600.0
2018-07-19,189.6800,191.8800,182.8800,81147200.0
2018-07-20,191.7600,191.4400,182.4800,82704800.0
2018-07-23,190.6800,191.6000,182.6400,63957600.0
2018-07-24,192.4400,193.0000,183.9600,74791600.0
2018-07-25,193.0400,194.8400,185.6800,66839600.0
2018-07-26,194.6000,194.2000,185.1200,76304000.0
2018-07-27,195.0000,190.9600,182.0400,96096000.0
2018-07-30,191.8800,189.9200,181.0000,84118000.0
2018-07-31,190.3200,190.2800,181.3600,157492000.0
2018-08-01,199.1200,201.5200,192.0400,271742800.0
2018-08-02,200.6000,207.4000,197.6800,249616000.0
2018-08-03,207.0400,208.0000,198.2400,133789600.0
2018-08-06,208.0000,209.0800,199.2800,101701600.0
2018-08-07,209.3200,207.1200,197.4000,102349600.0
2018-08-08,206.0400,207.2400,197.5200,90102000.0
2018-08-09,209.5200,208.8800,199.0800,93970400.0
2018-08-10,207.3600,207.5200,198.4800,98444800.0
2018-08-13,209.3200,208.8800,199.7600,103563600.0
2018-08-14,210.1600,209.7600,200.6400,82992000.0
2018-08-15,209.2400,210.2400,201.0800,115230400.0
2018-08-16,211.7600,213.3200,204.0400,114001600.0
2018-08-17,213.4400,217.6000,208.1200,141708000.0
2018-08-20,218.1200,215.4800,206.0800,121150800.0
2018-08-21,216.8000,215.0400,205.6800,104639200.0
2018-08-22,214.1200,215.0400,205.6800,76072400.0
2018-08-23,214.6400,215.4800,206.1200,75532800.0
2018-08-24,216.6000,216.1600,206.7600,73905600.0
2018-08-27,217.1600,217.9600,208.4400,82100400.0
2018-08-28,219.0000,219.6800,210.1200,91107200.0
2018-08-29,220.1600,222.9600,213.2800,109019200.0
2018-08-30,223.2400,225.0400,215.2400,195175200.0
2018-08-31,226.5200,227.6400,217.7200,173360400.0
2018-09-04,228.4000,228.3600,218.4400,109560400.0
2018-09-05,229.0000,226.8800,217.0000,133332000.0
2018-09-06,226.2400,223.1200,213.4000,137160000.0
2018-09-07,221.8400,221.3200,211.6800,150479200.0
2018-09-10,220.9600,218.3200,208.8400,158066000.0
2018-09-11,218.0000,223.8400,214.1200,142996000.0
2018-09-12,224.9600,221.0800,211.4400,197114800.0
2018-09-13,223.5200,226.4000,216.5600,166825600.0
2018-09-14,225.7600,223.8400,214.0800,127997200.0
2018-09-17,222.1600,217.8800,208.4000,148780400.0
2018-09-18,217.8000,218.2400,208.7600,126286800.0
2018-09-19,218.5200,218.3600,208.8800,108495200.0
2018-09-20,220.2400,220.0400,210.4400,106435200.0
2018-09-21,220.7600,217.6800,208.2000,384986800.0
2018-09-24,216.8400,220.8000,211.1600,110773600.0
2018-09-25,219.7600,222.2000,212.5200,98217600.0
2018-09-26,221.0000,220.4000,210.8400,95938800.0
2018-09-27,223.8400,224.9600,215.1600,120724800.0
2018-09-28,224.8000,225.7600,215.9200,91717600.0
2018-10-01,227.9600,227.2400,217.3600,94403200.0
2018-10-02,227.2400,229.2800,219.3200,99152800.0
2018-10-03,230.0400,232.0800,221.9600,114619200.0
2018-10-04,230.7600,228.0000,218.0800,128168000.0
2018-10-05,227.9600,224.2800,214.5200,134322000.0
2018-10-08,222.2000,223.7600,214.0400,118655600.0
2018-10-09,223.6400,226.8800,217.0000,107564000.0
2018-10-10,225.4800,216.3600,206.9600,167962400.0
2018-10-11,214.5200,214.4400,205.1200,212497600.0
2018-10-12,220.4000,222.1200,212.4400,161351600.0
2018-10-15,221.1600,217.3600,207.8800,123164000.0
2018-10-16,218.9200,222.1600,212.4800,116736000.0
2018-10-17,222.3200,221.2000,211.5600,91541600.0
2018-10-18,217.8800,216.0400,206.6000,130325200.0
2018-10-19,218.0400,219.3200,209.7600,132314800.0
2018-10-22,219.8000,220.6400,211.0400,115168400.0
2018-10-23,215.8400,222.7200,213.0400,155071200.0
2018-10-24,222.6000,215.0800,205.7200,163702000.0
2018-10-25,217.7200,219.8000,210.2400,119423200.0
2018-10-26,215.8800,216.3200,206.8800,189033600.0
2018-10-29,219.2000,212.2400,203.0000,183742000.0
2018-10-30,211.1600,213.3200,204.0000,146640000.0
2018-10-31,216.8800,218.8800,209.3200,153435600.0
2018-11-01,219.0400,222.2400,212.5600,233292800.0
2018-11-02,209.5600,207.4800,198.4400,365314800.0
2018-11-05,204.3200,201.6000,192.8000,264654800.0
2018-11-06,201.9200,203.7600,194.9200,127531600.0
2018-11-07,205.9600,209.9600,200.8000,133697600.0
2018-11-08,209.9600,208.4800,200.1200,101450400.0
2018-11-09,205.5600,204.4800,196.2400,137463200.0
2018-11-12,199.0000,194.1600,186.3600,204542000.0
2018-11-13,191.6400,192.2400,184.5200,187531600.0
2018-11-14,193.8800,186.8000,179.2800,243204000.0
2018-11-15,188.4000,191.4000,183.7200,185915200.0
2018-11-16,190.5200,193.5200,185.7600,147713200.0
2018-11-19,190.0000,185.8800,178.4000,167701200.0
2018-11-20,178.3600,176.9600,169.8800,271300800.0
2018-11-21,179.7200,176.7600,169.6800,124496800.0
2018-11-23,174.9600,172.2800,165.3600,94496000.0
2018-11-26,174.2400,174.6000,167.6000,179994000.0
2018-11-27,171.5200,174.2400,167.2400,165549600.0
2018-11-28,176.7200,180.9600,173.6800,184250000.0
2018-11-29,182.6800,179.5600,172.3200,167080000.0
2018-11-30,180.2800,178.6000,171.4000,158126000.0
2018-12-03,184.4800,184.8400,177.4000,163210000.0
2018-12-04,180.9600,176.6800,169.6000,165377200.0
2018-12-06,171.7600,174.7200,167.6800,172393600.0
2018-12-07,173.4800,168.4800,161.7200,169126400.0
2018-12-10,165.0000,169.6000,162.8000,248104000.0
2018-12-11,171.6800,168.6400,161.8400,189126800.0
2018-12-12,170.4000,169.1200,162.3200,142510800.0
2018-12-13,170.4800,170.9600,164.0800,127594400.0
2018-12-14,169.0000,165.4800,158.8400,162814800.0
2018-12-17,165.4400,163.9600,157.3600,177151600.0
2018-12-18,165.4000,166.0800,159.4000,135366000.0
2018-12-19,166.0000,160.8800,154.4400,196189200.0
2018-12-20,160.4000,156.8400,150.5200,259092000.0
2018-12-21,156.8800,150.7200,144.6800,382978400.0
2018-12-24,148.1600,146.8400,140.9200,148676800.0
2018-12-26,148.3200,157.1600,150.8400,234330000.0
2018-12-27,155.8400,156.1600,149.8800,212468400.0
2018-12-28,157.5200,156.2400,149.9600,169165600.0
2018-12-31,158.5200,157.7600,151.4000,140014000.0
2019-01-02,154.8800,157.9200,151.5600,148158800.0
2019-01-03,143.9600,142.2000,136.4800,365248800.0
2019-01-04,144.5200,148.2400,142.3200,234428400.0
2019-01-07,148.6800,147.9200,142.0000,219111200.0
2019-01-08,149.5600,150.7600,144.6800,164101200.0
2019-01-09,151.2800,153.3200,147.1600,180396400.0
2019-01-10,152.5200,153.8000,147.6000,143122800.0
2019-01-11,152.8800,152.2800,146.1600,108092800.0
2019-01-14,150.8400,150.0000,143.9600,129756800.0
2019-01-15,150.2800,153.0800,146.9200,114843600.0
2019-01-16,153.0800,154.9600,148.7200,122278800.0
2019-01-17,154.2000,155.8800,149.6000,119284800.0
2019-01-18,157.5200,156.8400,150.5200,135004000.0
2019-01-22,156.4000,153.3200,147.1200,121576000.0
2019-01-23,154.1600,153.9200,147.7200,92522400.0
2019-01-24,154.1200,152.6800,146.5600,101766000.0
2019-01-25,155.4800,157.7600,151.4000,134142000.0
2019-01-28,155.8000,156.3200,150.0000,104768400.0
2019-01-29,156.2400,154.6800,148.4800,166348800.0
2019-01-30,163.2400,165.2400,158.6000,244439200.0
2019-01-31,166.1200,166.4400,159.7600,162958400.0
2019-02-01,166.9600,166.5200,159.8400,130672400.0
2019-02-04,167.4000,171.2400,164.3600,125982000.0
2019-02-05,172.8800,174.1600,167.1600,144406400.0
2019-02-06,174.6400,174.2400,167.2400,112958400.0
2019-02-07,172.4000,170.9600,164.0800,126966800.0
2019-02-08,169.0000,170.4000,164.2800,95280000.0
2019-02-11,171.0400,169.4400,163.3200,83973600.0
2019-02-12,170.1200,170.8800,164.7200,89134000.0
2019-02-13,171.4000,170.1600,164.0400,89960800.0
2019-02-14,169.7200,170.8000,164.6400,87342800.0
2019-02-15,171.2400,170.4000,164.2800,98507200.0
2019-02-19,169.7200,170.9200,164.7600,75891200.0
2019-02-20,171.2000,172.0400,165.8400,104457600.0
2019-02-21,171.8000,171.0400,164.8800,68998800.0
2019-02-22,171.6000,172.9600,166.7200,75652800.0
2019-02-25,174.1600,174.2400,167.9600,87493600.0
2019-02-26,173.7200,174.3200,168.0400,68280800.0
2019-02-27,173.2000,174.8800,168.5600,111341600.0
2019-02-28,174.3200,173.1600,166.9200,112861600.0
2019-03-01,174.2800,174.9600,168.6400,103544800.0
2019-03-04,175.6800,175.8400,169.5200,109744800.0
2019-03-05,175.9600,175.5200,169.2000,78949600.0
2019-03-06,174.6800,174.5200,168.2400,83241600.0
2019-03-07,173.8800,172.5200,166.2800,99185600.0
2019-03-08,170.3200,172.9200,166.6800,95997600.0
2019-03-11,175.4800,178.8800,172.4400,128044000.0
2019-03-12,180.0000,180.9200,174.4000,129870400.0
2019-03-13,182.2400,181.7200,175.1600,124130000.0
2019-03-14,183.8800,183.7200,177.1200,94318000.0
2019-03-15,184.8400,186.1200,179.4000,156171600.0
2019-03-18,185.8000,188.0400,181.2400,104879200.0
2019-03-19,188.3600,186.5200,179.8000,126585600.0
2019-03-20,186.2400,188.1600,181.3600,124140800.0
2019-03-21,190.0400,195.0800,188.0400,204136800.0
2019-03-22,195.3200,191.0400,184.1600,169630800.0
2019-03-25,191.5200,188.7600,181.9200,175381200.0
2019-03-26,191.6800,186.8000,180.0400,199202000.0
2019-03-27,188.7600,188.4800,181.6800,119393600.0
2019-03-28,188.9600,188.7200,181.9200,83121600.0
2019-03-29,189.8400,189.9600,183.0800,94256000.0
2019-04-01,191.6400,191.2400,184.3600,111448000.0
2019-04-02,191.0800,194.0400,187.0400,91062800.0
2019-04-03,193.2400,195.3600,188.3200,93087200.0
2019-04-04,194.8000,195.6800,188.6400,76457200.0
2019-04-05,196.4400,197.0000,189.8800,74106400.0
2019-04-08,196.4000,200.1200,192.8800,103526800.0
2019-04-09,200.3200,199.5200,192.3200,143072800.0
2019-04-10,198.6800,200.6000,193.4000,86781200.0
2019-04-11,200.8400,198.9600,191.7600,83603200.0
2019-04-12,199.2000,198.8800,191.6800,111042800.0
2019-04-15,198.6000,199.2400,192.0400,70146400.0
2019-04-16,199.4800,199.2400,192.0800,102785600.0
2019-04-17,199.5200,203.1200,195.8000,115627200.0
2019-04-18,203.1200,203.8800,196.5200,96783200.0
2019-04-22,202.8400,204.5200,197.1600,77758000.0
2019-04-23,204.4400,207.4800,200.0000,93292000.0
2019-04-24,207.3600,207.1600,199.6800,70162400.0
2019-04-25,206.8400,205.2800,197.8800,74172800.0
2019-04-26,204.8800,204.3200,196.9200,74596400.0
2019-04-29,204.4000,204.6000,197.2400,88818800.0
2019-04-30,203.0400,200.6800,193.4400,186139600.0
2019-05-01,209.8800,210.5200,202.9200,259309200.0
2019-05-02,209.8400,209.1600,201.6000,127985200.0
2019-05-03,210.8800,211.7600,204.1200,83569600.0
2019-05-06,204.2800,208.4800,200.9600,129772400.0
2019-05-07,205.8800,202.8800,195.5600,155054800.0
2019-05-08,201.8800,202.8800,195.6000,105358000.0
2019-05-09,200.4000,200.7200,193.4800,139634400.0
2019-05-10,197.4000,197.1600,190.8000,164834800.0
2019-05-13,187.7200,185.7200,179.7200,229722400.0
2019-05-14,186.4000,188.6800,182.5600,146118800.0
2019-05-15,186.2800,190.9200,184.7600,106178800.0
2019-05-16,189.9200,190.0800,183.9200,132125600.0
2019-05-17,186.9200,189.0000,182.8800,131516400.0
2019-05-20,183.5200,183.0800,177.1600,154449200.0
2019-05-21,185.2400,186.6000,180.5600,113459200.0
2019-05-22,184.6800,182.7600,176.8800,118994400.0
2019-05-23,179.8000,179.6800,173.8400,146118800.0
2019-05-24,180.2000,178.9600,173.1600,94858800.0
2019-05-28,178.9200,178.2400,172.4800,111792800.0
2019-05-29,176.4000,177.4000,171.6400,113924800.0
2019-05-30,177.9600,178.3200,172.5200,84873600.0
2019-05-31,176.2400,175.0800,169.4000,108174400.0
2019-06-03,175.6000,173.3200,167.6800,161584400.0
2019-06-04,175.4400,179.6400,173.8400,123872000.0
2019-06-05,184.2800,182.5200,176.6400,119093600.0
2019-06-06,183.0800,185.2400,179.2400,90105200.0
2019-06-07,186.5200,190.1600,184.0000,122737600.0
2019-06-10,191.8000,192.6000,186.3600,104883600.0
2019-06-11,194.8800,194.8000,188.5200,107731600.0
2019-06-12,193.9600,194.2000,187.9200,73012800.0
2019-06-13,194.6800,194.1600,187.8800,86698400.0
2019-06-14,191.5600,192.7600,186.5200,75046000.0
2019-06-17,192.8800,193.8800,187.6000,58676400.0
2019-06-18,196.0400,198.4400,192.0400,106204000.0
2019-06-19,199.6800,197.8800,191.4800,84496800.0
2019-06-20,200.3600,199.4800,193.0000,86056000.0
2019-06-21,198.8000,198.7600,192.3600,191202400.0
2019-06-24,198.5200,198.6000,192.1600,72881600.0
2019-06-25,198.4400,195.5600,189.2400,84281200.0
2019-06-26,197.7600,199.8000,193.3200,104270000.0
2019-06-27,200.2800,199.7600,193.2800,83598800.0
2019-06-28,198.6800,197.9200,191.5200,124442400.0
2019-07-01,203.1600,201.5600,195.0400,109012000.0
2019-07-02,201.4000,202.7200,196.1600,67740800.0
2019-07-03,203.2800,204.4000,197.8000,45448000.0
2019-07-05,203.3600,204.2400,197.6400,69062000.0
2019-07-08,200.8000,200.0400,193.5600,101354400.0
2019-07-09,199.2000,201.2400,194.7200,82312000.0
2019-07-10,201.8400,203.2400,196.6400,71588400.0
2019-07-11,203.3200,201.7600,195.2400,80767200.0
2019-07-12,202.4400,203.3200,196.7200,70380800.0
2019-07-15,204.0800,205.2000,198.5600,67789600.0
2019-07-16,204.6000,204.5200,197.8800,67467200.0
2019-07-17,204.0400,203.3600,196.7600,56430000.0
2019-07-18,204.0000,205.6800,199.0000,74162400.0
2019-07-19,205.8000,202.6000,196.0400,83717200.0
2019-07-22,203.6400,207.2400,200.5200,89111600.0
2019-07-23,208.4800,208.8400,202.0800,73420800.0
2019-07-24,207.6800,208.6800,201.9200,59966400.0
2019-07-25,208.8800,207.0400,200.3200,55638400.0
2019-07-26,207.4800,207.7600,201.0000,70475600.0
2019-07-29,208.4800,209.6800,202.8800,86693600.0
2019-07-30,208.7600,208.7600,202.0400,135742800.0
2019-07-31,216.4000,213.0400,206.1600,277125600.0
2019-08-01,213.8800,208.4400,201.6800,216071600.0
2019-08-02,205.5200,204.0400,197.4000,163448400.0
2019-08-05,198.0000,193.3200,187.0800,209572000.0
2019-08-06,196.3200,197.0000,190.6400,143299200.0
2019-08-07,195.4000,199.0400,192.6000,133457600.0
2019-08-08,200.2000,203.4400,196.8400,108038000.0
2019-08-09,201.3200,201.0000,195.2400,98478800.0
2019-08-12,199.6000,200.4800,194.7200,89927600.0
2019-08-13,201.0400,208.9600,202.9600,188874000.0
2019-08-14,203.1600,202.7600,196.9200,146189600.0
2019-08-15,203.4800,201.7600,195.9600,108909600.0
2019-08-16,204.2800,206.5200,200.5600,110481600.0
2019-08-19,210.6000,210.3600,204.3200,97654400.0
2019-08-20,210.8800,210.3600,204.3200,107537200.0
2019-08-21,213.0000,212.6400,206.5600,86141600.0
2019-08-22,213.2000,212.4800,206.3600,89014800.0
2019-08-23,209.4400,202.6400,196.8400,187272000.0
2019-08-26,205.8800,206.4800,200.5600,104174400.0
2019-08-27,207.8800,204.1600,198.3200,103493200.0
2019-08-28,204.1200,205.5200,199.6400,63755200.0
2019-08-29,208.5200,209.0000,203.0000,83962000.0
2019-08-30,210.1600,208.7600,202.7600,84573600.0
2019-09-03,206.4400,205.6800,199.8000,80092000.0
2019-09-04,208.4000,209.2000,203.2000,76752400.0
2019-09-05,212.0000,213.2800,207.1600,95654800.0
2019-09-06,214.0400,213.2400,207.1600,77449200.0
2019-09-09,214.8400,214.1600,208.0400,109237600.0
2019-09-10,213.8800,216.6800,210.4800,127111600.0
2019-09-11,218.0800,223.6000,217.1600,177158400.0
2019-09-12,224.8000,223.0800,216.6800,128906800.0
2019-09-13,220.0000,218.7600,212.4800,159053200.0
2019-09-16,217.7200,219.8800,213.6000,84632400.0
2019-09-17,219.9600,220.6800,214.3600,73274800.0
2019-09-18,221.0400,222.7600,216.4000,101360000.0
2019-09-19,222.0000,220.9600,214.6400,88242400.0
2019-09-20,221.4000,217.7200,211.4800,221652400.0
2019-09-23,218.9600,218.7200,212.4400,76662000.0
2019-09-24,221.0400,217.6800,211.4400,124763200.0
2019-09-25,218.5600,221.0400,214.6800,87613600.0
2019-09-26,220.0000,219.8800,213.6000,75334000.0
2019-09-27,220.5200,218.8400,212.5600,101408000.0
2019-09-30,220.8800,223.9600,217.5600,103909600.0
2019-10-01,225.0800,224.6000,218.1600,139223200.0
2019-10-02,223.0400,218.9600,212.6800,138449200.0
2019-10-03,218.4400,220.8400,214.4800,114426000.0
2019-10-04,225.6400,227.0000,220.4800,138478800.0
2019-10-07,226.2800,227.0400,220.5600,122306000.0
2019-10-08,225.8400,224.4000,217.9600,111820000.0
2019-10-09,227.0400,227.0400,220.5200,74770400.0
2019-10-10,227.9200,230.0800,223.4800,113013600.0
2019-10-11,232.9600,236.2000,229.4400,166795600.0
2019-10-14,234.8800,235.8800,229.1200,96427600.0
2019-10-15,236.4000,235.3200,228.5600,87360000.0
2019-10-16,233.3600,234.3600,227.6400,73903200.0
2019-10-17,235.0800,235.2800,228.5200,67585200.0
2019-10-18,234.6000,236.4000,229.6400,97433600.0
2019-10-21,237.5200,240.5200,233.6000,87247200.0
2019-10-22,241.1600,239.9600,233.0800,82293600.0
2019-10-23,242.1200,243.1600,236.2000,75828800.0
2019-10-24,244.5200,243.6000,236.6000,69275200.0
2019-10-25,243.1600,246.6000,239.5200,73477200.0
2019-10-28,247.4000,249.0400,241.9200,96572800.0
2019-10-29,248.9600,243.2800,236.3200,142839600.0
2019-10-30,244.7600,243.2400,236.2800,124522000.0
2019-10-31,247.2400,248.7600,241.6400,139162000.0
2019-11-01,249.5200,255.8400,248.4800,151125200.0
2019-11-04,257.3200,257.5200,250.1200,103272000.0
2019-11-05,257.0400,257.1200,249.7600,79897600.0
2019-11-06,256.7600,257.2400,249.8800,75864400.0
2019-11-07,258.7200,259.4400,252.7600,94940400.0
2019-11-08,258.6800,260.1600,253.4400,69986400.0
2019-11-11,258.2800,262.2000,255.4400,81821200.0
2019-11-12,261.5600,261.9600,255.2000,87388800.0
2019-11-13,261.1200,264.4800,257.6400,102734400.0
2019-11-14,263.7600,262.6400,255.8800,89182800.0
2019-11-15,263.6800,265.7600,258.9200,100206400.0
2019-11-18,265.8000,267.1200,260.2000,86703200.0
2019-11-19,267.8800,266.2800,259.4400,76167200.0
2019-11-20,265.5600,263.2000,256.4000,106234400.0
2019-11-21,263.6800,262.0000,255.2400,121395200.0
2019-11-22,262.6000,261.7600,255.0400,65325200.0
2019-11-25,262.7200,266.3600,259.5200,84020400.0
2019-11-26,266.9600,264.2800,257.4800,105207600.0
2019-11-27,265.5600,267.8400,260.9200,65235600.0
2019-11-29,266.6000,267.2400,260.3600,46617600.0
2019-12-02,267.2800,264.1600,257.3600,94487200.0
2019-12-03,258.3200,259.4400,252.7600,114430400.0
2019-12-04,261.0800,261.7200,255.0000,67181600.0
2019-12-05,263.8000,265.5600,258.7200,74424400.0
2019-12-06,267.4800,270.7200,263.7200,106075600.0
2019-12-09,270.0000,266.9200,260.0400,128042400.0
2019-12-10,268.6000,268.4800,261.5600,90420400.0
2019-12-11,268.8000,270.7600,263.8000,78756800.0
2019-12-12,267.7600,271.4400,264.4800,137310400.0
2019-12-13,271.4400,275.1600,268.0400,133587600.0
2019-12-16,277.0000,279.8400,272.6400,128186000.0
2019-12-17,279.5600,280.4000,273.2000,114158400.0
2019-12-18,279.8000,279.7200,272.5200,116028400.0
2019-12-19,279.5200,280.0000,272.8000,98369200.0
2019-12-20,282.2400,279.4400,272.2400,275978000.0
2019-12-23,280.5200,284.0000,276.6800,98572000.0
2019-12-24,284.6800,284.2800,276.9600,48478800.0
2019-12-26,284.8400,289.9200,282.4400,93121200.0
2019-12-27,291.1200,289.8000,282.3200,146266000.0
2019-12-30,289.4400,291.5200,284.0000,144114400.0
2019-12-31,289.9200,293.6400,286.0800,100805600.0
2020-01-02,296.2400,300.3600,292.6000,135480400.0
2020-01-03,297.1600,297.4400,289.7600,146322800.0
2020-01-06,293.8000,299.8000,292.0800,118387200.0
2020-01-07,299.8400,298.4000,290.7200,108872000.0
2020-01-08,297.1600,303.2000,295.3600,132079200.0
2020-01-09,307.2400,309.6400,301.6400,170108400.0
2020-01-10,310.6000,310.3200,302.3200,140644800.0
2020-01-13,311.6400,316.9600,308.8000,121532000.0
2020-01-14,316.7200,312.6800,304.6400,161954400.0
2020-01-15,311.8400,311.3200,303.3200,121923600.0
2020-01-16,313.6000,315.2400,307.1200,108829200.0
2020-01-17,316.2800,318.7200,310.5200,137816400.0
2020-01-21,317.2000,316.5600,308.4000,110843200.0
2020-01-22,318.5600,317.7200,309.5200,101832400.0
2020-01-23,317.9200,319.2400,311.0000,104472000.0
2020-01-24,320.2400,318.3200,310.1200,146537600.0
2020-01-27,310.0400,308.9600,301.0000,161940000.0
2020-01-28,312.6000,317.6800,309.5200,162234000.0
2020-01-29,324.4400,324.3200,316.0000,216229200.0
2020-01-30,320.5600,323.8800,315.5200,126743200.0
2020-01-31,320.9200,309.5200,301.5200,199588400.0
2020-02-03,304.2800,308.6800,300.7200,173788400.0
2020-02-04,315.3200,318.8400,310.6400,136616400.0
2020-02-05,323.5200,321.4400,313.1600,118826800.0
2020-02-06,322.5600,325.2000,316.8400,105425600.0
2020-02-07,322.3600,320.0400,312.5200,117684000.0
2020-02-10,314.1600,321.5600,314.0000,109348800.0
2020-02-11,323.6000,319.6000,312.1200,94323200.0
2020-02-12,321.4800,327.2000,319.5200,113730400.0
2020-02-13,324.2000,324.8800,317.2400,94747600.0
2020-02-14,324.7200,324.9600,317.3200,80113600.0
2020-02-18,315.3600,319.0000,311.5200,152531200.0
2020-02-19,320.0000,323.6000,316.0400,93984000.0
2020-02-20,322.6400,320.2800,312.8000,100566000.0
2020-02-21,318.6000,313.0400,305.7200,129554000.0
2020-02-24,297.2800,298.1600,291.2000,222195200.0
2020-02-25,300.9600,288.0800,281.3200,230673600.0
2020-02-26,286.5200,292.6400,285.8000,198054800.0
2020-02-27,281.1200,273.5200,267.1200,320605600.0
2020-02-28,257.2800,273.3600,266.9600,426510000.0
2020-03-02,282.2800,298.8000,291.8000,341397200.0
2020-03-03,303.6800,289.3200,282.5200,319475600.0
2020-03-04,296.4400,302.7200,295.6400,219178400.0
2020-03-05,295.5200,292.9200,286.0400,187572800.0
2020-03-06,282.0000,289.0400,282.2400,226176800.0
2020-03-09,263.7600,266.1600,259.9200,286744800.0
2020-03-10,277.1600,285.3200,278.6400,285290000.0
2020-03-11,277.4000,275.4400,268.9600,255598800.0
2020-03-12,255.9600,248.2400,242.4000,418474000.0
2020-03-13,264.8800,277.9600,271.4400,370732000.0
2020-03-16,241.9600,242.2000,236.5200,322423600.0
2020-03-17,247.5200,252.8800,246.9200,324056000.0
2020-03-18,239.7600,246.6800,240.8800,300233600.0
2020-03-19,247.4000,244.7600,239.0400,271857200.0
2020-03-20,247.1600,229.2400,223.8800,401693200.0
2020-03-23,228.0800,224.3600,219.1200,336752800.0
2020-03-24,236.3600,246.8800,241.0800,287531200.0
2020-03-25,250.7600,245.5200,239.7600,303602000.0
2020-03-26,246.5200,258.4400,252.3600,252087200.0
2020-03-27,252.7600,247.7600,241.9200,204216800.0
2020-03-30,250.7600,254.8000,248.8400,167976400.0
2020-03-31,255.6000,254.2800,248.3200,197002000.0
2020-04-01,246.5200,240.9200,235.2400,176218400.0
2020-04-02,240.3200,244.9200,239.2000,165934000.0
2020-04-03,242.8000,241.4000,235.7600,129880000.0
2020-04-06,250.8800,262.4800,256.3200,201820400.0
2020-04-07,270.8000,259.4400,253.3600,202887200.0
2020-04-08,262.7200,266.0800,259.8400,168895200.0
2020-04-09,268.7200,268.0000,261.7200,161834800.0
2020-04-13,268.3200,273.2400,266.8400,131022800.0
2020-04-14,280.0000,287.0400,280.3200,194994800.0
2020-04-15,282.4000,284.4400,277.7600,131154400.0
2020-04-16,287.4000,286.6800,279.9600,157125200.0
2020-04-17,284.6800,282.8000,276.1600,215250000.0
2020-04-20,277.9600,276.9200,270.4400,130015200.0
2020-04-21,276.2800,268.3600,262.0800,180991600.0
2020-04-22,273.6000,276.1200,269.6400,116862400.0
2020-04-23,275.8800,275.0400,268.5600,124814400.0
2020-04-24,277.2000,282.9600,276.3200,126161200.0
2020-04-27,281.8000,283.1600,276.5200,117087600.0
2020-04-28,285.0800,278.5600,272.0400,112004800.0
2020-04-29,284.7200,287.7200,281.0000,137280800.0
2020-04-30,289.9600,293.8000,286.9200,183064000.0
2020-05-01,286.2400,289.0800,282.2800,240616800.0
2020-05-04,289.1600,293.1600,286.2800,133568000.0
2020-05-05,295.0400,297.5600,290.6000,147751200.0
2020-05-06,300.4400,300.6400,293.5600,142333600.0
2020-05-07,303.2400,303.7200,296.6000,115215200.0
2020-05-08,305.6400,310.1200,303.6800,133838400.0
2020-05-11,308.1200,315.0000,308.4400,145946400.0
2020-05-12,317.8400,311.4000,304.9200,162301200.0
2020-05-13,312.1600,307.6400,301.2400,200622400.0
2020-05-14,304.5200,309.5600,303.0800,158929200.0
2020-05-15,300.3600,307.7200,301.3200,166348400.0
2020-05-18,313.1600,314.9600,308.4000,135178400.0
2020-05-19,315.0400,313.1600,306.6400,101729600.0
2020-05-20,316.6800,319.2400,312.6000,111504800.0
2020-05-21,318.6800,316.8400,310.2400,102688800.0
2020-05-22,315.7600,318.8800,312.2400,81803200.0
2020-05-26,323.5200,316.7200,310.1200,125522000.0
2020-05-27,316.1600,318.1200,311.4800,112945200.0
2020-05-28,316.7600,318.2400,311.6400,133560800.0
2020-05-29,319.2400,317.9600,311.3200,153532400.0
2020-06-01,317.7600,321.8400,315.1600,80791200.0
2020-06-02,320.7600,323.3200,316.6000,87642800.0
2020-06-03,324.6800,325.1200,318.3600,104491200.0
2020-06-04,324.4000,322.3200,315.6000,87560400.0
2020-06-05,323.3600,331.5200,324.6000,137250400.0
2020-06-08,330.2400,333.4400,326.5200,95654400.0
2020-06-09,332.1600,344.0000,336.8400,147712400.0
2020-06-10,347.8800,352.8400,345.4800,166651600.0
2020-06-11,349.3200,335.8800,328.9200,201662400.0
2020-06-12,344.7200,338.8000,331.7600,200146000.0
2020-06-15,333.2400,343.0000,335.8400,138808800.0
2020-06-16,351.4400,352.0800,344.7600,165428800.0
2020-06-17,355.1600,351.6000,344.2800,114406400.0
2020-06-18,351.4000,351.7200,344.4000,96820400.0
2020-06-19,354.6400,349.7200,342.4400,264476000.0
2020-06-22,351.3200,358.8800,351.4000,135445200.0
2020-06-23,364.0000,366.5200,358.9200,212155600.0
2020-06-24,365.0000,360.0400,352.5600,192623200.0
2020-06-25,360.7200,364.8400,357.2400,137522400.0
2020-06-26,364.4000,353.6400,346.2800,205256800.0
2020-06-29,353.2400,361.7600,354.2400,130646000.0
2020-06-30,360.0800,364.8000,357.2000,140223200.0
2020-07-01,365.1200,364.1200,356.5200,110737200.0
2020-07-02,367.8400,364.1200,356.5200,114041600.0
2020-07-06,370.0000,373.8400,366.0800,118655600.0
2020-07-07,375.4000,372.6800,364.9200,112424400.0
2020-07-08,376.7200,381.3600,373.4400,117092000.0
2020-07-09,385.0400,383.0000,375.0400,125642800.0
2020-07-10,381.3200,383.6800,375.6800,90257200.0
2020-07-13,389.0400,381.9200,373.9600,191649200.0
2020-07-14,379.3600,388.2400,380.1600,170989200.0
2020-07-15,395.9600,390.8800,382.7600,153198000.0
2020-07-16,386.2400,386.0800,378.0400,110577600.0
2020-07-17,387.9600,385.3200,377.2800,92186800.0
2020-07-20,385.6800,393.4400,385.2400,90318000.0
2020-07-21,396.6800,388.0000,379.9200,103433200.0
2020-07-22,386.7600,389.0800,381.0000,89001600.0
2020-07-23,388.0000,371.4000,363.6400,197004400.0
2020-07-24,363.9600,370.4400,362.7600,185438800.0
2020-07-27,374.8400,379.2400,371.3600,121214000.0
2020-07-28,377.4800,373.0000,365.2400,103625600.0
2020-07-29,375.0000,380.1600,372.2400,90329200.0
2020-07-30,376.7600,384.7600,376.7600,158130000.0
2020-07-31,411.5600,425.0400,416.2000,374336800.0
2020-08-03,432.8000,435.7600,426.6800,308151200.0
2020-08-04,436.5200,438.6800,429.5200,173071600.0
2020-08-05,437.5200,440.2400,431.0800,121776800.0
2020-08-06,441.6000,455.6000,446.1200,202428800.0
2020-08-07,452.8400,444.4400,436.0000,198045600.0
2020-08-10,450.4000,450.9200,442.3200,212403600.0
2020-08-11,447.8800,437.5200,429.1600,187902400.0
2020-08-12,442.0000,452.0400,443.4400,165598000.0
2020-08-13,457.7200,460.0400,451.2800,210082000.0
2020-08-14,459.3200,459.6400,450.8800,165565200.0
2020-08-17,464.2400,458.4400,449.6800,119561600.0
2020-08-18,457.4000,462.2400,453.4400,105633600.0
2020-08-19,463.9200,462.8400,454.0000,145538000.0
2020-08-20,463.0000,473.1200,464.0800,126907200.0
2020-08-21,477.0400,497.4800,488.0000,338054800.0
2020-08-24,514.8000,503.4400,493.8400,345937600.0
2020-08-25,498.8000,499.2800,489.8000,211495600.0
2020-08-26,504.7200,506.0800,496.4400,163022400.0
2020-08-27,508.5600,500.0400,490.5200,155552400.0
2020-08-28,504.0400,499.2400,489.7200,187630000.0
2020-08-31,127.58,129.04,126.58,225702700.0
2020-09-01,132.76,134.18,131.62,151948100.0
2020-09-02,137.59,131.4,128.9,200119000.0
2020-09-03,126.91,120.88,118.58,257599600.0
2020-09-04,120.07,120.96,118.66,332607200.0
2020-09-08,113.95,112.82,110.67,231366600.0
2020-09-09,117.26,117.32,115.09,176940500.0
2020-09-10,120.36,113.49,111.33,182274400.0
2020-09-11,114.57,112.0,109.87,180860300.0
2020-09-14,114.72,115.36,113.16,140150100.0
2020-09-15,118.33,115.54,113.34,184642000.0
2020-09-16,115.23,112.13,109.99,154679000.0
2020-09-17,109.72,110.34,108.24,178011000.0
2020-09-18,110.4,106.84,104.81,287104900.0
2020-09-21,104.54,110.08,107.98,195713800.0
2020-09-22,112.68,111.81,109.68,183055400.0
2020-09-23,111.62,107.12,105.08,150718700.0
2020-09-24,105.17,108.22,106.16,167743300.0
2020-09-25,108.43,112.28,110.14,149981400.0
2020-09-28,115.01,114.96,112.77,137672400.0
2020-09-29,114.55,114.09,111.92,99382200.0
2020-09-30,113.79,115.81,113.6,142675200.0
2020-10-01,117.64,116.79,114.57,116120400.0
2020-10-02,112.89,113.02,110.87,144712000.0
2020-10-05,113.91,116.5,114.28,106243800.0
2020-10-06,115.7,113.16,111.0,161498200.0
2020-10-07,114.62,115.08,112.89,96849000.0
2020-10-08,116.25,114.97,112.78,83477200.0
2020-10-09,115.28,116.97,114.74,100506900.0
2020-10-12,120.06,124.4,122.03,240226800.0
2020-10-13,125.27,121.1,118.79,262330500.0
2020-10-14,121.0,121.19,118.88,150712000.0
2020-10-15,118.72,120.71,118.41,112559200.0
2020-10-16,121.28,119.02,116.75,115393800.0
2020-10-19,119.96,115.98,113.77,120639300.0
2020-10-20,116.2,117.51,115.27,124423700.0
2020-10-21,116.67,116.87,114.64,89946000.0
2020-10-22,117.45,115.75,113.55,101988000.0
2020-10-23,116.39,115.04,112.85,82572600.0
2020-10-26,114.01,115.05,112.86,111850700.0
2020-10-27,115.49,116.6,114.38,92276800.0
2020-10-28,115.05,111.2,109.08,143937800.0
2020-10-29,112.37,115.32,113.12,146129200.0
2020-10-30,111.06,108.86,106.79,190272600.0
2020-11-02,109.11,108.77,106.7,122866900.0
2020-11-03,109.66,110.44,108.34,107624400.0
2020-11-04,114.14,114.95,112.76,138235500.0
2020-11-05,117.95,119.03,116.76,126387100.0
2020-11-06,118.32,118.69,116.63,114457900.0
2020-11-09,120.5,116.32,114.3,154515300.0
2020-11-10,115.55,115.97,113.96,138023400.0
2020-11-11,117.19,119.49,117.42,112295000.0
2020-11-12,119.62,119.21,117.14,103162300.0
2020-11-13,119.44,119.26,117.19,81581900.0
2020-11-16,118.92,120.3,118.21,91183000.0
2020-11-17,119.55,119.39,117.32,74271000.0
2020-11-18,118.61,118.03,115.98,76322100.0
2020-11-19,117.59,118.64,116.58,74113000.0
2020-11-20,118.64,117.34,115.3,73604300.0
2020-11-23,117.18,113.85,111.87,127959300.0
2020-11-24,113.91,115.17,113.17,113874200.0
2020-11-25,115.55,116.03,114.02,76499200.0
2020-11-27,116.57,116.59,114.57,46691300.0
2020-11-30,116.97,119.05,116.98,169410200.0
2020-12-01,121.01,122.72,120.59,127728200.0
2020-12-02,122.02,123.08,120.94,89004200.0
2020-12-03,123.52,122.94,120.81,78967600.0
2020-12-04,122.6,122.25,120.13,78260400.0
2020-12-07,122.31,123.75,121.6,86712000.0
2020-12-08,124.37,124.38,122.22,82225500.0
2020-12-09,124.53,121.78,119.67,115089200.0
2020-12-10,120.5,123.24,121.1,81312200.0
2020-12-11,122.43,122.41,120.29,86939800.0
2020-12-14,122.6,121.78,119.67,79184500.0
2020-12-15,124.34,127.88,125.66,157243700.0
2020-12-16,127.41,127.81,125.59,98208600.0
2020-12-17,128.9,128.7,126.47,94359800.0
2020-12-18,128.96,126.66,124.46,192541500.0
2020-12-21,125.02,128.23,126.0,121251600.0
2020-12-22,131.61,131.88,129.59,168904800.0
2020-12-23,132.16,130.96,128.69,88223700.0
2020-12-24,131.32,131.97,129.68,54930100.0
2020-12-28,133.99,136.69,134.32,124486200.0
2020-12-29,138.05,134.87,132.53,121047300.0
2020-12-30,135.58,133.72,131.4,96452100.0
2020-12-31,134.08,132.69,130.39,99116600.0
2021-01-04,133.52,129.41,127.16,143301900.0
2021-01-05,128.89,131.01,128.74,97664900.0
2021-01-06,127.72,126.6,124.4,155088000.0
2021-01-07,128.36,130.92,128.65,109578200.0
2021-01-08,132.43,132.05,129.76,105158200.0
2021-01-11,129.19,128.98,126.74,100384500.0
2021-01-12,128.5,128.8,126.56,91951100.0
2021-01-13,128.76,130.89,128.62,88636800.0
2021-01-14,130.8,128.91,126.67,90221800.0
2021-01-15,128.78,127.14,124.93,111598500.0
2021-01-19,127.78,127.83,125.61,90757300.0
2021-01-20,128.66,132.03,129.74,104319500.0
2021-01-21,133.8,136.87,134.49,120150900.0
2021-01-22,136.28,139.07,136.66,114459400.0
2021-01-25,143.07,142.92,140.44,157611700.0
2021-01-26,143.6,143.16,140.68,98390600.0
2021-01-27,143.43,142.06,139.59,140843800.0
2021-01-28,139.52,137.09,134.71,142621100.0
2021-01-29,135.83,131.96,129.67,177523800.0
2021-02-01,133.75,134.14,131.81,106239800.0
2021-02-02,135.73,134.99,132.65,83305400.0
2021-02-03,135.76,133.94,131.62,89880900.0
2021-02-04,136.3,137.39,135.01,84183100.0
2021-02-05,137.35,136.76,134.59,75693800.0
2021-02-08,136.03,136.91,134.74,71297200.0
2021-02-09,136.62,136.01,133.85,76774200.0
2021-02-10,136.48,135.39,133.24,73046600.0
2021-02-11,135.9,135.13,132.98,64280000.0
2021-02-12,134.35,135.37,133.22,60145100.0
2021-02-16,135.49,133.19,131.07,80576300.0
2021-02-17,131.25,130.84,128.76,97918500.0
2021-02-18,129.2,129.71,127.65,96856700.0
2021-02-19,130.24,129.87,127.81,87668800.0
2021-02-22,128.01,126.0,124.0,103916400.0
2021-02-23,123.76,125.86,123.86,158273000.0
2021-02-24,124.94,125.35,123.36,111039900.0
2021-02-25,124.68,120.99,119.07,148199500.0
2021-02-26,122.59,121.26,119.33,164560400.0
2021-03-01,123.75,127.79,125.76,116307900.0
2021-03-02,128.41,125.12,123.13,102260900.0
2021-03-03,124.81,122.06,120.12,112966300.0
2021-03-04,121.75,120.13,118.22,178155000.0
2021-03-05,120.98,121.42,119.49,153766600.0
2021-03-08,120.93,116.36,114.51,154376600.0
2021-03-09,119.03,121.09,119.17,129525800.0
2021-03-10,121.69,119.98,118.07,111943300.0
2021-03-11,122.54,121.96,120.02,103026500.0
2021-03-12,120.4,121.03,119.11,88105100.0
2021-03-15,121.41,123.99,122.02,92403800.0
2021-03-16,125.7,125.57,123.58,115227900.0
2021-03-17,124.05,124.76,122.78,111932600.0
2021-03-18,122.88,120.53,118.62,121229700.0
2021-03-19,119.9,119.99,118.08,185549500.0
2021-03-22,120.33,123.39,121.43,111912300.0
2021-03-23,123.33,122.54,120.59,95467100.0
2021-03-24,122.82,120.09,118.18,88530500.0
2021-03-25,119.54,120.59,118.67,98844700.0
2021-03-26,120.35,121.21,119.28,94071200.0
2021-03-29,121.65,121.39,119.46,80819200.0
2021-03-30,120.11,119.9,118.0,85671900.0
2021-03-31,121.65,122.15,120.21,118323800.0
2021-04-01,123.66,123.0,121.05,75089100.0
2021-04-05,123.87,125.9,123.9,88651200.0
2021-04-06,126.5,126.21,124.21,80171300.0
2021-04-07,125.83,127.9,125.87,83466700.0
2021-04-08,128.95,130.36,128.29,88844600.0
2021-04-09,129.8,133.0,130.89,106686700.0
2021-04-12,132.52,131.24,129.16,91420000.0
2021-04-13,132.44,134.43,132.29,91266500.0
2021-04-14,134.94,132.03,129.93,87222800.0
2021-04-15,133.82,134.5,132.36,89347100.0
2021-04-16,134.3,134.16,132.03,84922400.0
2021-04-19,133.51,134.84,132.7,94264200.0
2021-04-20,135.02,133.11,131.0,94812300.0
2021-04-21,132.36,133.5,131.38,68847100.0
2021-04-22,133.04,131.94,129.84,84566500.0
2021-04-23,132.16,134.32,132.19,78657500.0
2021-04-26,134.83,134.72,132.58,66905100.0
2021-04-27,135.01,134.39,132.26,66015800.0
2021-04-28,134.31,133.58,131.46,107760100.0
2021-04-29,136.47,133.48,131.36,151101000.0
2021-04-30,131.78,131.46,129.37,109839500.0
2021-05-03,132.04,132.54,130.43,75135100.0
2021-05-04,131.19,127.85,125.82,137564700.0
2021-05-05,129.2,128.1,126.06,84000900.0
2021-05-06,127.89,129.74,127.68,78128300.0
2021-05-07,130.85,130.21,128.36,78973300.0
2021-05-10,129.41,126.85,125.05,88071200.0
2021-05-11,123.5,125.91,124.12,126142800.0
2021-05-12,123.4,122.77,121.02,112172300.0
2021-05-13,124.58,124.97,123.19,105861300.0
2021-05-14,126.25,127.45,125.64,81918000.0
2021-05-17,126.82,126.27,124.48,74244600.0
2021-05-18,126.56,124.85,123.08,63342900.0
2021-05-19,123.16,124.69,122.92,92612000.0
2021-05-20,125.23,127.31,125.5,76857100.0
2021-05-21,127.82,125.43,123.65,79295400.0
2021-05-24,126.01,127.1,125.29,63092900.0
2021-05-25,127.82,126.9,125.1,72009500.0
2021-05-26,126.96,126.85,125.05,56575900.0
2021-05-27,126.44,125.28,123.5,94625600.0
2021-05-28,125.57,124.61,122.84,71311100.0
2021-06-01,125.08,124.28,122.51,67637100.0
2021-06-02,124.28,125.06,123.28,59278900.0
2021-06-03,124.68,123.54,121.78,76229200.0
2021-06-04,124.07,125.89,124.1,75169300.0
2021-06-07,126.17,125.9,124.11,71057600.0
2021-06-08,126.6,126.74,124.94,74403800.0
2021-06-09,127.21,127.13,125.32,56877900.0
2021-06-10,127.02,126.11,124.32,71186400.0
2021-06-11,126.53,127.35,125.54,53522400.0
2021-06-14,127.82,130.48,128.63,96906500.0
2021-06-15,129.94,129.64,127.8,62746300.0
2021-06-16,130.37,130.15,128.3,91815000.0
2021-06-17,129.8,131.79,129.92,96721700.0
2021-06-18,130.71,130.46,128.61,108953300.0
2021-06-21,130.3,132.3,130.42,79663300.0
2021-06-22,132.13,133.98,132.08,74783600.0
2021-06-23,133.77,133.7,131.8,60214200.0
2021-06-24,134.45,133.41,131.51,68711000.0
2021-06-25,133.46,133.11,131.22,70783700.0
2021-06-28,133.41,134.78,132.86,62111300.0
2021-06-29,134.8,136.33,134.39,64556100.0
2021-06-30,136.17,136.96,135.01,63261400.0
2021-07-01,136.6,137.27,135.32,52485800.0
2021-07-02,137.9,139.96,137.97,78852600.0
2021-07-06,140.07,142.02,140.0,108181800.0
2021-07-07,143.54,144.57,142.51,104911600.0
2021-07-08,141.58,143.24,141.2,105575500.0
2021-07-09,142.75,145.11,143.05,99890800.0
2021-07-12,146.21,144.5,142.45,76299700.0
2021-07-13,144.03,145.64,143.57,100827100.0
2021-07-14,148.1,149.15,147.03,127050800.0
2021-07-15,149.24,148.48,146.37,106820300.0
2021-07-16,148.46,146.39,144.31,93251400.0
2021-07-19,143.75,142.45,140.43,121434600.0
2021-07-20,143.46,146.15,144.07,96350000.0
2021-07-21,145.53,145.4,143.33,74993500.0
2021-07-22,145.94,146.8,144.71,77338200.0
2021-07-23,147.55,148.56,146.45,71447400.0
2021-07-26,148.27,148.99,146.87,72434100.0
2021-07-27,149.12,146.77,144.68,104818600.0
2021-07-28,144.81,144.98,142.92,118931200.0
2021-07-29,144.69,145.64,143.57,56699500.0
2021-07-30,144.38,145.86,143.79,70440600.0
2021-08-02,146.36,145.52,143.45,62880000.0
2021-08-03,145.81,147.36,145.27,64786600.0
2021-08-04,147.27,146.95,144.86,56368300.0
2021-08-05,146.98,147.06,144.97,46397700.0
2021-08-06,146.35,146.14,144.28,54126800.0
2021-08-09,146.2,146.09,144.23,48908700.0
2021-08-10,146.44,145.6,143.75,69023100.0
2021-08-11,146.05,145.86,144.0,48493500.0
2021-08-12,146.19,148.89,146.99,72282600.0
2021-08-13,148.97,149.1,147.2,59375000.0
2021-08-16,148.54,151.12,149.2,103296000.0
2021-08-17,150.23,150.19,148.28,92229700.0
2021-08-18,149.8,146.36,144.5,86326000.0
2021-08-19,145.03,146.7,144.83,86960300.0
2021-08-20,147.44,148.19,146.3,60549600.0
2021-08-23,148.31,149.71,147.8,60131800.0
2021-08-24,149.45,149.62,147.71,48606400.0
2021-08-25,149.81,148.36,146.47,58991300.0
2021-08-26,148.35,147.54,145.66,48597200.0
2021-08-27,147.48,148.6,146.71,55802400.0
2021-08-30,149.0,153.12,151.17,90956700.0
2021-08-31,152.66,151.83,149.9,86453100.0
2021-09-01,152.83,152.51,150.57,80313700.0
2021-09-02,153.87,153.65,151.69,71115500.0
2021-09-03,153.76,154.3,152.33,57808700.0
2021-09-07,154.97,156.69,154.69,82278300.0
2021-09-08,156.98,155.11,153.13,74420200.0
2021-09-09,155.49,154.07,152.11,57305700.0
2021-09-10,155.0,148.97,147.07,140893200.0
2021-09-13,150.63,149.55,147.65,102404300.0
2021-09-14,150.35,148.12,146.23,109296300.0
2021-09-15,148.56,149.03,147.13,83281300.0
2021-09-16,148.44,148.79,146.89,68034100.0
2021-09-17,148.82,146.06,144.2,129868800.0
2021-09-20,143.8,142.94,141.12,123478900.0
2021-09-21,143.93,143.43,141.6,75834000.0
2021-09-22,144.45,145.85,143.99,76404300.0
2021-09-23,146.65,146.83,144.96,64838200.0
2021-09-24,145.66,146.92,145.05,53477900.0
2021-09-27,145.47,145.37,143.52,74150700.0
2021-09-28,143.25,141.91,140.1,108972300.0
2021-09-29,142.47,142.83,141.01,74602000.0
2021-09-30,143.66,141.5,139.7,89056700.0
2021-10-01,141.9,142.65,140.83,94639600.0
2021-10-04,141.76,139.14,137.37,98322000.0
2021-10-05,139.49,141.11,139.31,80861100.0
2021-10-06,139.47,142.0,140.19,83221100.0
2021-10-07,143.06,143.29,141.46,61732700.0
2021-10-08,144.03,142.9,141.08,58773200.0
2021-10-11,142.27,142.81,140.99,64452200.0
2021-10-12,143.23,141.51,139.71,73035900.0
2021-10-13,141.24,140.91,139.12,78762700.0
2021-10-14,142.11,143.76,141.93,69907100.0
2021-10-15,143.77,144.84,143.0,67940300.0
2021-10-18,143.45,146.55,144.68,85589200.0
2021-10-19,147.01,148.76,146.87,76378900.0
2021-10-20,148.7,149.26,147.36,58418800.0
2021-10-21,148.81,149.48,147.58,61421000.0
2021-10-22,149.69,148.69,146.8,58883400.0
2021-10-25,148.68,148.64,146.75,50720600.0
2021-10-26,149.33,149.32,147.42,60893400.0
2021-10-27,149.36,148.85,146.95,56094900.0
2021-10-28,149.82,152.57,150.63,100077900.0
2021-10-29,147.22,149.8,147.89,124953200.0
2021-11-01,148.99,148.96,147.06,74588300.0
2021-11-02,148.66,150.02,148.11,69122000.0
2021-11-03,150.39,151.49,149.56,54511500.0
2021-11-04,151.58,150.96,149.04,60394600.0
2021-11-05,151.89,151.28,149.57,65463900.0
2021-11-08,151.41,150.44,148.74,55020900.0
2021-11-09,150.2,150.81,149.11,56787900.0
2021-11-10,150.02,147.92,146.25,65187100.0
2021-11-11,148.96,147.87,146.2,41000000.0
2021-11-12,148.43,149.99,148.3,63804000.0
2021-11-15,150.37,150.0,148.31,59222800.0
2021-11-16,149.94,151.0,149.29,59256200.0
2021-11-17,151.0,153.49,151.76,88807000.0
2021-11-18,153.71,157.87,156.09,137827700.0
2021-11-19,157.65,160.55,158.74,117305600.0
2021-11-22,161.68,161.02,159.2,117467900.0
2021-11-23,161.12,161.41,159.59,96041900.0
2021-11-24,160.75,161.94,160.11,69463600.0
2021-11-26,159.57,156.81,155.04,76959800.0
2021-11-29,159.37,160.24,158.43,88748200.0
2021-11-30,159.99,165.3,163.43,174048100.0
2021-12-01,167.48,164.77,162.91,152052500.0
2021-12-02,158.74,163.76,161.91,136739200.0
2021-12-03,164.02,161.84,160.01,118023100.0
2021-12-06,164.29,165.32,163.45,107497000.0
2021-12-07,169.08,171.18,169.25,120405400.0
2021-12-08,172.13,175.08,173.1,116998900.0
2021-12-09,174.91,174.56,172.59,108923700.0
2021-12-10,175.21,179.45,177.42,115402700.0
2021-12-13,181.12,175.74,173.75,153237000.0
2021-12-14,175.25,174.33,172.36,139380400.0
2021-12-15,175.11,179.3,177.27,131063300.0
2021-12-16,179.28,172.26,170.31,150185800.0
2021-12-17,169.93,171.14,169.21,195432700.0
2021-12-20,168.28,169.75,167.83,107499100.0
2021-12-21,171.56,172.99,171.04,91185900.0
2021-12-22,173.04,175.64,173.66,92135300.0
2021-12-23,175.85,176.28,174.29,68356600.0
2021-12-27,177.09,180.33,178.29,74919600.0
2021-12-28,180.16,179.29,177.26,79144300.0
2021-12-29,179.33,179.38,177.35,62348900.0
2021-12-30,179.47,178.2,176.19,59773000.0
2021-12-31,178.09,177.57,175.56,64062300.0
2022-01-03,177.83,182.01,179.95,104487900.0
2022-01-04,182.63,179.7,177.67,99310400.0
2022-01-05,179.61,174.92,172.94,94537600.0
2022-01-06,172.7,172.0,170.06,96904000.0
2022-01-07,172.89,172.17,170.23,86709100.0
2022-01-10,169.08,172.19,170.24,106765600.0
2022-01-11,172.32,175.08,173.1,76138300.0
2022-01-12,176.12,175.53,173.55,74805200.0
2022-01-13,175.78,172.19,170.24,84505800.0
2022-01-14,171.34,173.07,171.11,80440800.0
2022-01-18,171.51,169.8,167.88,90956700.0
2022-01-19,170.0,166.23,164.35,94815000.0
2022-01-20,166.98,164.51,162.65,91420500.0
2022-01-21,164.42,162.41,160.58,122848900.0
2022-01-24,160.02,161.62,159.79,162294600.0
2022-01-25,158.98,159.78,157.97,115798400.0
2022-01-26,163.5,159.69,157.89,108275300.0
2022-01-27,162.45,159.22,157.42,121954600.0
2022-01-28,165.71,170.33,168.41,179935700.0
2022-01-31,170.16,174.78,172.81,115541600.0
2022-02-01,174.01,174.61,172.64,86213900.0
2022-02-02,174.75,175.84,173.85,84914300.0
2022-02-03,174.48,172.9,170.95,89418100.0
2022-02-04,171.68,172.39,170.66,82465400.0
2022-02-07,172.86,171.66,169.94,77251200.0
2022-02-08,171.73,174.83,173.08,74829200.0
2022-02-09,176.05,176.28,174.51,71285000.0
2022-02-10,174.14,172.12,170.39,90865900.0
2022-02-11,172.33,168.64,166.95,98670700.0
2022-02-14,167.37,168.88,167.18,86185500.0
2022-02-15,170.97,172.79,171.06,62527400.0
2022-02-16,171.85,172.55,170.82,61177400.0
2022-02-17,171.03,168.88,167.18,69589300.0
2022-02-18,169.82,167.3,165.62,82772700.0
2022-02-22,164.98,164.32,162.67,91162800.0
2022-02-23,165.54,160.07,158.46,90009200.0
2022-02-24,152.58,162.74,161.11,141147500.0
2022-02-25,163.84,164.85,163.2,91974200.0
2022-02-28,163.06,165.12,163.46,95056600.0
2022-03-01,164.7,163.2,161.56,83474400.0
2022-03-02,164.39,166.56,164.89,79724800.0
2022-03-03,168.47,166.23,164.56,76678400.0
2022-03-04,164.49,163.17,161.53,83737200.0
2022-03-07,163.36,159.3,157.7,96418800.0
2022-03-08,158.82,157.44,155.86,131148300.0
2022-03-09,161.48,162.95,161.31,91454900.0
2022-03-10,160.2,158.52,156.93,105342000.0
2022-03-11,158.93,154.73,153.18,96970100.0
2022-03-14,151.45,150.62,149.11,108732100.0
2022-03-15,150.9,155.09,153.53,92964300.0
2022-03-16,157.05,159.59,157.99,102300200.0
2022-03-17,158.61,160.62,159.01,75615400.0
2022-03-18,160.51,163.98,162.33,123511700.0
2022-03-21,163.51,165.38,163.72,95811400.0
2022-03-22,165.51,168.82,167.13,81532000.0
2022-03-23,167.99,170.21,168.5,98062700.0
2022-03-24,171.06,174.07,172.32,90131400.0
2022-03-25,173.88,174.72,172.97,80546200.0
2022-03-28,172.17,175.6,173.84,90371900.0
2022-03-29,176.69,178.96,177.16,100589400.0
2022-03-30,178.55,177.77,175.99,92633200.0
2022-03-31,177.84,174.61,172.86,103049300.0
2022-04-01,174.03,174.31,172.56,78751300.0
2022-04-04,174.57,178.44,176.65,76468400.0
2022-04-05,177.5,175.06,173.3,73401800.0
2022-04-06,172.36,171.83,170.11,89058800.0
2022-04-07,171.16,172.14,170.41,77594700.0
2022-04-08,171.78,170.09,168.38,76575500.0
2022-04-11,168.71,165.75,164.09,72246700.0
2022-04-12,168.02,167.66,165.98,79265200.0
2022-04-13,167.39,170.4,168.69,70618900.0
2022-04-14,170.62,165.29,163.63,75329400.0
2022-04-18,163.92,165.07,163.41,69023900.0
2022-04-19,165.02,167.4,165.72,67723800.0
2022-04-20,168.76,167.23,165.55,67929800.0
2022-04-21,168.91,166.42,164.75,87227800.0
2022-04-22,166.46,161.79,160.17,84882400.0
2022-04-25,161.12,162.88,161.25,96046400.0
2022-04-26,162.25,156.8,155.23,95623200.0
2022-04-27,155.91,156.57,155.0,88063200.0
2022-04-28,159.25,163.64,162.0,130216800.0
2022-04-29,161.84,157.65,156.07,131747600.0
2022-05-02,156.71,157.96,156.37,123055300.0
2022-05-03,158.15,159.48,157.88,88966500.0
2022-05-04,159.67,166.02,164.35,108256500.0
2022-05-05,163.85,156.77,155.2,130525300.0
2022-05-06,156.01,157.28,155.93,116124600.0
2022-05-09,154.93,152.06,150.75,131577900.0
2022-05-10,155.52,154.51,153.18,115366700.0
2022-05-11,153.5,146.5,145.24,142689800.0
2022-05-12,142.77,142.56,141.34,182602000.0
2022-05-13,144.59,147.11,145.85,113990900.0
2022-05-16,145.55,145.54,144.29,86643800.0
2022-05-17,148.86,149.24,147.96,78336300.0
2022-05-18,146.85,140.82,139.61,109742900.0
2022-05-19,139.88,137.35,136.17,136095600.0
2022-05-20,139.09,137.59,136.41,137426100.0
2022-05-23,137.79,143.11,141.88,117726300.0
2022-05-24,140.81,140.36,139.16,104132700.0
2022-05-25,138.43,140.52,139.31,92482700.0
2022-05-26,137.39,143.78,142.55,90601500.0
2022-05-27,145.39,149.64,148.36,90978500.0
2022-05-31,149.07,148.84,147.56,103718400.0
2022-06-01,149.9,148.71,147.43,74286600.0
2022-06-02,147.83,151.21,149.91,72348100.0
2022-06-03,146.9,145.38,144.13,88570300.0
2022-06-06,147.03,146.14,144.89,71598400.0
2022-06-07,144.35,148.71,147.43,67808200.0
2022-06-08,148.58,147.96,146.69,53950200.0
2022-06-09,147.08,142.64,141.42,69473000.0
2022-06-10,140.28,137.13,135.95,91437900.0
2022-06-13,132.87,131.88,130.75,122207100.0
2022-06-14,133.13,132.76,131.62,84784300.0
2022-06-15,134.29,135.43,134.27,91533000.0
2022-06-16,132.08,130.06,128.94,108123900.0
2022-06-17,130.07,131.56,130.43,134520300.0
2022-06-21,133.42,135.87,134.7,81000500.0
2022-06-22,134.79,135.35,134.19,73409200.0
2022-06-23,136.82,138.27,137.08,72433800.0
2022-06-24,139.9,141.66,140.44,89116800.0
2022-06-27,142.7,141.66,140.44,70207900.0
2022-06-28,142.13,137.44,136.26,67083400.0
2022-06-29,137.46,139.23,138.04,66242400.0
2022-06-30,137.25,136.72,135.55,98964500.0
2022-07-01,136.04,138.93,137.74,71051600.0
2022-07-05,137.77,141.56,140.35,73353800.0
2022-07-06,141.35,142.92,141.69,74064300.0
2022-07-07,143.29,146.35,145.09,66253700.0
2022-07-08,145.26,147.04,145.78,64547800.0
2022-07-11,145.67,144.87,143.63,63141600.0
2022-07-12,145.76,145.86,144.61,77588800.0
2022-07-13,142.99,145.49,144.24,71185600.0
2022-07-14,144.08,148.47,147.2,78140700.0
2022-07-15,149.78,150.17,148.88,76259900.0
2022-07-18,150.74,147.07,145.81,81420900.0
2022-07-19,147.92,151.0,149.7,82982400.0
2022-07-20,151.12,153.04,151.73,64823400.0
2022-07-21,154.5,155.35,154.02,65086600.0
2022-07-22,155.39,154.09,152.77,66675400.0
2022-07-25,154.01,152.95,151.64,53623900.0
2022-07-26,152.26,151.6,150.3,55138700.0
2022-07-27,152.58,156.79,155.44,78620700.0
2022-07-28,156.98,157.35,156.0,81378700.0
2022-07-29,161.24,162.51,161.12,101786900.0
2022-08-01,161.01,161.51,160.12,67829400.0
2022-08-02,160.1,160.01,158.64,59907000.0
2022-08-03,160.84,166.13,164.7,82507500.0
2022-08-04,166.01,165.81,164.39,55474100.0
2022-08-05,163.21,165.35,164.16,56697000.0
2022-08-08,166.37,164.87,163.68,60276900.0
2022-08-09,164.02,164.92,163.73,63135500.0
2022-08-10,167.68,169.24,168.02,70170500.0
2022-08-11,170.06,168.49,167.28,57149200.0
2022-08-12,169.82,172.1,170.86,68039400.0
2022-08-15,171.52,173.19,171.94,54091700.0
2022-08-16,172.78,173.03,171.78,56377100.0
2022-08-17,172.77,174.55,173.29,79542000.0
2022-08-18,173.75,174.15,172.9,62290100.0
2022-08-19,173.03,171.52,170.28,70346300.0
2022-08-22,169.69,167.57,166.36,69026800.0
2022-08-23,167.08,167.23,166.03,54147100.0
2022-08-24,167.32,167.53,166.32,53841500.0
2022-08-25,168.78,170.03,168.8,51218200.0
2022-08-26,170.57,163.62,162.44,78961000.0
2022-08-29,161.15,161.38,160.22,73314000.0
2022-08-30,162.13,158.91,157.76,77906200.0
2022-08-31,160.31,157.22,156.09,87991100.0
2022-09-01,156.64,157.96,156.82,74229900.0
2022-09-02,159.75,155.81,154.69,76957800.0
2022-09-06,156.47,154.53,153.42,73714800.0
2022-09-07,154.82,155.96,154.84,87449600.0
2022-09-08,154.64,154.46,153.35,84923800.0
2022-09-09,155.47,157.37,156.24,68028800.0
2022-09-12,159.59,163.43,162.25,104956000.0
2022-09-13,159.9,153.84,152.73,122656600.0
2022-09-14,154.79,155.31,154.19,87965400.0
2022-09-15,154.65,152.37,151.27,90481100.0
2022-09-16,151.21,150.7,149.61,162278800.0
2022-09-19,149.31,154.48,153.37,81474200.0
2022-09-20,153.4,156.9,155.77,107689800.0
2022-09-21,157.34,153.72,152.61,101696800.0
2022-09-22,152.38,152.74,151.64,86652500.0
2022-09-23,151.19,150.43,149.35,96029900.0
2022-09-26,149.66,150.77,149.68,93339400.0
2022-09-27,152.74,151.76,150.67,84442700.0
2022-09-28,147.64,149.84,148.76,146691400.0
2022-09-29,146.1,142.48,141.45,128138200.0
2022-09-30,141.28,138.2,137.2,124925300.0
2022-10-03,138.21,142.45,141.42,114311700.0
2022-10-04,145.03,146.1,145.05,87830100.0
2022-10-05,144.07,146.4,145.35,79471000.0
2022-10-06,145.81,145.43,144.38,68402200.0
2022-10-07,142.54,140.09,139.08,85925600.0
2022-10-10,140.42,140.42,139.41,74899000.0
2022-10-11,139.9,138.98,137.98,77033700.0
2022-10-12,139.13,138.34,137.34,70433700.0
2022-10-13,134.99,142.99,141.96,113224000.0
2022-10-14,144.31,138.38,137.38,88598000.0
2022-10-17,141.07,142.41,141.38,85250900.0
2022-10-18,145.49,143.75,142.71,99136600.0
2022-10-19,141.69,143.86,142.82,61758300.0
2022-10-20,143.02,143.39,142.36,64522000.0
2022-10-21,142.87,147.27,146.21,86548600.0
2022-10-24,147.19,149.45,148.37,75981900.0
2022-10-25,150.09,152.34,151.24,74732300.0
2022-10-26,150.96,149.35,148.27,88194300.0
2022-10-27,148.07,144.8,143.76,109180200.0
2022-10-28,148.2,155.74,154.62,164762400.0
2022-10-31,153.16,153.34,152.24,97943200.0
2022-11-01,155.08,150.65,149.56,80379300.0
2022-11-02,148.95,145.03,143.99,93604600.0
2022-11-03,142.06,138.88,137.88,97918500.0
2022-11-04,142.09,138.38,137.61,140814800.0
2022-11-07,137.11,138.92,138.15,83374600.0
2022-11-08,140.41,139.5,138.72,89908500.0
2022-11-09,138.5,134.87,134.12,74917800.0
2022-11-10,141.24,146.87,146.05,118854000.0
2022-11-11,145.82,149.7,148.87,93979700.0
2022-11-14,148.97,148.28,147.46,73374100.0
2022-11-15,152.22,150.04,149.21,89868300.0
2022-11-16,149.13,148.79,147.96,64218300.0
2022-11-17,146.43,150.72,149.88,80389400.0
2022-11-18,152.31,151.29,150.45,74829600.0
2022-11-21,150.16,148.01,147.19,58724100.0
2022-11-22,148.13,150.18,149.35,51804100.0
2022-11-23,149.45,151.07,150.23,58301400.0
2022-11-25,148.31,148.11,147.29,35195900.0
2022-11-28,145.14,144.22,143.42,69246000.0
2022-11-29,144.29,141.17,140.39,83763800.0
2022-11-30,141.4,148.03,147.21,111380900.0
2022-12-01,148.21,148.31,147.49,71250400.0
2022-12-02,145.96,147.81,146.99,65447400.0
2022-12-05,147.77,146.63,145.81,68826400.0
2022-12-06,147.07,142.91,142.12,64727200.0
2022-12-07,142.19,140.94,140.16,69721100.0
2022-12-08,142.36,142.65,141.86,62128300.0
2022-12-09,142.34,142.16,141.37,76097000.0
2022-12-12,142.7,144.49,143.69,70462700.0
2022-12-13,149.5,145.47,144.66,93886200.0
2022-12-14,145.35,143.21,142.41,82291200.0
2022-12-15,141.11,136.5,135.74,98931900.0
2022-12-16,136.69,134.51,133.76,160156900.0
2022-12-19,135.11,132.37,131.63,79592600.0
2022-12-20,131.39,132.3,131.56,77432800.0
2022-12-21,132.98,135.45,134.7,85928000.0
2022-12-22,134.35,132.23,131.49,77852100.0
2022-12-23,130.92,131.86,131.13,63814900.0
2022-12-27,131.38,130.03,129.31,69007800.0
2022-12-28,129.67,126.04,125.34,85438400.0
2022-12-29,127.99,129.61,128.89,75703700.0
2022-12-30,128.41,129.93,129.21,77034200.0
2023-01-03,130.28,125.07,124.37,112117500.0
2023-01-04,126.89,126.36,125.66,89113600.0
2023-01-05,127.13,125.02,124.33,80962700.0
2023-01-06,126.01,129.62,128.9,87754700.0
2023-01-09,130.47,130.15,129.43,70790800.0
2023-01-10,130.26,130.73,130.0,63896200.0
2023-01-11,131.25,133.49,132.75,69458900.0
2023-01-12,133.88,133.41,132.67,71379600.0
2023-01-13,132.03,134.76,134.01,57809700.0
2023-01-17,134.83,135.94,135.18,63646600.0
2023-01-18,136.82,135.21,134.46,69672800.0
2023-01-19,134.08,135.27,134.52,58280400.0
2023-01-20,135.28,137.87,137.1,80223600.0
2023-01-23,138.12,141.11,140.33,81760300.0
2023-01-24,140.31,142.53,141.74,66435100.0
2023-01-25,140.89,141.86,141.07,65799300.0
2023-01-26,143.17,143.96,143.16,54105100.0
2023-01-27,143.16,145.93,145.12,70555800.0
2023-01-30,144.96,143.0,142.21,64015300.0
2023-01-31,142.7,144.29,143.49,65874500.0
2023-02-01,143.97,145.43,144.62,77663600.0
2023-02-02,148.9,150.82,149.98,118339000.0
2023-02-03,148.03,154.5,153.64,154357300.0
2023-02-06,152.57,151.73,150.89,69858300.0
2023-02-07,150.64,154.65,153.79,83322600.0
2023-02-08,153.88,151.92,151.08,64120100.0
2023-02-09,153.78,150.87,150.03,56007100.0
2023-02-10,149.46,151.01,150.4,57450700.0
2023-02-13,150.95,153.85,153.23,62199000.0
2023-02-14,152.12,153.2,152.58,61707600.0
2023-02-15,153.11,155.33,154.7,65573800.0
2023-02-16,153.51,153.71,153.09,68167900.0
2023-02-17,152.35,152.55,151.93,59144100.0
2023-02-21,150.2,148.48,147.88,58867200.0
2023-02-22,148.87,148.91,148.31,51011300.0
2023-02-23,150.09,149.4,148.8,48394200.0
2023-02-24,147.11,146.71,146.12,55469600.0
2023-02-27,147.71,147.92,147.32,44998500.0
2023-02-28,147.05,147.41,146.81,50547000.0
2023-03-01,146.83,145.31,144.72,55479000.0
2023-03-02,144.38,145.91,145.32,52238100.0
2023-03-03,148.04,151.03,150.42,70732300.0
2023-03-06,153.79,153.83,153.21,87558000.0
2023-03-07,153.7,151.6,150.99,56182000.0
2023-03-08,152.81,152.87,152.25,47204800.0
2023-03-09,153.56,150.59,149.98,53833600.0
2023-03-10,150.21,148.5,147.9,68572400.0
2023-03-13,147.81,150.47,149.86,84457100.0
2023-03-14,151.28,152.59,151.97,73695900.0
2023-03-15,151.19,152.99,152.37,77167900.0
2023-03-16,152.16,155.85,155.22,76161100.0
2023-03-17,156.08,155.0,154.37,98944600.0
2023-03-20,155.07,157.4,156.76,73641400.0
2023-03-21,157.32,159.28,158.64,73938300.0
2023-03-22,159.3,157.83,157.19,75701800.0
2023-03-23,158.83,158.93,158.29,67622100.0
2023-03-24,158.86,160.25,159.6,59196500.0
2023-03-27,159.94,158.28,157.64,52390300.0
2023-03-28,157.97,157.65,157.01,45992200.0
2023-03-29,159.37,160.77,160.12,51305700.0
2023-03-30,161.53,162.36,161.7,49501700.0
2023-03-31,162.44,164.9,164.23,68749800.0
2023-04-03,164.27,166.17,165.5,56976200.0
2023-04-04,166.6,165.63,164.96,46278300.0
2023-04-05,164.74,163.76,163.1,51511700.0
2023-04-06,162.43,164.66,163.99,45390100.0
2023-04-10,161.42,162.03,161.38,47716900.0
2023-04-11,162.35,160.8,160.15,47644200.0
2023-04-12,161.22,160.1,159.45,50133100.0
2023-04-13,161.63,165.56,164.89,68445600.0
2023-04-14,164.59,165.21,164.54,49386500.0
2023-04-17,165.09,165.23,164.56,41516200.0
2023-04-18,166.1,166.47,165.8,49923000.0
2023-04-19,165.8,167.63,166.95,47720200.0
2023-04-20,166.09,166.65,165.98,52456400.0
2023-04-21,165.05,165.02,164.35,58337300.0
2023-04-24,165.0,165.33,164.66,41949600.0
2023-04-25,165.19,163.77,163.11,48714100.0
2023-04-26,163.06,163.76,163.1,45498800.0
2023-04-27,165.19,168.41,167.73,64902300.0
2023-04-28,168.49,169.68,168.99,55209200.0
2023-05-01,169.28,169.59,168.9,52472900.0
2023-05-02,170.09,168.54,167.86,48425700.0
2023-05-03,169.5,167.45,166.77,65136000.0
2023-05-04,164.89,165.79,165.12,81235400.0
2023-05-05,170.98,173.57,172.87,113316400.0
2023-05-08,172.48,173.5,172.8,55962800.0
2023-05-09,173.05,171.77,171.08,45326900.0
2023-05-10,173.02,173.56,172.86,53724500.0
2023-05-11,173.85,173.75,173.05,49514700.0
2023-05-12,173.62,172.57,172.11,45497800.0
2023-05-15,173.16,172.07,171.61,37266700.0
2023-05-16,171.99,172.07,171.61,42110300.0
2023-05-17,171.71,172.69,172.23,57951600.0
2023-05-18,173.0,175.05,174.58,65496700.0
2023-05-19,176.39,175.16,174.69,55772400.0
2023-05-22,173.98,174.2,173.74,43570900.0
2023-05-23,173.13,171.56,171.1,50747300.0
2023-05-24,171.09,171.84,171.38,45143500.0
2023-05-25,172.41,172.99,172.53,56058300.0
2023-05-26,173.32,175.43,174.96,54835000.0
2023-05-30,176.96,177.3,176.83,55964400.0
2023-05-31,177.33,177.25,176.78,99625300.0
2023-06-01,177.7,180.09,179.61,68901800.0
2023-06-02,181.03,180.95,180.47,61945900.0
2023-06-05,182.63,179.58,179.1,121946500.0
2023-06-06,179.97,179.21,178.73,64848400.0
2023-06-07,178.44,177.82,177.35,61944600.0
2023-06-08,177.9,180.57,180.09,50214900.0
2023-06-09,181.5,180.96,180.48,48870700.0
2023-06-12,181.27,183.79,183.3,54274900.0
2023-06-13,182.8,183.31,182.82,54929100.0
2023-06-14,183.37,183.95,183.46,57462900.0
2023-06-15,183.96,186.01,185.51,65433200.0
2023-06-16,186.73,184.92,184.43,101235600.0
2023-06-20,184.41,185.01,184.52,49799100.0
2023-06-21,184.9,183.96,183.47,49515700.0
2023-06-22,183.74,187.0,186.5,51245300.0
2023-06-23,185.55,186.68,186.18,53079300.0
2023-06-26,186.83,185.27,184.78,48088700.0
2023-06-27,185.89,188.06,187.56,50730800.0
2023-06-28,187.93,189.25,188.75,51216800.0
2023-06-29,189.08,189.59,189.09,46347300.0
2023-06-30,191.63,193.97,193.45,85069600.0
2023-07-03,193.78,192.46,191.95,31458200.0
2023-07-05,191.57,191.33,190.82,46920300.0
2023-07-06,189.84,191.81,191.3,45094300.0
2023-07-07,191.41,190.68,190.17,46778000.0
2023-07-10,189.26,188.61,188.11,59922200.0
2023-07-11,189.16,188.08,187.58,46638100.0
2023-07-12,189.68,189.77,189.26,60750200.0
2023-07-13,190.5,190.54,190.03,41342300.0
2023-07-14,190.23,190.69,190.18,41573900.0
2023-07-17,191.9,193.99,193.47,50520200.0
2023-07-18,193.35,193.73,193.21,48353800.0
2023-07-19,193.1,195.1,194.58,80507300.0
2023-07-20,195.09,193.13,192.62,59581200.0
2023-07-21,194.1,191.94,191.43,71917800.0
2023-07-24,193.41,192.75,192.24,45377800.0
2023-07-25,193.33,193.62,193.1,37283200.0
2023-07-26,193.67,194.5,193.98,47471900.0
2023-07-27,196.02,193.22,192.71,47460200.0
2023-07-28,194.67,195.83,195.31,48291400.0
2023-07-31,196.06,196.45,195.93,38824100.0
2023-08-01,196.24,195.61,195.09,35175100.0
2023-08-02,195.04,192.58,192.07,50389300.0
2023-08-03,191.57,191.17,190.66,61235200.0
2023-08-04,185.52,181.99,181.51,115799700.0
2023-08-07,182.13,178.85,178.37,97576100.0
2023-08-08,179.69,179.8,179.32,67823000.0
2023-08-09,180.87,178.19,177.72,60378500.0
2023-08-10,179.48,177.97,177.5,54686900.0
2023-08-11,177.32,177.79,177.56,51988100.0
2023-08-14,177.97,179.46,179.22,43675600.0
2023-08-15,178.88,177.45,177.22,43622600.0
2023-08-16,177.13,176.57,176.34,46964900.0
2023-08-17,177.14,174.0,173.77,66062900.0
2023-08-18,172.3,174.49,174.26,61114200.0
2023-08-21,175.07,175.84,175.61,46311900.0
2023-08-22,177.06,177.23,177.0,42084200.0
2023-08-23,178.52,181.12,180.88,52722800.0
2023-08-24,180.67,176.38,176.15,54945800.0
2023-08-25,177.38,178.61,178.38,51449600.0
2023-08-28,180.09,180.19,179.95,43820700.0
2023-08-29,179.7,184.12,183.88,53003900.0
2023-08-30,184.94,187.65,187.4,60813900.0
2023-08-31,187.84,187.87,187.62,60794500.0
2023-09-01,189.49,189.46,189.21,45732600.0
2023-09-05,188.28,189.7,189.45,45280000.0
2023-09-06,188.4,182.91,182.67,81755800.0
2023-09-07,175.18,177.56,177.33,112488800.0
2023-09-08,178.35,178.18,177.95,65551300.0
2023-09-11,180.07,179.36,179.12,58953100.0
2023-09-12,179.49,176.3,176.07,90370200.0
2023-09-13,176.51,174.21,173.98,84267900.0
2023-09-14,174.0,175.74,175.51,60895800.0
2023-09-15,176.48,175.01,174.78,109205100.0
2023-09-18,176.48,177.97,177.74,67257600.0
2023-09-19,177.52,179.07,178.83,51826900.0
2023-09-20,179.26,175.49,175.26,58436200.0
2023-09-21,174.55,173.93,173.7,63047900.0
2023-09-22,174.67,174.79,174.56,56725400.0
2023-09-25,174.2,176.08,175.85,46172700.0
2023-09-26,174.82,171.96,171.73,64588900.0
2023-09-27,172.62,170.43,170.21,66921800.0
2023-09-28,169.34,170.69,170.47,56294400.0
2023-09-29,172.02,171.21,170.98,51814200.0
2023-10-02,171.22,173.75,173.52,52164500.0
2023-10-03,172.26,172.4,172.17,49594600.0
2023-10-04,171.09,173.66,173.43,53020300.0
2023-10-05,173.79,174.91,174.68,48527900.0
2023-10-06,173.8,177.49,177.26,57224100.0
2023-10-09,176.81,178.99,178.75,42390800.0
2023-10-10,178.1,178.39,178.16,43698000.0
2023-10-11,178.2,179.8,179.56,47551100.0
2023-10-12,180.07,180.71,180.47,56743100.0
2023-10-13,181.42,178.85,178.61,51427100.0
2023-10-16,176.75,178.72,178.48,52517000.0
2023-10-17,176.65,177.15,176.92,57549400.0
2023-10-18,175.58,175.84,175.61,54764400.0
2023-10-19,176.04,175.46,175.23,59302900.0
2023-10-20,175.31,172.88,172.65,64189300.0
2023-10-23,170.91,173.0,172.77,55980100.0
2023-10-24,173.05,173.44,173.21,43816600.0
2023-10-25,171.88,171.1,170.87,57157000.0
2023-10-26,170.37,166.89,166.67,70625300.0
2023-10-27,166.91,168.22,168.0,58499100.0
2023-10-30,169.02,170.29,170.07,51131000.0
2023-10-31,169.35,170.77,170.55,44846000.0
2023-11-01,171.0,173.97,173.74,56934900.0
2023-11-02,175.52,177.57,177.34,77334800.0
2023-11-03,174.24,176.65,176.42,79763700.0
2023-11-06,176.38,179.23,178.99,63841300.0
2023-11-07,179.18,181.82,181.58,70530000.0
2023-11-08,182.35,182.89,182.65,49340300.0
2023-11-09,182.96,182.41,182.17,53763500.0
2023-11-10,183.97,186.4,186.4,66133400.0
2023-11-13,185.82,184.8,184.8,43627500.0
2023-11-14,187.7,187.44,187.44,60108400.0
2023-11-15,187.85,188.01,188.01,53790500.0
2023-11-16,189.57,189.71,189.71,54412900.0
2023-11-17,190.25,189.69,189.69,50922700.0
2023-11-20,189.89,191.45,191.45,46505100.0
2023-11-21,191.41,190.64,190.64,38134500.0
2023-11-22,191.49,191.31,191.31,39617700.0
2023-11-24,190.87,189.97,189.97,24048300.0
2023-11-27,189.92,189.79,189.79,40552600.0
2023-11-28,189.78,190.4,190.4,38415400.0
2023-11-29,190.9,189.37,189.37,43014200.0
2023-11-30,189.84,189.95,189.95,48794400.0
2023-12-01,190.33,191.24,191.24,45679300.0
2023-12-04,189.98,189.43,189.43,43389500.0
2023-12-05,190.21,193.42,193.42,66628400.0
2023-12-06,194.45,192.32,192.32,41089700.0
2023-12-07,193.63,194.27,194.27,47477700.0
2023-12-08,194.2,195.71,195.71,53377300.0
2023-12-11,193.11,193.18,193.18,60943700.0
2023-12-12,193.08,194.71,194.71,52696900.0
2023-12-13,195.09,197.96,197.96,69726500.0
2023-12-14,198.02,198.11,198.11,66831600.0
2023-12-15,197.53,197.57,197.57,128256700.0
2023-12-18,196.09,195.89,195.89,55751900.0
2023-12-19,196.16,196.94,196.94,40660000.0
2023-12-20,196.9,197.29,197.29,16846982.0
2023-12-21,196.1,194.68,194.68,46432100.0
2023-12-22,195.18,193.6,193.6,35779848.0
2023-12-26,193.61,192.95,192.95,15872810.0
2023-12-27,192.49,193.15,193.15,48053800.0
2023-12-28,194.14,193.81,193.81,23482406.0
2023-12-29,193.9,193.07,193.07,6179192.0
2024-01-02,187.15,185.64,185.64,82386900.0
2024-01-03,184.22,184.25,184.25,56433880.0
2024-01-04,184.22,181.91,181.91,71181573.0
2024-01-05,181.99,181.18,181.18,62303300.0
2024-01-08,182.09,185.56,185.56,59144500.0
2024-01-09,183.92,185.14,185.14,42841800.0
2024-01-10,184.35,186.19,186.19,46792900.0
2024-01-11,186.54,185.59,185.59,49072200.0
2024-01-12,186.06,185.92,185.92,40444700.0
2024-01-16,182.16,183.63,183.63,65409294.0
2024-01-17,181.27,182.68,182.68,47279600.0
2024-01-18,186.09,188.63,188.63,77921000.0
2024-01-19,189.33,190.07,190.07,28643371.0
2024-01-22,192.3,193.89,193.89,60103400.0
2024-01-23,195.02,194.39,194.39,9031144.0
2024-01-24,195.42,195.25,195.25,6418710.0
2024-01-25,195.22,194.17,194.17,54730800.0
2024-01-26,194.27,192.42,192.42,44553400.0
2024-01-29,192.01,190.84,190.84,13169373.0
2024-01-30,190.94,188.04,188.04,55753700.0
2024-01-31,187.04,185.82,185.82,19767340.0
2024-02-01,183.99,185.42,185.42,18415484.0
2024-02-02,179.86,186.55,186.55,49104142.0
2024-02-05,188.15,187.68,187.68,69574200.0
2024-02-06,186.86,189.3,189.3,43309800.0
2024-02-07,190.64,189.41,189.41,53402000.0
2024-02-08,189.38,188.2,188.2,15888531.0
2024-02-09,188.65,189.85,189.85,15951078.0
2024-02-12,188.42,187.15,187.15,41781900.0
2024-02-13,185.77,185.04,185.04,54080860.0
2024-02-14,185.32,184.15,184.15,54543200.0
2024-02-15,185.32,181.73,181.73,25796216.0
2024-02-16,183.55,183.32,183.32,15543036.0
2024-02-20,181.79,181.56,181.56,53611700.0
2024-02-21,181.94,182.32,182.32,41371400.0
2024-02-22,183.48,184.37,184.37,52253700.0
2024-02-23,185.01,182.52,182.52,45074500.0
2024-02-26,182.24,181.16,181.16,40715200.0
2024-02-27,181.1,182.63,182.63,54219400.0
2024-02-28,182.51,181.42,181.42,48687631.0
2024-02-29,181.27,180.75,180.75,136595200.0
2024-03-01,179.55,179.66,179.66,73488000.0
2024-03-04,179.55,176.84,176.84,5719430.0
2024-03-05,170.76,170.12,170.12,94983800.0
2024-03-06,171.06,169.12,169.12,68436900.0
2024-03-07,169.15,169.0,169.0,71435200.0
2024-03-08,169.0,170.73,170.73,76114600.0
2024-03-11,172.94,172.55,172.55,25096954.0
2024-03-12,173.15,173.23,173.23,59734600.0
2024-03-13,172.77,171.13,171.13,52437800.0
2024-03-14,172.91,173.69,173.69,15701713.0
2024-03-15,171.17,172.62,172.62,121664700.0
2024-03-18,175.6,177.38,177.38,21989841.0
2024-03-19,174.09,174.8,174.8,12207397.0
2024-03-20,175.72,178.67,178.67,53195300.0
2024-03-21,177.05,171.37,171.37,105906200.0
2024-03-22,171.76,172.28,172.28,71106600.0
2024-03-25,170.57,170.85,170.85,54235800.0
2024-03-26,170.0,169.71,169.71,57315500.0
2024-03-27,170.42,173.31,173.31,58586073.0
2024-03-28,171.75,171.48,171.48,65623100.0
2024-04-01,171.19,170.03,170.03,46142400.0
2024-04-02,169.08,168.84,168.84,49258300.0
2024-04-03,168.79,169.65,169.65,47602100.0
2024-04-04,170.29,168.82,168.82,53289969.0
2024-04-05,169.59,169.58,169.58,42055200.0
2024-04-08,169.06,168.55,168.55,3013297.0
2024-04-09,168.69,169.93,169.93,7297913.0
2024-04-10,168.84,167.65,167.65,19175657.0
2024-04-11,168.34,175.04,175.04,90868400.0
2024-04-12,174.26,176.55,176.55,101593300.0
2024-04-15,175.38,176.06,176.06,28739270.0
2024-04-16,171.71,172.8,172.8,10636777.0
2024-04-17,169.61,168.0,168.0,50843400.0
2024-04-18,168.03,167.04,167.04,43038700.0
2024-04-19,166.12,165.38,165.38,12536738.0
2024-04-22,165.75,165.59,165.59,19413766.0
2024-04-23,165.26,166.79,166.79,28376741.0
2024-04-24,166.4,169.02,169.02,47315677.0
2024-04-25,169.6,169.34,169.34,24456545.0
2024-04-26,169.88,169.3,169.3,44525100.0
2024-04-29,173.39,174.41,174.41,23860702.0
2024-04-30,173.2,173.92,173.92,16597038.0
2024-05-01,169.58,169.3,169.3,50383100.0
2024-05-02,172.51,173.03,173.03,94214900.0
2024-05-03,186.67,183.38,183.38,157741757.0
2024-05-06,182.35,181.71,181.71,78057800.0
2024-05-07,183.45,182.4,182.4,77305800.0
2024-05-08,182.85,182.74,182.74,45033300.0
2024-05-09,182.56,183.2,183.2,4321033.0
2024-05-10,184.9,183.05,183.05,50727400.0
2024-05-13,185.44,186.28,186.28,71998100.0
2024-05-14,187.51,187.43,187.43,52332100.0
2024-05-15,187.91,189.72,189.72,70400000.0
2024-05-16,190.47,189.84,189.84,52845200.0
2024-05-17,189.51,189.87,189.87,41260800.0
2024-05-20,189.35,191.47,191.47,9858721.0
2024-05-21,191.09,191.7,191.7,3984510.0
2024-05-22,192.25,190.9,190.9,34038227.0
2024-05-23,191.0,190.38,190.38,2068446.0
2024-05-24,188.82,189.98,189.98,36294600.0
2024-05-28,191.51,189.99,189.99,52193600.0
2024-05-29,189.51,191.02,191.02,3608447.0
2024-05-30,190.79,191.73,191.73,3698595.0
2024-05-31,191.44,192.25,192.25,74776921.0
2024-06-03,192.9,194.03,194.03,50031100.0
2024-06-04,194.72,193.54,193.54,5740320.0
2024-06-05,195.4,195.87,195.87,54156800.0
2024-06-06,195.69,194.48,194.48,41139800.0
2024-06-07,194.66,195.88,195.88,21296709.0
2024-06-10,196.9,193.12,193.12,97010200.0
2024-06-11,193.66,207.15,207.15,168874733.0
2024-06-12,207.37,213.07,213.07,194541100.0
2024-06-13,214.78,213.4,213.4,25615781.0
2024-06-14,213.81,212.49,212.49,69104366.0
2024-06-17,213.37,216.67,216.67,93728300.0
2024-06-18,217.59,214.29,214.29,79854200.0
2024-06-20,213.93,209.68,209.68,86172500.0
2024-06-21,210.39,207.49,207.49,241805100.0
2024-06-24,207.72,208.14,208.14,80629700.0
2024-06-25,209.08,210.08,210.08,7906201.0
2024-06-26,211.5,213.25,213.25,66213200.0
2024-06-27,214.69,214.1,214.1,49718000.0
2024-06-28,215.77,210.62,210.62,82475600.0
2024-07-01,212.09,216.75,216.75,60402900.0
2024-07-02,216.15,220.27,220.27,57960500.0
2024-07-03,220.0,221.55,221.55,37369800.0
2024-07-05,221.65,226.34,226.34,60330900.0
2024-07-08,227.09,226.54,226.54,34582621.0
2024-07-09,227.93,228.68,228.68,48076100.0
2024-07-10,229.3,232.98,232.98,62557700.0
2024-07-11,231.39,227.57,227.57,64710600.0
2024-07-12,229.0,230.54,230.54,52696428.0
2024-07-15,236.53,234.4,234.4,58409071.0
2024-07-16,235.0,234.82,234.82,43234300.0
2024-07-17,229.45,228.88,228.88,57281800.0
2024-07-18,230.28,224.18,224.18,66034600.0
2024-07-19,224.82,224.31,224.31,48992100.0
2024-07-22,227.01,223.96,223.96,48201800.0
2024-07-23,224.37,225.01,225.01,39960300.0
2024-07-24,224.0,218.54,218.54,61777600.0
2024-07-25,218.93,217.49,217.49,51328200.0
2024-07-26,218.7,217.96,217.96,41580100.0
2024-07-29,216.96,218.24,218.24,36261400.0
2024-07-30,219.19,218.8,218.8,41643800.0
2024-07-31,221.44,222.08,222.08,49901700.0
2024-08-01,224.37,218.36,218.36,61877900.0
2024-08-02,219.15,219.86,219.86,98480100.0
2024-08-05,199.09,209.27,209.27,119548600.0
2024-08-06,205.3,207.23,207.23,69548700.0
2024-08-07,206.9,209.82,209.82,63402300.0
2024-08-08,213.1,211.03,211.03,6778808.0
2024-08-09,212.1,216.24,216.24,42171700.0
2024-08-12,216.07,217.53,217.53,38028100.0
2024-08-13,219.01,221.27,221.27,44155300.0
2024-08-14,220.57,221.72,221.72,41888500.0
2024-08-15,224.6,224.72,224.72,46414000.0
2024-08-16,223.92,226.05,226.05,44340200.0
2024-08-19,225.72,225.89,225.89,40687800.0
2024-08-20,225.77,226.51,226.51,30299000.0
2024-08-21,226.49,226.4,226.4,33246786.0
2024-08-22,227.79,224.53,224.53,43695300.0
2024-08-23,225.66,226.84,226.84,38629400.0
2024-08-26,227.21,227.18,227.18,29834257.0
2024-08-27,226.21,228.03,228.03,35851754.0
2024-08-28,227.92,226.49,226.49,37952200.0
2024-08-29,230.1,229.79,229.79,51852200.0
2024-08-30,230.19,229.0,229.0,52958500.0
2024-09-03,228.55,222.77,222.77,50042900.0
2024-09-04,221.66,220.85,220.85,43840200.0
2024-09-05,221.52,222.38,222.38,35741943.0
2024-09-06,223.9,220.82,220.82,47972730.0
2024-09-09,220.9,220.91,220.91,66246080.0
2024-09-10,218.92,220.11,220.11,51591000.0
2024-09-11,221.46,222.66,222.66,44587100.0
2024-09-12,222.5,222.77,222.77,37498200.0
2024-09-13,223.58,222.5,222.5,36722900.0
2024-09-16,216.54,216.32,216.32,59357400.0
2024-09-17,215.75,216.79,216.79,45519300.0
2024-09-18,217.55,220.69,220.69,59894900.0
2024-09-19,224.99,228.87,228.87,66781300.0
2024-09-20,229.97,228.2,228.2,287134033.0
2024-09-23,227.34,226.47,226.47,54146000.0
2024-09-24,228.65,227.37,227.37,43492700.0
2024-09-25,224.93,226.37,226.37,42308700.0
2024-09-26,227.3,227.52,227.52,36546300.0
2024-09-27,228.46,227.79,227.79,33993600.0
2024-09-30,230.15,233.0,233.0,52779736.0
2024-10-01,229.52,226.21,226.21,62940000.0
2024-10-02,225.89,226.78,226.78,32880600.0
2024-10-03,225.14,225.67,225.67,34044200.0
2024-10-04,227.9,226.8,226.8,37245100.0
2024-10-07,224.5,221.69,221.69,39505400.0
2024-10-08,224.3,225.77,225.77,31855700.0
2024-10-09,225.23,229.54,229.54,33382000.0
2024-10-10,227.78,229.04,229.04,28183500.0
2024-10-11,229.3,227.55,227.55,31759200.0
2024-10-14,228.7,231.3,231.3,39882100.0
2024-10-15,233.61,233.85,233.85,64751400.0
2024-10-16,231.6,231.78,231.78,34082200.0
2024-10-17,233.43,232.15,232.15,32978900.0
2024-10-18,235.88,234.56,234.56,18890712.0
2024-10-21,234.45,236.48,236.48,36254500.0
2024-10-22,233.89,235.86,235.86,38846600.0
2024-10-23,234.08,230.76,230.76,52037200.0
2024-10-24,229.98,230.57,230.57,31109500.0
2024-10-25,229.74,231.41,231.41,38776700.0
2024-10-28,233.32,233.4,233.4,36028800.0
2024-10-29,233.1,233.67,233.67,35417200.0
2024-10-30,232.61,230.1,230.1,47070900.0
2024-10-31,229.34,225.91,225.91,64370100.0
2024-11-01,220.97,222.91,222.91,65242200.0
2024-11-04,220.99,222.01,222.01,44944500.0
2024-11-05,221.8,223.45,223.45,28044400.0
2024-11-06,222.61,222.72,222.48,54561100.0
2024-11-07,224.63,227.48,227.23,42137700.0
2024-11-08,227.17,226.96,226.96,38308700.0
2024-11-11,225.0,224.23,224.23,41949000.0
2024-11-12,224.55,224.23,224.23,40398300.0
2024-11-13,223.95,225.12,225.12,47686733.0
2024-11-14,225.02,228.22,228.22,44880200.0
2024-11-15,226.4,225.0,225.0,47832200.0
2024-11-18,225.25,228.02,228.02,44686000.0
2024-11-19,226.98,228.28,228.28,36211800.0
2024-11-20,228.06,229.0,229.0,35169600.0
2024-11-21,228.88,228.52,228.52,42108300.0
2024-11-22,228.06,229.87,229.87,38168300.0
2024-11-25,231.46,232.87,232.87,90152800.0
2024-11-26,233.33,235.06,235.06,45986200.0
2024-11-27,234.47,234.93,234.93,33498400.0
2024-11-29,234.81,237.33,237.33,28481400.0
2024-12-02,237.27,239.59,239.59,48137100.0
2024-12-03,239.81,242.65,242.65,38861000.0
2024-12-04,242.87,243.01,243.01,44383900.0
2024-12-05,244.05,243.04,243.04,36910248.0
2024-12-06,242.91,242.84,242.84,36852100.0
2024-12-09,241.83,246.75,246.75,44649200.0
2024-12-10,246.89,247.77,247.77,36914800.0
2024-12-11,247.96,246.49,246.49,45205800.0
2024-12-12,246.89,247.96,247.96,32777500.0
2024-12-13,247.82,248.13,248.13,33132000.0
2024-12-16,247.99,251.04,251.04,51665600.0
2024-12-17,250.08,253.48,253.48,51356400.0
2024-12-18,252.16,248.05,248.05,56774100.0
2024-12-19,247.5,249.79,249.79,60882300.0
2024-12-20,248.04,254.49,254.49,146890100.0
2024-12-23,254.77,255.27,255.27,40858800.0
2024-12-24,255.49,258.2,258.2,23234700.0
2024-12-26,258.36,259.02,259.02,27133647.0
2024-12-27,257.83,255.59,255.59,42317100.0
2024-12-30,252.23,252.2,252.2,35500300.0
2024-12-31,252.44,250.42,250.42,39468700.0
2025-01-02,248.93,243.85,243.85,55558000.0
2025-01-03,243.37,243.36,243.36,38477834.0
2025-01-06,244.31,245.0,245.0,45045600.0
2025-01-07,242.98,242.21,242.21,40856000.0
2025-01-08,241.92,242.7,242.7,37628900.0
2025-01-10,240.01,236.85,236.85,61679400.0
2025-01-13,233.53,234.4,234.4,49630700.0
2025-01-14,234.75,233.28,233.28,39387100.0
2025-01-15,234.64,237.87,237.87,39573652.0
2025-01-16,237.35,228.26,228.26,71604800.0
2025-01-17,232.12,230.6,230.6,33044261.0
2025-01-21,224.0,222.64,222.64,98070400.0
2025-01-22,219.79,223.83,223.83,64028300.0
2025-01-23,224.74,223.66,223.66,60234800.0
2025-01-24,224.78,222.78,222.78,54619500.0
2025-01-27,224.02,229.86,229.86,94863400.0
2025-01-28,230.85,238.26,238.26,75633300.0
2025-01-29,234.15,234.93,234.93,4876951.0
2025-01-30,238.67,237.59,237.59,55658300.0
2025-01-31,247.04,236.0,236.0,93080144.0
2025-02-03,229.44,228.01,228.01,70078180.0
2025-02-04,227.2,232.8,232.8,44489128.0
2025-02-05,228.53,232.47,232.47,39620300.0
2025-02-06,231.34,233.22,233.22,28918164.0
2025-02-07,232.6,227.63,227.63,39666100.0
2025-02-10,229.57,227.65,227.65,33035700.0
2025-02-11,228.2,234.17,234.17,28197477.0
2025-02-12,231.27,236.87,236.87,44964595.0
2025-02-13,236.98,237.03,237.03,6365272.0
2025-02-14,241.25,244.6,244.6,40838100.0
2025-02-18,244.15,244.47,244.47,48822500.0
2025-02-19,244.66,244.87,244.87,32204200.0
2025-02-20,244.94,245.83,245.83,32316900.0
2025-02-21,245.95,245.55,245.55,53197400.0
2025-02-24,244.93,247.1,247.1,51326400.0
2025-02-25,248.0,247.04,247.04,48013300.0
2025-02-26,244.33,240.36,240.36,44433600.0
2025-02-27,239.41,237.3,237.3,41153600.0
2025-02-28,236.95,241.84,241.84,56833400.0
2025-03-03,241.79,238.03,238.03,47184000.0
2025-03-04,237.71,235.93,235.93,53798100.0
2025-03-05,235.42,235.74,235.74,47227600.0
2025-03-06,234.44,235.33,235.33,45170400.0
2025-03-07,235.11,239.07,239.07,46273600.0
2025-03-10,235.54,227.48,227.48,72071200.0
2025-03-11,223.81,220.84,220.84,76137400.0
2025-03-12,220.14,216.98,216.98,62547500.0
2025-03-13,215.95,209.68,209.68,61368300.0
2025-03-14,211.25,213.49,213.49,60107600.0
2025-03-17,213.31,214.0,214.0,48073400.0
2025-03-18,214.16,212.69,212.69,42432400.0
2025-03-19,214.22,215.24,215.24,54385400.0
2025-03-20,213.99,214.1,214.1,48862900.0
2025-03-21,211.56,218.27,218.27,94127800.0
2025-03-24,221.0,220.73,220.73,44299500.0
2025-03-25,220.77,223.75,223.75,34493600.0
2025-03-26,223.51,221.53,221.53,34466100.0
2025-03-27,221.39,223.85,223.85,37094800.0
2025-03-28,221.67,217.9,217.9,39818600.0
2025-03-31,217.01,222.13,222.13,65299300.0
2025-04-01,219.81,223.19,223.19,36412700.0
2025-04-02,221.32,223.89,223.89,35905900.0
2025-04-03,205.54,203.19,203.19,103419000.0
2025-04-04,193.89,188.38,188.38,125910900.0
2025-04-07,177.2,181.46,181.46,160466300.0
2025-04-08,186.7,172.42,172.42,120859500.0
2025-04-09,171.95,198.85,198.85,184395900.0
2025-04-10,189.07,190.42,190.42,121880000.0
2025-04-11,186.1,198.15,198.15,87435900.0
2025-04-14,211.44,202.52,202.52,101352900.0
2025-04-15,201.86,202.14,202.14,51343900.0
2025-04-16,198.36,194.27,194.27,59732400.0
2025-04-17,197.2,196.98,196.98,51334300.0
2025-04-21,193.27,193.16,193.16,46742500.0
2025-04-22,196.12,199.74,199.74,52976400.0
2025-04-23,206.0,204.6,204.6,52929200.0
2025-04-24,204.89,208.37,208.37,47311000.0
2025-04-25,206.37,209.28,209.28,38198600.0
2025-04-28,210.0,210.14,210.14,38652400.0
2025-04-29,208.69,211.48,211.48,21814417.0
2025-04-30,209.03,212.22,212.22,52286500.0
2025-05-01,208.81,213.04,213.04,57365700.0
2025-05-02,205.82,205.08,205.08,101010600.0
2025-05-05,202.83,198.63,198.63,69018500.0
2025-05-06,197.95,198.25,198.25,51216500.0
2025-05-07,198.91,195.99,195.99,68536700.0
2025-05-08,197.46,197.23,197.23,50478900.0
2025-05-09,198.74,198.27,198.27,36453900.0
2025-05-12,210.97,210.79,210.79,63775800.0
2025-05-13,210.43,212.93,212.93,51909300.0
2025-05-14,212.43,212.33,212.33,49325800.0
2025-05-15,210.95,211.45,211.45,45029500.0
2025-05-16,212.36,211.26,211.26,53659100.0
2025-05-19,208.02,208.78,208.78,45104929.0
2025-05-20,207.67,206.86,206.86,42496600.0
2025-05-21,205.12,202.09,202.09,58857268.0
2025-05-22,200.71,201.36,201.36,46742400.0
2025-05-23,193.67,195.27,195.27,78432900.0
2025-05-27,198.3,200.21,200.21,56288500.0
2025-05-28,200.59,200.42,200.42,45339700.0
2025-05-29,203.58,199.95,199.95,51396800.0
2025-05-30,199.37,200.85,200.85,70819900.0
2025-06-02,200.28,201.7,201.7,35423300.0
2025-06-03,201.35,203.27,203.27,46381600.0
2025-06-04,202.91,202.82,202.82,42889828.0
2025-06-05,203.5,200.63,200.63,55126100.0
2025-06-06,203.0,203.92,203.92,46607700.0
2025-06-09,204.39,201.45,201.45,72862600.0
2025-06-10,200.6,202.67,202.67,54672600.0
2025-06-11,203.5,198.78,198.78,60989900.0
2025-06-12,199.08,199.2,199.2,43904600.0
2025-06-13,199.73,196.45,196.45,51362400.0
2025-06-16,197.3,198.42,198.42,43020700.0
2025-06-17,197.2,195.64,195.64,38856200.0
2025-06-18,195.94,196.58,196.58,45394700.0
2025-06-20,198.24,199.77,199.77,19166468.0
2025-06-23,201.63,201.5,201.5,55814300.0
2025-06-24,202.59,200.3,200.3,54064000.0
2025-06-25,201.45,201.56,201.56,39525700.0
2025-06-26,201.43,201.0,201.0,50799100.0
2025-06-27,201.89,201.08,201.08,73114100.0
2025-06-30,202.01,205.17,205.17,91912800.0
2025-07-01,206.67,207.82,207.82,78788900.0
2025-07-02,208.91,212.44,212.44,67941800.0
2025-07-03,212.15,213.55,213.55,34955800.0
2025-07-07,212.68,209.95,209.95,50103300.0
2025-07-08,210.13,209.87,209.87,15532773.0
2025-07-09,209.53,211.14,211.14,48749400.0
2025-07-10,210.51,212.41,212.41,44443600.0
2025-07-11,210.57,211.16,211.16,39719300.0
2025-07-14,209.93,208.62,208.62,38840100.0
2025-07-15,209.22,209.11,209.11,42225300.0
2025-07-16,210.29,210.92,210.92,3259374.0
2025-07-17,210.63,210.4,210.4,6142005.0
2025-07-18,210.63,210.94,210.94,48974600.0
2025-07-21,211.86,212.24,212.24,51377400.0
2025-07-22,212.9,214.16,214.16,46404100.0
2025-07-23,214.76,213.91,213.91,46989300.0
2025-07-24,213.66,213.52,213.52,46022600.0
2025-07-25,214.46,213.64,213.64,40268800.0
2025-07-28,213.79,213.81,213.81,37858000.0
2025-07-29,213.94,211.03,211.03,51411700.0
2025-07-30,211.66,208.81,208.81,45512500.0
2025-07-31,208.25,207.33,207.33,80698400.0
2025-08-01,210.63,202.15,202.15,104434500.0
2025-08-04,204.28,203.12,203.12,75109300.0
2025-08-05,203.17,202.69,202.69,44155100.0
2025-08-06,205.4,213.01,213.01,108483100.0
2025-08-07,218.63,219.78,219.78,90224800.0
2025-08-08,220.58,229.09,229.09,113854000.0
2025-08-11,227.92,227.18,227.18,61806100.0
2025-08-12,228.01,229.65,229.65,55626200.0
2025-08-13,231.07,233.33,233.33,69878500.0
2025-08-14,234.06,232.78,232.78,51916300.0
2025-08-15,234.0,231.59,231.59,56038700.0
2025-08-18,231.7,230.89,230.89,37476200.0
2025-08-19,231.28,230.56,230.56,39402600.0
2025-08-20,229.98,226.01,226.01,42263900.0
2025-08-21,226.27,224.9,224.9,30621200.0
2025-08-22,226.17,227.76,227.76,42477800.0
2025-08-25,226.48,227.16,227.16,30983100.0
2025-08-26,226.87,229.31,229.31,54524400.0
2025-08-27,228.58,229.12,229.12,3506341.0
2025-08-28,230.82,232.56,232.56,38074700.0
2025-08-29,232.51,232.14,232.14,39418400.0
2025-09-02,229.25,229.72,229.72,44075600.0
2025-09-03,237.21,238.47,238.47,66427800.0
2025-09-04,238.45,239.78,239.78,47549400.0
2025-09-05,240.0,239.69,239.69,54870400.0
2025-09-08,239.3,237.88,237.88,48999500.0
2025-09-09,237.0,234.35,234.35,66313900.0
2025-09-10,232.19,226.79,226.79,83440800.0
2025-09-11,226.88,230.03,230.03,50208600.0
2025-09-12,229.22,234.07,234.07,55824200.0
2025-09-15,237.0,236.7,236.7,42699500.0
2025-09-16,237.18,238.15,238.15,63421100.0
2025-09-17,238.97,238.99,238.99,46508000.0
2025-09-18,239.97,237.88,237.88,44249600.0
2025-09-19,241.23,245.5,245.5,163470300.0
2025-09-22,248.3,256.08,256.08,105413200.0
2025-09-23,255.88,254.32,254.32,40538758.0
2025-09-24,255.22,252.31,252.31,42303700.0
2025-09-25,253.21,256.87,256.87,55202100.0
2025-09-26,254.1,255.46,255.46,46045700.0
2025-09-29,254.56,254.43,254.43,40127700.0
2025-09-30,254.86,254.63,254.63,37704300.0
2025-10-01,255.04,255.45,255.45,45889562.0
2025-10-02,256.58,257.13,257.13,42630200.0
2025-10-03,254.67,258.02,258.02,49155600.0
2025-10-06,257.99,256.69,256.69,44292200.0
2025-10-07,256.82,255.93,255.93,17151205.0
2025-10-08,256.52,258.06,258.06,36465000.0
2025-10-09,257.81,254.04,254.04,38270200.0
2025-10-10,255.04,249.25,249.25,16163117.0
2025-10-13,249.38,247.66,247.66,38142900.0
2025-10-14,246.6,247.77,247.77,35478000.0
2025-10-15,249.49,249.34,249.34,33839800.0
2025-10-16,248.27,247.35,247.35,16645231.0
2025-10-17,248.02,252.29,252.29,49147000.0
2025-10-20,255.89,262.24,262.24,90483000.0
2025-10-21,261.88,262.77,262.77,46695900.0
2025-10-22,262.65,258.45,258.45,45015300.0
2025-10-23,259.94,259.58,259.58,32754900.0
2025-10-24,261.19,262.82,262.82,38253700.0
2025-10-27,264.88,268.81,268.81,44888200.0
2025-10-28,268.99,269.0,269.0,41534800.0
2025-10-29,269.28,269.7,269.7,51086700.0
2025-10-30,271.99,271.4,271.4,69886500.0
2025-10-31,276.99,270.37,270.37,86167100.0
2025-11-03,270.42,269.05,269.05,50194600.0
2025-11-04,268.33,270.04,270.04,49274800.0
2025-11-05,268.61,270.14,270.14,43683100.0
2025-11-06,267.89,269.77,269.77,51157400.0
2025-11-07,269.8,268.47,268.47,48203600.0
2025-11-10,268.96,269.43,269.43,41312400.0
2025-11-11,269.81,275.25,275.25,46208300.0
2025-11-12,275.0,273.47,273.47,48398000.0
2025-11-13,274.11,272.95,272.95,49602800.0
2025-11-14,271.05,272.41,272.41,47431300.0
2025-11-17,268.82,267.46,267.46,45018300.0
2025-11-18,269.99,267.44,267.44,45677300.0
2025-11-19,265.53,268.56,268.56,40424500.0
2025-11-20,270.83,266.25,266.25,45823600.0
2025-11-21,265.95,271.49,271.49,59030800.0
2025-11-24,270.9,275.92,275.92,65585800.0
2025-11-25,275.27,276.97,276.97,46888700.0
2025-11-26,276.96,277.55,277.55,33431400.0
2025-11-28,277.26,278.85,278.85,19033072.0
2025-12-01,278.01,283.1,283.1,46528400.0
2025-12-02,283.0,286.19,286.19,53669500.0
2025-12-03,286.2,284.15,284.15,43538700.0
2025-12-04,284.1,280.7,280.7,43989100.0
2025-12-05,280.54,278.78,278.78,47265800.0
2025-12-08,278.13,277.89,277.89,38211800.0
2025-12-09,278.16,277.18,277.18,32193300.0
2025-12-10,277.75,278.78,278.78,33038300.0
2025-12-11,279.1,278.03,278.03,33248000.0
2025-12-12,277.8,278.28,278.28,38360082.0
2025-12-15,280.15,274.11,274.11,50409100.0
2025-12-16,272.82,274.61,274.61,37648600.0
2025-12-17,275.01,271.84,271.84,50138700.0
2025-12-18,273.61,272.19,272.19,51630700.0
2025-12-19,272.15,273.67,273.67,144632000.0
2025-12-22,272.86,270.97,270.97,36571800.0
2025-12-23,270.84,272.36,272.36,29642000.0
2025-12-24,272.34,273.81,273.81,17910600.0
2025-12-26,274.16,273.4,273.4,21455300.0
2025-12-29,274.23,273.17,273.17,7960937.0
2025-12-30,272.83,272.41,272.41,7433409.0
2025-12-31,273.06,271.86,271.86,27293600.0
2026-01-02,272.26,271.01,271.01,37838100.0
2026-01-05,270.64,267.26,267.26,45647200.0
2026-01-06,267.0,262.36,262.36,52282100.0
2026-01-07,263.2,260.33,260.33,48309800.0
2026-01-08,256.99,259.04,259.04,50211734.0
2026-01-09,259.08,259.37,259.37,39952300.0
2026-01-12,259.16,260.25,260.25,45263800.0
2026-01-13,258.72,261.05,261.05,45730800.0
2026-01-14,259.49,259.96,259.96,40019400.0
2026-01-15,260.65,258.21,258.21,39388600.0
2026-01-16,257.9,255.53,255.53,72142800.0
2026-01-20,252.73,246.7,246.7,80267500.0
2026-01-21,248.7,247.65,247.65,54641700.0
2026-01-22,249.2,248.35,248.35,39708300.0
2026-01-23,247.32,248.04,248.04,41689000.0
2026-01-26,251.48,255.41,255.41,55969200.0
2026-01-27,259.17,258.27,258.27,49648300.0
2026-01-28,257.65,256.44,256.44,41288000.0
2026-01-29,258.0,258.28,258.28,67253000.0
2026-01-30,255.16,259.48,259.48,79605051.0
2026-02-02,260.03,270.01,270.01,73913400.0
2026-02-03,269.2,269.48,269.48,64394700.0
2026-02-04,272.29,276.49,276.49,90545700.0
2026-02-05,278.13,275.91,275.91,52977400.0
2026-02-06,277.12,278.12,278.12,50420700.0
2026-02-09,277.91,274.62,274.62,44623400.0
2026-02-10,274.89,273.68,273.68,34376900.0
2026-02-11,274.7,275.5,275.5,51886900.0
2026-02-12,275.59,261.73,261.73,81077200.0
2026-02-13,262.01,255.78,255.78,56290700.0
2026-02-17,258.05,263.88,263.88,58469100.0
2026-02-18,263.6,264.35,264.35,34203300.0
2026-02-19,262.6,260.58,260.58,30845300.0
2026-02-20,258.97,264.58,264.58,42044900.0
2026-02-23,263.49,266.18,266.18,37266000.0
2026-02-24,267.86,272.14,272.14,46960000.0
2026-02-25,271.68,274.15,274.15,14201122.0
2026-02-26,274.95,272.95,272.95,32345100.0
2026-02-27,272.81,264.18,264.18,72366500.0
2026-03-02,262.41,264.72,264.72,41827900.0
2026-03-03,263.48,263.75,263.75,38467800.0
2026-03-04,264.65,263.74,263.74,16058312.0
2026-03-05,260.79,260.29,260.29,49658600.0
2026-03-06,258.74,257.46,257.46,40628988.0
2026-03-09,255.69,259.88,259.88,38218500.0
2026-03-10,257.65,260.83,260.83,30537200.0
2026-03-11,261.09,260.81,260.81,26218900.0
2026-03-12,258.66,255.76,255.76,40794000.0
2026-03-13,255.4,250.12,250.12,36929988.0
2026-03-16,252.1,252.82,252.82,30091880.0
2026-03-17,252.96,254.23,254.23,32361600.0
2026-03-18,252.63,249.94,249.94,35757900.0
2026-03-19,249.4,248.96,248.96,34864100.0
2026-03-20,248.11,247.99,247.99,87981315.0
2026-03-23,253.97,251.49,251.49,40546100.0
2026-03-24,250.35,251.64,251.64,45111500.0
2026-03-25,254.02,253.49,253.49,10439880.0
2026-03-26,252.12,252.89,252.89,41796700.0
2026-03-27,253.9,248.8,248.8,47842500.0
2026-03-30,249.99,246.56,246.56,9780531.0
2026-03-31,247.91,253.79,253.79,49549600.0
2026-04-01,254.3,254.87,254.87,5538515.0
2026-04-02,254.2,255.92,255.92,31289400.0
2026-04-06,256.51,258.86,258.86,29329900.0
2026-04-07,256.16,253.5,253.5,62148000.0
2026-04-08,258.45,258.9,258.9,41032800.0
2026-04-09,259.0,260.49,260.49,28121600.0
2026-04-10,259.98,260.48,260.48,31291500.0
2026-04-13,259.73,259.2,259.2,35196600.0
2026-04-14,259.1,257.48,257.48,15931314.0
2026-04-15,258.16,266.43,266.43,49913500.0
2026-04-16,266.8,263.4,263.4,43323100.0
2026-04-17,266.96,270.23,270.23,61436200.0
2026-04-20,270.33,273.05,273.05,36590200.0
2026-04-21,271.5,266.17,266.17,50209800.0
2026-04-22,267.82,273.17,273.17,43249200.0
2026-04-23,275.05,273.43,273.43,33399600.0
2026-04-24,272.76,271.06,271.06,38157100.0
2026-04-27,266.09,267.61,267.61,41466800.0
2026-04-28,272.34,270.71,270.71,40018900.0
2026-04-29,267.55,270.17,270.17,30047900.0
2026-04-30,270.5,271.35,271.35,91848200.0
2026-05-01,278.86,280.14,280.14,79915400.0
2026-05-04,279.66,276.83,276.83,46638000.0
2026-05-05,276.9,284.32,284.32,22536803.0
2026-05-06,281.92,287.51,287.51,58336072.0
2026-05-07,289.27,287.44,287.44,45224300.0
2026-05-08,290.01,293.32,293.32,52692761.0
2026-05-11,291.98,292.68,292.68,42247285.0
2026-05-12,292.56,294.8,294.8,45748129.0
2026-05-13,293.5,298.87,298.87,52684260.0
2026-05-14,299.82,298.21,298.21,35324922.0
2026-05-15,297.9,300.23,300.23,54862836.0
2026-05-18,300.24,297.84,297.84,34482959.0
2026-05-19,296.97,298.97,298.97,42243561.0
2026-05-20,298.18,302.25,302.25,37307876.0
2026-05-21,301.06,304.99,304.99,42965126.0
2026-05-22,306.12,308.82,308.82,43670223.0
2026-05-26,309.56,308.33,308.33,48000493.0
2026-05-27,308.33,310.85,310.85,50430919.0
2026-05-28,310.68,312.51,312.51,48220390
2026-05-29,311.775,312.06,312.06,70026752
2026-06-01,309.625,306.31,306.31,48849933
2026-06-02,307.46,315.2,315.2,44534716
2026-06-03,314.175,310.26,310.26,50836705
2026-06-04,313.23,311.23,311.23,44869134
2026-06-05,312.86,307.34,307.34,65310502
2026-06-08,308.739,301.54,301.54,77949082
2026-06-09,300.275,290.55,290.55,70108847
2026-06-10,290.74,291.58,291.58,52793266
2026-06-11,293.72,295.63,295.63,42572497
2026-06-12,296.03,291.13,291.13,38784789
2026-06-15,294.12,296.42,296.42,45732573
2026-06-16,295.245,299.24,299.24,39874404
2026-06-17,300.845,295.95,295.95,42745060
2026-06-18,298.11,298.01,298.01,85962201
2026-06-22,297.31,297.01,297.01,44879914
2026-06-23,297.538,294.3,294.3,52010929
2026-06-24,295.355,293.08,293.08,53081859
2026-06-25,287.4,275.15,275.15,107253659
2026-06-26,275.0,283.78,283.78,261775450
2026-06-29,286.73,281.74,281.74,66427002
2026-06-30,281.17,289.36,289.36,65100155
2026-07-01,293.44,294.38,294.38,50164232
2026-07-02,294.12,308.63,308.63,75400626
2026-07-06,307.36,312.66,312.66,53589977
2026-07-07,315.29,310.66,310.66,42490002
2026-07-08,311.91,313.39,313.39,41323480
2026-07-09,310.51,316.22,316.22,48124490
2026-07-10,314.72,315.32,315.32,34132321
2026-07-13,317.015,317.31,317.31,43257804
2026-07-14,313.76,314.86,314.86,36336829
2026-07-15,317.615,327.5,327.5,60957644
2026-07-16,328.005,333.26,333.26,62970617
2026-07-17,331.98,333.74,333.74,63407059
2026-07-20,333.505,326.59,326.59,53468008
2026-07-21,323.13,327.74,327.74,41338917
2026-07-22,327.87,325.89,325.89,38755929
2026-07-23,321.73,321.66,321.66,40840778
2026-07-24,321.79,333.02,333.02,47489415
2026-07-27,334.54,336.91,336.91,49604297
2026-07-28,340.03,340.08,340.08,51859042
2026-07-29,339.73,338.19,338.19,56090840
2026-07-30,333.1,333.43,333.43,74817792
2026-07-31,304.81,308.91,308.91,132489137
2026-08-03,309.58,303.42,303.42,75051951
2026-08-04,302.725,309.38,309.38,68000969
2026-08-05,309.36,311.0,311.0,49438763
2026-08-06,314.34,312.41,312.41,46139901
2026-08-07,311.45,313.33,313.33,34437191
2026-08-10,306.83,308.26,308.26,44812503
2026-08-11,307.75,304.91,304.91,37476746
2026-08-12,305.1,302.25,302.25,41657768
2026-08-13,304.21,305.26,305.26,40349289
2026-08-14,306.0,305.93,305.93,28229375
2026-08-17,306.21,305.59,305.59,38169263
2026-08-18,307.58,310.03,310.03,53424535
2026-08-19,310.14,316.83,316.83,50505646
2026-08-20,317.455,311.3,311.3,40959184
2026-08-21,312.05,309.35,309.35,46876815
2026-08-24,311.47,310.34,310.34,34673582
2026-08-25,310.79,309.9,309.9,25869807
2026-08-26,310.3,313.45,313.45,34024486
2026-08-27,310.545,314.58,314.58,32419233
2026-08-28,316.845,319.7,319.7,38649398
