date,open_price_usd,close_price_usd,adj_close_price_usd,total_volume_usd
2013-04-29,254.8000,249.8000,249.8000,142340000.0
2013-04-30,249.4000,253.8000,253.8000,84976000.0
2013-05-01,253.8000,248.2000,248.2000,87828000.0
2013-05-02,249.0000,252.6000,252.6000,78724000.0
2013-05-03,256.2000,258.0000,258.0000,70280000.0
2013-05-06,258.0000,255.8000,255.8000,46956000.0
2013-05-07,256.4000,257.8000,257.8000,62674000.0
2013-05-08,256.8000,258.6000,258.6000,53540000.0
2013-05-09,258.8000,260.2000,260.2000,55386000.0
2013-05-10,260.8000,263.6000,263.6000,62906000.0
2013-05-13,262.8000,264.6000,264.6000,42990000.0
2013-05-14,264.6000,268.4000,268.4000,54000000.0
2013-05-15,267.0000,266.6000,266.6000,54410000.0
2013-05-16,266.0000,264.2000,264.2000,32870000.0
2013-05-17,265.8000,269.8000,269.8000,50546000.0
2013-05-20,269.0000,267.6000,267.6000,44180000.0
2013-05-21,268.8000,268.8000,268.8000,34824000.0
2013-05-22,267.4000,263.0000,263.0000,66640000.0
2013-05-23,260.4000,261.8000,261.8000,40006000.0
2013-05-24,259.8000,261.8000,261.8000,33926000.0
2013-05-28,266.4000,267.2000,267.2000,69420000.0
2013-05-29,265.4000,265.6000,265.6000,38068000.0
2013-05-30,265.8000,266.8000,266.8000,33350000.0
2013-05-31,266.0000,269.2000,269.2000,67486000.0
2013-06-03,269.0000,266.8000,266.8000,50878000.0
2013-06-04,267.0000,265.6000,265.6000,41772000.0
2013-06-05,265.8000,267.2000,267.2000,70246000.0
2013-06-06,267.8000,267.8000,267.8000,49526000.0
2013-06-07,269.8000,276.8000,276.8000,92652000.0
2013-06-10,276.6000,281.0000,281.0000,61730000.0
2013-06-11,276.0000,274.8000,274.8000,61956000.0
2013-06-12,276.6000,271.6000,271.6000,44778000.0
2013-06-13,271.4000,275.8000,275.8000,52996000.0
2013-06-14,275.0000,274.0000,274.0000,43016000.0
2013-06-17,276.4000,278.0000,278.0000,57680000.0
2013-06-18,279.0000,281.8000,281.8000,42922000.0
2013-06-19,281.2000,278.2000,278.2000,56550000.0
2013-06-20,275.2000,273.4000,273.4000,59680000.0
2013-06-21,274.6000,273.4000,273.4000,84020000.0
2013-06-24,271.2000,270.6000,270.6000,77276000.0
2013-06-25,272.2000,272.0000,272.0000,48992000.0
2013-06-26,274.0000,277.6000,277.6000,60590000.0
2013-06-27,279.2000,277.6000,277.6000,50390000.0
2013-06-28,276.2000,277.6000,277.6000,63866000.0
2013-07-01,279.0000,282.0000,282.0000,57764000.0
2013-07-02,281.0000,283.8000,283.8000,64764000.0
2013-07-03,282.0000,284.0000,284.0000,27460000.0
2013-07-05,285.0000,285.8000,285.8000,39708000.0
2013-07-08,286.4000,290.6000,290.6000,60934000.0
2013-07-09,291.0000,291.6000,291.6000,55512000.0
2013-07-10,291.4000,292.4000,292.4000,36204000.0
2013-07-11,295.0000,299.6000,299.6000,80146000.0
2013-07-12,298.6000,307.6000,307.6000,90786000.0
2013-07-15,307.2000,306.6000,306.6000,44912000.0
2013-07-16,307.2000,306.8000,306.8000,53204000.0
2013-07-17,307.0000,308.6000,308.6000,40594000.0
2013-07-18,306.2000,304.2000,304.2000,61276000.0
2013-07-19,304.4000,305.2000,305.2000,59462000.0
2013-07-22,309.2000,303.4000,303.4000,50414000.0
2013-07-23,303.2000,301.0000,301.0000,39992000.0
2013-07-24,303.0000,299.0000,299.0000,40010000.0
2013-07-25,299.0000,303.4000,303.4000,108116000.0
2013-07-26,299.6000,312.0000,312.0000,176350000.0
2013-07-29,311.0000,306.2000,306.2000,64236000.0
2013-07-30,307.8000,302.4000,302.4000,61068000.0
2013-07-31,304.0000,301.2000,301.2000,37826000.0
2013-08-01,303.0000,305.6000,305.6000,59434000.0
2013-08-02,304.6000,304.2000,304.2000,50052000.0
2013-08-05,303.4000,301.0000,301.0000,44664000.0
2013-08-06,300.6000,300.8000,300.8000,36980000.0
2013-08-07,300.2000,297.0000,297.0000,39220000.0
2013-08-08,298.6000,295.8000,295.8000,46868000.0
2013-08-09,295.6000,297.2000,297.2000,39006000.0
2013-08-12,295.8000,296.6000,296.6000,30090000.0
2013-08-13,295.8000,294.0000,294.0000,46998000.0
2013-08-14,294.2000,291.4000,291.4000,28300000.0
2013-08-15,288.8000,286.4000,286.4000,45228000.0
2013-08-16,286.6000,284.8000,284.8000,48450000.0
2013-08-19,285.2000,285.6000,285.6000,49548000.0
2013-08-20,285.8000,287.0000,287.0000,31726000.0
2013-08-21,285.0000,284.6000,284.6000,36306000.0
2013-08-22,284.8000,289.8000,289.8000,28452000.0
2013-08-23,291.2000,290.0000,290.0000,39238000.0
2013-08-26,290.4000,286.2000,286.2000,34234000.0
2013-08-27,283.8000,281.0000,281.0000,49520000.0
2013-08-28,280.4000,281.6000,281.6000,29142000.0
2013-08-29,281.4000,284.0000,284.0000,31328000.0
2013-08-30,284.6000,281.0000,281.0000,30694000.0
2013-09-03,284.8000,288.8000,288.8000,57952000.0
2013-09-04,288.4000,293.6000,293.6000,48772000.0
2013-09-05,293.6000,294.0000,294.0000,36332000.0
2013-09-06,295.4000,295.8000,295.8000,45840000.0
2013-09-09,297.2000,299.8000,299.8000,32872000.0
2013-09-10,300.6000,300.4000,300.4000,35568000.0
2013-09-11,299.0000,299.6000,299.6000,34852000.0
2013-09-12,299.4000,298.8000,298.8000,32124000.0
2013-09-13,300.2000,298.0000,298.0000,27012000.0
2013-09-16,299.8000,296.0000,296.0000,36168000.0
2013-09-17,297.6000,304.2000,304.2000,45930000.0
2013-09-18,304.0000,312.0000,312.0000,58928000.0
2013-09-19,313.8000,312.0000,312.0000,47018000.0
2013-09-20,312.6000,316.4000,316.4000,106046000.0
2013-09-23,314.0000,311.4000,311.4000,37698000.0
2013-09-24,312.4000,314.2000,314.2000,40672000.0
2013-09-25,314.6000,312.6000,312.6000,40172000.0
2013-09-26,313.8000,318.2000,318.2000,39798000.0
2013-09-27,317.0000,316.0000,316.0000,33150000.0
2013-09-30,313.4000,312.6000,312.6000,32472000.0
2013-10-01,314.2000,321.0000,321.0000,47928000.0
2013-10-02,318.0000,320.6000,320.6000,44348000.0
2013-10-03,320.4000,314.8000,314.8000,53496000.0
2013-10-04,315.2000,319.0000,319.0000,36300000.0
2013-10-07,315.2000,310.0000,310.0000,41664000.0
2013-10-08,311.4000,303.2000,303.2000,63324000.0
2013-10-09,303.4000,298.2000,298.2000,64948000.0
2013-10-10,304.6000,305.2000,305.2000,51102000.0
2013-10-11,304.8000,310.8000,310.8000,43262000.0
2013-10-14,309.2000,310.6000,310.6000,38782000.0
2013-10-15,309.8000,306.4000,306.4000,45222000.0
2013-10-16,308.4000,310.4000,310.4000,43414000.0
2013-10-17,307.0000,310.8000,310.8000,52968000.0
2013-10-18,319.4000,329.0000,329.0000,119396000.0
2013-10-21,329.8000,326.4000,326.4000,50446000.0
2013-10-22,327.8000,332.6000,332.6000,78710000.0
2013-10-23,330.8000,326.8000,326.8000,56364000.0
2013-10-24,329.6000,332.2000,332.2000,117694000.0
2013-10-25,358.6000,363.4000,363.4000,240736000.0
2013-10-28,360.0000,358.2000,358.2000,72716000.0
2013-10-29,359.0000,362.8000,362.8000,43708000.0
2013-10-30,362.6000,361.0000,361.0000,90044000.0
2013-10-31,361.8000,364.0000,364.0000,49336000.0
2013-11-01,365.6000,359.0000,359.0000,66620000.0
2013-11-04,360.2000,358.8000,358.8000,38768000.0
2013-11-05,356.8000,358.8000,358.8000,40142000.0
2013-11-06,360.4000,356.2000,356.2000,45646000.0
2013-11-07,355.8000,343.6000,343.6000,84926000.0
2013-11-08,346.0000,350.4000,350.4000,53138000.0
2013-11-11,350.6000,354.4000,354.4000,45234000.0
2013-11-12,353.0000,349.6000,349.6000,46862000.0
2013-11-13,347.4000,356.2000,356.2000,55466000.0
2013-11-14,357.4000,367.4000,367.4000,83196000.0
2013-11-15,367.6000,369.2000,369.2000,89832000.0
2013-11-18,370.2000,366.2000,366.2000,54748000.0
2013-11-19,365.8000,365.0000,365.0000,38096000.0
2013-11-20,367.6000,362.6000,362.6000,35430000.0
2013-11-21,364.0000,369.0000,369.0000,39292000.0
2013-11-22,370.0000,372.4000,372.4000,59310000.0
2013-11-25,373.8000,376.6000,376.6000,59446000.0
2013-11-26,377.6000,381.4000,381.4000,54488000.0
2013-11-27,383.4000,386.8000,386.8000,45394000.0
2013-11-29,389.0000,393.6000,393.6000,48120000.0
2013-12-02,399.0000,392.2000,392.2000,94280000.0
2013-12-03,390.2000,384.6000,384.6000,74058000.0
2013-12-04,383.4000,386.0000,386.0000,47106000.0
2013-12-05,386.6000,384.4000,384.4000,38130000.0
2013-12-06,388.4000,387.0000,387.0000,39694000.0
2013-12-09,388.2000,384.8000,384.8000,55236000.0
2013-12-10,383.8000,387.8000,387.8000,54736000.0
2013-12-11,387.4000,382.2000,382.2000,49026000.0
2013-12-12,381.2000,381.2000,381.2000,42474000.0
2013-12-13,385.4000,384.2000,384.2000,60500000.0
2013-12-16,385.0000,389.0000,389.0000,45034000.0
2013-12-17,390.6000,387.6000,387.6000,46878000.0
2013-12-18,389.2000,396.0000,396.0000,69782000.0
2013-12-19,394.2000,395.2000,395.2000,48544000.0
2013-12-20,396.6000,402.2000,402.2000,100678000.0
2013-12-23,403.6000,403.0000,403.0000,53190000.0
2013-12-24,402.6000,399.2000,399.2000,27608000.0
2013-12-26,401.8000,404.4000,404.4000,37370000.0
2013-12-27,404.6000,398.0000,398.0000,39738000.0
2013-12-30,399.4000,393.4000,393.4000,49742000.0
2013-12-31,394.6000,398.8000,398.8000,39930000.0
2014-01-02,398.8000,398.0000,398.0000,42756000.0
2014-01-03,398.2000,396.4000,396.4000,44204000.0
2014-01-06,395.8000,393.6000,393.6000,63412000.0
2014-01-07,395.0000,398.0000,398.0000,38320000.0
2014-01-08,398.4000,402.0000,402.0000,46330000.0
2014-01-09,403.8000,401.0000,401.0000,42060000.0
2014-01-10,402.6000,397.6000,397.6000,53590000.0
2014-01-13,398.0000,391.0000,391.0000,56898000.0
2014-01-14,392.2000,397.6000,397.6000,46802000.0
2014-01-15,399.0000,395.8000,395.8000,53566000.0
2014-01-16,393.6000,395.8000,395.8000,52024000.0
2014-01-17,394.2000,399.6000,399.6000,90102000.0
2014-01-21,403.0000,407.0000,407.0000,62442000.0
2014-01-22,408.0000,404.6000,404.6000,41210000.0
2014-01-23,401.0000,399.8000,399.8000,60508000.0
2014-01-24,398.2000,387.6000,387.6000,89168000.0
2014-01-27,390.4000,386.2000,386.2000,78736000.0
2014-01-28,387.4000,394.4000,394.4000,57890000.0
2014-01-29,392.2000,384.2000,384.2000,67646000.0
2014-01-30,393.8000,403.0000,403.0000,209478000.0
2014-01-31,371.8000,358.6000,358.6000,323096000.0
2014-02-03,359.0000,346.2000,346.2000,205616000.0
2014-02-04,349.6000,348.0000,348.0000,96258000.0
2014-02-05,346.0000,346.4000,346.4000,88708000.0
2014-02-06,347.4000,354.6000,354.6000,66714000.0
2014-02-07,359.0000,361.0000,361.0000,86610000.0
2014-02-10,361.6000,360.8000,360.8000,68994000.0
2014-02-11,361.8000,361.8000,361.8000,64442000.0
2014-02-12,356.4000,349.2000,349.2000,131754000.0
2014-02-13,347.8000,357.2000,357.2000,83500000.0
2014-02-14,359.4000,357.4000,357.4000,70404000.0
2014-02-18,355.2000,353.6000,353.6000,99960000.0
2014-02-19,352.6000,347.4000,347.4000,83362000.0
2014-02-20,348.8000,349.8000,349.8000,69856000.0
2014-02-21,352.4000,346.8000,346.8000,84200000.0
2014-02-24,345.2000,351.8000,351.8000,72894000.0
2014-02-25,353.0000,358.4000,358.4000,74728000.0
2014-02-26,359.8000,359.8000,359.8000,72442000.0
2014-02-27,357.2000,360.2000,360.2000,62098000.0
2014-02-28,360.6000,362.0000,362.0000,77640000.0
2014-03-03,358.8000,359.8000,359.8000,55966000.0
2014-03-04,363.8000,363.8000,363.8000,54088000.0
2014-03-05,364.2000,372.4000,372.4000,76966000.0
2014-03-06,374.0000,372.2000,372.2000,58532000.0
2014-03-07,374.6000,372.0000,372.0000,45596000.0
2014-03-10,372.6000,370.6000,370.6000,42116000.0
2014-03-11,371.0000,368.8000,368.8000,44922000.0
2014-03-12,366.4000,370.6000,370.6000,44332000.0
2014-03-13,376.6000,371.6000,371.6000,136580000.0
2014-03-14,372.8000,373.8000,373.8000,88044000.0
2014-03-17,375.8000,375.0000,375.0000,46060000.0
2014-03-18,377.4000,378.8000,378.8000,49670000.0
2014-03-19,378.8000,373.2000,373.2000,52934000.0
2014-03-20,370.6000,369.0000,369.0000,51170000.0
2014-03-21,371.0000,360.6000,360.6000,108282000.0
2014-03-24,360.0000,351.8000,351.8000,97470000.0
2014-03-25,354.0000,354.8000,354.8000,88914000.0
2014-03-26,357.2000,343.4000,343.4000,82414000.0
2014-03-27,343.2000,338.4000,338.4000,115328000.0
2014-03-28,340.0000,338.2000,338.2000,79736000.0
2014-03-31,342.4000,336.4000,336.4000,85950000.0
2014-04-01,338.0000,343.0000,343.0000,72002000.0
2014-04-02,346.0000,342.0000,342.0000,89510000.0
2014-04-03,341.8000,333.6000,333.6000,127986000.0
2014-04-04,335.2000,323.0000,323.0000,250692000.0
2014-04-07,321.0000,317.8000,317.8000,141548000.0
2014-04-08,321.8000,327.0000,327.0000,131552000.0
2014-04-09,328.4000,331.8000,331.8000,101132000.0
2014-04-10,330.6000,317.2000,317.2000,122534000.0
2014-04-11,314.0000,311.8000,311.8000,145750000.0
2014-04-14,317.6000,316.0000,316.0000,85870000.0
2014-04-15,316.8000,316.0000,316.0000,107972000.0
2014-04-16,321.2000,323.6000,323.6000,85698000.0
2014-04-17,319.8000,325.0000,325.0000,85984000.0
2014-04-21,324.0000,330.8000,330.8000,59988000.0
2014-04-22,332.0000,329.4000,329.4000,74232000.0
2014-04-23,333.0000,324.6000,324.6000,72092000.0
2014-04-24,329.6000,337.2000,337.2000,185874000.0
2014-04-25,316.2000,303.8000,303.8000,323604000.0
2014-04-28,304.0000,296.6000,296.6000,289596000.0
2014-04-29,296.4000,300.4000,300.4000,130186000.0
2014-04-30,298.0000,304.2000,304.2000,81772000.0
2014-05-01,304.2000,307.8000,307.8000,86572000.0
2014-05-02,310.4000,308.0000,308.0000,79902000.0
2014-05-05,306.4000,310.0000,310.0000,50398000.0
2014-05-06,309.6000,297.4000,297.4000,93646000.0
2014-05-07,295.6000,292.8000,292.8000,140304000.0
2014-05-08,290.8000,288.4000,288.4000,76964000.0
2014-05-09,290.6000,292.2000,292.2000,81260000.0
2014-05-12,294.4000,302.8000,302.8000,74592000.0
2014-05-13,302.6000,304.6000,304.6000,70198000.0
2014-05-14,302.6000,297.6000,297.6000,66466000.0
2014-05-15,298.0000,295.2000,295.2000,85902000.0
2014-05-16,292.8000,297.8000,297.8000,72736000.0
2014-05-19,295.8000,296.8000,296.8000,45684000.0
2014-05-20,297.0000,301.2000,301.2000,81914000.0
2014-05-21,302.2000,305.0000,305.0000,68176000.0
2014-05-22,305.0000,305.0000,305.0000,51536000.0
2014-05-23,305.4000,312.2000,312.2000,61058000.0
2014-05-27,314.4000,310.8000,310.8000,97242000.0
2014-05-28,309.6000,310.2000,310.2000,54520000.0
2014-05-29,310.4000,313.8000,313.8000,47310000.0
2014-05-30,314.4000,312.6000,312.6000,85204000.0
2014-06-02,312.6000,308.8000,308.8000,44068000.0
2014-06-03,305.8000,307.2000,307.2000,47584000.0
2014-06-04,306.8000,306.8000,306.8000,42142000.0
2014-06-05,308.0000,323.6000,323.6000,155934000.0
2014-06-06,325.0000,329.6000,329.6000,104880000.0
2014-06-09,331.6000,327.6000,327.6000,64244000.0
2014-06-10,327.6000,332.4000,332.4000,73268000.0
2014-06-11,336.0000,335.2000,335.2000,88736000.0
2014-06-12,335.6000,326.0000,326.0000,85526000.0
2014-06-13,327.0000,326.2000,326.2000,55296000.0
2014-06-16,324.8000,327.6000,327.6000,48996000.0
2014-06-17,327.6000,325.6000,325.6000,58482000.0
2014-06-18,328.0000,334.4000,334.4000,128030000.0
2014-06-19,335.2000,327.0000,327.0000,106412000.0
2014-06-20,327.8000,324.2000,324.2000,121080000.0
2014-06-23,323.4000,327.2000,327.2000,52096000.0
2014-06-24,327.6000,324.2000,324.2000,52532000.0
2014-06-25,324.4000,327.4000,327.4000,46556000.0
2014-06-26,328.4000,325.6000,325.6000,53990000.0
2014-06-27,325.8000,324.6000,324.6000,48324000.0
2014-06-30,325.0000,324.8000,324.8000,53426000.0
2014-07-01,325.8000,332.4000,332.4000,63472000.0
2014-07-02,333.2000,332.8000,332.8000,53626000.0
2014-07-03,334.8000,337.4000,337.4000,38886000.0
2014-07-07,337.6000,333.6000,333.6000,42578000.0
2014-07-08,333.2000,323.8000,323.8000,85432000.0
2014-07-09,324.8000,330.0000,330.0000,63322000.0
2014-07-10,324.4000,328.0000,328.0000,53300000.0
2014-07-11,334.8000,346.2000,346.2000,166016000.0
2014-07-14,347.0000,355.4000,355.4000,112198000.0
2014-07-15,353.8000,354.4000,354.4000,83418000.0
2014-07-16,355.6000,356.0000,356.0000,70072000.0
2014-07-17,353.4000,352.4000,352.4000,72720000.0
2014-07-18,354.4000,358.6000,358.6000,68148000.0
2014-07-21,358.2000,359.8000,359.8000,45568000.0
2014-07-22,355.2000,360.8000,360.8000,57778000.0
2014-07-23,359.0000,358.2000,358.2000,53746000.0
2014-07-24,360.0000,358.6000,358.6000,141774000.0
2014-07-25,317.2000,324.0000,324.0000,356930000.0
2014-07-28,324.2000,320.4000,320.4000,118640000.0
2014-07-29,322.0000,320.0000,320.0000,57676000.0
2014-07-30,321.4000,322.6000,322.6000,79380000.0
2014-07-31,320.0000,313.0000,313.0000,103840000.0
2014-08-01,313.6000,307.0000,307.0000,148830000.0
2014-08-04,308.8000,313.6000,313.6000,84018000.0
2014-08-05,313.2000,312.4000,312.4000,57042000.0
2014-08-06,310.8000,313.8000,313.8000,45938000.0
2014-08-07,315.2000,311.4000,311.4000,58712000.0
2014-08-08,312.0000,316.8000,316.8000,54118000.0
2014-08-11,318.4000,318.4000,318.4000,49372000.0
2014-08-12,318.8000,319.4000,319.4000,38316000.0
2014-08-13,327.6000,326.2000,326.2000,98782000.0
2014-08-14,327.8000,333.2000,333.2000,68408000.0
2014-08-15,334.0000,333.6000,333.6000,77934000.0
2014-08-18,335.4000,334.6000,334.6000,49708000.0
2014-08-19,334.8000,335.2000,335.2000,34276000.0
2014-08-20,334.6000,335.8000,335.8000,36210000.0
2014-08-21,336.4000,333.0000,333.0000,39422000.0
2014-08-22,333.0000,331.6000,331.6000,44224000.0
2014-08-25,333.2000,334.0000,334.0000,39154000.0
2014-08-26,337.0000,341.8000,341.8000,73094000.0
2014-08-27,342.0000,343.2000,343.2000,59232000.0
2014-08-28,340.0000,340.0000,340.0000,45054000.0
2014-08-29,341.8000,339.0000,339.0000,38790000.0
2014-09-02,340.0000,342.4000,342.4000,46520000.0
2014-09-03,342.6000,339.0000,339.0000,39874000.0
2014-09-04,343.6000,346.0000,346.0000,79312000.0
2014-09-05,346.4000,346.4000,346.4000,42140000.0
2014-09-08,344.6000,342.4000,342.4000,59106000.0
2014-09-09,341.6000,329.8000,329.8000,92936000.0
2014-09-10,334.4000,331.4000,331.4000,75948000.0
2014-09-11,330.0000,330.6000,330.6000,54404000.0
2014-09-12,329.6000,331.2000,331.2000,68586000.0
2014-09-15,331.0000,323.8000,323.8000,80008000.0
2014-09-16,321.0000,327.8000,327.8000,65198000.0
2014-09-17,327.8000,324.0000,324.0000,82720000.0
2014-09-18,325.4000,325.0000,325.0000,51538000.0
2014-09-19,327.6000,331.4000,331.4000,137724000.0
2014-09-22,328.4000,324.6000,324.6000,62194000.0
2014-09-23,322.4000,323.6000,323.6000,47052000.0
2014-09-24,324.2000,328.2000,328.2000,52844000.0
2014-09-25,328.0000,322.0000,322.0000,58576000.0
2014-09-26,320.6000,323.2000,323.2000,72760000.0
2014-09-29,320.4000,321.8000,321.8000,38492000.0
2014-09-30,321.4000,322.4000,322.4000,52724000.0
2014-10-01,322.0000,317.4000,317.4000,61782000.0
2014-10-02,317.0000,318.4000,318.4000,71078000.0
2014-10-03,320.4000,322.8000,322.8000,60748000.0
2014-10-06,323.4000,322.2000,322.2000,45806000.0
2014-10-07,319.4000,317.0000,317.0000,47308000.0
2014-10-08,316.6000,322.8000,322.8000,69056000.0
2014-10-09,321.4000,315.4000,315.4000,71758000.0
2014-10-10,314.0000,311.4000,311.4000,73638000.0
2014-10-13,309.8000,306.4000,306.4000,87278000.0
2014-10-14,308.0000,308.4000,308.4000,67716000.0
2014-10-15,304.4000,306.0000,306.0000,106878000.0
2014-10-16,293.8000,302.8000,302.8000,94626000.0
2014-10-17,307.2000,303.6000,303.6000,88102000.0
2014-10-20,303.0000,306.2000,306.2000,64690000.0
2014-10-21,309.8000,315.4000,315.4000,71186000.0
2014-10-22,315.4000,313.0000,313.0000,62518000.0
2014-10-23,313.4000,313.2000,313.2000,180764000.0
2014-10-24,284.4000,287.0000,287.0000,396022000.0
2014-10-27,285.6000,290.0000,290.0000,119012000.0
2014-10-28,289.8000,295.6000,295.6000,111452000.0
2014-10-29,299.2000,294.2000,294.2000,97638000.0
2014-10-30,294.0000,299.0000,299.0000,81104000.0
2014-10-31,305.2000,305.4000,305.4000,91014000.0
2014-11-03,306.2000,305.8000,305.8000,64850000.0
2014-11-04,304.0000,302.8000,302.8000,68548000.0
2014-11-05,303.0000,296.6000,296.6000,93490000.0
2014-11-06,296.6000,296.6000,296.6000,75162000.0
2014-11-07,297.8000,299.8000,299.8000,52948000.0
2014-11-10,300.0000,305.2000,305.2000,56182000.0
2014-11-11,306.0000,312.0000,312.0000,76072000.0
2014-11-12,310.8000,311.6000,311.6000,43660000.0
2014-11-13,312.0000,316.4000,316.4000,73728000.0
2014-11-14,317.2000,327.8000,327.8000,177556000.0
2014-11-17,326.4000,323.0000,323.0000,95698000.0
2014-11-18,324.0000,325.0000,325.0000,70990000.0
2014-11-19,327.2000,326.6000,326.6000,65632000.0
2014-11-20,324.0000,330.6000,330.6000,68734000.0
2014-11-21,335.4000,332.6000,332.6000,89332000.0
2014-11-24,334.8000,335.6000,335.6000,55084000.0
2014-11-25,335.2000,335.0000,335.0000,51300000.0
2014-11-26,333.8000,333.6000,333.6000,39672000.0
2014-11-28,336.0000,338.6000,338.6000,61036000.0
2014-12-01,338.2000,326.0000,326.0000,98898000.0
2014-12-02,327.6000,326.4000,326.4000,55806000.0
2014-12-03,325.8000,316.4000,316.4000,113620000.0
2014-12-04,315.6000,317.0000,317.0000,65806000.0
2014-12-05,316.8000,312.6000,312.6000,65304000.0
2014-12-08,311.6000,306.6000,306.6000,72784000.0
2014-12-09,303.0000,312.6000,312.6000,80990000.0
2014-12-10,312.0000,305.8000,305.8000,64918000.0
2014-12-11,307.8000,307.4000,307.4000,65258000.0
2014-12-12,304.0000,307.4000,307.4000,63070000.0
2014-12-15,308.8000,306.0000,306.0000,76832000.0
2014-12-16,304.4000,295.0000,295.0000,130026000.0
2014-12-17,296.4000,298.8000,298.8000,88670000.0
2014-12-18,304.0000,297.8000,297.8000,154762000.0
2014-12-19,297.0000,299.8000,299.8000,174182000.0
2014-12-22,302.0000,306.6000,306.6000,80076000.0
2014-12-23,307.0000,306.2000,306.2000,54274000.0
2014-12-24,306.4000,303.0000,303.0000,30276000.0
2014-12-26,305.0000,309.0000,309.0000,57876000.0
2014-12-29,307.8000,312.0000,312.0000,60180000.0
2014-12-30,310.0000,310.4000,310.4000,41860000.0
2014-12-31,311.6000,310.4000,310.4000,40960000.0
2015-01-02,312.6000,308.6000,308.6000,55664000.0
2015-01-05,307.0000,302.2000,302.2000,55484000.0
2015-01-06,302.2000,295.2000,295.2000,70380000.0
2015-01-07,297.6000,298.4000,298.4000,52806000.0
2015-01-08,300.4000,300.4000,300.4000,61768000.0
2015-01-09,301.4000,297.0000,297.0000,51848000.0
2015-01-12,297.6000,291.4000,291.4000,68428000.0
2015-01-13,297.4000,294.8000,294.8000,82728000.0
2015-01-14,292.0000,293.2000,293.2000,110774000.0
2015-01-15,294.0000,287.0000,287.0000,88384000.0
2015-01-16,286.2000,290.8000,290.8000,69564000.0
2015-01-20,292.6000,289.4000,289.4000,61502000.0
2015-01-21,289.6000,297.2000,297.2000,201302000.0
2015-01-22,300.0000,310.4000,310.4000,107252000.0
2015-01-23,308.0000,312.4000,312.4000,89928000.0
2015-01-26,311.8000,309.6000,309.6000,63394000.0
2015-01-27,306.2000,306.8000,306.8000,58406000.0
2015-01-28,309.8000,304.0000,304.0000,61276000.0
2015-01-29,304.8000,311.8000,311.8000,173132000.0
2015-01-30,346.4000,354.6000,354.6000,477122000.0
2015-02-02,350.0000,364.4000,364.4000,204638000.0
2015-02-03,360.2000,363.6000,363.6000,124252000.0
2015-02-04,358.4000,364.8000,364.8000,83398000.0
2015-02-05,366.0000,373.8000,373.8000,144952000.0
2015-02-06,374.8000,374.2000,374.2000,77848000.0
2015-02-09,371.0000,370.6000,370.6000,54492000.0
2015-02-10,371.2000,373.0000,373.0000,45744000.0
2015-02-11,371.2000,375.2000,375.2000,55730000.0
2015-02-12,375.0000,377.2000,377.2000,55822000.0
2015-02-13,378.4000,381.8000,381.8000,69502000.0
2015-02-17,377.8000,375.4000,375.4000,73464000.0
2015-02-18,373.8000,373.4000,373.4000,53012000.0
2015-02-19,373.4000,379.0000,379.0000,59076000.0
2015-02-20,378.6000,383.6000,383.6000,65160000.0
2015-02-23,383.4000,380.2000,380.2000,43540000.0
2015-02-24,378.6000,378.6000,378.6000,38416000.0
2015-02-25,377.2000,385.4000,385.4000,63490000.0
2015-02-26,384.0000,384.8000,384.8000,53742000.0
2015-02-27,384.0000,380.2000,380.2000,50646000.0
2015-03-02,380.8000,385.6000,385.6000,42784000.0
2015-03-03,384.0000,384.6000,384.6000,38930000.0
2015-03-04,385.8000,382.8000,382.8000,45182000.0
2015-03-05,385.6000,387.8000,387.8000,53870000.0
2015-03-06,385.6000,380.0000,380.0000,52540000.0
2015-03-09,378.4000,378.6000,378.6000,46228000.0
2015-03-10,377.4000,369.6000,369.6000,62420000.0
2015-03-11,370.6000,366.4000,366.4000,49902000.0
2015-03-12,368.8000,374.2000,374.2000,56200000.0
2015-03-13,371.6000,370.6000,370.6000,52234000.0
2015-03-16,370.4000,373.4000,373.4000,47082000.0
2015-03-17,371.2000,372.0000,372.0000,40740000.0
2015-03-18,370.0000,375.2000,375.2000,53082000.0
2015-03-19,373.8000,373.2000,373.2000,38314000.0
2015-03-20,376.2000,378.4000,378.4000,75272000.0
2015-03-23,378.0000,375.2000,375.2000,44786000.0
2015-03-24,374.0000,374.0000,374.0000,44564000.0
2015-03-25,375.2000,371.0000,371.0000,68590000.0
2015-03-26,369.6000,367.4000,367.4000,58600000.0
2015-03-27,367.2000,370.6000,370.6000,52196000.0
2015-03-30,371.8000,374.6000,374.6000,36418000.0
2015-03-31,373.2000,372.0000,372.0000,50122000.0
2015-04-01,372.0000,370.2000,370.2000,49162000.0
2015-04-02,370.4000,372.2000,372.2000,37506000.0
2015-04-06,370.0000,377.0000,377.0000,61014000.0
2015-04-07,376.2000,374.4000,374.4000,39098000.0
2015-04-08,374.6000,381.2000,381.2000,52728000.0
2015-04-09,380.6000,383.6000,383.6000,47846000.0
2015-04-10,384.4000,382.6000,382.6000,51470000.0
2015-04-13,383.6000,382.4000,382.4000,37890000.0
2015-04-14,383.6000,385.2000,385.2000,51672000.0
2015-04-15,384.6000,383.4000,383.4000,38664000.0
2015-04-16,383.6000,386.0000,386.0000,41608000.0
2015-04-17,382.6000,375.6000,375.6000,76794000.0
2015-04-20,378.6000,389.6000,389.6000,100322000.0
2015-04-21,391.4000,391.2000,391.2000,92870000.0
2015-04-22,392.0000,389.8000,389.8000,69494000.0
2015-04-23,390.2000,390.0000,390.0000,159600000.0
2015-04-24,439.0000,445.0000,445.0000,343538000.0
2015-04-27,443.8000,438.6000,438.6000,108618000.0
2015-04-28,438.6000,429.4000,429.4000,82810000.0
2015-04-29,426.8000,429.4000,429.4000,72434000.0
2015-04-30,427.2000,421.8000,421.8000,72958000.0
2015-05-01,423.8000,422.8000,422.8000,71316000.0
2015-05-04,424.8000,423.0000,423.0000,45408000.0
2015-05-05,422.8000,421.2000,421.2000,57128000.0
2015-05-06,421.4000,419.0000,419.0000,51050000.0
2015-05-07,424.2000,426.8000,426.8000,55322000.0
2015-05-08,430.8000,433.6000,433.6000,58176000.0
2015-05-11,432.6000,432.8000,432.8000,47874000.0
2015-05-12,431.0000,431.0000,431.0000,38956000.0
2015-05-13,430.0000,426.8000,426.8000,39926000.0
2015-05-14,429.4000,432.2000,432.2000,37770000.0
2015-05-15,428.0000,426.0000,426.0000,84806000.0
2015-05-18,426.0000,425.2000,425.2000,47804000.0
2015-05-19,424.8000,421.8000,421.8000,49284000.0
2015-05-20,420.6000,423.8000,423.8000,43924000.0
2015-05-21,428.0000,431.6000,431.6000,82428000.0
2015-05-22,431.6000,427.6000,427.6000,40412000.0
2015-05-26,426.2000,425.4000,425.4000,44884000.0
2015-05-27,427.4000,431.4000,431.4000,44622000.0
2015-05-28,429.8000,426.6000,426.6000,38248000.0
2015-05-29,427.2000,429.2000,429.2000,60322000.0
2015-06-01,430.4000,431.0000,431.0000,45066000.0
2015-06-02,430.0000,431.0000,431.0000,33378000.0
2015-06-03,434.4000,436.6000,436.6000,54558000.0
2015-06-04,434.4000,430.8000,430.8000,50216000.0
2015-06-05,429.6000,427.0000,427.0000,38158000.0
2015-06-08,425.6000,423.4000,423.4000,43450000.0
2015-06-09,423.0000,425.4000,425.4000,45774000.0
2015-06-10,426.4000,430.8000,430.8000,43446000.0
2015-06-11,432.2000,433.0000,433.0000,58450000.0
2015-06-12,431.2000,430.0000,430.0000,41088000.0
2015-06-15,427.6000,423.6000,423.6000,41020000.0
2015-06-16,424.2000,427.2000,427.2000,45928000.0
2015-06-17,428.4000,427.8000,427.8000,43718000.0
2015-06-18,430.2000,439.4000,439.4000,67568000.0
2015-06-19,440.2000,435.0000,435.0000,89902000.0
2015-06-22,437.0000,436.2000,436.2000,36472000.0
2015-06-23,435.6000,446.0000,446.0000,64900000.0
2015-06-24,445.0000,440.8000,440.8000,52416000.0
2015-06-25,438.0000,440.0000,440.0000,44750000.0
2015-06-26,441.8000,438.2000,438.2000,52490000.0
2015-06-29,435.0000,429.8000,429.8000,55064000.0
2015-06-30,434.2000,434.0000,434.0000,51938000.0
2015-07-01,439.4000,437.4000,437.4000,39742000.0
2015-07-02,437.0000,437.8000,437.8000,26868000.0
2015-07-06,435.2000,436.0000,436.0000,38064000.0
2015-07-07,435.6000,436.8000,436.8000,69084000.0
2015-07-08,434.4000,429.8000,429.8000,47662000.0
2015-07-09,435.0000,434.4000,434.4000,45428000.0
2015-07-10,440.4000,443.6000,443.6000,48020000.0
2015-07-13,448.2000,455.6000,455.6000,79136000.0
2015-07-14,462.4000,465.6000,465.6000,94724000.0
2015-07-15,463.0000,461.2000,461.2000,59748000.0
2015-07-16,465.4000,475.4000,475.4000,81912000.0
2015-07-17,477.8000,483.0000,483.0000,98644000.0
2015-07-20,492.6000,488.2000,488.2000,95050000.0
2015-07-21,488.0000,488.0000,488.0000,63636000.0
2015-07-22,486.0000,488.2000,488.2000,62298000.0
2015-07-23,491.6000,482.2000,482.2000,187488000.0
2015-07-24,579.0000,529.4000,529.4000,438188000.0
2015-07-27,527.8000,531.4000,531.4000,149820000.0
2015-07-28,536.0000,526.0000,526.0000,105462000.0
2015-07-29,531.0000,529.0000,529.0000,75052000.0
2015-07-30,527.6000,536.8000,536.8000,74862000.0
2015-07-31,539.0000,536.2000,536.2000,60512000.0
2015-08-03,537.4000,535.0000,535.0000,60284000.0
2015-08-04,529.6000,531.8000,531.8000,58692000.0
2015-08-05,538.8000,537.0000,537.0000,57788000.0
2015-08-06,539.4000,529.4000,529.4000,76410000.0
2015-08-07,529.2000,522.6000,522.6000,79384000.0
2015-08-10,528.6000,524.0000,524.0000,52318000.0
2015-08-11,523.6000,527.4000,527.4000,53532000.0
2015-08-12,523.8000,526.0000,526.0000,79246000.0
2015-08-13,527.4000,529.6000,529.6000,57904000.0
2015-08-14,528.2000,531.6000,531.6000,39896000.0
2015-08-17,531.2000,535.2000,535.2000,51634000.0
2015-08-18,535.0000,535.0000,535.0000,41426000.0
2015-08-19,533.8000,533.0000,533.0000,46480000.0
2015-08-20,530.4000,515.8000,515.8000,88160000.0
2015-08-21,507.4000,494.4000,494.4000,134130000.0
2015-08-24,463.6000,463.4000,463.4000,201952000.0
2015-08-25,487.4000,466.4000,466.4000,113586000.0
2015-08-26,484.0000,500.8000,500.8000,127172000.0
2015-08-27,513.8000,518.4000,518.4000,122290000.0
2015-08-28,517.6000,518.0000,518.0000,54934000.0
2015-08-31,516.4000,512.8000,512.8000,60046000.0
2015-09-01,499.2000,496.6000,496.6000,77290000.0
2015-09-02,505.0000,510.6000,510.6000,74142000.0
2015-09-03,514.6000,504.8000,504.8000,62994000.0
2015-09-04,497.6000,499.0000,499.0000,53850000.0
2015-09-08,508.6000,517.6000,517.6000,76214000.0
2015-09-09,524.0000,516.8000,516.8000,87414000.0
2015-09-10,515.2000,522.2000,522.2000,51520000.0
2015-09-11,521.0000,529.4000,529.4000,64558000.0
2015-09-14,529.4000,521.4000,521.4000,62604000.0
2015-09-15,523.2000,522.4000,522.4000,57318000.0
2015-09-16,522.0000,527.4000,527.4000,45056000.0
2015-09-17,527.0000,538.8000,538.8000,83390000.0
2015-09-18,534.6000,540.2000,540.2000,123202000.0
2015-09-21,544.4000,548.4000,548.4000,65666000.0
2015-09-22,539.8000,538.4000,538.4000,76834000.0
2015-09-23,538.4000,536.0000,536.0000,44752000.0
2015-09-24,530.6000,533.8000,533.8000,70020000.0
2015-09-25,542.6000,524.2000,524.2000,80620000.0
2015-09-28,520.0000,504.0000,504.0000,108690000.0
2015-09-29,506.0000,496.0000,496.0000,89150000.0
2015-09-30,505.4000,511.8000,511.8000,80094000.0
2015-10-01,511.0000,520.8000,520.8000,75370000.0
2015-10-02,513.0000,532.6000,532.6000,91956000.0
2015-10-05,537.0000,543.6000,543.6000,67828000.0
2015-10-06,545.4000,537.4000,537.4000,90056000.0
2015-10-07,541.8000,542.0000,542.0000,76242000.0
2015-10-08,536.8000,533.2000,533.2000,93528000.0
2015-10-09,534.4000,539.8000,539.8000,70748000.0
2015-10-12,540.0000,550.2000,550.2000,55522000.0
2015-10-13,546.2000,548.8000,548.8000,58760000.0
2015-10-14,551.4000,544.8000,544.8000,71642000.0
2015-10-15,547.8000,562.4000,562.4000,98740000.0
2015-10-16,565.2000,570.8000,570.8000,86316000.0
2015-10-19,570.8000,573.2000,573.2000,87508000.0
2015-10-20,572.0000,560.8000,560.8000,86924000.0
2015-10-21,563.8000,555.8000,555.8000,66872000.0
2015-10-22,562.8000,564.0000,564.0000,155588000.0
2015-10-23,617.6000,599.0000,599.0000,213854000.0
2015-10-26,602.2000,608.6000,608.6000,85394000.0
2015-10-27,608.6000,611.0000,611.0000,75742000.0
2015-10-28,612.2000,617.0000,617.0000,78524000.0
2015-10-29,617.8000,626.6000,626.6000,77920000.0
2015-10-30,626.0000,626.0000,626.0000,77488000.0
2015-11-02,627.2000,628.4000,628.4000,56330000.0
2015-11-03,629.6000,625.4000,625.4000,64938000.0
2015-11-04,627.8000,641.0000,641.0000,96810000.0
2015-11-05,647.0000,655.6000,655.6000,94476000.0
2015-11-06,655.0000,659.4000,659.4000,81844000.0
2015-11-09,658.6000,655.4000,655.4000,80976000.0
2015-11-10,651.0000,659.6000,659.6000,69790000.0
2015-11-11,663.2000,673.2000,673.2000,107746000.0
2015-11-12,673.0000,665.6000,665.6000,85694000.0
2015-11-13,663.6000,642.4000,642.4000,125222000.0
2015-11-16,641.0000,647.8000,647.8000,148718000.0
2015-11-17,650.6000,643.4000,643.4000,86404000.0
2015-11-18,646.6000,663.6000,663.6000,89396000.0
2015-11-19,665.0000,661.2000,661.2000,94104000.0
2015-11-20,668.0000,668.4000,668.4000,77922000.0
2015-11-23,671.6000,679.0000,679.0000,87702000.0
2015-11-24,674.2000,671.2000,671.2000,90868000.0
2015-11-25,675.0000,675.4000,675.4000,53958000.0
2015-11-27,680.8000,673.2000,673.2000,39336000.0
2015-11-30,675.8000,664.8000,664.8000,113864000.0
2015-12-01,673.8000,679.0000,679.0000,95024000.0
2015-12-02,681.0000,676.0000,676.0000,85470000.0
2015-12-03,679.4000,666.2000,666.2000,101294000.0
2015-12-04,666.0000,672.6000,672.6000,90696000.0
2015-12-07,674.8000,669.8000,669.8000,74656000.0
2015-12-08,663.2000,677.4000,677.4000,73038000.0
2015-12-09,678.0000,664.8000,664.8000,103164000.0
2015-12-10,665.6000,662.4000,662.4000,69110000.0
2015-12-11,651.2000,640.2000,640.2000,109488000.0
2015-12-14,641.8000,658.0000,658.0000,86594000.0
2015-12-15,665.0000,658.6000,658.6000,95068000.0
2015-12-16,663.6000,675.8000,675.8000,79290000.0
2015-12-17,680.0000,670.6000,670.6000,73632000.0
2015-12-18,668.6000,664.2000,664.2000,136826000.0
2015-12-21,668.4000,664.6000,664.6000,65018000.0
2015-12-22,666.8000,663.2000,663.2000,53356000.0
2015-12-23,666.6000,663.8000,663.8000,54458000.0
2015-12-24,663.4000,662.8000,662.8000,21824000.0
2015-12-28,665.6000,675.2000,675.2000,75672000.0
2015-12-29,678.0000,694.0000,694.0000,114700000.0
2015-12-30,691.8000,689.0000,689.0000,70380000.0
2015-12-31,686.0000,675.8000,675.8000,74992000.0
2016-01-04,656.2000,637.0000,637.0000,186290000.0
2016-01-05,646.8000,633.8000,633.8000,116452000.0
2016-01-06,622.0000,632.6000,632.6000,106584000.0
2016-01-07,621.8000,608.0000,608.0000,141498000.0
2016-01-08,619.6000,607.0000,607.0000,110258000.0
2016-01-11,612.4000,617.8000,617.8000,97832000.0
2016-01-12,625.2000,617.8000,617.8000,94482000.0
2016-01-13,620.8000,581.8000,581.8000,153104000.0
2016-01-14,580.2000,593.0000,593.0000,144760000.0
2016-01-15,572.2000,570.2000,570.2000,155690000.0
2016-01-19,577.0000,574.4000,574.4000,96144000.0
2016-01-20,564.4000,571.8000,571.8000,159328000.0
2016-01-21,573.6000,575.0000,575.0000,99044000.0
2016-01-22,588.8000,596.4000,596.4000,102402000.0
2016-01-25,598.0000,596.6000,596.6000,87922000.0
2016-01-26,603.4000,601.2000,601.2000,75314000.0
2016-01-27,602.0000,583.4000,583.4000,103058000.0
2016-01-28,608.4000,635.4000,635.4000,280304000.0
2016-01-29,572.0000,587.0000,587.0000,293552000.0
2016-02-01,578.2000,574.8000,574.8000,127102000.0
2016-02-02,570.0000,552.0000,552.0000,126240000.0
2016-02-03,553.4000,531.0000,531.0000,200974000.0
2016-02-04,525.0000,536.2000,536.2000,123982000.0
2016-02-05,529.2000,502.2000,502.2000,194178000.0
2016-02-08,486.4000,488.2000,488.2000,196510000.0
2016-02-09,478.0000,482.0000,482.0000,141558000.0
2016-02-10,491.8000,490.4000,490.4000,135724000.0
2016-02-11,491.2000,503.8000,503.8000,147948000.0
2016-02-12,510.6000,507.0000,507.0000,107696000.0
2016-02-16,519.4000,521.2000,521.2000,102370000.0
2016-02-17,528.8000,534.0000,534.0000,96480000.0
2016-02-18,541.2000,525.0000,525.0000,94700000.0
2016-02-19,520.8000,535.0000,535.0000,99494000.0
2016-02-22,542.2000,559.6000,559.6000,111332000.0
2016-02-23,555.6000,553.0000,553.0000,81016000.0
2016-02-24,545.8000,554.0000,554.0000,124634000.0
2016-02-25,555.6000,555.2000,555.2000,90510000.0
2016-02-26,560.2000,555.2000,555.2000,97540000.0
2016-02-29,554.0000,552.6000,552.6000,82908000.0
2016-03-01,556.2000,579.0000,579.0000,100770000.0
2016-03-02,581.8000,580.2000,580.2000,91644000.0
2016-03-03,578.0000,577.4000,577.4000,54826000.0
2016-03-04,581.0000,575.2000,575.2000,68330000.0
2016-03-07,573.6000,562.8000,562.8000,98538000.0
2016-03-08,557.8000,560.2000,560.2000,94600000.0
2016-03-09,559.6000,559.4000,559.4000,87546000.0
2016-03-10,566.8000,559.0000,559.0000,78398000.0
2016-03-11,567.0000,569.6000,569.6000,75426000.0
2016-03-14,567.0000,573.4000,573.4000,69084000.0
2016-03-15,571.0000,577.0000,577.0000,77536000.0
2016-03-16,576.6000,574.2000,574.2000,70754000.0
2016-03-17,569.6000,559.4000,559.4000,118562000.0
2016-03-18,561.0000,552.0000,552.0000,145938000.0
2016-03-21,549.0000,554.0000,554.0000,103114000.0
2016-03-22,545.2000,560.4000,560.4000,80012000.0
2016-03-23,561.0000,569.6000,569.6000,79674000.0
2016-03-24,567.2000,583.0000,583.0000,103710000.0
2016-03-28,584.4000,579.8000,579.8000,62430000.0
2016-03-29,580.2000,593.8000,593.8000,87852000.0
2016-03-30,596.8000,598.6000,598.6000,77810000.0
2016-03-31,599.2000,593.6000,593.6000,53636000.0
2016-04-01,590.4000,598.4000,598.4000,58348000.0
2016-04-04,599.0000,593.2000,593.2000,49416000.0
2016-04-05,590.8000,586.2000,586.2000,46178000.0
2016-04-06,587.6000,602.0000,602.0000,56998000.0
2016-04-07,598.8000,591.4000,591.4000,63780000.0
2016-04-08,594.4000,594.6000,594.6000,51838000.0
2016-04-11,596.2000,596.0000,596.0000,54086000.0
2016-04-12,598.4000,603.2000,603.2000,52822000.0
2016-04-13,607.6000,614.8000,614.8000,84566000.0
2016-04-14,615.0000,620.8000,620.8000,70242000.0
2016-04-15,622.0000,625.8000,625.8000,57754000.0
2016-04-18,625.4000,635.4000,635.4000,87218000.0
2016-04-19,637.2000,628.0000,628.0000,81118000.0
2016-04-20,630.0000,633.0000,633.0000,52188000.0
2016-04-21,631.0000,631.0000,631.0000,51926000.0
2016-04-22,624.4000,620.4000,620.4000,101678000.0
2016-04-25,616.6000,626.2000,626.2000,53658000.0
2016-04-26,626.2000,616.8000,616.8000,50428000.0
2016-04-27,611.8000,606.6000,606.6000,81376000.0
2016-04-28,615.6000,602.0000,602.0000,157452000.0
2016-04-29,666.0000,659.6000,659.6000,206214000.0
2016-05-02,664.0000,683.8000,683.8000,131570000.0
2016-05-03,677.4000,671.4000,671.4000,98468000.0
2016-05-04,662.6000,670.8000,670.8000,92710000.0
2016-05-05,673.4000,659.0000,659.0000,97682000.0
2016-05-06,656.0000,674.0000,674.0000,87306000.0
2016-05-09,674.0000,679.8000,679.8000,79644000.0
2016-05-10,694.0000,703.0000,703.0000,122112000.0
2016-05-11,705.8000,713.2000,713.2000,146764000.0
2016-05-12,717.4000,718.0000,718.0000,100964000.0
2016-05-13,714.6000,710.0000,710.0000,95268000.0
2016-05-16,710.2000,710.6000,710.6000,108658000.0
2016-05-17,709.8000,695.2000,695.2000,102428000.0
2016-05-18,689.6000,697.4000,697.4000,85664000.0
2016-05-19,691.8000,698.6000,698.6000,60512000.0
2016-05-20,701.0000,702.8000,702.8000,58324000.0
2016-05-23,704.2000,696.8000,696.8000,51902000.0
2016-05-24,698.0000,704.2000,704.2000,60676000.0
2016-05-25,708.0000,708.4000,708.4000,65354000.0
2016-05-26,708.4000,715.0000,715.0000,48934000.0
2016-05-27,715.0000,712.2000,712.2000,44984000.0
2016-05-31,712.4000,722.8000,722.8000,72366000.0
2016-06-01,720.8000,719.4000,719.4000,65262000.0
2016-06-02,721.0000,728.2000,728.2000,60532000.0
2016-06-03,726.8000,725.6000,725.6000,67346000.0
2016-06-06,726.6000,726.8000,726.8000,54096000.0
2016-06-07,729.8000,723.8000,723.8000,54650000.0
2016-06-08,726.4000,726.6000,726.6000,44468000.0
2016-06-09,723.0000,727.6000,727.6000,43406000.0
2016-06-10,722.4000,718.0000,718.0000,68514000.0
2016-06-13,714.0000,715.2000,715.2000,67044000.0
2016-06-14,712.4000,719.4000,719.4000,50138000.0
2016-06-15,722.0000,714.2000,714.2000,54188000.0
2016-06-16,712.0000,717.6000,717.6000,61960000.0
2016-06-17,718.2000,706.4000,706.4000,117956000.0
2016-06-20,713.4000,714.0000,714.0000,73544000.0
2016-06-21,715.8000,715.8000,715.8000,42750000.0
2016-06-22,716.6000,710.6000,710.6000,45210000.0
2016-06-23,715.6000,722.0000,722.0000,56500000.0
2016-06-24,693.0000,699.0000,699.0000,152650000.0
2016-06-27,692.0000,691.4000,691.4000,111360000.0
2016-06-28,700.0000,708.0000,708.0000,80740000.0
2016-06-29,715.8000,715.6000,715.6000,61402000.0
2016-06-30,717.2000,715.6000,715.6000,57102000.0
2016-07-01,717.4000,725.6000,725.6000,58408000.0
2016-07-05,722.8000,728.0000,728.0000,48628000.0
2016-07-06,725.8000,737.6000,737.6000,78764000.0
2016-07-07,739.4000,736.6000,736.6000,58916000.0
2016-07-08,740.2000,745.8000,745.8000,68584000.0
2016-07-11,750.0000,753.8000,753.8000,63906000.0
2016-07-12,756.8000,748.2000,748.2000,112474000.0
2016-07-13,746.8000,742.6000,742.6000,82846000.0
2016-07-14,748.8000,741.2000,741.2000,47810000.0
2016-07-15,746.6000,735.4000,735.4000,62428000.0
2016-07-18,735.4000,736.0000,736.0000,59098000.0
2016-07-19,732.6000,740.0000,740.0000,44336000.0
2016-07-20,744.0000,745.8000,745.8000,44280000.0
2016-07-21,747.6000,744.4000,744.4000,46342000.0
2016-07-22,747.8000,744.8000,744.8000,45554000.0
2016-07-25,746.6000,739.6000,739.6000,53586000.0
2016-07-26,742.8000,735.6000,735.6000,50594000.0
2016-07-27,738.0000,736.6000,736.6000,58262000.0
2016-07-28,746.0000,752.6000,752.6000,152352000.0
2016-07-29,765.0000,758.8000,758.8000,135542000.0
2016-08-01,759.8000,767.8000,767.8000,71564000.0
2016-08-02,763.8000,760.6000,760.6000,72066000.0
2016-08-03,757.0000,754.6000,754.6000,71630000.0
2016-08-04,753.8000,760.8000,760.8000,63564000.0
2016-08-05,764.8000,766.0000,766.0000,54088000.0
2016-08-08,766.8000,766.6000,766.6000,39726000.0
2016-08-09,767.4000,768.4000,768.4000,37522000.0
2016-08-10,769.8000,768.6000,768.6000,32086000.0
2016-08-11,770.0000,771.2000,771.2000,40394000.0
2016-08-12,768.4000,772.6000,772.6000,31266000.0
2016-08-15,772.0000,768.4000,768.4000,42370000.0
2016-08-16,768.6000,764.0000,764.0000,32092000.0
2016-08-17,764.4000,764.6000,764.6000,37822000.0
2016-08-18,764.0000,764.4000,764.4000,29176000.0
2016-08-19,762.0000,757.4000,757.4000,46864000.0
2016-08-22,757.6000,759.4000,759.4000,33586000.0
2016-08-23,763.4000,762.4000,762.4000,30482000.0
2016-08-24,763.0000,757.2000,757.2000,34882000.0
2016-08-25,756.0000,759.2000,759.2000,32460000.0
2016-08-26,760.0000,769.0000,769.0000,55536000.0
2016-08-29,768.8000,771.2000,771.2000,43972000.0
2016-08-30,771.0000,767.6000,767.6000,34184000.0
2016-08-31,766.6000,769.2000,769.2000,32676000.0
2016-09-01,770.8000,770.6000,770.6000,35846000.0
2016-09-02,774.2000,772.4000,772.4000,43636000.0
2016-09-06,774.0000,788.8000,788.8000,74396000.0
2016-09-07,789.6000,784.4000,784.4000,48492000.0
2016-09-08,783.8000,784.0000,784.0000,40610000.0
2016-09-09,779.4000,760.2000,760.2000,85146000.0
2016-09-12,757.4000,771.4000,771.4000,62494000.0
2016-09-13,768.8000,761.0000,761.0000,62344000.0
2016-09-14,762.2000,761.0000,761.0000,50460000.0
2016-09-15,762.0000,769.6000,769.6000,60680000.0
2016-09-16,773.2000,778.6000,778.6000,109984000.0
2016-09-19,780.0000,775.2000,775.2000,45944000.0
2016-09-20,776.0000,780.2000,780.2000,38744000.0
2016-09-21,783.2000,789.8000,789.8000,54372000.0
2016-09-22,794.2000,804.8000,804.8000,81578000.0
2016-09-23,803.2000,805.8000,805.8000,47070000.0
2016-09-26,801.8000,799.2000,799.2000,53028000.0
2016-09-27,801.8000,816.2000,816.2000,76392000.0
2016-09-28,818.0000,828.8000,828.8000,88442000.0
2016-09-29,828.2000,829.0000,829.0000,98444000.0
2016-09-30,832.6000,837.4000,837.4000,88612000.0
2016-10-03,836.0000,836.8000,836.8000,55388000.0
2016-10-04,841.0000,834.0000,834.0000,59006000.0
2016-10-05,838.0000,844.4000,844.4000,69382000.0
2016-10-06,843.8000,841.6000,841.6000,53680000.0
2016-10-07,845.8000,839.4000,839.4000,48524000.0
2016-10-10,843.2000,841.8000,841.8000,36542000.0
2016-10-11,841.0000,831.0000,831.0000,71764000.0
2016-10-12,834.0000,834.0000,834.0000,47608000.0
2016-10-13,829.0000,829.2000,829.2000,61828000.0
2016-10-14,835.0000,823.0000,823.0000,59996000.0
2016-10-17,821.6000,813.0000,813.0000,67230000.0
2016-10-18,822.2000,817.6000,817.6000,50250000.0
2016-10-19,820.4000,817.6000,817.6000,41814000.0
2016-10-20,814.0000,810.4000,810.4000,63040000.0
2016-10-21,809.4000,819.0000,819.0000,55860000.0
2016-10-24,825.0000,838.0000,838.0000,81218000.0
2016-10-25,839.4000,835.2000,835.2000,64968000.0
2016-10-26,832.8000,822.6000,822.6000,79962000.0
2016-10-27,831.2000,818.4000,818.4000,148128000.0
2016-10-28,782.0000,776.4000,776.4000,216822000.0
2016-10-31,781.0000,789.8000,789.8000,108266000.0
2016-11-01,799.0000,785.4000,785.4000,106108000.0
2016-11-02,784.0000,765.6000,765.6000,100530000.0
2016-11-03,765.0000,767.0000,767.0000,77450000.0
2016-11-04,762.8000,755.0000,755.0000,102442000.0
2016-11-07,771.6000,785.0000,785.0000,119688000.0
2016-11-08,785.0000,787.8000,787.8000,68252000.0
2016-11-09,764.0000,771.8000,771.8000,171258000.0
2016-11-10,778.8000,742.4000,742.4000,254940000.0
2016-11-11,735.8000,739.0000,739.0000,132456000.0
2016-11-14,745.6000,719.0000,719.0000,146426000.0
2016-11-15,730.0000,743.2000,743.2000,135116000.0
2016-11-16,739.8000,746.4000,746.4000,72976000.0
2016-11-17,749.4000,756.4000,756.4000,73802000.0
2016-11-18,761.0000,760.2000,760.2000,87468000.0
2016-11-21,766.0000,780.0000,780.0000,92292000.0
2016-11-22,788.2000,785.4000,785.4000,106226000.0
2016-11-23,781.8000,780.2000,780.2000,70806000.0
2016-11-25,786.6000,780.4000,780.4000,36742000.0
2016-11-28,777.0000,766.8000,766.8000,88776000.0
2016-11-29,768.0000,762.6000,762.6000,65446000.0
2016-11-30,762.0000,750.6000,750.6000,92518000.0
2016-12-01,752.4000,743.6000,743.6000,93320000.0
2016-12-02,743.4000,740.4000,740.4000,71226000.0
2016-12-05,745.0000,759.4000,759.4000,86294000.0
2016-12-06,764.0000,764.8000,764.8000,75894000.0
2016-12-07,764.6000,770.4000,770.4000,73698000.0
2016-12-08,771.8000,767.4000,767.4000,63792000.0
2016-12-09,770.0000,768.6000,768.6000,49418000.0
2016-12-12,766.4000,760.2000,760.2000,59278000.0
2016-12-13,765.0000,774.4000,774.4000,105706000.0
2016-12-14,778.2000,768.8000,768.8000,109096000.0
2016-12-15,766.2000,761.0000,761.0000,76038000.0
2016-12-16,765.0000,757.8000,757.8000,96964000.0
2016-12-19,758.8000,766.0000,766.0000,62264000.0
2016-12-20,768.6000,771.2000,771.2000,54072000.0
2016-12-21,770.0000,770.6000,770.6000,40892000.0
2016-12-22,768.2000,766.4000,766.4000,50872000.0
2016-12-23,764.6000,760.6000,760.6000,39632000.0
2016-12-27,763.4000,771.4000,771.4000,52774000.0
2016-12-28,776.2000,772.2000,772.2000,66020000.0
2016-12-29,772.4000,765.2000,765.2000,63166000.0
2016-12-30,766.4000,749.8000,749.8000,82788000.0
2017-01-03,758.0000,753.6000,753.6000,70422000.0
2017-01-04,758.4000,757.2000,757.2000,50210000.0
2017-01-05,761.6000,780.4000,780.4000,116602000.0
2017-01-06,782.4000,796.0000,796.0000,119724000.0
2017-01-09,798.0000,797.0000,797.0000,68922000.0
2017-01-10,796.6000,795.8000,795.8000,51168000.0
2017-01-11,793.6000,799.0000,799.0000,59856000.0
2017-01-12,800.4000,813.6000,813.6000,97478000.0
2017-01-13,814.4000,817.2000,817.2000,75838000.0
2017-01-17,815.6000,809.8000,809.8000,73410000.0
2017-01-18,809.4000,807.4000,807.4000,47084000.0
2017-01-19,810.0000,809.0000,809.0000,50816000.0
2017-01-20,815.2000,808.4000,808.4000,67524000.0
2017-01-23,806.8000,817.8000,817.8000,55950000.0
2017-01-24,822.0000,822.4000,822.4000,59434000.0
2017-01-25,825.8000,836.6000,836.6000,78452000.0
2017-01-26,835.6000,839.2000,839.2000,71726000.0
2017-01-27,839.0000,835.8000,835.8000,59974000.0
2017-01-30,833.0000,830.4000,830.4000,74946000.0
2017-01-31,823.8000,823.4000,823.4000,62744000.0
2017-02-01,829.2000,832.4000,832.4000,77004000.0
2017-02-02,836.6000,840.0000,840.0000,147010000.0
2017-02-03,806.8000,810.2000,810.2000,217376000.0
2017-02-06,809.8000,807.6000,807.6000,77946000.0
2017-02-07,809.4000,812.6000,812.6000,69322000.0
2017-02-08,812.6000,819.8000,819.8000,57160000.0
2017-02-09,821.6000,821.4000,821.4000,49698000.0
2017-02-10,823.8000,827.4000,827.4000,48592000.0
2017-02-13,831.6000,836.6000,836.6000,83452000.0
2017-02-14,837.0000,836.4000,836.4000,55848000.0
2017-02-15,834.0000,842.6000,842.6000,59378000.0
2017-02-16,841.8000,844.2000,844.2000,54294000.0
2017-02-17,842.0000,845.0000,845.0000,62246000.0
2017-02-21,848.8000,856.4000,856.4000,70154000.0
2017-02-22,857.0000,855.6000,855.6000,52340000.0
2017-02-23,857.6000,852.2000,852.2000,69240000.0
2017-02-24,844.6000,845.2000,845.2000,73760000.0
2017-02-27,842.4000,848.6000,848.6000,54272000.0
2017-02-28,851.4000,845.0000,845.0000,55874000.0
2017-03-01,853.0000,853.0000,853.0000,55202000.0
2017-03-02,853.0000,849.0000,849.0000,42642000.0
2017-03-03,847.2000,849.8000,849.8000,38822000.0
2017-03-06,845.2000,846.6000,846.6000,52208000.0
2017-03-07,845.4000,846.0000,846.0000,44952000.0
2017-03-08,848.0000,850.6000,850.6000,45730000.0
2017-03-09,851.0000,853.0000,853.0000,40964000.0
2017-03-10,857.0000,852.4000,852.4000,48728000.0
2017-03-13,851.8000,854.6000,854.6000,38194000.0
2017-03-14,853.6000,852.6000,852.6000,42612000.0
2017-03-15,854.4000,853.0000,853.0000,51244000.0
2017-03-16,855.2000,853.4000,853.4000,36846000.0
2017-03-17,853.4000,852.4000,852.4000,67688000.0
2017-03-20,851.6000,857.0000,857.0000,45654000.0
2017-03-21,858.8000,843.2000,843.2000,87658000.0
2017-03-22,840.4000,848.0000,848.0000,53174000.0
2017-03-23,848.2000,847.4000,847.4000,39060000.0
2017-03-24,851.6000,845.6000,845.6000,42766000.0
2017-03-27,838.0000,846.8000,846.8000,55116000.0
2017-03-28,851.8000,856.0000,856.0000,60832000.0
2017-03-29,859.0000,874.4000,874.4000,89716000.0
2017-03-30,875.0000,876.4000,876.4000,55254000.0
2017-03-31,877.0000,886.6000,886.6000,79152000.0
2017-04-03,888.0000,891.6000,891.6000,68446000.0
2017-04-04,891.6000,906.8000,906.8000,99694000.0
2017-04-05,910.8000,909.2000,909.2000,150168000.0
2017-04-06,913.8000,898.2000,898.2000,126882000.0
2017-04-07,899.6000,894.8000,894.8000,74218000.0
2017-04-10,899.6000,907.0000,907.0000,63686000.0
2017-04-11,907.0000,902.4000,902.4000,60254000.0
2017-04-12,903.0000,896.2000,896.2000,49122000.0
2017-04-13,891.4000,884.6000,884.6000,63492000.0
2017-04-17,887.6000,902.0000,902.0000,57094000.0
2017-04-18,901.0000,903.8000,903.8000,59984000.0
2017-04-19,907.8000,899.2000,899.2000,57404000.0
2017-04-20,899.8000,902.0000,902.0000,56288000.0
2017-04-21,902.6000,898.6000,898.6000,48410000.0
2017-04-24,908.6000,907.4000,907.4000,62458000.0
2017-04-25,907.0000,907.6000,907.6000,67612000.0
2017-04-26,910.2000,909.2000,909.2000,52178000.0
2017-04-27,914.4000,918.4000,918.4000,106110000.0
2017-04-28,948.8000,925.0000,925.0000,147294000.0
2017-05-01,927.8000,948.2000,948.2000,109330000.0
2017-05-02,946.6000,947.0000,947.0000,76976000.0
2017-05-03,946.0000,941.0000,941.0000,71654000.0
2017-05-04,944.8000,937.6000,937.6000,48368000.0
2017-05-05,940.6000,934.2000,934.2000,57328000.0
2017-05-08,941.0000,949.0000,949.0000,68314000.0
2017-05-09,952.8000,952.8000,952.8000,65242000.0
2017-05-10,953.4000,949.0000,949.0000,41930000.0
2017-05-11,945.2000,947.6000,947.6000,43882000.0
2017-05-12,954.4000,961.4000,961.4000,72518000.0
2017-05-15,958.8000,958.0000,958.0000,85412000.0
2017-05-16,961.0000,966.0000,966.0000,62522000.0
2017-05-17,954.8000,944.8000,944.8000,102912000.0
2017-05-18,944.8000,958.4000,958.4000,78786000.0
2017-05-19,962.8000,959.8000,959.8000,79442000.0
2017-05-22,964.0000,970.6000,970.6000,52844000.0
2017-05-23,975.0000,971.6000,971.6000,48312000.0
2017-05-24,976.0000,980.4000,980.4000,48920000.0
2017-05-25,984.8000,993.4000,993.4000,96440000.0
2017-05-26,995.0000,995.8000,995.8000,69384000.0
2017-05-30,996.6000,996.6000,996.6000,65262000.0
2017-05-31,1000.0000,994.6000,994.6000,78262000.0
2017-06-01,998.6000,996.0000,996.0000,49096000.0
2017-06-02,999.0000,1006.8000,1006.8000,75046000.0
2017-06-05,1007.2000,1011.4000,1011.4000,54398000.0
2017-06-06,1012.0000,1003.0000,1003.0000,66928000.0
2017-06-07,1006.0000,1010.0000,1010.0000,56460000.0
2017-06-08,1012.0000,1010.2000,1010.2000,55358000.0
2017-06-09,1012.6000,978.4000,978.4000,152954000.0
2017-06-12,967.0000,965.0000,965.0000,188944000.0
2017-06-13,978.0000,980.8000,980.8000,91600000.0
2017-06-14,988.6000,976.4000,976.4000,79498000.0
2017-06-15,958.8000,964.2000,964.2000,107478000.0
2017-06-16,996.0000,987.8000,987.8000,229454000.0
2017-06-19,1017.0000,995.2000,995.2000,100868000.0
2017-06-20,998.0000,992.6000,992.6000,81536000.0
2017-06-21,998.8000,1002.2000,1002.2000,58450000.0
2017-06-22,1002.2000,1001.2000,1001.2000,45068000.0
2017-06-23,1002.6000,1003.8000,1003.8000,57582000.0
2017-06-26,1008.4000,994.0000,994.0000,67724000.0
2017-06-27,990.6000,976.8000,976.8000,75648000.0
2017-06-28,978.6000,990.4000,990.4000,74752000.0
2017-06-29,979.0000,976.0000,976.0000,86060000.0
2017-06-30,980.2000,968.0000,968.0000,67806000.0
2017-07-03,972.8000,953.6000,953.6000,58182000.0
2017-07-05,961.6000,971.4000,971.4000,73060000.0
2017-07-06,964.6000,965.2000,965.2000,65192000.0
2017-07-07,969.6000,978.8000,978.8000,52868000.0
2017-07-10,985.0000,996.4000,996.4000,70926000.0
2017-07-11,993.0000,994.2000,994.2000,59654000.0
2017-07-12,1000.6000,1006.6000,1006.6000,72172000.0
2017-07-13,1004.6000,1000.6000,1000.6000,57616000.0
2017-07-14,1002.4000,1001.8000,1001.8000,42050000.0
2017-07-17,1004.6000,1010.0000,1010.0000,74252000.0
2017-07-18,1006.0000,1024.4000,1024.4000,80152000.0
2017-07-19,1025.0000,1026.8000,1026.8000,59280000.0
2017-07-20,1031.6000,1028.8000,1028.8000,61950000.0
2017-07-21,1021.2000,1025.6000,1025.6000,54692000.0
2017-07-24,1028.4000,1039.0000,1039.0000,65760000.0
2017-07-25,1038.0000,1039.8000,1039.8000,48952000.0
2017-07-26,1043.2000,1052.8000,1052.8000,58426000.0
2017-07-27,1069.6000,1046.0000,1046.0000,219834000.0
2017-07-28,1012.2000,1020.0000,1020.0000,154188000.0
2017-07-31,1019.0000,987.8000,987.8000,147042000.0
2017-08-01,996.2000,996.2000,996.2000,91452000.0
2017-08-02,1001.8000,995.8000,995.8000,81400000.0
2017-08-03,999.4000,987.0000,987.0000,65116000.0
2017-08-04,989.6000,987.6000,987.6000,54606000.0
2017-08-07,990.6000,992.2000,992.2000,53532000.0
2017-08-08,994.4000,989.8000,989.8000,58056000.0
2017-08-09,982.6000,982.0000,982.0000,71394000.0
2017-08-10,976.2000,957.0000,957.0000,113682000.0
2017-08-11,960.0000,968.0000,968.0000,69360000.0
2017-08-14,978.4000,983.4000,983.4000,63458000.0
2017-08-15,988.8000,982.8000,982.8000,50986000.0
2017-08-16,981.6000,978.2000,978.2000,62642000.0
2017-08-17,977.8000,960.6000,960.6000,70248000.0
2017-08-18,961.4000,958.4000,958.4000,65696000.0
2017-08-21,957.6000,953.2000,953.2000,63290000.0
2017-08-22,955.6000,967.0000,967.0000,55000000.0
2017-08-23,959.4000,958.0000,958.0000,53366000.0
2017-08-24,957.4000,952.4000,952.4000,103914000.0
2017-08-25,956.0000,945.2000,945.2000,66496000.0
2017-08-28,946.6000,946.0000,946.0000,51934000.0
2017-08-29,940.0000,954.0000,954.0000,57486000.0
2017-08-30,958.4000,967.6000,967.6000,58092000.0
2017-08-31,974.8000,980.6000,980.6000,66630000.0
2017-09-01,984.2000,978.2000,978.2000,50718000.0
2017-09-05,975.4000,965.2000,965.2000,57664000.0
2017-09-06,968.4000,967.8000,967.8000,42598000.0
2017-09-07,974.0000,979.4000,979.4000,51336000.0
2017-09-08,979.2000,965.8000,965.8000,52106000.0
2017-09-11,974.4000,978.0000,978.0000,43734000.0
2017-09-12,983.2000,982.6000,982.6000,49622000.0
2017-09-13,984.0000,999.6000,999.6000,67494000.0
2017-09-14,996.8000,992.2000,992.2000,78266000.0
2017-09-15,993.0000,986.8000,986.8000,75204000.0
2017-09-18,990.4000,974.2000,974.2000,68226000.0
2017-09-19,977.2000,969.8000,969.8000,53422000.0
2017-09-20,971.8000,973.2000,973.2000,57776000.0
2017-09-21,971.4000,964.6000,964.6000,46752000.0
2017-09-22,961.0000,955.2000,955.2000,52836000.0
2017-09-25,949.4000,939.8000,939.8000,102480000.0
2017-09-26,945.4000,938.6000,938.6000,71296000.0
2017-09-27,948.0000,950.8000,950.8000,62978000.0
2017-09-28,951.8000,956.4000,956.4000,50452000.0
2017-09-29,960.2000,961.4000,961.4000,50876000.0
2017-10-02,964.0000,959.2000,959.2000,48858000.0
2017-10-03,958.0000,957.0000,957.0000,53332000.0
2017-10-04,954.2000,965.4000,965.4000,50548000.0
2017-10-05,970.0000,980.8000,980.8000,64584000.0
2017-10-06,975.6000,989.6000,989.6000,75642000.0
2017-10-09,993.2000,991.0000,991.0000,58772000.0
2017-10-10,996.6000,987.2000,987.2000,61698000.0
2017-10-11,991.2000,995.0000,995.0000,46742000.0
2017-10-12,996.8000,1001.0000,1001.0000,81346000.0
2017-10-13,1007.0000,1003.0000,1003.0000,48630000.0
2017-10-16,1008.4000,1006.4000,1006.4000,40178000.0
2017-10-17,1005.6000,1009.2000,1009.2000,46394000.0
2017-10-18,1009.2000,997.0000,997.0000,49994000.0
2017-10-19,990.0000,986.6000,986.6000,62164000.0
2017-10-20,993.6000,983.0000,983.0000,47302000.0
2017-10-23,986.8000,966.2000,966.2000,69882000.0
2017-10-24,969.0000,975.8000,975.8000,54478000.0
2017-10-25,978.0000,973.0000,973.0000,60662000.0
2017-10-26,980.4000,972.4000,972.4000,112374000.0
2017-10-27,1058.2000,1101.0000,1101.0000,331300000.0
2017-10-30,1095.0000,1110.8000,1110.8000,132262000.0
2017-10-31,1109.0000,1105.2000,1105.2000,69540000.0
2017-11-01,1105.4000,1103.6000,1103.6000,75110000.0
2017-11-02,1097.8000,1094.2000,1094.2000,73698000.0
2017-11-03,1091.2000,1111.6000,1111.6000,75030000.0
2017-11-06,1109.2000,1120.6000,1120.6000,67622000.0
2017-11-07,1124.8000,1123.2000,1123.2000,53780000.0
2017-11-08,1122.8000,1132.8000,1132.8000,51630000.0
2017-11-09,1126.0000,1129.2000,1129.2000,74654000.0
2017-11-10,1126.2000,1125.4000,1125.4000,43598000.0
2017-11-13,1123.0000,1129.2000,1129.2000,58368000.0
2017-11-14,1130.2000,1136.8000,1136.8000,62768000.0
2017-11-15,1127.0000,1126.6000,1126.6000,78574000.0
2017-11-16,1130.2000,1137.2000,1137.2000,44266000.0
2017-11-17,1138.2000,1129.8000,1129.8000,48268000.0
2017-11-20,1129.8000,1126.4000,1126.4000,43278000.0
2017-11-21,1132.8000,1139.4000,1139.4000,49588000.0
2017-11-22,1141.0000,1156.2000,1156.2000,71106000.0
2017-11-24,1160.6000,1186.0000,1186.0000,70560000.0
2017-11-27,1202.6000,1195.8000,1195.8000,134880000.0
2017-11-28,1204.8000,1193.6000,1193.6000,91188000.0
2017-11-29,1194.8000,1161.2000,1161.2000,185150000.0
2017-11-30,1167.0000,1176.8000,1176.8000,90184000.0
2017-12-01,1172.0000,1162.4000,1162.4000,82142000.0
2017-12-04,1173.8000,1134.0000,1134.0000,118638000.0
2017-12-05,1128.2000,1141.6000,1141.6000,81596000.0
2017-12-06,1138.0000,1152.4000,1152.4000,57066000.0
2017-12-07,1156.6000,1159.8000,1159.8000,50232000.0
2017-12-08,1170.4000,1162.0000,1162.0000,61002000.0
2017-12-11,1164.6000,1169.0000,1169.0000,47270000.0
2017-12-12,1166.6000,1165.0000,1165.0000,44718000.0
2017-12-13,1170.0000,1164.2000,1164.2000,52336000.0
2017-12-14,1163.8000,1174.2000,1174.2000,64286000.0
2017-12-15,1179.0000,1179.2000,1179.2000,95572000.0
2017-12-18,1187.4000,1190.6000,1190.6000,58952000.0
2017-12-19,1189.2000,1187.4000,1187.4000,51756000.0
2017-12-20,1190.6000,1177.6000,1177.6000,47424000.0
2017-12-21,1175.8000,1174.8000,1174.8000,42462000.0
2017-12-22,1172.0000,1168.4000,1168.4000,31702000.0
2017-12-26,1168.4000,1176.8000,1176.8000,40104000.0
2017-12-27,1180.0000,1182.2000,1182.2000,37344000.0
2017-12-28,1189.0000,1186.2000,1186.2000,36834000.0
2017-12-29,1182.4000,1169.4000,1169.4000,53768000.0
2018-01-02,1172.0000,1189.0000,1189.0000,53890000.0
2018-01-03,1188.4000,1204.2000,1204.2000,62176000.0
2018-01-04,1205.0000,1209.6000,1209.6000,60442000.0
2018-01-05,1217.6000,1229.2000,1229.2000,70894000.0
2018-01-08,1236.0000,1246.8000,1246.8000,85590000.0
2018-01-09,1257.0000,1252.6000,1252.6000,73226000.0
2018-01-10,1245.2000,1254.4000,1254.4000,53720000.0
2018-01-11,1259.8000,1276.6000,1276.6000,62500000.0
2018-01-12,1273.4000,1305.2000,1305.2000,108874000.0
2018-01-16,1323.0000,1304.8000,1304.8000,144414000.0
2018-01-17,1312.2000,1295.0000,1295.0000,105076000.0
2018-01-18,1294.0000,1293.4000,1293.4000,80538000.0
2018-01-19,1312.0000,1294.6000,1294.6000,91570000.0
2018-01-22,1297.2000,1327.4000,1327.4000,82802000.0
2018-01-23,1338.0000,1362.6000,1362.6000,103386000.0
2018-01-24,1374.8000,1357.6000,1357.6000,136150000.0
2018-01-25,1368.0000,1378.0000,1378.0000,95060000.0
2018-01-26,1392.0000,1402.0000,1402.0000,97146000.0
2018-01-29,1409.2000,1417.6000,1417.6000,114038000.0
2018-01-30,1403.2000,1437.8000,1437.8000,117438000.0
2018-01-31,1451.4000,1450.8000,1450.8000,128494000.0
2018-02-01,1445.0000,1390.0000,1390.0000,182276000.0
2018-02-02,1477.4000,1430.0000,1430.0000,222514000.0
2018-02-05,1402.6000,1390.0000,1390.0000,229900000.0
2018-02-06,1361.4000,1442.8000,1442.8000,221336000.0
2018-02-07,1449.0000,1416.8000,1416.8000,143254000.0
2018-02-08,1429.6000,1350.6000,1350.6000,171572000.0
2018-02-09,1373.4000,1339.6000,1339.6000,282830000.0
2018-02-12,1364.6000,1386.2000,1386.2000,134778000.0
2018-02-13,1386.0000,1414.6000,1414.6000,118358000.0
2018-02-14,1406.2000,1451.0000,1451.0000,119184000.0
2018-02-15,1466.8000,1461.8000,1461.8000,113054000.0
2018-02-16,1457.4000,1448.6000,1448.6000,89452000.0
2018-02-20,1446.4000,1468.4000,1468.4000,129984000.0
2018-02-21,1485.0000,1483.0000,1483.0000,126088000.0
2018-02-22,1495.4000,1485.4000,1485.4000,97162000.0
2018-02-23,1495.4000,1500.0000,1500.0000,88362000.0
2018-02-26,1509.2000,1522.0000,1522.0000,99100000.0
2018-02-27,1524.4000,1512.0000,1512.0000,96176000.0
2018-02-28,1519.6000,1512.4000,1512.4000,90300000.0
2018-03-01,1513.6000,1493.4000,1493.4000,136704000.0
2018-03-02,1469.2000,1500.2000,1500.2000,131752000.0
2018-03-05,1494.2000,1523.6000,1523.6000,104678000.0
2018-03-06,1533.2000,1537.6000,1537.6000,91234000.0
2018-03-07,1526.6000,1545.0000,1545.0000,83482000.0
2018-03-08,1550.0000,1551.8000,1551.8000,77252000.0
2018-03-09,1563.6000,1578.8000,1578.8000,90686000.0
2018-03-12,1592.6000,1598.4000,1598.4000,103484000.0
2018-03-13,1616.0000,1588.2000,1588.2000,130638000.0
2018-03-14,1597.0000,1591.0000,1591.0000,85188000.0
2018-03-15,1595.0000,1582.4000,1582.4000,81394000.0
2018-03-16,1583.4000,1571.6000,1571.6000,108500000.0
2018-03-19,1554.6000,1545.0000,1545.0000,131616000.0
2018-03-20,1550.4000,1586.6000,1586.6000,91632000.0
2018-03-21,1586.4000,1581.8000,1581.8000,95016000.0
2018-03-22,1565.4000,1545.0000,1545.0000,126412000.0
2018-03-23,1539.0000,1495.6000,1495.6000,160120000.0
2018-03-26,1530.0000,1555.8000,1555.8000,112494000.0
2018-03-27,1572.4000,1497.0000,1497.0000,139992000.0
2018-03-28,1447.0000,1431.4000,1431.4000,274106000.0
2018-03-29,1406.0000,1447.4000,1447.4000,251622000.0
2018-04-02,1417.6000,1372.0000,1372.0000,209272000.0
2018-04-03,1391.4000,1392.0000,1392.0000,204624000.0
2018-04-04,1358.2000,1410.6000,1410.6000,139646000.0
2018-04-05,1442.0000,1451.8000,1451.8000,128270000.0
2018-04-06,1430.0000,1405.2000,1405.2000,117646000.0
2018-04-09,1425.0000,1406.0000,1406.0000,84164000.0
2018-04-10,1432.0000,1436.2000,1436.2000,85082000.0
2018-04-11,1439.4000,1427.0000,1427.0000,71650000.0
2018-04-12,1439.4000,1448.6000,1448.6000,62700000.0
2018-04-13,1449.2000,1430.8000,1430.8000,73706000.0
2018-04-16,1445.0000,1441.4000,1441.4000,56172000.0
2018-04-17,1462.2000,1503.8000,1503.8000,102288000.0
2018-04-18,1514.6000,1527.8000,1527.8000,104550000.0
2018-04-19,1543.2000,1557.0000,1557.0000,130474000.0
2018-04-20,1561.2000,1527.4000,1527.4000,110832000.0
2018-04-23,1546.6000,1517.8000,1517.8000,89308000.0
2018-04-24,1535.8000,1460.0000,1460.0000,149894000.0
2018-04-25,1458.0000,1460.2000,1460.2000,131746000.0
2018-04-26,1485.0000,1518.0000,1518.0000,176022000.0
2018-04-27,1634.0000,1572.6000,1572.6000,261064000.0
2018-04-30,1582.6000,1566.2000,1566.2000,109282000.0
2018-05-01,1563.2000,1582.2000,1582.2000,91442000.0
2018-05-02,1581.0000,1569.6000,1569.6000,87206000.0
2018-05-03,1560.0000,1572.0000,1572.0000,85038000.0
2018-05-04,1562.4000,1581.0000,1581.0000,68872000.0
2018-05-07,1589.4000,1600.2000,1600.2000,76038000.0
2018-05-08,1595.0000,1592.4000,1592.4000,61358000.0
2018-05-09,1600.0000,1608.0000,1608.0000,72746000.0
2018-05-10,1608.4000,1609.0000,1609.0000,56350000.0
2018-05-11,1611.0000,1603.0000,1603.0000,45278000.0
2018-05-14,1604.0000,1601.6000,1601.6000,50190000.0
2018-05-15,1587.8000,1576.2000,1576.2000,101550000.0
2018-05-16,1577.6000,1587.2000,1587.2000,51412000.0
2018-05-17,1580.6000,1581.8000,1581.8000,42952000.0
2018-05-18,1581.4000,1574.4000,1574.4000,52852000.0
2018-05-21,1585.0000,1585.4000,1585.4000,58504000.0
2018-05-22,1589.8000,1581.4000,1581.4000,42312000.0
2018-05-23,1571.0000,1601.8000,1601.8000,67238000.0
2018-05-24,1598.0000,1603.0000,1603.0000,68600000.0
2018-05-25,1603.0000,1610.2000,1610.2000,53968000.0
2018-05-29,1600.8000,1612.8000,1612.8000,76930000.0
2018-05-30,1618.0000,1624.8000,1624.8000,58148000.0
2018-05-31,1623.0000,1629.6000,1629.6000,63326000.0
2018-06-01,1637.0000,1641.6000,1641.6000,66268000.0
2018-06-04,1648.8000,1665.2000,1665.2000,63754000.0
2018-06-05,1673.0000,1696.4000,1696.4000,95644000.0
2018-06-06,1704.6000,1695.8000,1695.8000,109464000.0
2018-06-07,1698.6000,1689.2000,1689.2000,75314000.0
2018-06-08,1681.2000,1684.0000,1684.0000,59102000.0
2018-06-11,1681.6000,1689.2000,1689.2000,46710000.0
2018-06-12,1693.0000,1698.8000,1698.8000,45184000.0
2018-06-13,1702.8000,1704.8000,1704.8000,66550000.0
2018-06-14,1713.4000,1723.8000,1723.8000,63488000.0
2018-06-15,1714.0000,1716.0000,1716.0000,95552000.0
2018-06-18,1706.2000,1723.8000,1723.8000,62154000.0
2018-06-19,1709.0000,1734.8000,1734.8000,85802000.0
2018-06-20,1742.6000,1750.0000,1750.0000,86652000.0
2018-06-21,1760.0000,1730.2000,1730.2000,98822000.0
2018-06-22,1742.6000,1715.6000,1715.6000,81502000.0
2018-06-25,1702.6000,1663.2000,1663.2000,150224000.0
2018-06-26,1672.4000,1691.0000,1691.0000,87732000.0
2018-06-27,1708.2000,1660.6000,1660.6000,97444000.0
2018-06-28,1672.6000,1701.4000,1701.4000,90594000.0
2018-06-29,1717.0000,1699.8000,1699.8000,90870000.0
2018-07-02,1682.8000,1713.8000,1713.8000,63714000.0
2018-07-03,1724.0000,1694.0000,1694.0000,43546000.0
2018-07-05,1705.4000,1699.8000,1699.8000,59662000.0
2018-07-06,1696.0000,1710.6000,1710.6000,53006000.0
2018-07-09,1724.0000,1739.0000,1739.0000,60240000.0
2018-07-10,1738.6000,1743.0000,1743.0000,60058000.0
2018-07-11,1738.0000,1755.0000,1755.0000,64196000.0
2018-07-12,1764.6000,1796.6000,1796.6000,90654000.0
2018-07-13,1804.0000,1813.0000,1813.0000,87664000.0
2018-07-16,1822.0000,1822.4000,1822.4000,109324000.0
2018-07-17,1811.6000,1844.0000,1844.0000,113658000.0
2018-07-18,1848.0000,1843.0000,1843.0000,97238000.0
2018-07-19,1829.4000,1813.0000,1813.0000,93538000.0
2018-07-20,1825.0000,1813.6000,1813.6000,77688000.0
2018-07-23,1812.2000,1802.0000,1802.0000,77770000.0
2018-07-24,1829.0000,1829.2000,1829.2000,85574000.0
2018-07-25,1829.2000,1863.6000,1863.6000,74764000.0
2018-07-26,1839.0000,1808.0000,1808.0000,198488000.0
2018-07-27,1876.0000,1817.2000,1817.2000,193620000.0
2018-07-30,1827.4000,1779.2000,1779.2000,131246000.0
2018-07-31,1786.4000,1777.4000,1777.4000,114774000.0
2018-08-01,1784.0000,1797.2000,1797.2000,83062000.0
2018-08-02,1788.8000,1834.4000,1834.4000,87094000.0
2018-08-03,1837.8000,1823.2000,1823.2000,69210000.0
2018-08-06,1825.8000,1847.8000,1847.8000,67836000.0
2018-08-07,1854.6000,1862.4000,1862.4000,67550000.0
2018-08-08,1861.0000,1886.6000,1886.6000,79260000.0
2018-08-09,1882.0000,1898.6000,1898.6000,97208000.0
2018-08-10,1888.6000,1886.4000,1886.4000,72798000.0
2018-08-13,1898.6000,1896.2000,1896.2000,110630000.0
2018-08-14,1919.4000,1919.6000,1919.6000,79722000.0
2018-08-15,1909.6000,1882.6000,1882.6000,154014000.0
2018-08-16,1904.0000,1886.6000,1886.6000,79142000.0
2018-08-17,1885.8000,1882.2000,1882.2000,82086000.0
2018-08-20,1890.6000,1876.8000,1876.8000,57240000.0
2018-08-21,1880.0000,1883.4000,1883.4000,62112000.0
2018-08-22,1876.6000,1905.0000,1905.0000,61610000.0
2018-08-23,1907.2000,1902.8000,1902.8000,71260000.0
2018-08-24,1910.6000,1905.4000,1905.4000,56018000.0
2018-08-27,1915.0000,1927.6000,1927.6000,71380000.0
2018-08-28,1937.8000,1932.8000,1932.8000,62014000.0
2018-08-29,1953.4000,1998.0000,1998.0000,130636000.0
2018-08-30,1997.4000,2002.4000,2002.4000,145546000.0
2018-08-31,2007.0000,2012.8000,2012.8000,84088000.0
2018-09-04,2026.4000,2039.6000,2039.6000,114422000.0
2018-09-05,2038.2000,1994.8000,1994.8000,164412000.0
2018-09-06,2006.6000,1958.4000,1958.4000,149774000.0
2018-09-07,1938.8000,1952.0000,1952.0000,97852000.0
2018-09-10,1971.0000,1939.0000,1939.0000,90896000.0
2018-09-11,1928.2000,1987.2000,1987.2000,100672000.0
2018-09-12,1994.0000,1990.0000,1990.0000,88280000.0
2018-09-13,2000.0000,1989.8000,1989.8000,72430000.0
2018-09-14,1993.0000,1970.2000,1970.2000,72840000.0
2018-09-17,1954.8000,1908.0000,1908.0000,141004000.0
2018-09-18,1918.6000,1941.0000,1941.0000,85374000.0
2018-09-19,1940.6000,1926.4000,1926.4000,81136000.0
2018-09-20,1938.6000,1944.2000,1944.2000,63098000.0
2018-09-21,1954.2000,1915.0000,1915.0000,137118000.0
2018-09-24,1903.8000,1934.4000,1934.4000,84274000.0
2018-09-25,1942.8000,1974.6000,1974.6000,90768000.0
2018-09-26,1968.6000,1974.8000,1974.8000,86270000.0
2018-09-27,1993.2000,2013.0000,2013.0000,86588000.0
2018-09-28,2004.4000,2003.0000,2003.0000,81702000.0
2018-10-01,2022.0000,2004.4000,2004.4000,69210000.0
2018-10-02,2000.0000,1971.4000,1971.4000,108014000.0
2018-10-03,1981.6000,1952.8000,1952.8000,105062000.0
2018-10-04,1949.0000,1909.4000,1909.4000,145140000.0
2018-10-05,1918.0000,1889.6000,1889.6000,136446000.0
2018-10-08,1874.0000,1864.4000,1864.4000,147864000.0
2018-10-09,1860.0000,1870.4000,1870.4000,95458000.0
2018-10-10,1857.8000,1755.2000,1755.2000,219778000.0
2018-10-11,1724.0000,1719.4000,1719.4000,278718000.0
2018-10-12,1808.0000,1788.6000,1788.6000,188892000.0
2018-10-15,1795.0000,1761.0000,1761.0000,128744000.0
2018-10-16,1783.6000,1820.0000,1820.0000,117198000.0
2018-10-17,1842.8000,1831.8000,1831.8000,105904000.0
2018-10-18,1821.4000,1770.8000,1770.8000,117480000.0
2018-10-19,1785.2000,1764.0000,1764.0000,118144000.0
2018-10-22,1784.0000,1789.2000,1789.2000,90000000.0
2018-10-23,1742.2000,1768.6000,1768.6000,134478000.0
2018-10-24,1773.6000,1664.2000,1664.2000,138568000.0
2018-10-25,1703.4000,1782.2000,1782.2000,205714000.0
2018-10-26,1649.6000,1642.8000,1642.8000,299276000.0
2018-10-29,1660.0000,1538.8000,1538.8000,277322000.0
2018-10-30,1486.2000,1530.4000,1530.4000,249202000.0
2018-10-31,1570.0000,1598.0000,1598.0000,187804000.0
2018-11-01,1623.6000,1665.6000,1665.6000,162710000.0
2018-11-02,1678.6000,1665.6000,1665.6000,139110000.0
2018-11-05,1657.6000,1627.8000,1627.8000,112494000.0
2018-11-06,1618.4000,1642.8000,1642.8000,85148000.0
2018-11-07,1673.0000,1755.4000,1755.4000,163844000.0
2018-11-08,1755.0000,1755.0000,1755.0000,130698000.0
2018-11-09,1732.6000,1712.4000,1712.4000,118044000.0
2018-11-12,1698.2000,1636.8000,1636.8000,136124000.0
2018-11-13,1649.2000,1631.2000,1631.2000,118666000.0
2018-11-14,1656.4000,1599.0000,1599.0000,129738000.0
2018-11-15,1581.0000,1619.4000,1619.4000,168546000.0
2018-11-16,1587.6000,1593.4000,1593.4000,121322000.0
2018-11-19,1577.0000,1512.2000,1512.2000,155800000.0
2018-11-20,1437.6000,1495.4000,1495.4000,217576000.0
2018-11-21,1543.0000,1516.8000,1516.8000,114336000.0
2018-11-23,1517.0000,1502.0000,1502.0000,54152000.0
2018-11-26,1539.0000,1581.4000,1581.4000,125154000.0
2018-11-27,1576.0000,1581.4000,1581.4000,115664000.0
2018-11-28,1614.0000,1677.8000,1677.8000,169174000.0
2018-11-29,1675.0000,1673.6000,1673.6000,132264000.0
2018-11-30,1679.4000,1690.2000,1690.2000,115236000.0
2018-12-03,1769.4000,1772.4000,1772.4000,137246000.0
2018-12-04,1756.0000,1668.4000,1668.4000,173890000.0
2018-12-06,1614.8000,1699.2000,1699.2000,175788000.0
2018-12-07,1705.0000,1629.2000,1629.2000,151522000.0
2018-12-10,1623.8000,1641.0000,1641.0000,149896000.0
2018-12-11,1678.0000,1643.2000,1643.2000,124894000.0
2018-12-12,1669.0000,1663.6000,1663.6000,131960000.0
2018-12-13,1680.0000,1658.4000,1658.4000,105426000.0
2018-12-14,1638.0000,1592.0000,1592.0000,127344000.0
2018-12-17,1566.0000,1521.0000,1521.0000,176596000.0
2018-12-18,1540.0000,1551.4000,1551.4000,130460000.0
2018-12-19,1543.0000,1495.0000,1495.0000,175844000.0
2018-12-20,1484.0000,1460.8000,1460.8000,199836000.0
2018-12-21,1465.0000,1377.4000,1377.4000,272806000.0
2018-12-24,1346.0000,1344.0000,1344.0000,144400000.0
2018-12-26,1368.8000,1470.8000,1470.8000,208236000.0
2018-12-27,1454.2000,1461.6000,1461.6000,194440000.0
2018-12-28,1473.4000,1478.0000,1478.0000,176580000.0
2018-12-31,1510.8000,1502.0000,1502.0000,139090000.0
2019-01-02,1465.2000,1539.2000,1539.2000,159662000.0
2019-01-03,1520.0000,1500.2000,1500.2000,139512000.0
2019-01-04,1530.0000,1575.4000,1575.4000,183652000.0
2019-01-07,1602.4000,1629.6000,1629.6000,159864000.0
2019-01-08,1664.6000,1656.6000,1656.6000,177628000.0
2019-01-09,1653.0000,1659.4000,1659.4000,126976000.0
2019-01-10,1641.0000,1656.2000,1656.2000,130154000.0
2019-01-11,1640.6000,1640.6000,1640.6000,93724000.0
2019-01-14,1615.0000,1617.2000,1617.2000,120118000.0
2019-01-15,1632.0000,1674.6000,1674.6000,119970000.0
2019-01-16,1684.2000,1683.8000,1683.8000,127338000.0
2019-01-17,1680.0000,1693.2000,1693.2000,84178000.0
2019-01-18,1712.0000,1696.2000,1696.2000,120410000.0
2019-01-22,1681.0000,1632.2000,1632.2000,128336000.0
2019-01-23,1656.0000,1640.0000,1640.0000,104504000.0
2019-01-24,1641.0000,1655.0000,1655.0000,81798000.0
2019-01-25,1670.6000,1670.6000,1670.6000,98918000.0
2019-01-28,1643.6000,1637.8000,1637.8000,96754000.0
2019-01-29,1631.2000,1593.8000,1593.8000,92656000.0
2019-01-30,1623.0000,1670.4000,1670.4000,115676000.0
2019-01-31,1692.8000,1718.8000,1718.8000,218206000.0
2019-02-01,1638.8000,1626.2000,1626.2000,230124000.0
2019-02-04,1623.0000,1633.4000,1633.4000,98582000.0
2019-02-05,1643.4000,1658.8000,1658.8000,89062000.0
2019-02-06,1670.8000,1640.2000,1640.2000,78798000.0
2019-02-07,1625.0000,1614.4000,1614.4000,92532000.0
2019-02-08,1586.0000,1588.2000,1588.2000,113150000.0
2019-02-11,1601.0000,1591.0000,1591.0000,66346000.0
2019-02-12,1604.0000,1638.0000,1638.0000,97172000.0
2019-02-13,1647.0000,1640.0000,1640.0000,71206000.0
2019-02-14,1624.4000,1622.6000,1622.6000,82410000.0
2019-02-15,1627.8000,1608.0000,1608.0000,86878000.0
2019-02-19,1601.0000,1627.6000,1627.6000,73634000.0
2019-02-20,1630.0000,1622.2000,1622.2000,66752000.0
2019-02-21,1619.8000,1619.4000,1619.4000,69668000.0
2019-02-22,1623.6000,1631.6000,1631.6000,61924000.0
2019-02-25,1641.4000,1633.0000,1633.0000,63690000.0
2019-02-26,1626.0000,1636.4000,1636.4000,53316000.0
2019-02-27,1628.2000,1641.0000,1641.0000,62976000.0
2019-02-28,1635.2000,1639.8000,1639.8000,60518000.0
2019-03-01,1655.2000,1671.8000,1671.8000,99498000.0
2019-03-04,1685.0000,1696.2000,1696.2000,123348000.0
2019-03-05,1703.0000,1692.4000,1692.4000,73630000.0
2019-03-06,1696.0000,1669.0000,1669.0000,79920000.0
2019-03-07,1667.4000,1626.0000,1626.0000,99140000.0
2019-03-08,1604.0000,1620.8000,1620.8000,93340000.0
2019-03-11,1626.2000,1670.6000,1670.6000,77528000.0
2019-03-12,1669.0000,1673.0000,1673.0000,72290000.0
2019-03-13,1683.0000,1690.8000,1690.8000,71040000.0
2019-03-14,1691.2000,1686.2000,1686.2000,58932000.0
2019-03-15,1703.0000,1712.4000,1712.4000,151018000.0
2019-03-18,1712.8000,1742.2000,1742.2000,108582000.0
2019-03-19,1753.6000,1761.8000,1761.8000,127284000.0
2019-03-20,1770.0000,1797.2000,1797.2000,125312000.0
2019-03-21,1796.2000,1819.2000,1819.2000,115356000.0
2019-03-22,1810.2000,1764.8000,1764.8000,127260000.0
2019-03-25,1757.8000,1774.2000,1774.2000,102076000.0
2019-03-26,1793.0000,1783.8000,1783.8000,97318000.0
2019-03-27,1784.2000,1765.8000,1765.8000,86496000.0
2019-03-28,1770.0000,1773.4000,1773.4000,60860000.0
2019-03-29,1786.6000,1780.8000,1780.8000,66416000.0
2019-04-01,1800.2000,1814.2000,1814.2000,84776000.0
2019-04-02,1811.0000,1814.0000,1814.0000,68962000.0
2019-04-03,1826.8000,1820.8000,1820.8000,78522000.0
2019-04-04,1820.6000,1818.8000,1818.8000,72478000.0
2019-04-05,1829.0000,1837.2000,1837.2000,72810000.0
2019-04-08,1833.2000,1849.8000,1849.8000,75056000.0
2019-04-09,1845.4000,1835.8000,1835.8000,74288000.0
2019-04-10,1841.0000,1847.4000,1847.4000,59280000.0
2019-04-11,1848.6000,1844.0000,1844.0000,53096000.0
2019-04-12,1848.4000,1843.0000,1843.0000,62288000.0
2019-04-15,1842.0000,1844.8000,1844.8000,74488000.0
2019-04-16,1851.4000,1863.0000,1863.0000,60892000.0
2019-04-17,1873.0000,1864.8000,1864.8000,57870000.0
2019-04-18,1868.8000,1861.6000,1861.6000,54998000.0
2019-04-22,1855.4000,1887.4000,1887.4000,67476000.0
2019-04-23,1891.2000,1923.8000,1923.8000,92808000.0
2019-04-24,1925.0000,1901.8000,1901.8000,73516000.0
2019-04-25,1917.0000,1902.2000,1902.2000,121982000.0
2019-04-26,1929.0000,1950.6000,1950.6000,168652000.0
2019-04-29,1949.0000,1938.4000,1938.4000,80426000.0
2019-04-30,1930.0000,1926.6000,1926.6000,70120000.0
2019-05-01,1933.0000,1911.6000,1911.6000,62340000.0
2019-05-02,1913.4000,1900.8000,1900.8000,79258000.0
2019-05-03,1949.0000,1962.4000,1962.4000,127632000.0
2019-05-06,1918.0000,1950.6000,1950.6000,108356000.0
2019-05-07,1940.0000,1921.0000,1921.0000,118042000.0
2019-05-08,1918.8000,1917.8000,1917.8000,81572000.0
2019-05-09,1900.0000,1899.8000,1899.8000,106166000.0
2019-05-10,1898.0000,1890.0000,1890.0000,114360000.0
2019-05-13,1836.6000,1822.6000,1822.6000,115668000.0
2019-05-14,1839.4000,1840.2000,1840.2000,92582000.0
2019-05-15,1828.0000,1871.2000,1871.2000,93852000.0
2019-05-16,1886.0000,1907.6000,1907.6000,94156000.0
2019-05-17,1893.0000,1869.0000,1869.0000,94732000.0
2019-05-20,1852.6000,1859.0000,1859.0000,75964000.0
2019-05-21,1874.8000,1857.6000,1857.6000,80102000.0
2019-05-22,1851.8000,1859.6000,1859.6000,58732000.0
2019-05-23,1836.6000,1815.4000,1815.4000,88486000.0
2019-05-24,1835.8000,1823.2000,1823.2000,67394000.0
2019-05-28,1832.8000,1836.4000,1836.4000,64000000.0
2019-05-29,1823.2000,1819.2000,1819.2000,85580000.0
2019-05-30,1825.4000,1816.4000,1816.4000,62938000.0
2019-05-31,1790.0000,1775.0000,1775.0000,92376000.0
2019-06-03,1760.0000,1692.6000,1692.6000,181974000.0
2019-06-04,1699.2000,1729.6000,1729.6000,113582000.0
2019-06-05,1749.6000,1738.6000,1738.6000,84796000.0
2019-06-06,1737.8000,1754.4000,1754.4000,73786000.0
2019-06-07,1763.6000,1804.0000,1804.0000,96164000.0
2019-06-10,1822.0000,1860.6000,1860.6000,107420000.0
2019-06-11,1883.2000,1863.6000,1863.6000,80854000.0
2019-06-12,1854.0000,1855.4000,1855.4000,53566000.0
2019-06-13,1866.8000,1870.2000,1870.2000,55916000.0
2019-06-14,1864.0000,1869.6000,1869.6000,57024000.0
2019-06-17,1876.4000,1886.0000,1886.0000,52686000.0
2019-06-18,1901.4000,1901.4000,1901.4000,77914000.0
2019-06-19,1907.8000,1908.8000,1908.8000,57906000.0
2019-06-20,1933.4000,1918.2000,1918.2000,64344000.0
2019-06-21,1916.2000,1911.4000,1911.4000,78672000.0
2019-06-24,1912.6000,1913.8000,1913.8000,45660000.0
2019-06-25,1911.8000,1878.2000,1878.2000,60246000.0
2019-06-26,1892.4000,1897.8000,1897.8000,48838000.0
2019-06-27,1902.0000,1904.2000,1904.2000,42834000.0
2019-06-28,1909.2000,1893.6000,1893.6000,60748000.0
2019-07-01,1923.0000,1922.2000,1922.2000,63842000.0
2019-07-02,1919.4000,1934.4000,1934.4000,52918000.0
2019-07-03,1935.8000,1939.0000,1939.0000,33806000.0
2019-07-05,1928.6000,1943.0000,1943.0000,52568000.0
2019-07-08,1934.2000,1952.4000,1952.4000,57668000.0
2019-07-09,1947.8000,1988.4000,1988.4000,86914000.0
2019-07-10,1996.6000,2017.4000,2017.4000,98638000.0
2019-07-11,2025.6000,2001.0000,2001.0000,86356000.0
2019-07-12,2008.2000,2011.0000,2011.0000,50186000.0
2019-07-15,2021.4000,2021.0000,2021.0000,59626000.0
2019-07-16,2010.6000,2010.0000,2010.0000,52364000.0
2019-07-17,2007.0000,1992.0000,1992.0000,51176000.0
2019-07-18,1980.0000,1977.8000,1977.8000,69738000.0
2019-07-19,1991.2000,1964.6000,1964.6000,63712000.0
2019-07-22,1971.2000,1985.6000,1985.6000,58000000.0
2019-07-23,1996.0000,1994.4000,1994.4000,54070000.0
2019-07-24,1969.2000,2000.8000,2000.8000,52626000.0
2019-07-25,2001.0000,1973.8000,1973.8000,82730000.0
2019-07-26,1942.0000,1943.0000,1943.0000,98542000.0
2019-07-29,1930.0000,1912.4000,1912.4000,89864000.0
2019-07-30,1891.2000,1898.6000,1898.6000,58218000.0
2019-07-31,1898.2000,1866.8000,1866.8000,89414000.0
2019-08-01,1871.8000,1855.4000,1855.4000,94266000.0
2019-08-02,1845.0000,1823.2000,1823.2000,99124000.0
2019-08-05,1770.2000,1765.2000,1765.2000,121164000.0
2019-08-06,1792.2000,1787.8000,1787.8000,101406000.0
2019-08-07,1774.0000,1793.4000,1793.4000,90538000.0
2019-08-08,1806.0000,1832.8000,1832.8000,74024000.0
2019-08-09,1829.0000,1807.6000,1807.6000,57596000.0
2019-08-12,1796.0000,1785.0000,1785.0000,58110000.0
2019-08-13,1783.0000,1824.4000,1824.4000,79880000.0
2019-08-14,1793.0000,1763.0000,1763.0000,97872000.0
2019-08-15,1782.0000,1776.2000,1776.2000,75182000.0
2019-08-16,1792.8000,1792.6000,1792.6000,60360000.0
2019-08-19,1818.0000,1816.2000,1816.2000,56326000.0
2019-08-20,1814.4000,1801.4000,1801.4000,38590000.0
2019-08-21,1819.4000,1823.6000,1823.6000,40636000.0
2019-08-22,1828.0000,1804.6000,1804.6000,53070000.0
2019-08-23,1793.0000,1749.6000,1749.6000,105416000.0
2019-08-26,1767.0000,1768.8000,1768.8000,61600000.0
2019-08-27,1775.8000,1761.8000,1761.8000,60394000.0
2019-08-28,1755.0000,1764.2000,1764.2000,48394000.0
2019-08-29,1783.0000,1786.4000,1786.4000,60302000.0
2019-08-30,1797.4000,1776.2000,1776.2000,61174000.0
2019-09-03,1770.0000,1789.8000,1789.8000,70860000.0
2019-09-04,1805.0000,1800.6000,1800.6000,46482000.0
2019-09-05,1822.0000,1840.8000,1840.8000,66216000.0
2019-09-06,1838.2000,1833.6000,1833.6000,49938000.0
2019-09-09,1841.0000,1831.4000,1831.4000,59990000.0
2019-09-10,1822.8000,1820.6000,1820.6000,52278000.0
2019-09-11,1812.2000,1823.0000,1823.0000,48656000.0
2019-09-12,1837.6000,1843.6000,1843.6000,56470000.0
2019-09-13,1842.0000,1839.4000,1839.4000,39426000.0
2019-09-16,1824.0000,1807.8000,1807.8000,73510000.0
2019-09-17,1807.0000,1822.6000,1822.6000,39648000.0
2019-09-18,1817.0000,1817.4000,1817.4000,50112000.0
2019-09-19,1821.0000,1821.4000,1821.4000,40630000.0
2019-09-20,1821.8000,1794.2000,1794.2000,106838000.0
2019-09-23,1777.0000,1785.2000,1785.2000,58446000.0
2019-09-24,1790.6000,1741.6000,1741.6000,92320000.0
2019-09-25,1747.4000,1768.4000,1768.4000,69864000.0
2019-09-26,1762.8000,1739.8000,1739.8000,70736000.0
2019-09-27,1748.0000,1725.4000,1725.4000,78144000.0
2019-09-30,1727.0000,1736.0000,1736.0000,52894000.0
2019-10-01,1746.0000,1735.6000,1735.6000,61690000.0
2019-10-02,1727.8000,1713.2000,1713.2000,66022000.0
2019-10-03,1713.0000,1724.4000,1724.4000,69364000.0
2019-10-04,1726.0000,1739.6000,1739.6000,49438000.0
2019-10-07,1731.6000,1732.6000,1732.6000,43094000.0
2019-10-08,1722.4000,1705.6000,1705.6000,50840000.0
2019-10-09,1719.6000,1722.0000,1722.0000,40870000.0
2019-10-10,1725.2000,1720.2000,1720.2000,51504000.0
2019-10-11,1743.0000,1732.0000,1732.0000,65100000.0
2019-10-14,1729.0000,1736.4000,1736.4000,38204000.0
2019-10-15,1742.2000,1767.4000,1767.4000,62234000.0
2019-10-16,1773.4000,1777.4000,1777.4000,55268000.0
2019-10-17,1796.4000,1787.4000,1787.4000,52948000.0
2019-10-18,1787.8000,1757.6000,1757.6000,67250000.0
2019-10-21,1769.6000,1785.6000,1785.6000,42608000.0
2019-10-22,1788.2000,1765.8000,1765.8000,42234000.0
2019-10-23,1761.4000,1762.2000,1762.2000,42764000.0
2019-10-24,1771.0000,1780.8000,1780.8000,88922000.0
2019-10-25,1697.6000,1761.4000,1761.4000,192528000.0
2019-10-28,1748.0000,1777.0000,1777.0000,74178000.0
2019-10-29,1774.8000,1762.8000,1762.8000,45538000.0
2019-10-30,1760.2000,1780.0000,1780.0000,48988000.0
2019-10-31,1776.0000,1776.6000,1776.6000,55624000.0
2019-11-01,1788.0000,1791.4000,1791.4000,55808000.0
2019-11-04,1801.0000,1804.6000,1804.6000,55438000.0
2019-11-05,1809.2000,1801.8000,1801.8000,37710000.0
2019-11-06,1801.0000,1795.8000,1795.8000,40596000.0
2019-11-07,1803.8000,1788.2000,1788.2000,53022000.0
2019-11-08,1787.8000,1785.8000,1785.8000,42466000.0
2019-11-11,1778.0000,1771.6000,1771.6000,38920000.0
2019-11-12,1774.6000,1778.0000,1778.0000,40752000.0
2019-11-13,1773.4000,1753.2000,1753.2000,59790000.0
2019-11-14,1751.4000,1754.6000,1754.6000,45296000.0
2019-11-15,1760.0000,1739.4000,1739.4000,78552000.0
2019-11-18,1738.4000,1752.6000,1752.6000,56790000.0
2019-11-19,1757.0000,1752.8000,1752.8000,45416000.0
2019-11-20,1749.2000,1745.6000,1745.6000,55800000.0
2019-11-21,1743.0000,1734.8000,1734.8000,53258000.0
2019-11-22,1739.0000,1745.8000,1745.8000,49582000.0
2019-11-25,1753.2000,1773.8000,1773.8000,69724000.0
2019-11-26,1780.0000,1797.0000,1797.0000,63624000.0
2019-11-27,1801.0000,1818.6000,1818.6000,60512000.0
2019-11-29,1817.8000,1800.8000,1800.8000,38468000.0
2019-12-02,1804.4000,1781.6000,1781.6000,78512000.0
2019-12-03,1760.0000,1770.0000,1770.0000,67618000.0
2019-12-04,1774.0000,1760.6000,1760.6000,53402000.0
2019-12-05,1763.6000,1740.4000,1740.4000,56476000.0
2019-12-06,1751.2000,1751.6000,1751.6000,62348000.0
2019-12-09,1750.6000,1749.6000,1749.6000,48856000.0
2019-12-10,1747.4000,1739.2000,1739.2000,50286000.0
2019-12-11,1741.6000,1748.8000,1748.8000,41952000.0
2019-12-12,1750.0000,1760.4000,1760.4000,61918000.0
2019-12-13,1765.0000,1761.0000,1761.0000,54914000.0
2019-12-16,1767.0000,1769.2000,1769.2000,62904000.0
2019-12-17,1778.0000,1790.6000,1790.6000,72888000.0
2019-12-18,1795.0000,1784.0000,1784.0000,67028000.0
2019-12-19,1780.6000,1792.2000,1792.2000,53056000.0
2019-12-20,1799.6000,1786.4000,1786.4000,103016000.0
2019-12-23,1788.2000,1793.0000,1793.0000,42728000.0
2019-12-24,1793.8000,1789.2000,1789.2000,17626000.0
2019-12-26,1801.0000,1868.8000,1868.8000,120108000.0
2019-12-27,1883.0000,1869.8000,1869.8000,123732000.0
2019-12-30,1874.0000,1846.8000,1846.8000,73494000.0
2019-12-31,1842.0000,1847.8000,1847.8000,50130000.0
2020-01-02,1875.0000,1898.0000,1898.0000,80580000.0
2020-01-03,1864.4000,1875.0000,1875.0000,75288000.0
2020-01-06,1860.0000,1902.8000,1902.8000,81236000.0
2020-01-07,1904.4000,1906.8000,1906.8000,80898000.0
2020-01-08,1898.0000,1892.0000,1892.0000,70160000.0
2020-01-09,1909.8000,1901.0000,1901.0000,63346000.0
2020-01-10,1905.4000,1883.2000,1883.2000,57074000.0
2020-01-13,1891.4000,1891.4000,1891.4000,55616000.0
2020-01-14,1885.8000,1869.4000,1869.4000,68818000.0
2020-01-15,1872.2000,1862.0000,1862.0000,57932000.0
2020-01-16,1883.0000,1878.0000,1878.0000,53190000.0
2020-01-17,1885.8000,1864.8000,1864.8000,79946000.0
2020-01-21,1865.0000,1892.0000,1892.0000,74156000.0
2020-01-22,1896.0000,1887.4000,1887.4000,64326000.0
2020-01-23,1885.2000,1884.6000,1884.6000,49692000.0
2020-01-24,1891.4000,1861.6000,1861.6000,75324000.0
2020-01-27,1820.0000,1828.4000,1828.4000,70570000.0
2020-01-28,1840.6000,1853.2000,1853.2000,56160000.0
2020-01-29,1864.0000,1858.0000,1858.0000,41760000.0
2020-01-30,1858.0000,1870.6000,1870.6000,126548000.0
2020-01-31,2051.4000,2008.8000,2008.8000,311346000.0
2020-02-03,2010.6000,2004.2000,2004.2000,117834000.0
2020-02-04,2029.8000,2049.6000,2049.6000,105786000.0
2020-02-05,2071.0000,2039.8000,2039.8000,87524000.0
2020-02-06,2041.0000,2050.2000,2050.2000,63660000.0
2020-02-07,2042.0000,2079.2000,2079.2000,101906000.0
2020-02-10,2085.0000,2134.0000,2134.0000,101124000.0
2020-02-11,2150.8000,2150.8000,2150.8000,114920000.0
2020-02-12,2163.2000,2160.0000,2160.0000,66686000.0
2020-02-13,2145.0000,2149.8000,2149.8000,60636000.0
2020-02-14,2155.6000,2134.8000,2134.8000,52124000.0
2020-02-18,2125.0000,2155.6000,2155.6000,58912000.0
2020-02-19,2167.8000,2170.2000,2170.2000,51224000.0
2020-02-20,2173.0000,2153.0000,2153.0000,62626000.0
2020-02-21,2142.2000,2096.0000,2096.0000,92926000.0
2020-02-24,2003.2000,2009.2000,2009.2000,130940000.0
2020-02-25,2026.4000,1972.8000,1972.8000,124382000.0
2020-02-26,1970.2000,1979.6000,1979.6000,104492000.0
2020-02-27,1934.4000,1884.2000,1884.2000,162880000.0
2020-02-28,1814.6000,1883.8000,1883.8000,189620000.0
2020-03-02,1906.4000,1954.0000,1954.0000,135234000.0
2020-03-03,1975.4000,1909.0000,1909.0000,150690000.0
2020-03-04,1946.6000,1975.8000,1975.8000,95458000.0
2020-03-05,1933.0000,1924.0000,1924.0000,94964000.0
2020-03-06,1875.0000,1901.0000,1901.0000,105472000.0
2020-03-09,1773.8000,1800.6000,1800.6000,156264000.0
2020-03-10,1870.8000,1891.8000,1891.8000,142666000.0
2020-03-11,1857.8000,1820.8000,1820.8000,112496000.0
2020-03-12,1722.0000,1676.6000,1676.6000,226924000.0
2020-03-13,1755.0000,1785.0000,1785.0000,176194000.0
2020-03-16,1641.6000,1689.2000,1689.2000,178346000.0
2020-03-17,1775.4000,1807.8000,1807.8000,218342000.0
2020-03-18,1750.0000,1830.0000,1830.0000,192904000.0
2020-03-19,1860.0000,1881.0000,1881.0000,207998000.0
2020-03-20,1926.4000,1846.0000,1846.0000,196358000.0
2020-03-23,1827.8000,1902.8000,1902.8000,156170000.0
2020-03-24,1951.4000,1940.0000,1940.0000,142942000.0
2020-03-25,1920.6000,1885.8000,1885.8000,129582000.0
2020-03-26,1902.0000,1955.4000,1955.4000,124426000.0
2020-03-27,1930.8000,1900.0000,1900.0000,107758000.0
2020-03-30,1922.8000,1964.0000,1964.0000,122522000.0
2020-03-31,1964.4000,1949.8000,1949.8000,102472000.0
2020-04-01,1933.0000,1907.8000,1907.8000,82438000.0
2020-04-02,1901.6000,1918.8000,1918.8000,86720000.0
2020-04-03,1911.2000,1906.6000,1906.6000,72198000.0
2020-04-06,1936.0000,1997.6000,1997.6000,115464000.0
2020-04-07,2017.2000,2011.6000,2011.6000,102280000.0
2020-04-08,2021.0000,2043.0000,2043.0000,79546000.0
2020-04-09,2044.2000,2042.8000,2042.8000,92930000.0
2020-04-13,2040.0000,2168.8000,2168.8000,134334000.0
2020-04-14,2200.4000,2283.4000,2283.4000,161744000.0
2020-04-15,2257.6000,2307.6000,2307.6000,137332000.0
2020-04-16,2346.0000,2408.2000,2408.2000,240764000.0
2020-04-17,2372.4000,2375.0000,2375.0000,158600000.0
2020-04-20,2390.0000,2393.6000,2393.6000,115414000.0
2020-04-21,2416.6000,2328.2000,2328.2000,149534000.0
2020-04-22,2369.0000,2363.4000,2363.4000,84244000.0
2020-04-23,2400.0000,2399.4000,2399.4000,101332000.0
2020-04-24,2417.0000,2410.2000,2410.2000,76498000.0
2020-04-27,2443.2000,2376.0000,2376.0000,112912000.0
2020-04-28,2372.2000,2314.0000,2314.0000,105388000.0
2020-04-29,2330.0000,2372.8000,2372.8000,91832000.0
2020-04-30,2419.8000,2474.0000,2474.0000,190692000.0
2020-05-01,2336.8000,2286.0000,2286.0000,195452000.0
2020-05-04,2256.4000,2316.0000,2316.0000,97318000.0
2020-05-05,2340.0000,2317.8000,2317.8000,64850000.0
2020-05-06,2329.4000,2351.2000,2351.2000,62356000.0
2020-05-07,2374.8000,2367.6000,2367.6000,67928000.0
2020-05-08,2372.2000,2379.6000,2379.6000,64132000.0
2020-05-11,2374.8000,2409.0000,2409.0000,65184000.0
2020-05-12,2411.8000,2357.0000,2357.0000,61498000.0
2020-05-13,2366.8000,2368.0000,2368.0000,95658000.0
2020-05-14,2361.0000,2388.8000,2388.8000,72962000.0
2020-05-15,2368.6000,2409.8000,2409.8000,84700000.0
2020-05-18,2404.4000,2426.2000,2426.2000,87144000.0
2020-05-19,2429.8000,2449.4000,2449.4000,86410000.0
2020-05-20,2477.8000,2498.0000,2498.0000,79962000.0
2020-05-21,2500.0000,2446.8000,2446.8000,102288000.0
2020-05-22,2455.0000,2436.8000,2436.8000,57342000.0
2020-05-26,2458.0000,2421.8000,2421.8000,71364000.0
2020-05-27,2405.0000,2410.4000,2410.4000,101138000.0
2020-05-28,2384.4000,2401.2000,2401.2000,63804000.0
2020-05-29,2416.0000,2442.4000,2442.4000,70198000.0
2020-06-01,2448.0000,2471.0000,2471.0000,58578000.0
2020-06-02,2467.0000,2472.4000,2472.4000,50598000.0
2020-06-03,2468.0000,2478.4000,2478.4000,53420000.0
2020-06-04,2477.4000,2460.6000,2460.6000,58974000.0
2020-06-05,2444.6000,2483.0000,2483.0000,66128000.0
2020-06-08,2500.2000,2524.0000,2524.0000,79414000.0
2020-06-09,2529.4000,2600.8000,2600.8000,103520000.0
2020-06-10,2645.0000,2647.4000,2647.4000,98920000.0
2020-06-11,2603.6000,2558.0000,2558.0000,116002000.0
2020-06-12,2601.2000,2545.0000,2545.0000,108722000.0
2020-06-15,2526.6000,2572.6000,2572.6000,77302000.0
2020-06-16,2620.0000,2615.2000,2615.2000,71712000.0
2020-06-17,2647.6000,2641.0000,2641.0000,59186000.0
2020-06-18,2647.0000,2654.0000,2654.0000,49756000.0
2020-06-19,2678.0000,2675.0000,2675.0000,115540000.0
2020-06-22,2684.6000,2713.8000,2713.8000,64176000.0
2020-06-23,2726.0000,2764.4000,2764.4000,84634000.0
2020-06-24,2780.0000,2734.4000,2734.4000,90532000.0
2020-06-25,2739.6000,2754.6000,2754.6000,59374000.0
2020-06-26,2775.0000,2692.8000,2692.8000,130016000.0
2020-06-29,2690.0000,2680.4000,2680.4000,84468000.0
2020-06-30,2685.0000,2758.8000,2758.8000,75394000.0
2020-07-01,2758.0000,2878.6000,2878.6000,127268000.0
2020-07-02,2912.0000,2890.2000,2890.2000,131868000.0
2020-07-06,2935.0000,3057.0000,3057.0000,137612000.0
2020-07-07,3058.6000,3000.2000,3000.2000,105150000.0
2020-07-08,3022.6000,3081.2000,3081.2000,100752000.0
2020-07-09,3116.0000,3182.6000,3182.6000,127774000.0
2020-07-10,3191.8000,3200.0000,3200.0000,109720000.0
2020-07-13,3251.0000,3104.0000,3104.0000,154408000.0
2020-07-14,3089.0000,3084.0000,3084.0000,144638000.0
2020-07-15,3080.2000,3008.8000,3008.8000,115778000.0
2020-07-16,2971.0000,2999.8000,2999.8000,127884000.0
2020-07-17,3009.0000,2962.0000,2962.0000,95226000.0
2020-07-20,3000.2000,3196.8000,3196.8000,151964000.0
2020-07-21,3232.4000,3138.2000,3138.2000,122426000.0
2020-07-22,3125.0000,3100.0000,3100.0000,82084000.0
2020-07-23,3098.2000,2986.6000,2986.6000,113138000.0
2020-07-24,2930.0000,3009.0000,3009.0000,112648000.0
2020-07-27,3062.0000,3055.2000,3055.2000,83410000.0
2020-07-28,3054.2000,3000.4000,3000.4000,62534000.0
2020-07-29,3031.0000,3033.6000,3033.6000,59482000.0
2020-07-30,3014.0000,3051.8000,3051.8000,122566000.0
2020-07-31,3244.0000,3164.6000,3164.6000,161710000.0
2020-08-03,3180.6000,3111.8000,3111.8000,101494000.0
2020-08-04,3101.2000,3138.8000,3138.8000,93886000.0
2020-08-05,3143.8000,3205.0000,3205.0000,78330000.0
2020-08-06,3194.4000,3225.0000,3225.0000,78812000.0
2020-08-07,3224.0000,3167.4000,3167.4000,78722000.0
2020-08-10,3170.4000,3148.2000,3148.2000,63346000.0
2020-08-11,3113.2000,3080.6000,3080.6000,74362000.0
2020-08-12,3108.0000,3162.2000,3162.2000,70442000.0
2020-08-13,3183.0000,3161.0000,3161.0000,62980000.0
2020-08-14,3178.2000,3148.0000,3148.0000,55034000.0
2020-08-17,3173.2000,3182.4000,3182.4000,53824000.0
2020-08-18,3212.0000,3312.4000,3312.4000,106920000.0
2020-08-19,3303.0000,3260.4000,3260.4000,83702000.0
2020-08-20,3252.0000,3297.4000,3297.4000,66650000.0
2020-08-21,3295.0000,3284.8000,3284.8000,71518000.0
2020-08-24,3310.2000,3307.4000,3307.4000,93326000.0
2020-08-25,3295.0000,3346.4000,3346.4000,79856000.0
2020-08-26,3351.2000,3441.8000,3441.8000,130174000.0
2020-08-27,3450.0000,3400.0000,3400.0000,85296000.0
2020-08-28,3423.0000,3401.8000,3401.8000,57940000.0
2020-08-31,3409.0000,3451.0000,3451.0000,83718000.0
2020-09-01,3489.6000,3499.2000,3499.2000,68644000.0
2020-09-02,3547.0000,3531.4000,3531.4000,78630000.0
2020-09-03,3485.0000,3368.0000,3368.0000,163222000.0
2020-09-04,3318.0000,3294.6000,3294.6000,175636000.0
2020-09-08,3144.0000,3149.8000,3149.8000,121884000.0
2020-09-09,3203.0000,3268.6000,3268.6000,103774000.0
2020-09-10,3307.2000,3175.2000,3175.2000,106614000.0
2020-09-11,3208.6000,3116.2000,3116.2000,101880000.0
2020-09-14,3173.0000,3103.0000,3103.0000,90592000.0
2020-09-15,3136.2000,3156.2000,3156.2000,80430000.0
2020-09-16,3180.0000,3078.0000,3078.0000,90244000.0
2020-09-17,3009.2000,3008.8000,3008.8000,128982000.0
2020-09-18,3031.8000,2955.0000,2955.0000,177852000.0
2020-09-21,2906.4000,2960.4000,2960.4000,122358000.0
2020-09-22,3033.8000,3129.0000,3129.0000,138976000.0
2020-09-23,3120.4000,2999.8000,2999.8000,113054000.0
2020-09-24,2977.8000,3019.8000,3019.8000,110588000.0
2020-09-25,3054.8000,3095.2000,3095.2000,92304000.0
2020-09-28,3148.8000,3174.0000,3174.0000,84484000.0
2020-09-29,3175.4000,3144.8000,3144.8000,69916000.0
2020-09-30,3141.2000,3148.8000,3148.8000,97922000.0
2020-10-01,3208.0000,3221.2000,3221.2000,99438000.0
2020-10-02,3153.6000,3125.0000,3125.0000,112262000.0
2020-10-05,3145.8000,3199.2000,3199.2000,75506000.0
2020-10-06,3165.0000,3100.0000,3100.0000,101738000.0
2020-10-07,3135.0000,3195.6000,3195.6000,86188000.0
2020-10-08,3225.0000,3190.6000,3190.6000,63482000.0
2020-10-09,3210.0000,3286.6000,3286.6000,98158000.0
2020-10-12,3350.0000,3443.0000,3443.0000,167284000.0
2020-10-13,3468.0000,3443.6000,3443.6000,114894000.0
2020-10-14,3447.0000,3363.8000,3363.8000,116254000.0
2020-10-15,3292.0000,3338.6000,3338.6000,104468000.0
2020-10-16,3363.2000,3272.8000,3272.8000,129488000.0
2020-10-19,3299.6000,3207.2000,3207.2000,104472000.0
2020-10-20,3222.2000,3217.0000,3217.0000,90194000.0
2020-10-21,3212.6000,3185.0000,3185.0000,91854000.0
2020-10-22,3189.8000,3176.4000,3176.4000,84240000.0
2020-10-23,3191.0000,3204.4000,3204.4000,69334000.0
2020-10-26,3198.8000,3207.0000,3207.0000,118024000.0
2020-10-27,3225.0000,3286.4000,3286.4000,85820000.0
2020-10-28,3249.2000,3162.8000,3162.8000,111766000.0
2020-10-29,3201.2000,3211.0000,3211.0000,131930000.0
2020-10-30,3157.8000,3036.2000,3036.2000,167728000.0
2020-11-02,3061.8000,3004.4000,3004.4000,145148000.0
2020-11-03,3018.6000,3048.4000,3048.4000,97958000.0
2020-11-04,3160.0000,3241.2000,3241.2000,136780000.0
2020-11-05,3320.0000,3322.0000,3322.0000,115786000.0
2020-11-06,3304.6000,3311.4000,3311.4000,92946000.0
2020-11-09,3231.0000,3143.8000,3143.8000,143808000.0
2020-11-10,3095.0000,3035.0000,3035.0000,131820000.0
2020-11-11,3061.8000,3137.4000,3137.4000,87338000.0
2020-11-12,3160.0000,3110.2000,3110.2000,87240000.0
2020-11-13,3122.0000,3128.8000,3128.8000,75124000.0
2020-11-16,3093.2000,3131.0000,3131.0000,76174000.0
2020-11-17,3183.6000,3135.6000,3135.6000,68894000.0
2020-11-18,3134.0000,3105.4000,3105.4000,58336000.0
2020-11-19,3105.4000,3117.0000,3117.0000,60206000.0
2020-11-20,3117.0000,3099.4000,3099.4000,67488000.0
2020-11-23,3116.8000,3098.4000,3098.4000,94178000.0
2020-11-24,3100.4000,3118.0000,3118.0000,72042000.0
2020-11-25,3141.8000,3185.0000,3185.0000,75808000.0
2020-11-27,3211.2000,3195.4000,3195.4000,47858000.0
2020-11-30,3208.4000,3168.0000,3168.0000,81278000.0
2020-12-01,3188.6000,3220.0000,3220.0000,90740000.0
2020-12-02,3221.6000,3203.6000,3203.6000,62586000.0
2020-12-03,3205.4000,3186.8000,3186.8000,57840000.0
2020-12-04,3198.2000,3162.6000,3162.6000,58272000.0
2020-12-07,3156.4000,3158.0000,3158.0000,55026000.0
2020-12-08,3159.0000,3177.2000,3177.2000,65726000.0
2020-12-09,3167.8000,3104.2000,3104.2000,82016000.0
2020-12-10,3089.0000,3101.4000,3101.4000,60604000.0
2020-12-11,3096.6000,3116.4000,3116.4000,61294000.0
2020-12-14,3143.0000,3157.0000,3157.0000,83116000.0
2020-12-15,3181.0000,3165.2000,3165.2000,66390000.0
2020-12-16,3176.0000,3241.0000,3241.0000,88552000.0
2020-12-17,3250.0000,3236.0000,3236.0000,69486000.0
2020-12-18,3244.0000,3201.6000,3201.6000,119914000.0
2020-12-21,3200.0000,3206.2000,3206.2000,76736000.0
2020-12-22,3202.8000,3206.6000,3206.6000,47388000.0
2020-12-23,3205.0000,3185.2000,3185.2000,41876000.0
2020-12-24,3194.0000,3172.6000,3172.6000,29038000.0
2020-12-28,3194.0000,3284.0000,3284.0000,113736000.0
2020-12-29,3310.0000,3322.0000,3322.0000,97458000.0
2020-12-30,3341.0000,3285.8000,3285.8000,64186000.0
2020-12-31,3275.0000,3257.0000,3257.0000,59144000.0
2021-01-04,3270.0000,3186.6000,3186.6000,88228000.0
2021-01-05,3166.0000,3218.6000,3218.6000,53110000.0
2021-01-06,3146.4000,3138.4000,3138.4000,87896000.0
2021-01-07,3157.0000,3162.2000,3162.2000,70290000.0
2021-01-08,3180.0000,3182.6000,3182.6000,70754000.0
2021-01-11,3148.0000,3114.2000,3114.2000,73668000.0
2021-01-12,3120.0000,3120.8000,3120.8000,70292000.0
2021-01-13,3128.4000,3165.8000,3165.8000,66424000.0
2021-01-14,3167.6000,3127.4000,3127.4000,61418000.0
2021-01-15,3123.0000,3104.2000,3104.2000,84880000.0
2021-01-19,3107.0000,3120.8000,3120.8000,66102000.0
2021-01-20,3182.0000,3263.4000,3263.4000,106196000.0
2021-01-21,3293.0000,3307.0000,3307.0000,98722000.0
2021-01-22,3304.4000,3292.2000,3292.2000,56438000.0
2021-01-25,3328.6000,3294.0000,3294.0000,74996000.0
2021-01-26,3296.4000,3326.2000,3326.2000,59104000.0
2021-01-27,3341.4000,3232.6000,3232.6000,93204000.0
2021-01-28,3235.0000,3237.6000,3237.6000,62984000.0
2021-01-29,3230.0000,3206.2000,3206.2000,85872000.0
2021-02-01,3242.4000,3342.8000,3342.8000,83204000.0
2021-02-02,3380.0000,3380.0000,3380.0000,141972000.0
2021-02-03,3425.0000,3312.6000,3312.6000,141776000.0
2021-02-04,3330.0000,3331.0000,3331.0000,73414000.0
2021-02-05,3319.0000,3352.2000,3352.2000,72416000.0
2021-02-08,3358.6000,3323.0000,3323.0000,65148000.0
2021-02-09,3312.4000,3305.0000,3305.0000,44070000.0
2021-02-10,3314.0000,3286.6000,3286.6000,63032000.0
2021-02-11,3292.0000,3262.2000,3262.2000,46028000.0
2021-02-12,3250.0000,3277.8000,3277.8000,46706000.0
2021-02-16,3254.0000,3269.0000,3269.0000,51494000.0
2021-02-17,3263.6000,3308.6000,3308.6000,65950000.0
2021-02-18,3282.4000,3328.2000,3328.2000,60548000.0
2021-02-19,3328.2000,3249.8000,3249.8000,86104000.0
2021-02-22,3208.2000,3180.8000,3180.8000,70314000.0
2021-02-23,3127.0000,3194.6000,3194.6000,93544000.0
2021-02-24,3166.8000,3159.6000,3159.6000,60226000.0
2021-02-25,3136.8000,3057.2000,3057.2000,90676000.0
2021-02-26,3095.2000,3093.0000,3093.0000,85518000.0
2021-03-01,3127.8000,3146.2000,3146.2000,54582000.0
2021-03-02,3143.4000,3094.6000,3094.6000,51916000.0
2021-03-03,3081.2000,3005.0000,3005.0000,79774000.0
2021-03-04,3012.0000,2977.6000,2977.6000,109632000.0
2021-03-05,3005.0000,3000.4000,3000.4000,107772000.0
2021-03-08,3015.0000,2952.0000,2952.0000,83700000.0
2021-03-09,3018.0000,3062.8000,3062.8000,80600000.0
2021-03-10,3098.4000,3057.6000,3057.6000,60250000.0
2021-03-11,3104.0000,3113.6000,3113.6000,55528000.0
2021-03-12,3075.0000,3089.4000,3089.4000,48438000.0
2021-03-15,3074.6000,3081.6000,3081.6000,58272000.0
2021-03-16,3105.0000,3091.8000,3091.8000,50776000.0
2021-03-17,3073.2000,3135.8000,3135.8000,62372000.0
2021-03-18,3101.0000,3028.0000,3028.0000,72992000.0
2021-03-19,3029.2000,3075.0000,3075.0000,92508000.0
2021-03-22,3067.8000,3110.8000,3110.8000,58044000.0
2021-03-23,3127.0000,3137.6000,3137.6000,76346000.0
2021-03-24,3151.0000,3087.0000,3087.0000,59180000.0
2021-03-25,3073.0000,3046.2000,3046.2000,71270000.0
2021-03-26,3044.0000,3052.0000,3052.0000,66258000.0
2021-03-29,3055.4000,3075.8000,3075.8000,54920000.0
2021-03-30,3070.0000,3055.2000,3055.2000,46752000.0
2021-03-31,3064.0000,3094.0000,3094.0000,61878000.0
2021-04-01,3118.0000,3161.0000,3161.0000,58806000.0
2021-04-05,3173.0000,3226.8000,3226.8000,66698000.0
2021-04-06,3223.8000,3223.8000,3223.8000,50756000.0
2021-04-07,3233.8000,3279.4000,3279.4000,66924000.0
2021-04-08,3310.8000,3299.2000,3299.2000,56242000.0
2021-04-09,3304.8000,3372.2000,3372.2000,86830000.0
2021-04-12,3355.2000,3379.4000,3379.4000,65636000.0
2021-04-13,3400.8000,3400.0000,3400.0000,66316000.0
2021-04-14,3404.0000,3333.0000,3333.0000,62904000.0
2021-04-15,3371.0000,3379.0000,3379.0000,64672000.0
2021-04-16,3380.0000,3399.4000,3399.4000,63720000.0
2021-04-19,3390.4000,3372.0000,3372.0000,54508000.0
2021-04-20,3373.6000,3334.6000,3334.6000,52460000.0
2021-04-21,3316.0000,3362.0000,3362.0000,44224000.0
2021-04-22,3371.6000,3309.0000,3309.0000,51612000.0
2021-04-23,3319.2000,3340.8000,3340.8000,63856000.0
2021-04-26,3348.0000,3409.0000,3409.0000,97614000.0
2021-04-27,3443.4000,3417.4000,3417.4000,76542000.0
2021-04-28,3434.8000,3458.6000,3458.6000,92638000.0
2021-04-29,3505.2000,3471.4000,3471.4000,153648000.0
2021-04-30,3525.2000,3467.4000,3467.4000,140186000.0
2021-05-03,3484.8000,3386.4000,3386.4000,117510000.0
2021-05-04,3356.2000,3311.8000,3311.8000,108788000.0
2021-05-05,3338.8000,3270.6000,3270.6000,74226000.0
2021-05-06,3270.0000,3306.4000,3306.4000,88954000.0
2021-05-07,3319.0000,3291.6000,3291.6000,94206000.0
2021-05-10,3282.4000,3190.4000,3190.4000,116772000.0
2021-05-11,3136.2000,3224.0000,3224.0000,92396000.0
2021-05-12,3185.0000,3152.0000,3152.0000,98728000.0
2021-05-13,3185.4000,3161.4000,3161.4000,67018000.0
2021-05-14,3185.6000,3223.0000,3223.0000,66500000.0
2021-05-17,3246.0000,3270.4000,3270.4000,74478000.0
2021-05-18,3292.6000,3232.2000,3232.2000,56568000.0
2021-05-19,3195.0000,3231.8000,3231.8000,53594000.0
2021-05-20,3244.4000,3247.6000,3247.6000,52664000.0
2021-05-21,3250.0000,3203.0000,3203.0000,82098000.0
2021-05-24,3215.4000,3245.0000,3245.0000,48456000.0
2021-05-25,3266.6000,3259.0000,3259.0000,65222000.0
2021-05-26,3274.6000,3265.2000,3265.2000,47680000.0
2021-05-27,3256.0000,3230.2000,3230.2000,51224000.0
2021-05-28,3242.0000,3223.0000,3223.0000,46596000.0
2021-06-01,3243.6000,3218.6000,3218.6000,48600000.0
2021-06-02,3223.0000,3234.0000,3234.0000,40290000.0
2021-06-03,3204.2000,3187.0000,3187.0000,47966000.0
2021-06-04,3212.0000,3206.2000,3206.2000,44994000.0
2021-06-07,3197.4000,3198.0000,3198.0000,44316000.0
2021-06-08,3222.6000,3264.2000,3264.2000,68334000.0
2021-06-09,3272.8000,3281.2000,3281.2000,49110000.0
2021-06-10,3282.0000,3349.6000,3349.6000,69530000.0
2021-06-11,3349.6000,3346.8000,3346.8000,56348000.0
2021-06-14,3346.8000,3383.8000,3383.8000,51394000.0
2021-06-15,3384.0000,3383.2000,3383.2000,48524000.0
2021-06-16,3392.0000,3415.2000,3415.2000,84056000.0
2021-06-17,3403.2000,3489.2000,3489.2000,102730000.0
2021-06-18,3480.0000,3487.0000,3487.0000,104954000.0
2021-06-21,3476.4000,3454.0000,3454.0000,65542000.0
2021-06-22,3458.0000,3505.4000,3505.4000,66902000.0
2021-06-23,3505.0000,3503.8000,3503.8000,56266000.0
2021-06-24,3507.6000,3449.0000,3449.0000,76640000.0
2021-06-25,3464.0000,3401.4000,3401.4000,78820000.0
2021-06-28,3416.0000,3443.8000,3443.8000,44856000.0
2021-06-29,3438.8000,3448.2000,3448.2000,41968000.0
2021-06-30,3441.0000,3440.2000,3440.2000,48080000.0
2021-07-01,3434.6000,3433.0000,3433.0000,40742000.0
2021-07-02,3451.6000,3511.0000,3511.0000,63388000.0
2021-07-06,3530.2000,3675.8000,3675.8000,134896000.0
2021-07-07,3717.4000,3696.6000,3696.6000,106562000.0
2021-07-08,3643.6000,3731.4000,3731.4000,103612000.0
2021-07-09,3722.6000,3719.4000,3719.4000,74964000.0
2021-07-12,3744.0000,3718.6000,3718.6000,51432000.0
2021-07-13,3702.0000,3677.4000,3677.4000,76918000.0
2021-07-14,3708.8000,3681.6000,3681.6000,65932000.0
2021-07-15,3694.2000,3631.2000,3631.2000,63706000.0
2021-07-16,3633.4000,3573.6000,3573.6000,80874000.0
2021-07-19,3532.6000,3549.6000,3549.6000,75692000.0
2021-07-20,3567.4000,3573.2000,3573.2000,65114000.0
2021-07-21,3576.4000,3585.2000,3585.2000,46380000.0
2021-07-22,3587.2000,3638.0000,3638.0000,65308000.0
2021-07-23,3640.0000,3656.6000,3656.6000,48726000.0
2021-07-26,3673.2000,3699.8000,3699.8000,58002000.0
2021-07-27,3698.6000,3626.4000,3626.4000,82638000.0
2021-07-28,3633.8000,3630.4000,3630.4000,59988000.0
2021-07-29,3627.8000,3600.0000,3600.0000,110400000.0
2021-07-30,3348.0000,3327.6000,3327.6000,199312000.0
2021-08-02,3353.0000,3331.4000,3331.4000,67078000.0
2021-08-03,3340.8000,3366.2000,3366.2000,83146000.0
2021-08-04,3379.4000,3354.8000,3354.8000,43678000.0
2021-08-05,3356.2000,3376.0000,3376.0000,48670000.0
2021-08-06,3375.0000,3345.0000,3345.0000,52752000.0
2021-08-09,3343.6000,3341.8000,3341.8000,42964000.0
2021-08-10,3345.0000,3320.6000,3320.6000,48252000.0
2021-08-11,3331.4000,3292.2000,3292.2000,58944000.0
2021-08-12,3290.0000,3303.6000,3303.6000,46282000.0
2021-08-13,3305.6000,3294.0000,3294.0000,41134000.0
2021-08-16,3283.0000,3299.0000,3299.0000,66394000.0
2021-08-17,3277.6000,3242.0000,3242.0000,67758000.0
2021-08-18,3242.0000,3201.2000,3201.2000,56086000.0
2021-08-19,3194.0000,3187.8000,3187.8000,75658000.0
2021-08-20,3203.8000,3200.0000,3200.0000,67168000.0
2021-08-23,3212.0000,3265.8000,3265.8000,65362000.0
2021-08-24,3280.0000,3305.8000,3305.8000,51036000.0
2021-08-25,3309.8000,3299.2000,3299.2000,33606000.0
2021-08-26,3299.0000,3316.0000,3316.0000,41976000.0
2021-08-27,3333.2000,3349.6000,3349.6000,48048000.0
2021-08-30,3357.4000,3421.6000,3421.6000,63844000.0
2021-08-31,3424.8000,3470.8000,3470.8000,87128000.0
2021-09-01,3496.4000,3479.0000,3479.0000,72598000.0
2021-09-02,3494.8000,3463.2000,3463.2000,58474000.0
2021-09-03,3452.0000,3478.0000,3478.0000,51514000.0
2021-09-07,3478.0000,3509.2000,3509.2000,54758000.0
2021-09-08,3511.6000,3525.4000,3525.4000,61068000.0
2021-09-09,3526.0000,3484.2000,3484.2000,54384000.0
2021-09-10,3501.8000,3469.2000,3469.2000,47946000.0
2021-09-13,3482.8000,3457.2000,3457.2000,51380000.0
2021-09-14,3475.6000,3450.0000,3450.0000,38738000.0
2021-09-15,3442.6000,3475.8000,3475.8000,59150000.0
2021-09-16,3460.0000,3488.2000,3488.2000,51672000.0
2021-09-17,3488.4000,3462.6000,3462.6000,92332000.0
2021-09-20,3396.0000,3355.8000,3355.8000,93382000.0
2021-09-21,3375.0000,3343.6000,3343.6000,55618000.0
2021-09-22,3351.0000,3380.0000,3380.0000,48228000.0
2021-09-23,3380.0000,3416.0000,3416.0000,47588000.0
2021-09-24,3402.0000,3425.6000,3425.6000,42324000.0
2021-09-27,3371.4000,3405.8000,3405.8000,72690000.0
2021-09-28,3357.8000,3316.0000,3316.0000,88616000.0
2021-09-29,3322.2000,3301.2000,3301.2000,51246000.0
2021-09-30,3316.0000,3285.0000,3285.0000,56848000.0
2021-10-01,3289.0000,3283.2000,3283.2000,56712000.0
2021-10-04,3279.4000,3189.8000,3189.8000,90462000.0
2021-10-05,3204.6000,3221.0000,3221.0000,65384000.0
2021-10-06,3213.6000,3262.0000,3262.0000,50660000.0
2021-10-07,3291.6000,3302.4000,3302.4000,48182000.0
2021-10-08,3317.0000,3288.6000,3288.6000,39964000.0
2021-10-11,3275.0000,3246.4000,3246.4000,40684000.0
2021-10-12,3257.0000,3247.4000,3247.4000,36392000.0
2021-10-13,3269.8000,3284.2000,3284.2000,48402000.0
2021-10-14,3302.4000,3299.8000,3299.8000,42190000.0
2021-10-15,3311.4000,3409.0000,3409.0000,103598000.0
2021-10-18,3388.4000,3446.8000,3446.8000,63482000.0
2021-10-19,3434.2000,3444.2000,3444.2000,47722000.0
2021-10-20,3452.6000,3415.0000,3415.0000,42796000.0
2021-10-21,3414.2000,3435.0000,3435.0000,37628000.0
2021-10-22,3421.0000,3335.6000,3335.6000,62782000.0
2021-10-25,3335.0000,3320.4000,3320.4000,44520000.0
2021-10-26,3349.6000,3376.0000,3376.0000,53966000.0
2021-10-27,3388.0000,3392.4000,3392.4000,54044000.0
2021-10-28,3402.0000,3446.6000,3446.6000,114174000.0
2021-10-29,3300.0000,3372.4000,3372.4000,129722000.0
2021-11-01,3361.8000,3318.2000,3318.2000,72178000.0
2021-11-02,3315.0000,3312.8000,3312.8000,52552000.0
2021-11-03,3309.0000,3384.0000,3384.0000,67944000.0
2021-11-04,3370.0000,3477.0000,3477.0000,107060000.0
2021-11-05,3477.0000,3519.0000,3519.0000,99940000.0
2021-11-08,3523.2000,3489.0000,3489.0000,61480000.0
2021-11-09,3515.2000,3576.2000,3576.2000,85898000.0
2021-11-10,3563.8000,3482.0000,3482.0000,80548000.0
2021-11-11,3513.0000,3472.6000,3472.6000,45288000.0
2021-11-12,3485.0000,3525.2000,3525.2000,53788000.0
2021-11-15,3537.0000,3545.6000,3545.6000,58594000.0
2021-11-16,3539.0000,3540.8000,3540.8000,44342000.0
2021-11-17,3564.8000,3549.0000,3549.0000,51206000.0
2021-11-18,3566.4000,3696.0000,3696.0000,114070000.0
2021-11-19,3712.6000,3676.6000,3676.6000,98734000.0
2021-11-22,3676.4000,3572.6000,3572.6000,96844000.0
2021-11-23,3585.0000,3580.0000,3580.0000,73804000.0
2021-11-24,3562.6000,3580.4000,3580.4000,46560000.0
2021-11-26,3602.0000,3504.6000,3504.6000,59826000.0
2021-11-29,3547.6000,3561.6000,3561.6000,65312000.0
2021-11-30,3563.6000,3507.0000,3507.0000,80022000.0
2021-12-01,3545.0000,3443.8000,3443.8000,74916000.0
2021-12-02,3460.0000,3437.4000,3437.4000,64726000.0
2021-12-03,3455.0000,3389.8000,3389.8000,80712000.0
2021-12-06,3393.0000,3427.4000,3427.4000,68860000.0
2021-12-07,3492.0000,3523.2000,3523.2000,66410000.0
2021-12-08,3523.0000,3523.2000,3523.2000,45254000.0
2021-12-09,3515.0000,3483.4000,3483.4000,46062000.0
2021-12-10,3508.4000,3444.2000,3444.2000,60690000.0
2021-12-13,3440.0000,3391.4000,3391.4000,62170000.0
2021-12-14,3351.0000,3381.8000,3381.8000,55976000.0
2021-12-15,3372.0000,3466.4000,3466.4000,75794000.0
2021-12-16,3467.4000,3377.4000,3377.4000,60876000.0
2021-12-17,3354.2000,3400.4000,3400.4000,85542000.0
2021-12-20,3337.0000,3341.6000,3341.6000,57372000.0
2021-12-21,3357.0000,3408.4000,3408.4000,55956000.0
2021-12-22,3385.4000,3420.8000,3420.8000,55036000.0
2021-12-23,3408.6000,3421.4000,3421.4000,36788000.0
2021-12-27,3420.8000,3393.4000,3393.4000,58688000.0
2021-12-28,3403.6000,3413.2000,3413.2000,54638000.0
2021-12-29,3416.8000,3384.0000,3384.0000,35754000.0
2021-12-30,3394.0000,3372.8000,3372.8000,37584000.0
2021-12-31,3379.2000,3334.4000,3334.4000,47830000.0
2022-01-03,3351.0000,3408.0000,3408.0000,63520000.0
2022-01-04,3408.8000,3350.4000,3350.4000,70726000.0
2022-01-05,3337.6000,3287.2000,3287.2000,64302000.0
2022-01-06,3269.0000,3265.0000,3265.0000,51958000.0
2022-01-07,3276.8000,3251.0000,3251.0000,46606000.0
2022-01-10,3211.8000,3229.8000,3229.8000,87798000.0
2022-01-11,3230.0000,3307.2000,3307.2000,62806000.0
2022-01-12,3331.4000,3304.2000,3304.2000,50030000.0
2022-01-13,3305.0000,3224.2000,3224.2000,52188000.0
2022-01-14,3203.0000,3242.8000,3242.8000,45974000.0
2022-01-18,3182.0000,3178.4000,3178.4000,67292000.0
2022-01-19,3175.2000,3126.0000,3126.0000,53242000.0
2022-01-20,3135.4000,3033.4000,3033.4000,71974000.0
2022-01-21,2999.0000,2852.8000,2852.8000,163972000.0
2022-01-24,2780.0000,2890.8000,2890.8000,155624000.0
2022-01-25,2844.8000,2799.8000,2799.8000,90824000.0
2022-01-26,2895.0000,2777.4000,2777.4000,95602000.0
2022-01-27,2816.0000,2792.8000,2792.8000,77516000.0
2022-01-28,2817.2000,2879.6000,2879.6000,74392000.0
2022-01-31,2895.0000,2991.4000,2991.4000,78308000.0
2022-02-01,3000.0000,3023.8000,3023.8000,59220000.0
2022-02-02,3101.0000,3012.2000,3012.2000,87330000.0
2022-02-03,2834.8000,2777.0000,2777.0000,225532000.0
2022-02-04,3112.2000,3152.8000,3152.8000,253456000.0
2022-02-07,3170.4000,3158.8000,3158.8000,102624000.0
2022-02-08,3135.0000,3228.2000,3228.2000,76040000.0
2022-02-09,3257.4000,3223.8000,3223.8000,68786000.0
2022-02-10,3167.0000,3180.0000,3180.0000,68268000.0
2022-02-11,3162.6000,3065.8000,3065.8000,77100000.0
2022-02-14,3035.0000,3103.4000,3103.4000,83230000.0
2022-02-15,3152.2000,3130.2000,3130.2000,56440000.0
2022-02-16,3115.8000,3162.0000,3162.0000,52704000.0
2022-02-17,3163.0000,3093.0000,3093.0000,64032000.0
2022-02-18,3110.0000,3052.0000,3052.0000,63604000.0
2022-02-22,3009.6000,3004.0000,3004.0000,66128000.0
2022-02-23,3033.0000,2896.6000,2896.6000,64244000.0
2022-02-24,2796.8000,3027.2000,3027.2000,100786000.0
2022-02-25,3011.0000,3075.8000,3075.8000,62396000.0
2022-02-28,3048.6000,3071.2000,3071.2000,57684000.0
2022-03-01,3054.6000,3022.8000,3022.8000,44874000.0
2022-03-02,3017.0000,3041.0000,3041.0000,47334000.0
2022-03-03,3070.6000,2958.0000,2958.0000,65198000.0
2022-03-04,2943.2000,2912.8000,2912.8000,60934000.0
2022-03-07,2908.8000,2749.0000,2749.0000,86934000.0
2022-03-08,2733.6000,2720.2000,2720.2000,91662000.0
2022-03-09,2790.0000,2785.6000,2785.6000,82656000.0
2022-03-10,2913.6000,2936.4000,2936.4000,135062000.0
2022-03-11,2991.4000,2910.4000,2910.4000,68900000.0
2022-03-14,2919.6000,2837.0000,2837.0000,74086000.0
2022-03-15,2857.0000,2947.4000,2947.4000,75584000.0
2022-03-16,2970.0000,3062.0000,3062.0000,84958000.0
2022-03-17,3052.8000,3144.8000,3144.8000,72934000.0
2022-03-18,3136.2000,3225.0000,3225.0000,102962000.0
2022-03-21,3222.4000,3229.8000,3229.8000,66538000.0
2022-03-22,3236.2000,3297.8000,3297.8000,64086000.0
2022-03-23,3274.2000,3268.2000,3268.2000,55812000.0
2022-03-24,3275.0000,3273.0000,3273.0000,56798000.0
2022-03-25,3280.0000,3295.4000,3295.4000,49032000.0
2022-03-28,3299.6000,3379.8000,3379.8000,59854000.0
2022-03-29,3407.6000,3386.4000,3386.4000,66154000.0
2022-03-30,3370.2000,3326.0000,3326.0000,56168000.0
2022-03-31,3329.0000,3260.0000,3260.0000,59966000.0
2022-04-01,3283.0000,3271.2000,3271.2000,57090000.0
2022-04-04,3282.6000,3367.0000,3367.0000,49882000.0
2022-04-05,3354.8000,3281.0000,3281.0000,53728000.0
2022-04-06,3233.0000,3175.2000,3175.2000,79056000.0
2022-04-07,3168.0000,3155.6000,3155.6000,68136000.0
2022-04-08,3135.0000,3089.2000,3089.2000,46002000.0
2022-04-11,3054.2000,3022.4000,3022.4000,52112000.0
2022-04-12,3073.8000,3015.8000,3015.8000,55178000.0
2022-04-13,3000.4000,3110.8000,3110.8000,53390000.0
2022-04-14,3107.8000,3034.2000,3034.2000,51598000.0
2022-04-18,3030.4000,3055.8000,3055.8000,46514000.0
2022-04-19,3040.6000,3162.4000,3162.4000,54926000.0
2022-04-20,3152.0000,3080.0000,3080.0000,59630000.0
2022-04-21,3094.2000,2966.0000,2966.0000,63970000.0
2022-04-22,2965.0000,2887.0000,2887.0000,73078000.0
2022-04-25,2880.4000,2921.4000,2921.4000,61874000.0
2022-04-26,2896.0000,2787.8000,2787.8000,77530000.0
2022-04-27,2803.8000,2763.4000,2763.4000,71336000.0
2022-04-28,2843.6000,2892.0000,2892.0000,117316000.0
2022-04-29,2597.0000,2485.6000,2485.6000,272662000.0
2022-05-02,2448.0000,2490.0000,2490.0000,148788000.0
2022-05-03,2481.0000,2485.0000,2485.0000,79134000.0
2022-05-04,2472.0000,2518.6000,2518.6000,110746000.0
2022-05-05,2460.0000,2328.2000,2328.2000,144392000.0
2022-05-06,2297.0000,2295.4000,2295.4000,124260000.0
2022-05-09,2226.2000,2175.8000,2175.8000,128124000.0
2022-05-10,2225.0000,2177.2000,2177.2000,105434000.0
2022-05-11,2162.0000,2107.4000,2107.4000,109704000.0
2022-05-12,2055.0000,2138.6000,2138.6000,132026000.0
2022-05-13,2181.4000,2261.2000,2261.2000,93684000.0
2022-05-16,2262.0000,2216.2000,2216.2000,74566000.0
2022-05-17,2265.6000,2307.4000,2307.4000,76448000.0
2022-05-18,2228.8000,2142.2000,2142.2000,108380000.0
2022-05-19,2125.6000,2146.4000,2146.4000,88142000.0
2022-05-20,2191.4000,2151.8000,2151.8000,99500000.0
2022-05-23,2169.2000,2151.2000,2151.2000,107798000.0
2022-05-24,2080.6000,2082.0000,2082.0000,102934000.0
2022-05-25,2073.2000,2135.6000,2135.6000,93120000.0
2022-05-26,2159.4000,2221.6000,2221.6000,93002000.0
2022-05-27,2271.0000,2303.0000,2303.0000,93660000.0
2022-05-31,2325.6000,2404.2000,2404.2000,144634000.0
2022-06-01,2445.2000,2433.6000,2433.6000,127528000.0
2022-06-02,2433.6000,2510.2000,2510.2000,100560000.0
2022-06-03,2484.0000,2447.0000,2447.0000,97604000.0
2022-06-06,125.25,124.79,124.79,135269000.0
2022-06-07,122.01,123.0,123.0,85156700.0
2022-06-08,122.61,121.18,121.18,64926600.0
2022-06-09,119.99,116.15,116.15,67029800.0
2022-06-10,113.42,109.65,109.65,87266000.0
2022-06-13,104.19,103.67,103.67,99277700.0
2022-06-14,104.19,102.31,102.31,69728800.0
2022-06-15,103.86,107.67,107.67,85011100.0
2022-06-16,104.47,103.66,103.66,82186300.0
2022-06-17,102.8,106.22,106.22,99772100.0
2022-06-21,108.2,108.68,108.68,70901200.0
2022-06-22,107.43,108.95,108.95,60040100.0
2022-06-23,110.39,112.44,112.44,64345300.0
2022-06-24,112.38,116.46,116.46,69867600.0
2022-06-27,117.09,113.22,113.22,62133200.0
2022-06-28,113.5,107.4,107.4,74942900.0
2022-06-29,107.38,108.92,108.92,66375300.0
2022-06-30,108.11,106.21,106.21,97679400.0
2022-07-01,106.29,109.56,109.56,73021200.0
2022-07-05,107.6,113.5,113.5,76583700.0
2022-07-06,113.21,114.33,114.33,66958900.0
2022-07-07,113.85,116.33,116.33,57872300.0
2022-07-08,114.6,115.54,115.54,45719700.0
2022-07-11,114.08,111.75,111.75,53487600.0
2022-07-12,112.16,109.22,109.22,54280300.0
2022-07-13,107.03,110.4,110.4,61353800.0
2022-07-14,110.24,110.63,110.63,51163100.0
2022-07-15,112.5,113.55,113.55,84317800.0
2022-07-18,115.0,113.76,113.76,59115400.0
2022-07-19,115.7,118.21,118.21,60990000.0
2022-07-20,118.62,122.77,122.77,71268300.0
2022-07-21,123.2,124.63,124.63,60239900.0
2022-07-22,125.01,122.42,122.42,51463800.0
2022-07-25,122.7,121.14,121.14,50221300.0
2022-07-26,115.79,114.81,114.81,67075100.0
2022-07-27,117.31,120.97,120.97,61582000.0
2022-07-28,121.57,122.28,122.28,82245500.0
2022-07-29,134.9,134.95,134.95,148892900.0
2022-08-01,134.96,135.39,135.39,76846900.0
2022-08-02,134.72,134.16,134.16,61922400.0
2022-08-03,136.21,139.52,139.52,71827800.0
2022-08-04,140.58,142.57,142.57,70585000.0
2022-08-05,140.1,140.8,140.8,50686900.0
2022-08-08,142.05,139.41,139.41,52229000.0
2022-08-09,138.05,137.83,137.83,40434700.0
2022-08-10,142.9,142.69,142.69,54773800.0
2022-08-11,143.86,140.64,140.64,44867300.0
2022-08-12,142.05,143.55,143.55,47643500.0
2022-08-15,142.8,143.18,143.18,39014600.0
2022-08-16,143.91,144.78,144.78,59102900.0
2022-08-17,142.69,142.1,142.1,48149800.0
2022-08-18,141.32,142.3,142.3,37458700.0
2022-08-19,140.47,138.23,138.23,47792800.0
2022-08-22,135.72,133.22,133.22,50461500.0
2022-08-23,133.41,133.62,133.62,36252100.0
2022-08-24,132.75,133.8,133.8,38627000.0
2022-08-25,135.26,137.28,137.28,37496300.0
2022-08-26,136.55,130.75,130.75,53322700.0
2022-08-29,129.9,129.79,129.79,48101600.0
2022-08-30,131.25,128.73,128.73,49203000.0
2022-08-31,129.45,126.77,126.77,53648700.0
2022-09-01,126.0,127.82,127.82,56636100.0
2022-09-02,129.5,127.51,127.51,57429800.0
2022-09-06,127.92,126.11,126.11,43888600.0
2022-09-07,126.12,129.48,129.48,47900300.0
2022-09-08,127.72,129.82,129.82,43988500.0
2022-09-09,130.91,133.27,133.27,49387600.0
2022-09-12,134.1,136.45,136.45,53826900.0
2022-09-13,131.01,126.82,126.82,72694000.0
2022-09-14,127.36,128.55,128.55,45316800.0
2022-09-15,127.38,126.28,126.28,52887200.0
2022-09-16,122.78,123.53,123.53,115667800.0
2022-09-19,122.16,124.66,124.66,47279700.0
2022-09-20,123.35,122.19,122.19,47698400.0
2022-09-21,122.49,118.54,118.54,58498900.0
2022-09-22,117.08,117.31,117.31,55229200.0
2022-09-23,116.0,113.78,113.78,65126700.0
2022-09-26,113.3,115.15,115.15,62723300.0
2022-09-27,117.2,114.41,114.41,60094700.0
2022-09-28,114.38,118.01,118.01,55763800.0
2022-09-29,115.6,114.8,114.8,58969700.0
2022-09-30,114.08,113.0,113.0,59479600.0
2022-10-03,113.58,115.88,115.88,50941900.0
2022-10-04,119.89,121.09,121.09,62812600.0
2022-10-05,118.58,120.95,120.95,48217500.0
2022-10-06,120.77,120.3,120.3,42253800.0
2022-10-07,118.0,114.56,114.56,54678000.0
2022-10-10,115.1,113.67,113.67,42339700.0
2022-10-11,112.71,112.21,112.21,56432200.0
2022-10-12,112.49,112.9,112.9,45728700.0
2022-10-13,107.88,112.53,112.53,86868100.0
2022-10-14,114.1,106.9,106.9,67737300.0
2022-10-17,110.11,113.79,113.79,62782000.0
2022-10-18,119.06,116.36,116.36,65607400.0
2022-10-19,114.71,115.07,115.07,47198100.0
2022-10-20,113.83,115.25,115.25,48795100.0
2022-10-21,114.79,119.32,119.32,55660500.0
2022-10-24,119.98,119.82,119.82,49531500.0
2022-10-25,119.65,120.6,120.6,50934600.0
2022-10-26,116.0,115.66,115.66,68802300.0
2022-10-27,113.92,110.96,110.96,129605400.0
2022-10-28,97.91,103.41,103.41,223133400.0
2022-10-31,103.56,102.44,102.44,99251400.0
2022-11-01,103.99,96.79,96.79,153370000.0
2022-11-02,97.32,92.12,92.12,135761800.0
2022-11-03,92.47,89.3,89.3,136683300.0
2022-11-04,91.49,90.98,90.98,129101300.0
2022-11-07,91.95,90.53,90.53,77495700.0
2022-11-08,90.79,89.98,89.98,88703400.0
2022-11-09,89.47,86.14,86.14,90796200.0
2022-11-10,92.94,96.63,96.63,173414900.0
2022-11-11,97.88,100.79,100.79,111590500.0
2022-11-14,98.77,98.49,98.49,99533100.0
2022-11-15,103.21,98.94,98.94,111336300.0
2022-11-16,96.85,97.12,97.12,87958800.0
2022-11-17,95.37,94.85,94.85,82617900.0
2022-11-18,95.95,94.14,94.14,72428200.0
2022-11-21,93.97,92.46,92.46,84330300.0
2022-11-22,92.62,93.2,93.2,62192000.0
2022-11-23,93.24,94.13,94.13,59414700.0
2022-11-25,93.79,93.41,93.41,35088600.0
2022-11-28,93.93,93.95,93.95,74943100.0
2022-11-29,94.04,92.42,92.42,65567300.0
2022-11-30,92.47,96.54,96.54,102805800.0
2022-12-01,96.99,95.5,95.5,68488000.0
2022-12-02,94.48,94.13,94.13,72496400.0
2022-12-05,93.05,91.01,91.01,71535500.0
2022-12-06,90.5,88.25,88.25,75503600.0
2022-12-07,88.34,88.46,88.46,68086900.0
2022-12-08,89.24,90.35,90.35,73305900.0
2022-12-09,88.9,89.09,89.09,67398500.0
2022-12-12,89.21,90.55,90.55,61999800.0
2022-12-13,95.23,92.49,92.49,100212000.0
2022-12-14,92.5,91.58,91.58,70298000.0
2022-12-15,89.89,88.45,88.45,84802900.0
2022-12-16,88.27,87.86,87.86,146144100.0
2022-12-19,87.51,84.92,84.92,83531500.0
2022-12-20,85.33,85.19,85.19,74348300.0
2022-12-21,86.18,86.77,86.77,59267200.0
2022-12-22,85.52,83.79,83.79,81431300.0
2022-12-23,83.25,85.25,85.25,57433700.0
2022-12-27,84.97,83.04,83.04,57284000.0
2022-12-28,82.8,81.82,81.82,58228600.0
2022-12-29,82.87,84.18,84.18,54995900.0
2022-12-30,83.12,84.0,84.0,62401200.0
2023-01-03,85.46,85.82,85.82,76706000.0
2023-01-04,86.55,85.14,85.14,68885100.0
2023-01-05,85.33,83.12,83.12,67930800.0
2023-01-06,83.03,86.08,86.08,83303400.0
2023-01-09,87.46,87.36,87.36,65266100.0
2023-01-10,87.57,89.87,89.87,67756600.0
2023-01-11,90.93,95.09,95.09,103126200.0
2023-01-12,96.93,95.27,95.27,85254800.0
2023-01-13,94.18,98.12,98.12,85549400.0
2023-01-17,98.68,96.05,96.05,72755000.0
2023-01-18,97.25,95.46,95.46,79570400.0
2023-01-19,94.74,93.68,93.68,69002700.0
2023-01-20,93.86,97.25,97.25,67481500.0
2023-01-23,97.56,97.52,97.52,76501100.0
2023-01-24,96.93,96.32,96.32,66929500.0
2023-01-25,92.56,97.18,97.18,94261600.0
2023-01-26,98.24,99.22,99.22,68523600.0
2023-01-27,99.53,102.24,102.24,87775600.0
2023-01-30,101.09,100.55,100.55,70691900.0
2023-01-31,101.16,103.13,103.13,66527300.0
2023-02-01,102.53,105.15,105.15,80450100.0
2023-02-02,110.25,112.91,112.91,158154200.0
2023-02-03,105.26,103.39,103.39,144374800.0
2023-02-06,102.93,102.18,102.18,81945200.0
2023-02-07,101.17,102.11,102.11,119501300.0
2023-02-08,102.04,100.05,100.05,75878300.0
2023-02-09,101.32,98.24,98.24,64622500.0
2023-02-10,97.56,97.61,97.61,52740100.0
2023-02-13,97.85,99.54,99.54,52841500.0
2023-02-14,98.41,99.7,99.7,56202900.0
2023-02-15,99.09,101.16,101.16,47957600.0
2023-02-16,99.21,98.15,98.15,56339200.0
2023-02-17,97.8,97.2,97.2,60029400.0
2023-02-21,95.34,94.58,94.58,56580400.0
2023-02-22,95.1,95.79,95.79,59534100.0
2023-02-23,96.12,95.82,95.82,48467000.0
2023-02-24,93.53,93.5,93.5,57053800.0
2023-02-27,94.28,93.76,93.76,47470300.0
2023-02-28,93.14,94.23,94.23,43959300.0
2023-03-01,93.87,92.17,92.17,52299500.0
2023-03-02,91.41,92.13,92.13,55509400.0
2023-03-03,92.74,94.9,94.9,55759600.0
2023-03-06,95.19,93.75,93.75,52112400.0
2023-03-07,94.06,93.55,93.55,49100700.0
2023-03-08,93.6,93.92,93.92,44899100.0
2023-03-09,93.68,92.25,92.25,56218700.0
2023-03-10,92.67,90.73,90.73,69827500.0
2023-03-13,89.97,92.43,92.43,72397100.0
2023-03-14,93.83,94.88,94.88,60912700.0
2023-03-15,93.22,96.2,96.2,70731800.0
2023-03-16,95.75,100.04,100.04,84446900.0
2023-03-17,99.79,98.95,98.95,87300200.0
2023-03-20,98.41,97.71,97.71,62388900.0
2023-03-21,98.14,100.61,100.61,58597300.0
2023-03-22,100.45,98.7,98.7,57475400.0
2023-03-23,100.43,98.71,98.71,57559300.0
2023-03-24,98.07,98.13,98.13,56095400.0
2023-03-27,99.07,98.04,98.04,46721300.0
2023-03-28,98.11,97.24,97.24,38720100.0
2023-03-29,98.69,100.25,100.25,49783300.0
2023-03-30,101.55,102.0,102.0,53633400.0
2023-03-31,102.16,103.29,103.29,56750300.0
2023-04-03,102.3,102.41,102.41,41135700.0
2023-04-04,102.75,103.95,103.95,48662500.0
2023-04-05,103.91,101.1,101.1,45175400.0
2023-04-06,100.75,102.06,102.06,43808000.0
2023-04-10,100.96,102.17,102.17,37261200.0
2023-04-11,100.8,99.92,99.92,60417800.0
2023-04-12,100.4,97.83,97.83,56735000.0
2023-04-13,98.95,102.4,102.4,67925100.0
2023-04-14,102.07,102.51,102.51,51450500.0
2023-04-17,103.16,102.74,102.74,39919500.0
2023-04-18,103.95,102.3,102.3,39790500.0
2023-04-19,101.58,104.3,104.3,58398900.0
2023-04-20,103.53,103.81,103.81,57696900.0
2023-04-21,106.1,106.96,106.96,86774200.0
2023-04-24,107.66,106.21,106.21,69575600.0
2023-04-25,104.91,102.57,102.57,65026800.0
2023-04-26,105.04,104.98,104.98,73803800.0
2023-04-27,108.16,109.82,109.82,149961200.0
2023-04-28,107.73,105.45,105.45,130565000.0
2023-05-01,104.95,102.05,102.05,74728100.0
2023-05-02,101.47,103.63,103.63,73469400.0
2023-05-03,103.74,103.65,103.65,65051900.0
2023-05-04,104.04,104.0,104.0,45345500.0
2023-05-05,104.27,105.66,105.66,56912900.0
2023-05-08,105.04,105.83,105.83,49430900.0
2023-05-09,105.48,106.62,106.62,44089400.0
2023-05-10,108.1,110.19,110.19,78627600.0
2023-05-11,111.03,112.18,112.18,74924800.0
2023-05-12,112.16,110.26,110.26,49810100.0
2023-05-15,111.15,111.2,111.2,53011100.0
2023-05-16,111.05,113.4,113.4,71472900.0
2023-05-17,114.89,115.5,115.5,65655200.0
2023-05-18,116.69,118.15,118.15,73174100.0
2023-05-19,118.16,116.25,116.25,54990200.0
2023-05-22,116.77,115.01,115.01,70741100.0
2023-05-23,114.27,114.99,114.99,67576300.0
2023-05-24,115.35,116.75,116.75,63487900.0
2023-05-25,116.63,115.0,115.0,66496700.0
2023-05-26,116.04,120.11,120.11,96779900.0
2023-05-30,122.37,121.66,121.66,64314800.0
2023-05-31,121.45,120.58,120.58,72800800.0
2023-06-01,120.69,122.77,122.77,54375100.0
2023-06-02,124.92,124.25,124.25,61215000.0
2023-06-05,123.36,125.3,125.3,47950100.0
2023-06-06,125.07,126.61,126.61,45695200.0
2023-06-07,127.01,121.23,121.23,95663300.0
2023-06-08,123.01,124.25,124.25,62159300.0
2023-06-09,124.08,123.43,123.43,51330000.0
2023-06-12,124.02,126.57,126.57,51338000.0
2023-06-13,128.12,126.66,126.66,50564800.0
2023-06-14,126.7,126.42,126.42,52422500.0
2023-06-15,125.21,127.11,127.11,60458500.0
2023-06-16,127.71,125.49,125.49,84188100.0
2023-06-20,124.97,125.78,125.78,56930100.0
2023-06-21,125.64,124.83,124.83,52137700.0
2023-06-22,125.31,130.15,130.15,90354600.0
2023-06-23,129.11,129.33,129.33,71855200.0
2023-06-26,129.33,127.33,127.33,59989300.0
2023-06-27,128.63,129.18,129.18,46801000.0
2023-06-28,128.94,129.04,129.04,52149500.0
2023-06-29,128.77,127.9,127.9,40761000.0
2023-06-30,129.47,130.36,130.36,54310500.0
2023-07-03,130.82,130.22,130.22,28264800.0
2023-07-05,130.24,130.38,130.38,35895400.0
2023-07-06,128.25,128.36,128.36,40639900.0
2023-07-07,128.59,129.78,129.78,41928700.0
2023-07-10,129.07,127.13,127.13,61889300.0
2023-07-11,127.75,128.78,128.78,49951500.0
2023-07-12,130.31,130.8,130.8,54022800.0
2023-07-13,134.04,134.3,134.3,61170900.0
2023-07-14,134.06,134.68,134.68,54388100.0
2023-07-17,134.56,133.56,133.56,48450200.0
2023-07-18,132.71,132.83,132.83,54969100.0
2023-07-19,133.39,135.36,135.36,54531000.0
2023-07-20,134.07,129.96,129.96,59820600.0
2023-07-21,131.34,130.0,130.0,133265000.0
2023-07-24,130.31,128.8,128.8,45591100.0
2023-07-25,129.31,129.13,129.13,39236700.0
2023-07-26,126.51,128.15,128.15,53910100.0
2023-07-27,131.0,128.25,128.25,52610700.0
2023-07-28,129.69,132.21,132.21,46317400.0
2023-07-31,133.2,133.68,133.68,41901500.0
2023-08-01,133.55,131.69,131.69,42098500.0
2023-08-02,130.15,128.21,128.21,51027600.0
2023-08-03,127.48,128.91,128.91,88585200.0
2023-08-04,141.06,139.57,139.57,152938700.0
2023-08-07,140.99,142.22,142.22,71213100.0
2023-08-08,140.62,139.94,139.94,51710500.0
2023-08-09,139.97,137.85,137.85,50017300.0
2023-08-10,139.07,138.56,138.56,58928400.0
2023-08-11,137.4,138.41,138.41,42832100.0
2023-08-14,138.3,140.57,140.57,47148700.0
2023-08-15,140.05,137.67,137.67,42781500.0
2023-08-16,137.19,135.07,135.07,41675900.0
2023-08-17,135.46,133.98,133.98,48354100.0
2023-08-18,131.62,133.22,133.22,48469400.0
2023-08-21,133.74,134.68,134.68,41442500.0
2023-08-22,135.08,134.25,134.25,32935100.0
2023-08-23,134.5,135.52,135.52,42801000.0
2023-08-24,136.4,131.84,131.84,43646300.0
2023-08-25,132.47,133.26,133.26,44147500.0
2023-08-28,133.78,133.14,133.14,34108400.0
2023-08-29,133.38,134.91,134.91,38646100.0
2023-08-30,134.93,135.07,135.07,36137000.0
2023-08-31,135.06,138.01,138.01,58781300.0
2023-09-01,139.46,138.12,138.12,40948300.0
2023-09-05,137.73,137.27,137.27,40636700.0
2023-09-06,136.32,135.36,135.36,41785500.0
2023-09-07,133.9,137.85,137.85,48498900.0
2023-09-08,136.86,138.23,138.23,38348200.0
2023-09-11,138.75,143.1,143.1,56764500.0
2023-09-12,142.32,141.23,141.23,42668500.0
2023-09-13,140.95,144.85,144.85,60465200.0
2023-09-14,145.08,144.72,144.72,64033600.0
2023-09-15,142.69,140.39,140.39,102861700.0
2023-09-18,140.48,139.98,139.98,42823500.0
2023-09-19,138.7,137.63,137.63,61482500.0
2023-09-20,138.55,135.29,135.29,46263700.0
2023-09-21,131.94,129.33,129.33,70234800.0
2023-09-22,131.11,129.12,129.12,59904300.0
2023-09-25,129.36,131.27,131.27,46017800.0
2023-09-26,130.12,125.98,125.98,73048200.0
2023-09-27,125.76,125.98,125.98,66553400.0
2023-09-28,124.04,125.98,125.98,54555000.0
2023-09-29,128.2,127.12,127.12,62377600.0
2023-10-02,127.28,129.46,129.46,48029700.0
2023-10-03,128.06,124.72,124.72,51565000.0
2023-10-04,126.06,127.0,127.0,44203900.0
2023-10-05,126.71,125.96,125.96,39660600.0
2023-10-06,124.16,127.96,127.96,46795900.0
2023-10-09,126.22,128.26,128.26,38773700.0
2023-10-10,128.82,129.48,129.48,42178600.0
2023-10-11,129.74,131.83,131.83,40741800.0
2023-10-12,132.17,132.33,132.33,55528600.0
2023-10-13,132.98,129.79,129.79,45786600.0
2023-10-16,130.69,132.55,132.55,42832900.0
2023-10-17,130.39,131.47,131.47,49344600.0
2023-10-18,129.9,128.13,128.13,42699500.0
2023-10-19,130.57,128.4,128.4,60961400.0
2023-10-20,128.05,125.17,125.17,56343300.0
2023-10-23,124.63,126.56,126.56,48260000.0
2023-10-24,127.74,128.56,128.56,46477400.0
2023-10-25,126.04,121.39,121.39,74577500.0
2023-10-26,120.63,119.57,119.57,100419500.0
2023-10-27,126.2,127.74,127.74,125309300.0
2023-10-30,129.72,132.71,132.71,72485500.0
2023-10-31,132.75,133.09,133.09,51589400.0
2023-11-01,133.96,137.0,137.0,61529400.0
2023-11-02,138.73,138.07,138.07,52236700.0
2023-11-03,138.99,138.6,138.6,44007200.0
2023-11-06,138.76,139.74,139.74,44970400.0
2023-11-07,140.55,142.71,142.71,53553500.0
2023-11-08,142.97,142.08,142.08,44521700.0
2023-11-09,142.02,140.6,140.6,36235400.0
2023-11-10,140.46,143.56,143.56,49287800.0
2023-11-13,142.08,142.59,142.59,35680600.0
2023-11-14,145.0,145.8,145.8,56674600.0
2023-11-15,147.06,143.2,143.2,63875700.0
2023-11-16,140.91,142.83,142.83,49653500.0
2023-11-17,142.66,145.18,145.18,49636700.0
2023-11-20,145.13,146.13,146.13,41951200.0
2023-11-21,143.91,143.9,143.9,71226000.0
2023-11-22,144.57,146.71,146.71,45669100.0
2023-11-24,146.7,146.74,146.74,22378400.0
2023-11-27,147.53,147.73,147.73,53762400.0
2023-11-28,146.98,147.03,147.03,42711700.0
2023-11-29,147.85,146.32,146.32,40610900.0
2023-11-30,144.76,146.09,146.09,65814000.0
2023-12-01,146.0,147.03,147.03,39924600.0
2023-12-04,145.25,144.84,144.84,48294200.0
2023-12-05,143.55,146.88,146.88,46822400.0
2023-12-06,147.58,144.52,144.52,39679000.0
2023-12-07,146.15,146.88,146.88,52352800.0
2023-12-08,145.48,147.42,147.42,41858000.0
2023-12-11,145.66,145.89,145.89,50907300.0
2023-12-12,145.52,147.48,147.48,44886600.0
2023-12-13,148.12,148.84,148.84,52394000.0
2023-12-14,149.93,147.42,147.42,58400800.0
2023-12-15,148.38,149.97,149.97,110039100.0
2023-12-18,150.56,154.07,154.07,62512800.0
2023-12-19,154.4,153.79,153.79,43119300.0
2023-12-20,152.9,154.04,154.04,21357089.0
2023-12-21,153.3,153.84,153.84,36258000.0
2023-12-22,153.77,153.42,153.42,28892987.0
2023-12-26,153.56,153.13,153.13,13564173.0
2023-12-27,153.56,153.34,153.34,31378800.0
2023-12-28,153.72,153.66,153.66,19549190.0
2023-12-29,153.1,153.05,153.05,8170496.0
2024-01-02,151.54,149.93,149.93,47294600.0
2024-01-03,149.2,148.47,148.47,46928580.0
2024-01-04,145.59,144.57,144.57,55786803.0
2024-01-05,144.69,145.24,145.24,45124800.0
2024-01-08,146.74,149.1,149.1,46757100.0
2024-01-09,148.33,151.37,151.37,43812600.0
2024-01-10,152.06,153.73,153.73,44421800.0
2024-01-11,155.04,155.18,155.18,48958800.0
2024-01-12,155.39,154.62,154.62,40460300.0
2024-01-16,153.53,153.16,153.16,39961654.0
2024-01-17,151.49,151.71,151.71,34920800.0
2024-01-18,152.77,153.5,153.5,37804600.0
2024-01-19,153.83,153.93,153.93,18568872.0
2024-01-22,156.89,154.78,154.78,43509700.0
2024-01-23,154.85,154.93,154.93,7015469.0
2024-01-24,157.8,156.88,156.88,7686454.0
2024-01-25,156.95,157.75,157.75,43527900.0
2024-01-26,158.42,159.12,159.12,51001100.0
2024-01-29,159.34,159.32,159.32,10440861.0
2024-01-30,160.7,159.0,159.0,44888800.0
2024-01-31,157.0,156.41,156.41,20897101.0
2024-02-01,155.87,157.21,157.21,19819740.0
2024-02-02,169.19,170.93,170.93,56241729.0
2024-02-05,170.2,170.31,170.31,55000200.0
2024-02-06,169.39,169.15,169.15,42464400.0
2024-02-07,169.48,170.53,170.53,47113900.0
2024-02-08,169.65,170.95,170.95,17517300.0
2024-02-09,170.9,173.65,173.65,23621417.0
2024-02-12,174.8,172.34,172.34,51050400.0
2024-02-13,167.73,168.64,168.64,56034924.0
2024-02-14,169.21,170.98,170.98,42760600.0
2024-02-15,169.21,168.67,168.67,23157769.0
2024-02-16,170.58,168.27,168.27,14097530.0
2024-02-20,167.83,167.08,167.08,41732000.0
2024-02-21,168.94,168.59,168.59,44420100.0
2024-02-22,173.1,174.58,174.58,55335800.0
2024-02-23,174.28,174.99,174.99,59662900.0
2024-02-26,175.7,174.73,174.73,40187900.0
2024-02-27,174.08,173.54,173.54,31109600.0
2024-02-28,172.44,173.16,173.16,26779929.0
2024-02-29,173.01,176.76,176.76,53752000.0
2024-03-01,176.75,178.22,178.22,31956200.0
2024-03-04,176.75,179.08,179.08,2423159.0
2024-03-05,176.93,174.12,174.12,37163200.0
2024-03-06,175.54,173.51,173.51,32037900.0
2024-03-07,174.83,176.82,176.82,34027600.0
2024-03-08,176.44,175.35,175.35,37853500.0
2024-03-11,174.31,172.27,172.27,12350049.0
2024-03-12,173.5,175.39,175.39,36564800.0
2024-03-13,175.9,176.56,176.56,30737500.0
2024-03-14,177.69,178.94,178.94,8567039.0
2024-03-15,176.64,174.42,174.42,72115500.0
2024-03-18,175.87,176.03,176.03,7000804.0
2024-03-19,174.23,175.27,175.27,7616981.0
2024-03-20,176.14,178.15,178.15,29867200.0
2024-03-21,179.99,178.15,178.15,32781000.0
2024-03-22,177.75,178.87,178.87,27964100.0
2024-03-25,178.01,179.71,179.71,29780600.0
2024-03-26,180.15,178.3,178.3,29622100.0
2024-03-27,179.9,179.83,179.83,30392089.0
2024-03-28,180.17,180.38,180.38,38027400.0
2024-04-01,180.79,180.97,180.97,29138900.0
2024-04-02,179.07,180.69,180.69,32582700.0
2024-04-03,179.9,182.41,182.41,30959800.0
2024-04-04,184.2,180.0,180.0,41474545.0
2024-04-05,182.38,185.07,185.07,42335200.0
2024-04-08,186.99,185.77,185.77,3787826.0
2024-04-09,187.25,185.99,185.99,6297063.0
2024-04-10,182.76,184.88,184.88,14161000.0
2024-04-11,186.74,189.05,189.05,39941700.0
2024-04-12,187.72,186.13,186.13,38554300.0
2024-04-15,187.36,186.91,186.91,18442230.0
2024-04-16,183.16,183.93,183.93,6113179.0
2024-04-17,184.31,181.28,181.28,31305800.0
2024-04-18,181.47,179.22,179.22,30663600.0
2024-04-19,178.89,176.92,176.92,11289918.0
2024-04-22,176.93,175.48,175.48,16921256.0
2024-04-23,178.07,179.68,179.68,24196246.0
2024-04-24,179.95,176.59,176.59,32198310.0
2024-04-25,169.68,172.6,172.6,29130140.0
2024-04-26,177.8,179.62,179.62,42033000.0
2024-04-29,182.64,180.52,180.52,18680910.0
2024-04-30,180.95,179.19,179.19,22512799.0
2024-05-01,181.64,179.0,179.0,94645100.0
2024-05-02,180.85,184.72,184.72,54303500.0
2024-05-03,186.82,186.21,186.21,38680749.0
2024-05-06,186.28,188.7,188.7,34653900.0
2024-05-07,188.92,188.76,188.76,34048900.0
2024-05-08,187.44,188.0,188.0,26115900.0
2024-05-09,189.03,187.76,187.76,5574525.0
2024-05-10,189.16,187.48,187.48,34121700.0
2024-05-13,188.0,186.57,186.57,24878100.0
2024-05-14,183.82,187.07,187.07,38652200.0
2024-05-15,185.97,185.99,185.99,75459900.0
2024-05-16,185.6,183.63,183.63,38834500.0
2024-05-17,183.76,184.7,184.7,31813700.0
2024-05-20,184.29,185.2,185.2,7782437.0
2024-05-21,182.16,181.18,181.18,6383380.0
2024-05-22,183.83,183.13,183.13,27656643.0
2024-05-23,183.6,184.2,184.2,1960624.0
2024-05-24,181.65,180.75,180.75,27434100.0
2024-05-28,179.93,182.15,182.15,29887200.0
2024-05-29,181.81,181.84,181.84,3147165.0
2024-05-30,181.31,180.72,180.72,2625268.0
2024-05-31,178.23,176.44,176.44,58350991.0
2024-06-03,177.7,178.34,178.34,30754600.0
2024-06-04,177.69,177.62,177.62,3297745.0
2024-06-05,180.1,181.28,181.28,32116400.0
2024-06-06,181.75,185.0,185.0,31324700.0
2024-06-07,185.01,185.72,185.72,11210614.0
2024-06-10,184.07,187.06,187.06,34445600.0
2024-06-11,187.06,187.23,187.23,27191845.0
2024-06-12,188.02,186.89,186.89,33567100.0
2024-06-13,186.0,186.73,186.73,5731437.0
2024-06-14,182.99,183.66,183.66,25287792.0
2024-06-17,182.52,184.06,184.06,35601900.0
2024-06-18,183.74,182.81,182.81,36624600.0
2024-06-20,182.91,186.1,186.1,44726800.0
2024-06-21,187.8,189.08,189.08,70792500.0
2024-06-24,189.33,185.57,185.57,48841000.0
2024-06-25,186.82,186.8,186.8,2724343.0
2024-06-26,186.92,193.61,193.61,65103900.0
2024-06-27,195.01,197.85,197.85,74284100.0
2024-06-28,197.73,193.25,193.25,76879200.0
2024-07-01,193.49,197.2,197.2,41192000.0
2024-07-02,197.28,200.0,200.0,45526900.0
2024-07-03,199.94,197.59,197.59,31597900.0
2024-07-05,198.65,200.0,200.0,39809000.0
2024-07-08,200.0,198.82,198.82,20059290.0
2024-07-09,199.4,199.34,199.34,32700100.0
2024-07-10,200.0,199.79,199.79,32829900.0
2024-07-11,200.09,195.05,195.05,44565000.0
2024-07-12,194.51,194.49,194.49,29698046.0
2024-07-15,194.54,192.72,192.72,38808123.0
2024-07-16,195.59,193.02,193.02,33994700.0
2024-07-17,191.35,187.93,187.93,48000700.0
2024-07-18,189.59,183.75,183.75,51043600.0
2024-07-19,181.14,183.13,183.13,42994700.0
2024-07-22,185.0,182.55,182.55,39931900.0
2024-07-23,184.1,186.41,186.41,47537700.0
2024-07-24,183.2,180.83,180.83,41532400.0
2024-07-25,182.91,179.85,179.85,44414500.0
2024-07-26,180.39,182.5,182.5,29447400.0
2024-07-29,183.84,183.2,183.2,33209200.0
2024-07-30,184.72,181.71,181.71,39508600.0
2024-07-31,185.05,186.98,186.98,41498700.0
2024-08-01,189.29,184.07,184.07,67815400.0
2024-08-02,166.75,167.9,167.9,141276100.0
2024-08-05,154.21,161.02,161.02,83149400.0
2024-08-06,161.71,161.93,161.93,59858500.0
2024-08-07,166.55,162.77,162.77,48282000.0
2024-08-08,165.21,164.35,164.35,5803676.0
2024-08-09,166.4,166.94,166.94,35758700.0
2024-08-12,168.14,166.8,166.8,30072800.0
2024-08-13,167.81,170.23,170.23,39237900.0
2024-08-14,172.11,170.1,170.1,28806900.0
2024-08-15,174.86,177.59,177.59,51698500.0
2024-08-16,177.04,177.06,177.06,31489200.0
2024-08-19,177.64,178.22,178.22,31129800.0
2024-08-20,177.92,178.88,178.88,26255200.0
2024-08-21,179.99,180.11,180.11,34892484.0
2024-08-22,181.38,176.13,176.13,32047500.0
2024-08-23,177.34,177.04,177.04,29095000.0
2024-08-26,176.76,175.5,175.5,21904019.0
2024-08-27,174.15,173.12,173.12,29196423.0
2024-08-28,173.69,170.8,170.8,28929800.0
2024-08-29,173.22,172.12,172.12,26380000.0
2024-08-30,172.78,178.5,178.5,43377700.0
2024-09-03,177.55,176.25,176.25,37735500.0
2024-09-04,174.48,173.33,173.33,30309200.0
2024-09-05,175.1,177.89,177.89,39557092.0
2024-09-06,177.3,171.39,171.39,40296497.0
2024-09-09,174.49,175.4,175.4,28651218.0
2024-09-10,177.49,179.55,179.55,36233800.0
2024-09-11,180.1,184.52,184.52,42564700.0
2024-09-12,184.8,187.0,187.0,33622500.0
2024-09-13,187.0,186.49,186.49,26476500.0
2024-09-16,185.29,184.89,184.89,26065500.0
2024-09-17,186.85,186.88,186.88,26091700.0
2024-09-18,186.45,186.43,186.43,34448100.0
2024-09-19,190.04,189.87,189.87,39543200.0
2024-09-20,190.23,191.6,191.6,99479343.0
2024-09-23,191.64,193.88,193.88,36993100.0
2024-09-24,194.27,193.96,193.96,43113800.0
2024-09-25,193.75,192.53,192.53,26391100.0
2024-09-26,194.31,191.16,191.16,36229500.0
2024-09-27,190.68,187.97,187.97,35964900.0
2024-09-30,187.1,186.33,186.33,40629924.0
2024-10-01,184.9,185.13,185.13,35960000.0
2024-10-02,184.44,184.76,184.76,23704100.0
2024-10-03,183.05,181.96,181.96,30204300.0
2024-10-04,185.75,186.51,186.51,40890300.0
2024-10-07,182.95,180.8,180.8,42364200.0
2024-10-08,181.92,182.72,182.72,26372100.0
2024-10-09,182.82,185.17,185.17,26224300.0
2024-10-10,187.13,186.65,186.65,27785000.0
2024-10-11,186.63,188.82,188.82,25751600.0
2024-10-14,189.78,187.54,187.54,22614400.0
2024-10-15,187.63,187.69,187.69,32178900.0
2024-10-16,187.05,186.89,186.89,23456800.0
2024-10-17,188.22,187.53,187.53,24993600.0
2024-10-18,187.0,188.62,188.62,8742237.0
2024-10-21,188.05,189.07,189.07,24639400.0
2024-10-22,188.35,189.7,189.7,29650600.0
2024-10-23,188.85,184.71,184.71,31733200.0
2024-10-24,185.25,186.38,186.38,21647400.0
2024-10-25,187.85,187.83,187.83,29310400.0
2024-10-28,189.57,188.39,188.39,27877300.0
2024-10-29,188.58,190.83,190.83,35690200.0
2024-10-30,194.7,192.73,192.73,37707600.0
2024-10-31,190.51,186.4,186.4,75146800.0
2024-11-01,199.0,197.93,197.93,99571700.0
2024-11-04,196.45,195.78,195.78,38492100.0
2024-11-05,196.04,199.5,199.5,30449900.0
2024-11-06,200.01,207.09,207.09,72292200.0
2024-11-07,207.44,210.05,210.05,52878400.0
2024-11-08,209.72,208.18,208.18,36038600.0
2024-11-11,208.5,206.84,206.84,35405100.0
2024-11-12,208.37,208.91,208.91,38942900.0
2024-11-13,209.43,214.1,214.1,46132931.0
2024-11-14,214.16,211.48,211.48,42552500.0
2024-11-15,206.76,202.61,202.61,86418500.0
2024-11-18,204.15,201.7,201.7,36512500.0
2024-11-19,199.33,204.61,204.61,31197900.0
2024-11-20,202.98,202.88,202.88,32769000.0
2024-11-21,203.49,198.38,198.38,58800000.0
2024-11-22,198.25,197.12,197.12,31530800.0
2024-11-25,199.28,201.45,201.45,40685700.0
2024-11-26,201.9,207.86,207.86,41673700.0
2024-11-27,206.98,205.74,205.74,28061600.0
2024-11-29,205.83,207.89,207.89,24892400.0
2024-12-02,209.96,210.71,210.71,39523200.0
2024-12-03,210.31,213.44,213.44,32214800.0
2024-12-04,215.96,218.16,218.16,48745700.0
2024-12-05,218.18,220.55,220.55,38335521.0
2024-12-06,220.75,227.03,227.03,44123400.0
2024-12-09,227.21,226.09,226.09,46819400.0
2024-12-10,226.09,225.04,225.04,31199900.0
2024-12-11,226.41,230.26,230.26,35385800.0
2024-12-12,229.83,228.97,228.97,28204100.0
2024-12-13,228.4,227.46,227.46,28749400.0
2024-12-16,230.23,232.93,232.93,37507900.0
2024-12-17,232.39,231.15,231.15,35948100.0
2024-12-18,230.77,220.52,220.52,43281400.0
2024-12-19,224.91,223.29,223.29,39918700.0
2024-12-20,219.84,224.92,224.92,88012500.0
2024-12-23,225.01,225.06,225.06,28070000.0
2024-12-24,226.94,229.05,229.05,15007500.0
2024-12-26,227.95,227.05,227.05,16064742.0
2024-12-27,225.6,223.75,223.75,27342000.0
2024-12-30,220.06,221.3,221.3,28254900.0
2024-12-31,222.97,219.39,219.39,24793200.0
2025-01-02,222.03,220.22,220.22,33875000.0
2025-01-03,222.5,224.19,224.19,27427568.0
2025-01-06,226.78,227.61,227.61,31849800.0
2025-01-07,227.9,222.11,222.11,28084200.0
2025-01-08,223.19,222.13,222.13,25033300.0
2025-01-10,221.46,218.94,218.94,36785700.0
2025-01-13,218.06,218.46,218.46,27262700.0
2025-01-14,220.44,217.76,217.76,24673100.0
2025-01-15,222.85,223.35,223.35,31129536.0
2025-01-16,224.42,220.66,220.66,24721700.0
2025-01-17,225.84,224.71,224.71,18517890.0
2025-01-21,228.9,230.71,230.71,39951500.0
2025-01-22,232.02,235.01,235.01,41385600.0
2025-01-23,234.1,235.42,235.42,26404400.0
2025-01-24,234.5,234.85,234.85,25874200.0
2025-01-27,226.21,235.42,235.42,49428300.0
2025-01-28,234.29,238.15,238.15,41558100.0
2025-01-29,239.01,237.78,237.78,1930436.0
2025-01-30,237.14,234.64,234.64,32020700.0
2025-01-31,236.6,237.68,237.68,36067346.0
2025-02-03,234.06,237.42,237.42,37100956.0
2025-02-04,238.93,242.06,242.06,28587993.0
2025-02-05,237.02,236.17,236.17,38727300.0
2025-02-06,238.27,238.83,238.83,51293543.0
2025-02-07,232.5,229.15,229.15,77454000.0
2025-02-10,230.55,233.14,233.14,35373700.0
2025-02-11,231.91,230.33,230.33,10730006.0
2025-02-12,230.46,228.93,228.93,30446395.0
2025-02-13,228.79,228.35,228.35,3812434.0
2025-02-14,229.2,228.68,228.68,26973200.0
2025-02-18,228.82,226.65,226.65,42975100.0
2025-02-19,225.52,226.63,226.63,28566700.0
2025-02-20,224.78,222.88,222.88,30001700.0
2025-02-21,223.28,216.58,216.58,55323900.0
2025-02-24,217.45,212.71,212.71,42387600.0
2025-02-25,211.63,212.8,212.8,58958000.0
2025-02-26,214.94,214.35,214.35,39120600.0
2025-02-27,218.35,208.74,208.74,40548600.0
2025-02-28,208.65,212.28,212.28,51771700.0
2025-03-03,213.35,205.02,205.02,42948400.0
2025-03-04,200.11,203.8,203.8,60853100.0
2025-03-05,204.8,208.36,208.36,38610100.0
2025-03-06,204.4,200.7,200.7,49863800.0
2025-03-07,199.49,199.25,199.25,59802800.0
2025-03-10,195.6,194.54,194.54,62350900.0
2025-03-11,193.9,196.59,196.59,54002900.0
2025-03-12,200.72,198.89,198.89,43679300.0
2025-03-13,198.17,193.89,193.89,41270800.0
2025-03-14,197.41,197.95,197.95,38096700.0
2025-03-17,198.77,195.74,195.74,47341800.0
2025-03-18,192.52,192.82,192.82,40414900.0
2025-03-19,193.38,195.54,195.54,39442900.0
2025-03-20,193.07,194.95,194.95,38921100.0
2025-03-21,192.9,196.21,196.21,60056900.0
2025-03-24,200.0,203.26,203.26,41625400.0
2025-03-25,203.6,205.71,205.71,31171200.0
2025-03-26,205.84,201.13,201.13,32855300.0
2025-03-27,200.89,201.36,201.36,27317700.0
2025-03-28,198.42,192.72,192.72,52548200.0
2025-03-31,188.19,190.26,190.26,63547600.0
2025-04-01,187.86,192.17,192.17,41267300.0
2025-04-02,187.66,196.01,196.01,53679200.0
2025-04-03,183.0,178.41,178.41,95553600.0
2025-04-04,167.15,171.0,171.0,123159400.0
2025-04-07,162.0,175.26,175.26,109327100.0
2025-04-08,185.23,170.66,170.66,87710400.0
2025-04-09,172.12,191.1,191.1,116804300.0
2025-04-10,185.44,181.22,181.22,68302000.0
2025-04-11,179.93,184.87,184.87,50594300.0
2025-04-14,186.84,182.12,182.12,48002500.0
2025-04-15,181.41,179.59,179.59,43642000.0
2025-04-16,176.29,174.33,174.33,51875300.0
2025-04-17,176.0,172.61,172.61,44468400.0
2025-04-21,169.6,167.32,167.32,48126100.0
2025-04-22,169.85,173.18,173.18,56607200.0
2025-04-23,183.45,180.6,180.6,63470100.0
2025-04-24,180.92,186.54,186.54,43763200.0
2025-04-25,187.62,188.99,188.99,36364100.0
2025-04-28,190.11,187.7,187.7,33130300.0
2025-04-29,183.99,187.74,187.74,32495933.0
2025-04-30,182.17,184.42,184.42,55176500.0
2025-05-01,190.63,190.2,190.2,74266000.0
2025-05-02,191.44,189.98,189.98,77903500.0
2025-05-05,186.51,186.35,186.35,35217500.0
2025-05-06,184.57,185.01,185.01,29314100.0
2025-05-07,185.56,188.71,188.71,43948600.0
2025-05-08,191.43,192.08,192.08,41043600.0
2025-05-09,193.38,193.06,193.06,29663100.0
2025-05-12,210.71,208.64,208.64,75205000.0
2025-05-13,211.08,211.37,211.37,56193700.0
2025-05-14,211.45,210.25,210.25,38492100.0
2025-05-15,206.45,205.17,205.17,64347300.0
2025-05-16,206.85,205.59,205.59,43072700.0
2025-05-19,201.65,206.16,206.16,33829909.0
2025-05-20,204.63,204.07,204.07,29470400.0
2025-05-21,201.61,201.12,201.12,40721146.0
2025-05-22,201.38,203.1,203.1,38938900.0
2025-05-23,198.9,200.99,200.99,33393500.0
2025-05-27,203.09,206.02,206.02,34892000.0
2025-05-28,205.92,204.72,204.72,28549800.0
2025-05-29,208.03,205.7,205.7,34650000.0
2025-05-30,204.84,205.01,205.01,51679400.0
2025-06-02,204.98,206.65,206.65,29113300.0
2025-06-03,207.11,205.71,205.71,33139100.0
2025-06-04,206.52,207.23,207.23,28509948.0
2025-06-05,209.55,207.91,207.91,51864200.0
2025-06-06,212.4,213.57,213.57,39832500.0
2025-06-09,214.75,216.98,216.98,38102500.0
2025-06-10,216.78,217.61,217.61,31303300.0
2025-06-11,217.41,213.2,213.2,39326000.0
2025-06-12,211.78,213.24,213.24,27640000.0
2025-06-13,209.96,212.1,212.1,29300100.0
2025-06-16,212.31,216.1,216.1,33284200.0
2025-06-17,215.2,214.82,214.82,32086300.0
2025-06-18,215.09,212.52,212.52,44360500.0
2025-06-20,214.49,213.52,213.52,11766328.0
2025-06-23,209.79,208.47,208.47,37311700.0
2025-06-24,212.14,212.77,212.77,38378800.0
2025-06-25,214.62,211.99,211.99,31755700.0
2025-06-26,213.12,217.12,217.12,50480800.0
2025-06-27,219.92,223.3,223.3,119122800.0
2025-06-30,223.52,219.39,219.39,58887800.0
2025-07-01,219.5,220.46,220.46,39256800.0
2025-07-02,219.73,219.92,219.92,30894200.0
2025-07-03,221.82,223.41,223.41,29632400.0
2025-07-07,223.0,223.47,223.47,36556300.0
2025-07-08,223.91,220.01,220.01,21290943.0
2025-07-09,221.07,222.54,222.54,38155100.0
2025-07-10,221.55,222.26,222.26,30370600.0
2025-07-11,223.58,225.02,225.02,50490400.0
2025-07-14,225.07,225.69,225.69,35702600.0
2025-07-15,226.2,226.35,226.35,34851600.0
2025-07-16,225.88,224.6,224.6,2137562.0
2025-07-17,223.32,224.21,224.21,3268070.0
2025-07-18,225.14,226.13,226.13,37833800.0
2025-07-21,225.84,229.3,229.3,40297600.0
2025-07-22,229.68,227.47,227.47,37483700.0
2025-07-23,228.47,228.29,228.29,28294900.0
2025-07-24,229.17,232.23,232.23,42902300.0
2025-07-25,232.22,231.44,231.44,28712100.0
2025-07-28,233.35,232.79,232.79,26300100.0
2025-07-29,234.15,231.01,231.01,33716200.0
2025-07-30,231.64,230.19,230.19,32993300.0
2025-07-31,235.77,234.11,234.11,104357300.0
2025-08-01,217.21,214.75,214.75,122258800.0
2025-08-04,217.4,211.65,211.65,77890100.0
2025-08-05,213.05,213.75,213.75,51505100.0
2025-08-06,214.7,222.31,222.31,54823000.0
2025-08-07,221.0,223.13,223.13,40603500.0
2025-08-08,223.14,222.69,222.69,32970500.0
2025-08-11,221.78,221.3,221.3,31646200.0
2025-08-12,222.23,221.47,221.47,37185800.0
2025-08-13,222.0,224.56,224.56,36508300.0
2025-08-14,227.4,230.98,230.98,61545800.0
2025-08-15,232.58,231.03,231.03,39649200.0
2025-08-18,230.23,231.49,231.49,25248900.0
2025-08-19,230.09,228.01,228.01,29891000.0
2025-08-20,227.12,223.81,223.81,36604300.0
2025-08-21,222.65,221.95,221.95,32140500.0
2025-08-22,222.79,228.84,228.84,37315300.0
2025-08-25,227.35,227.94,227.94,22633700.0
2025-08-26,227.11,228.71,228.71,26061000.0
2025-08-27,228.57,229.13,229.13,2950102.0
2025-08-28,229.01,231.6,231.6,33679600.0
2025-08-29,231.32,229.0,229.0,26199200.0
2025-09-02,223.52,225.34,225.34,38843900.0
2025-09-03,225.21,225.99,225.99,29223100.0
2025-09-04,231.19,235.68,235.68,59391800.0
2025-09-05,235.19,232.33,232.33,36721800.0
2025-09-08,234.94,235.84,235.84,33947100.0
2025-09-09,236.36,238.24,238.24,27033800.0
2025-09-10,237.52,230.33,230.33,60907700.0
2025-09-11,231.49,229.95,229.95,37485600.0
2025-09-12,230.35,228.15,228.15,38496200.0
2025-09-15,230.63,231.43,231.43,33243300.0
2025-09-16,232.94,234.05,234.05,38203900.0
2025-09-17,233.77,231.62,231.62,42815200.0
2025-09-18,232.5,231.23,231.23,37931700.0
2025-09-19,232.37,231.48,231.48,97810200.0
2025-09-22,230.56,227.63,227.63,45786800.0
2025-09-23,227.75,221.1,221.1,49864002.0
2025-09-24,224.15,220.21,220.21,49509000.0
2025-09-25,220.06,218.15,218.15,52226300.0
2025-09-26,219.08,219.78,219.78,41600900.0
2025-09-29,220.08,222.17,222.17,44259200.0
2025-09-30,222.03,219.57,219.57,48396400.0
2025-10-01,217.26,220.63,220.63,40158363.0
2025-10-02,221.01,222.41,222.41,41258600.0
2025-10-03,223.44,219.51,219.51,43639000.0
2025-10-06,221.0,220.9,220.9,43599500.0
2025-10-07,220.88,220.96,220.96,18835041.0
2025-10-08,222.92,225.22,225.22,46592100.0
2025-10-09,225.0,227.74,227.74,46320900.0
2025-10-10,226.2,219.89,219.89,20900304.0
2025-10-13,217.7,220.07,220.07,37809700.0
2025-10-14,215.56,216.39,216.39,45665600.0
2025-10-15,216.62,215.57,215.57,45805500.0
2025-10-16,215.67,216.27,216.27,15892657.0
2025-10-17,214.56,213.04,213.04,45986900.0
2025-10-20,213.88,216.48,216.48,38882800.0
2025-10-21,218.43,222.03,222.03,50494600.0
2025-10-22,219.3,217.95,217.95,44308500.0
2025-10-23,219.0,221.09,221.09,31540000.0
2025-10-24,221.97,224.21,224.21,38685100.0
2025-10-27,227.66,226.97,226.97,38267000.0
2025-10-28,228.22,229.25,229.25,47100000.0
2025-10-29,231.67,230.3,230.3,52036200.0
2025-10-30,227.06,222.86,222.86,102252900.0
2025-10-31,250.1,244.22,244.22,166340800.0
2025-11-03,255.36,254.0,254.0,95997800.0
2025-11-04,250.38,249.32,249.32,51546300.0
2025-11-05,249.03,250.2,250.2,40610700.0
2025-11-06,249.16,243.04,243.04,46004200.0
2025-11-07,242.9,244.41,244.41,46294900.0
2025-11-10,248.34,248.4,248.4,36476500.0
2025-11-11,248.41,249.1,249.1,23564100.0
2025-11-12,250.24,244.2,244.2,31190100.0
2025-11-13,243.05,237.58,237.58,41401700.0
2025-11-14,235.06,234.69,234.69,38956700.0
2025-11-17,233.25,232.87,232.87,59919000.0
2025-11-18,228.1,222.55,222.55,60608400.0
2025-11-19,223.74,222.69,222.69,58335600.0
2025-11-20,227.05,217.14,217.14,50309000.0
2025-11-21,216.35,220.69,220.69,68490500.0
2025-11-24,222.56,226.28,226.28,54318400.0
2025-11-25,226.38,229.67,229.67,39306000.0
2025-11-26,230.74,229.16,229.16,38497900.0
2025-11-28,231.24,233.22,233.22,20133423.0
2025-12-01,233.22,233.88,233.88,42847900.0
2025-12-02,235.01,234.42,234.42,45785400.0
2025-12-03,233.35,232.38,232.38,35495100.0
2025-12-04,232.77,229.11,229.11,45683200.0
2025-12-05,230.32,229.53,229.53,33117400.0
2025-12-08,229.59,226.89,226.89,35019200.0
2025-12-09,226.84,227.92,227.92,25841700.0
2025-12-10,228.81,231.78,231.78,38790700.0
2025-12-11,230.71,230.28,230.28,28249600.0
2025-12-12,230.02,226.19,226.19,28000162.0
2025-12-15,227.93,222.54,222.54,47286100.0
2025-12-16,223.04,222.56,222.56,39298900.0
2025-12-17,224.66,221.27,221.27,44034400.0
2025-12-18,225.71,226.76,226.76,50272400.0
2025-12-19,226.76,227.35,227.35,85544400.0
2025-12-22,228.61,228.43,228.43,32261300.0
2025-12-23,229.06,232.14,232.14,29230200.0
2025-12-24,232.13,232.38,232.38,11420500.0
2025-12-26,232.04,232.52,232.52,15948200.0
2025-12-29,232.02,231.29,231.29,7829682.0
2025-12-30,231.16,231.56,231.56,7697540.0
2025-12-31,232.91,230.82,230.82,24383700.0
2026-01-02,231.34,226.5,226.5,51456200.0
2026-01-05,228.84,233.06,233.06,49733300.0
2026-01-06,232.1,240.93,240.93,53667800.0
2026-01-07,239.61,241.56,241.56,42236500.0
2026-01-08,243.06,246.29,246.29,37359715.0
2026-01-09,244.57,247.38,247.38,34534700.0
2026-01-12,246.73,246.47,246.47,35867800.0
2026-01-13,246.53,242.6,242.6,38371800.0
2026-01-14,241.15,236.65,236.65,41410600.0
2026-01-15,239.31,238.18,238.18,43003600.0
2026-01-16,239.09,239.12,239.12,45888300.0
2026-01-20,233.76,231.0,231.0,47737900.0
2026-01-21,231.09,231.31,231.31,47276100.0
2026-01-22,234.05,234.34,234.34,31913300.0
2026-01-23,234.96,239.16,239.16,33778500.0
2026-01-26,239.98,238.42,238.42,32825500.0
2026-01-27,239.69,244.68,244.68,38029200.0
2026-01-28,246.37,243.01,243.01,40882700.0
2026-01-29,242.82,241.73,241.73,47229600.0
2026-01-30,239.88,239.3,239.3,45765454.0
2026-02-02,238.31,242.96,242.96,37546100.0
2026-02-03,244.98,238.62,238.62,53831300.0
2026-02-04,238.86,232.99,232.99,51299900.0
2026-02-05,224.91,222.69,222.69,103509200.0
2026-02-06,202.7,210.32,210.32,179021600.0
2026-02-09,208.97,208.72,208.72,91178400.0
2026-02-10,208.8,206.96,206.96,67175000.0
2026-02-11,208.06,204.08,204.08,65422300.0
2026-02-12,203.96,199.6,199.6,83975400.0
2026-02-13,198.88,198.79,198.79,66321600.0
2026-02-17,198.13,201.15,201.15,69879200.0
2026-02-18,202.07,204.79,204.79,51003300.0
2026-02-19,203.8,204.86,204.86,35669600.0
2026-02-20,204.76,210.11,210.11,65790900.0
2026-02-23,208.1,205.27,205.27,53491300.0
2026-02-24,205.47,208.56,208.56,41061500.0
2026-02-25,210.46,209.34,209.34,21525516.0
2026-02-26,210.73,207.92,207.92,47756800.0
2026-02-27,206.83,210.0,210.0,57422800.0
2026-03-02,204.55,208.39,208.39,46001000.0
2026-03-03,203.1,208.73,208.73,43111100.0
2026-03-04,210.47,215.88,215.88,29129837.0
2026-03-05,215.98,218.94,218.94,60943400.0
2026-03-06,214.99,213.21,213.21,50910303.0
2026-03-09,210.45,213.49,213.49,54642900.0
2026-03-10,214.19,214.33,214.33,35582400.0
2026-03-11,215.71,212.65,212.65,34199300.0
2026-03-12,210.39,209.53,209.53,44349500.0
2026-03-13,209.4,207.67,207.67,35662137.0
2026-03-16,208.35,211.74,211.74,42137043.0
2026-03-17,212.82,215.2,215.2,44969900.0
2026-03-18,213.93,209.87,209.87,37846600.0
2026-03-19,207.06,208.76,208.76,36440600.0
2026-03-20,207.5,205.37,205.37,55381136.0
2026-03-23,209.79,210.14,210.14,44277400.0
2026-03-24,207.95,207.24,207.24,35272600.0
2026-03-25,211.62,211.0,211.0,16894205.0
2026-03-26,210.61,207.54,207.54,46746000.0
2026-03-27,206.46,199.34,199.34,55855900.0
2026-03-30,201.35,202.6,202.6,14195442.0
2026-03-31,204.85,208.27,208.27,58370600.0
2026-04-01,210.43,210.45,210.45,8270659.0
2026-04-02,206.54,209.77,209.77,31453000.0
2026-04-06,209.8,212.79,212.79,25385500.0
2026-04-07,211.24,213.77,213.77,28154600.0
2026-04-08,223.79,221.25,221.25,51092700.0
2026-04-09,225.23,233.65,233.65,65964200.0
2026-04-10,235.3,238.38,238.38,56912800.0
2026-04-13,237.45,239.89,239.89,42075000.0
2026-04-14,241.78,248.37,248.37,29262509.0
2026-04-15,249.25,248.5,248.5,43045200.0
2026-04-16,248.51,249.7,249.7,41895700.0
2026-04-17,254.99,250.56,250.56,52029300.0
2026-04-20,249.19,248.28,248.28,39463100.0
2026-04-21,255.09,249.91,249.91,42922400.0
2026-04-22,252.44,255.36,255.36,36065100.0
2026-04-23,255.39,255.08,255.08,39091400.0
2026-04-24,259.98,263.99,263.99,53777400.0
2026-04-27,263.46,261.12,261.12,44906800.0
2026-04-28,258.39,259.7,259.7,42204400.0
2026-04-29,257.99,263.04,263.04,72367900.0
2026-04-30,273.17,265.06,265.06,100974900.0
2026-05-01,265.58,268.26,268.26,50825200.0
2026-05-04,268.8,272.05,272.05,48990700.0
2026-05-05,276.2,273.1,273.1,26455598.0
2026-05-06,272.89,274.99,274.99,44551955.0
2026-05-07,275.02,271.17,271.17,35892879.0
2026-05-08,271.63,272.68,272.68,34732681.0
2026-05-11,269.84,268.99,268.99,38176696.0
2026-05-12,266.71,265.82,265.82,36776221.0
2026-05-13,264.43,270.13,270.13,39670915.0
2026-05-14,269.15,267.22,267.22,31338435.0
2026-05-15,262.5,264.14,264.14,40770344.0
2026-05-18,263.87,264.86,264.86,33690787.0
2026-05-19,262.04,259.34,259.34,40340697.0
2026-05-20,260.05,265.01,265.01,34493098.0
2026-05-21,263.5,268.46,268.46,36591743.0
2026-05-22,268.66,266.32,266.32,27535526.0
2026-05-26,267.94,265.29,265.29,38028118.0
2026-05-27,266.15,271.85,271.85,40061864.0
2026-05-28,272.27,274.0,274.0,40630385
2026-05-29,271.29,270.64,270.64,54749561
2026-06-01,266.285,261.26,261.26,53604380
2026-06-02,257.16,256.52,256.52,41810982
2026-06-03,254.7,250.02,250.02,51394191
2026-06-04,253.12,253.79,253.79,35609769
2026-06-05,254.255,246.03,246.03,55607844
2026-06-08,246.68,245.22,245.22,33899525
2026-06-09,247.73,244.19,244.19,44425363
2026-06-10,243.605,238.0,238.0,38590237
2026-06-11,237.93,241.51,241.51,41335399
2026-06-12,243.21,238.55,238.55,51251141
2026-06-15,245.02,246.02,246.02,41711576
2026-06-16,248.0,246.0,246.0,35187406
2026-06-17,244.9,237.5,237.5,44780767
2026-06-18,240.12,244.39,244.39,75624415
2026-06-22,240.08,232.79,232.79,68388526
2026-06-23,232.55,234.11,234.11,60492560
2026-06-24,233.845,234.27,234.27,70282581
2026-06-25,232.02,227.01,227.01,77858478
2026-06-26,227.205,232.69,232.69,248372085
2026-06-29,234.215,240.14,240.14,77619228
2026-06-30,237.35,238.34,238.34,66228262
2026-07-01,239.75,241.7,241.7,53829851
2026-07-02,241.605,242.67,242.67,48298137
2026-07-06,243.795,244.16,244.16,40044034
2026-07-07,246.975,245.98,245.98,40579603
2026-07-08,244.27,243.62,243.62,29653043
2026-07-09,239.82,247.04,247.04,38091688
2026-07-10,249.55,245.34,245.34,31653997
2026-07-13,244.68,247.31,247.31,34636091
2026-07-14,245.55,247.49,247.49,30108054
2026-07-15,249.75,254.96,254.96,45240622
2026-07-16,255.12,249.89,249.89,45343709
2026-07-17,244.46,247.23,247.23,43572361
2026-07-20,248.76,249.99,249.99,32406481
2026-07-21,249.105,247.55,247.55,27732064
2026-07-22,248.265,244.85,244.85,34112732
2026-07-23,236.26,233.66,233.66,47465337
2026-07-24,234.38,232.11,232.11,35017357
2026-07-27,235.665,231.39,231.39,34999495
2026-07-28,232.85,230.86,230.86,44521597
2026-07-29,229.315,226.65,226.65,44957524
2026-07-30,233.35,235.5,235.5,101839774
2026-07-31,265.0,271.58,271.58,129054771
2026-08-03,278.29,284.02,284.02,90830221
2026-08-04,276.06,277.42,277.42,69748055
2026-08-05,281.59,272.65,272.65,45119804
2026-08-06,272.765,272.26,272.26,30672901
2026-08-07,272.87,274.48,274.48,33861436
2026-08-10,274.01,278.09,278.09,35731907
2026-08-11,278.69,272.27,272.27,31895708
2026-08-12,273.18,267.28,267.28,29941093
2026-08-13,267.235,265.13,265.13,32170151
2026-08-14,264.875,262.65,262.65,27251660
2026-08-17,265.44,261.31,261.31,43896516
2026-08-18,260.63,259.45,259.45,33171263
2026-08-19,260.845,265.84,265.84,35762439
2026-08-20,263.16,260.11,260.11,28374098
2026-08-21,260.74,258.63,258.63,35722956
2026-08-24,259.6,262.07,262.07,28070483
2026-08-25,262.51,261.06,261.06,25550214
2026-08-26,261.275,260.28,260.28,21528373
2026-08-27,259.23,256.26,256.26,35927807
2026-08-28,258.32,266.43,266.43,49547427
