date,open_price_usd,close_price_usd,adj_close_price_usd,total_volume_usd
2015-01-02,98.0953,97.493,97.493,12303400
2015-01-05,96.7025,95.0463,95.0463,18337000
2015-01-06,95.2816,97.2295,97.2295,15720400
2015-01-07,98.4247,96.1097,96.1097,11052200
2015-01-08,96.8813,98.8387,98.8387,12942100
2015-01-09,99.0363,96.9472,96.9472,10222200
2015-01-12,97.1166,95.6298,95.6298,7997200
2015-01-13,96.5426,94.8298,94.8298,11294400
2015-01-14,93.4277,93.71,93.71,17808000
2015-01-15,93.7947,90.6328,90.6328,18260100
2015-01-16,90.4257,91.1786,91.1786,13327900
2015-01-20,92.5055,94.1429,94.1429,12105600
2015-01-21,94.811,97.2013,97.2013,15186900
2015-01-22,98.4341,97.8695,97.8695,11433000
2015-01-23,97.8883,97.0319,97.0319,9873800
2015-01-26,98.2459,97.86,97.86,10664900
2015-01-27,96.8249,96.8719,96.8719,15659900
2015-01-28,94.3876,92.6466,92.6466,42144700
2015-01-29,85.1935,84.5159,84.5159,76561400
2015-01-30,84.3183,83.829,83.829,36806900
2015-02-02,85.7581,84.8171,84.8171,18865300
2015-02-03,86.2475,85.2688,85.2688,13512300
2015-02-04,85.6264,84.6947,84.6947,14643600
2015-02-05,84.2995,81.8716,81.8716,28926200
2015-02-06,81.9751,80.6294,80.6294,17632100
2015-02-09,80.7705,80.9305,80.9305,12109500
2015-02-10,81.881,82.1162,82.1162,12043300
2015-02-11,82.4174,80.9305,80.9305,12391900
2015-02-12,80.5541,81.9657,81.9657,15177800
2015-02-13,83.0008,83.8007,83.8007,14665200
2015-02-17,83.5466,81.7304,81.7304,15191700
2015-02-18,81.9657,81.6269,81.6269,7422300
2015-02-19,81.6927,81.768,81.768,7604100
2015-02-20,82.1068,81.5328,81.5328,7821700
2015-02-23,81.4105,80.4318,80.4318,9367900
2015-02-24,80.4882,79.6977,79.6977,15846400
2015-02-25,79.406,81.1093,81.1093,13645700
2015-02-26,81.7963,80.3376,80.3376,8763300
2015-02-27,80.8835,80.1024,80.1024,8377200
2015-03-02,79.9895,79.0484,79.0484,11213400
2015-03-03,78.0603,76.771,76.771,39246100
2015-03-04,75.5383,80.4506,80.4506,36607200
2015-03-05,80.6952,81.0246,81.0246,18514800
2015-03-06,80.6858,79.4248,79.4248,10673700
2015-03-09,79.3778,77.6651,77.6651,17616500
2015-03-10,76.3099,78.0791,78.0791,13817000
2015-03-11,78.1074,77.1569,77.1569,12768700
2015-03-12,77.2604,77.091,77.091,11232000
2015-03-13,76.9781,77.0346,77.0346,12663300
2015-03-16,77.1757,79.0484,79.0484,16905700
2015-03-17,79.0578,79.5189,79.5189,17639000
2015-03-18,78.9261,79.6036,79.6036,35663000
2015-03-19,80.093,80.6858,80.6858,30454700
2015-03-20,81.2411,80.1777,80.1777,21181500
2015-03-23,80.2247,79.2837,79.2837,11184000
2015-03-24,79.3778,78.7002,78.7002,14545100
2015-03-25,78.9919,78.8131,78.8131,13507200
2015-03-26,78.2956,79.2084,79.2084,12208000
2015-03-27,79.7824,79.5942,79.5942,9703800
2015-03-30,80.0177,78.9543,78.9543,10020500
2015-03-31,78.7096,78.3332,78.3332,11812900
2015-04-01,78.4555,77.5051,77.5051,14896400
2015-04-02,77.9944,77.4298,77.4298,19868200
2015-04-06,77.2134,76.9969,76.9969,12810500
2015-04-07,77.1098,77.3639,77.3639,9443000
2015-04-08,78.3897,80.3565,80.3565,26161500
2015-04-09,81.8998,81.0623,81.0623,27800400
2015-04-10,81.5704,79.5942,79.5942,18300300
2015-04-13,80.14,79.3119,79.3119,15797100
2015-04-14,79.6413,79.9895,79.9895,11819000
2015-04-15,80.0647,79.6789,79.6789,12225800
2015-04-16,80.1306,79.1049,79.1049,12048600
2015-04-17,78.1826,77.0722,77.0722,22791800
2015-04-20,77.4016,77.3545,77.3545,13471000
2015-04-21,77.9756,77.5615,77.5615,10056000
2015-04-22,77.9003,77.2134,77.2134,13316900
2015-04-23,77.0534,77.4298,77.4298,11483300
2015-04-24,77.9944,79.5848,79.5848,21058400
2015-04-27,80.4882,79.8954,79.8954,17434200
2015-04-28,80.4976,80.0647,80.0647,11110500
2015-04-29,79.1049,77.5898,77.5898,21098000
2015-04-30,77.3733,76.4981,76.4981,14209700
2015-05-01,76.2535,76.3852,76.3852,17910500
2015-05-04,76.3852,75.8394,75.8394,21551500
2015-05-05,75.6983,74.8513,74.8513,32661900
2015-05-06,74.9548,75.2842,75.2842,24953500
2015-05-07,83.5937,80.9305,80.9305,69448800
2015-05-08,82.6432,81.928,81.928,30140600
2015-05-11,81.5892,81.6081,81.6081,19776900
2015-05-12,81.9186,81.6551,81.6551,16077800
2015-05-13,81.9469,82.3703,82.3703,19015900
2015-05-14,82.5679,83.189,83.189,12087900
2015-05-15,83.2926,83.2455,83.2455,13424600
2015-05-18,82.4456,81.9751,81.9751,13490200
2015-05-19,81.8621,83.0102,83.0102,20727700
2015-05-20,82.9444,85.3534,85.3534,29812300
2015-05-21,85.9651,88.346,88.346,40729400
2015-05-22,88.7224,87.7719,87.7719,22183300
2015-05-26,88.1296,87.0662,87.0662,15674900
2015-05-27,86.7839,87.1415,87.1415,9519300
2015-05-28,86.2851,85.5887,85.5887,14213000
2015-05-29,85.9651,84.0548,84.0548,13893200
2015-06-01,84.7794,85.4287,85.4287,9905900
2015-06-02,85.2123,85.1747,85.1747,9865300
2015-06-03,85.1747,85.4382,85.4382,9428000
2015-06-04,85.3629,85.2499,85.2499,8689000
2015-06-05,85.1276,85.3629,85.3629,11353900
2015-06-08,85.3064,83.0855,83.0855,15603000
2015-06-09,82.8503,82.4174,82.4174,16081800
2015-06-10,82.5303,83.6596,83.6596,12551300
2015-06-11,83.7819,82.0692,82.0692,13716200
2015-06-12,82.2668,81.5234,81.5234,9977100
2015-06-15,81.2128,81.0434,81.0434,10230400
2015-06-16,80.9333,81.0152,81.0152,10974200
2015-06-17,81.4763,81.6834,81.6834,10241500
2015-06-18,81.8433,81.6363,81.6363,11737200
2015-06-19,81.4105,80.6858,80.6858,10317000
2015-06-22,80.9964,80.6294,80.6294,7154200
2015-06-23,80.9117,80.0647,80.0647,11411300
2015-06-24,80.1429,80.1494,80.1494,9434300
2015-06-25,80.4318,80.2153,80.2153,8949800
2015-06-26,79.6413,78.3708,78.3708,12668600
2015-06-29,78.3709,76.2911,76.2911,15199800
2015-06-30,77.7121,77.4204,77.4204,12551400
2015-07-01,77.7309,77.5992,77.5992,5950000
2015-07-02,77.2792,77.2322,77.2322,6760200
2015-07-06,75.8112,75.5006,75.5006,11864200
2015-07-07,74.7666,74.9266,74.9266,34221700
2015-07-08,72.0658,73.3456,73.3456,22714900
2015-07-09,76.1594,74.3808,74.3808,19778700
2015-07-10,76.3476,75.5665,75.5665,11224500
2015-07-13,76.15,77.0346,77.0346,10350500
2015-07-14,76.7711,76.6958,76.6958,7519300
2015-07-15,76.1311,75.9712,75.9712,9514200
2015-07-16,76.5923,76.724,76.724,8604500
2015-07-17,77.1569,78.4461,78.4461,14505400
2015-07-20,78.6343,77.7968,77.7968,8126100
2015-07-21,78.2109,77.6745,77.6745,5750700
2015-07-22,77.3169,79.1896,79.1896,11209200
2015-07-23,79.6695,78.9355,78.9355,7452300
2015-07-24,80.1494,78.1262,78.1262,8759900
2015-07-27,76.0841,76.6017,76.6017,12185700
2015-07-28,75.9147,75.8112,75.8112,12122800
2015-07-29,76.2064,75.5289,75.5289,7177100
2015-07-30,75.3877,75.2466,75.2466,6934700
2015-07-31,75.143,73.722,73.722,12687000
2015-08-03,73.5903,73.3927,73.3927,9277000
2015-08-04,73.468,74.2208,74.2208,8501200
2015-08-05,74.8984,75.1148,75.1148,7502600
2015-08-06,75.143,74.3055,74.3055,9297800
2015-08-07,74.9548,74.1738,74.1738,8738800
2015-08-10,75.1525,75.7265,75.7265,11276700
2015-08-11,74.7958,72.781,72.781,22976600
2015-08-12,68.0569,69.0544,69.0544,41093200
2015-08-13,69.6379,70.6824,70.6824,23230700
2015-08-14,70.1366,70.3531,70.3531,12367300
2015-08-17,70.4378,70.7577,70.7577,12677400
2015-08-18,69.6849,69.5249,69.5249,11155100
2015-08-19,68.838,68.8098,68.8098,18179400
2015-08-20,67.737,66.1748,66.1748,20995600
2015-08-21,65.2337,64.1609,64.1609,29128600
2015-08-24,54.7316,61.9213,61.9213,31376400
2015-08-25,64.782,64.528,64.528,29948400
2015-08-26,64.8856,64.6127,64.6127,26389200
2015-08-27,66.6642,66.6642,66.6642,18123800
2015-08-28,65.5725,65.9395,65.9395,10604600
2015-08-31,65.102,62.2224,62.2224,18479900
2015-09-01,60.585,61.0084,61.0084,23460900
2015-09-02,61.8177,61.6766,61.6766,13376300
2015-09-03,61.941,62.5518,62.5518,15803200
2015-09-04,61.5495,60.1427,60.1427,18186400
2015-09-08,61.9024,57.3195,57.3195,50328400
2015-09-09,59.0322,60.265,60.265,33147900
2015-09-10,59.7756,60.0674,60.0674,13281600
2015-09-11,59.6345,60.8202,60.8202,17747000
2015-09-14,58.8628,58.9099,58.9099,26763300
2015-09-15,57.8277,61.0272,61.0272,29035000
2015-09-16,61.7425,63.267,63.267,25801000
2015-09-17,62.4953,62.1095,62.1095,16594600
2015-09-18,61.5448,61.8742,61.8742,20127300
2015-09-21,61.526,60.1333,60.1333,22355100
2015-09-22,59.2298,58.2511,58.2511,14897900
2015-09-23,58.3076,56.4631,56.4631,22684600
2015-09-24,55.9173,56.3879,56.3879,20645700
2015-09-25,57.056,55.7479,55.7479,17009100
2015-09-28,55.3433,54.007,54.007,20661600
2015-09-29,53.9223,54.4117,54.4117,16771000
2015-09-30,55.3998,55.4939,55.4939,16767100
2015-10-01,55.9926,55.3998,55.3998,8147700
2015-10-02,54.9198,59.4745,59.4745,22356300
2015-10-05,59.7286,60.1615,60.1615,13583500
2015-10-06,59.9639,60.1521,60.1521,9620900
2015-10-07,61.0178,62.373,62.373,15770100
2015-10-08,62.1471,63.7092,63.7092,18667500
2015-10-09,63.7092,64.6597,64.6597,14762900
2015-10-12,65.5349,66.156,66.156,15549100
2015-10-13,65.3937,65.5725,65.5725,13052800
2015-10-14,65.4031,64.4997,64.4997,12286100
2015-10-15,65.2526,67.5487,67.5487,18203000
2015-10-16,68.2263,67.7464,67.7464,15953500
2015-10-19,67.5676,68.3675,68.3675,10886900
2015-10-20,68.6874,67.5582,67.5582,11093400
2015-10-21,67.5582,65.3843,65.3843,16800200
2015-10-22,66.0242,66.8053,66.8053,10811400
2015-10-23,69.6191,71.1624,71.1624,22510800
2015-10-26,70.993,71.8494,71.8494,24819700
2015-10-27,71.8494,74.7572,74.7572,50815800
2015-10-28,74.7948,77.4957,77.4957,25027100
2015-10-29,77.1381,77.3733,77.3733,16431700
2015-10-30,77.825,78.8884,78.8884,20740500
2015-11-02,78.5967,79.3778,79.3778,13827400
2015-11-03,79.0484,78.5214,78.5214,11641300
2015-11-04,79.4719,80.3659,80.3659,23728500
2015-11-05,80.1965,80.3471,80.3471,20657200
2015-11-06,80.4882,78.6814,78.6814,38531000
2015-11-09,78.5214,76.5828,76.5828,19091500
2015-11-10,76.3193,76.6299,76.6299,22004400
2015-11-11,77.4298,75.143,75.143,29636600
2015-11-12,74.3337,74.1173,74.1173,18839800
2015-11-13,72.6022,71.3788,71.3788,24235500
2015-11-16,71.36,73.6844,73.6844,17045500
2015-11-17,74.249,73.5244,73.5244,12471400
2015-11-18,73.6373,73.1104,73.1104,16735400
2015-11-19,73.4585,73.2798,73.2798,15692700
2015-11-20,73.8162,75.2371,75.2371,21025800
2015-11-23,75.7077,76.517,76.517,18766400
2015-11-24,76.0841,76.0935,76.0935,15283600
2015-11-25,76.1405,76.8934,76.8934,16330900
2015-11-27,75.8206,76.5828,76.5828,12599900
2015-11-30,76.6958,79.1237,79.1237,97914100
2015-12-01,78.832,79.0484,79.0484,26235500
2015-12-02,79.3025,79.9895,79.9895,36611500
2015-12-03,80.0365,77.7215,77.7215,23029200
2015-12-04,77.7121,79.8483,79.8483,15555000
2015-12-07,79.8012,79.7636,79.7636,11875500
2015-12-08,77.8909,79.406,79.406,14667400
2015-12-09,79.3966,78.5026,78.5026,21919200
2015-12-10,78.4273,79.3589,79.3589,10474700
2015-12-11,77.9662,75.0395,75.0395,20793600
2015-12-14,75.4254,75.8206,75.8206,12077700
2015-12-15,76.2817,77.6274,77.6274,13054800
2015-12-16,78.3897,79.6413,79.6413,16575600
2015-12-17,79.9895,78.6343,78.6343,13003000
2015-12-18,78.2956,77.778,77.778,12168700
2015-12-21,78.2485,77.985,77.985,8094600
2015-12-22,78.0038,79.8389,79.8389,12778200
2015-12-23,80.0365,79.8012,79.8012,11238500
2015-12-24,79.5754,78.7755,78.7755,3775300
2015-12-28,77.6933,77.298,77.298,9319400
2015-12-29,77.6368,78.352,78.352,6942700
2015-12-30,78.0603,76.8652,76.8652,6984300
2015-12-31,76.677,76.4793,76.4793,6744500
2016-01-04,73.5715,72.1693,72.1693,23066300
2016-01-05,73.3268,73.9949,73.9949,14258900
2016-01-06,72.574,72.7716,72.7716,11569300
2016-01-07,68.9697,68.4333,68.4333,27288100
2016-01-08,69.9484,66.6265,66.6265,20814600
2016-01-11,67.0876,65.7984,65.7984,16961400
2016-01-12,67.2382,68.3957,68.3957,13456000
2016-01-13,68.4804,66.1466,66.1466,12480200
2016-01-14,66.1466,67.991,67.991,17719600
2016-01-15,64.6503,65.4878,65.4878,20722500
2016-01-19,67.6993,65.996,65.996,17421700
2016-01-20,64.0151,64.6597,64.6597,19464400
2016-01-21,64.7256,66.5512,66.5512,16576500
2016-01-22,68.2357,66.2219,66.2219,15834700
2016-01-25,66.6265,65.6102,65.6102,14782800
2016-01-26,64.942,65.6572,65.6572,11473300
2016-01-27,65.836,65.4408,65.4408,18257600
2016-01-28,68.2734,62.9752,62.9752,33165100
2016-01-29,63.9728,63.0788,63.0788,25594700
2016-02-01,62.58,63.0788,63.0788,16213800
2016-02-02,63.0976,61.2531,61.2531,19150800
2016-02-03,61.733,59.7004,59.7004,31918600
2016-02-04,60.5379,61.0367,61.0367,22911500
2016-02-05,60.8955,58.9475,58.9475,12842800
2016-02-08,57.3101,57.4983,57.4983,16157900
2016-02-09,56.5667,57.7712,57.7712,12738300
2016-02-10,58.2511,58.1382,58.1382,8998600
2016-02-11,56.6984,56.9995,56.9995,15008500
2016-02-12,57.6583,57.3007,57.3007,13669600
2016-02-16,60.6226,62.3824,62.3824,21735400
2016-02-17,63.3328,62.4671,62.4671,14457100
2016-02-18,63.0505,62.5988,62.5988,14547800
2016-02-19,62.8623,63.314,63.314,12334900
2016-02-22,64.2739,64.782,64.782,13405400
2016-02-23,64.4621,63.0223,63.0223,12930600
2016-02-24,62.2694,63.267,63.267,10781500
2016-02-25,61.7989,62.7306,62.7306,14686100
2016-02-26,64.0763,62.9658,62.9658,12084100
2016-02-29,63.6528,64.7538,64.7538,17984200
2016-03-01,65.8925,66.683,66.683,14007700
2016-03-02,67.7934,67.05,67.05,10503000
2016-03-03,67.1065,66.8335,66.8335,11596400
2016-03-04,66.7771,67.9628,67.9628,10763600
2016-03-07,67.944,68.5933,68.5933,11244500
2016-03-08,68.1322,66.8806,66.8806,8670700
2016-03-09,67.3699,68.1604,68.1604,7283400
2016-03-10,68.2263,67.7275,67.7275,11247900
2016-03-11,68.3016,69.6473,69.6473,11219200
2016-03-14,69.6473,69.0262,69.0262,11069800
2016-03-15,68.3392,67.9722,67.9722,8373700
2016-03-16,67.7652,69.1674,69.1674,7701200
2016-03-17,69.412,69.8731,69.8731,9423900
2016-03-18,70.5507,71.7552,71.7552,13350100
2016-03-21,72.5457,73.5056,73.5056,15493300
2016-03-22,72.461,73.5715,73.5715,9148400
2016-03-23,73.5527,72.047,72.047,10806800
2016-03-24,70.7201,71.3882,71.3882,8833400
2016-03-28,71.9435,71.9717,71.9717,6082100
2016-03-29,71.1436,73.4774,73.4774,12535000
2016-03-30,74.3525,74.2114,74.2114,10696000
2016-03-31,73.8726,74.3714,74.3714,11318500
2016-04-01,73.6279,74.0891,74.0891,9262200
2016-04-04,73.7126,74.4184,74.4184,9817300
2016-04-05,73.5903,72.7622,72.7622,9603900
2016-04-06,72.7434,74.042,74.042,9071900
2016-04-07,73.0257,73.0351,73.0351,10937900
2016-04-08,73.6562,72.9033,72.9033,8401200
2016-04-11,73.468,73.1292,73.1292,7896500
2016-04-12,73.4021,73.2703,73.2703,7115400
2016-04-13,74.0985,74.9454,74.9454,14150900
2016-04-14,74.6349,74.9172,74.9172,12611500
2016-04-15,74.7666,74.3149,74.3149,11709100
2016-04-18,73.8914,74.3526,74.3526,7767000
2016-04-19,74.5313,74.776,74.776,14742000
2016-04-20,74.3431,76.4229,76.4229,14911900
2016-04-21,76.3005,76.0182,76.0182,8819000
2016-04-22,75.3971,75.1807,75.1807,8649300
2016-04-25,75.096,74.1926,74.1926,9207600
2016-04-26,74.202,73.9761,73.9761,9632700
2016-04-27,73.6844,73.0727,73.0727,11491900
2016-04-28,73.0727,71.8964,71.8964,9959900
2016-04-29,72.2822,72.4046,72.4046,10124300
2016-05-02,72.3575,72.094,72.094,7718100
2016-05-03,71.4823,71.4353,71.4353,8019200
2016-05-04,71.1812,71.3506,71.3506,14326600
2016-05-05,74.8325,74.1832,74.1832,27950900
2016-05-06,73.7315,74.5313,74.5313,12862100
2016-05-09,74.2867,74.729,74.729,11795800
2016-05-10,75.0866,75.0207,75.0207,9319700
2016-05-11,74.7478,75.096,75.096,11072500
2016-05-12,75.2936,74.4937,74.4937,8791400
2016-05-13,74.1785,72.6116,72.6116,10078000
2016-05-16,73.2703,74.6161,74.6161,11661000
2016-05-17,75.1242,74.6725,74.6725,10970700
2016-05-18,74.0702,74.3714,74.3714,9085800
2016-05-19,74.0138,73.7032,73.7032,8317500
2016-05-20,73.7032,74.1455,74.1455,11043900
2016-05-23,74.2961,74.3431,74.3431,7187500
2016-05-24,74.5031,76.3382,76.3382,16707700
2016-05-25,73.9008,71.1341,71.1341,49606600
2016-05-26,71.1341,73.7315,73.7315,26968600
2016-05-27,73.8632,76.197,76.197,24552900
2016-05-31,76.2252,77.1663,77.1663,78861400
2016-06-01,77.1663,72.1693,72.1693,62531500
2016-06-02,72.1317,72.7433,72.7433,45379500
2016-06-03,72.6869,72.1034,72.1034,23685700
2016-06-06,72.5646,73.4585,73.4585,19166100
2016-06-07,73.5809,73.2515,73.2515,12878000
2016-06-08,73.4021,73.0633,73.0633,11614100
2016-06-09,72.828,72.988,72.988,8994400
2016-06-10,71.9246,71.4447,71.4447,10421100
2016-06-13,70.8142,71.0024,71.0024,11300800
2016-06-14,72.3575,73.1856,73.1856,22358900
2016-06-15,73.6938,73.7691,73.7691,14734800
2016-06-16,73.2515,73.6562,73.6562,13570700
2016-06-17,73.8256,72.461,72.461,15582600
2016-06-20,73.308,73.5433,73.5433,9625600
2016-06-21,74.1079,73.9855,73.9855,8881800
2016-06-22,74.3808,74.0891,74.0891,8170900
2016-06-23,74.4937,74.4749,74.4749,8279500
2016-06-24,72.3011,71.7929,71.7929,18224800
2016-06-27,71.3318,69.8543,69.8543,15131300
2016-06-28,71.0495,71.7835,71.7835,11266200
2016-06-29,72.4422,73.4397,73.4397,11460000
2016-06-30,73.6938,74.8419,74.8419,12485300
2016-07-01,74.4561,74.9548,74.9548,7271300
2016-07-05,74.3808,74.3149,74.3149,6845200
2016-07-06,73.8444,74.0044,74.0044,7737600
2016-07-07,74.3431,74.6725,74.6725,6819200
2016-07-08,73.8162,74.3337,74.3337,14029100
2016-07-11,74.6537,76.6581,76.6581,17417500
2016-07-12,76.9687,76.9216,76.9216,15294100
2016-07-13,77.0063,75.8206,75.8206,10739200
2016-07-14,76.3946,76.9216,76.9216,9361500
2016-07-15,76.9593,76.4605,76.4605,8919900
2016-07-18,75.8488,77.778,77.778,12113600
2016-07-19,77.618,77.8909,77.8909,9799400
2016-07-20,78.3614,79.4436,79.4436,13991000
2016-07-21,79.7166,79.2178,79.2178,10163500
2016-07-22,79.0484,79.5095,79.5095,5988400
2016-07-25,79.4907,78.2862,78.2862,13185900
2016-07-26,77.9756,78.6626,78.6626,7714700
2016-07-27,78.672,78.2015,78.2015,11629000
2016-07-28,78.5402,78.2203,78.2203,7476500
2016-07-29,78.4555,77.618,77.618,8709300
2016-08-01,77.9097,79.3684,79.3684,13401200
2016-08-02,79.3684,78.8602,78.8602,7691600
2016-08-03,78.3897,78.7379,78.7379,5365800
2016-08-04,78.8131,79.7542,79.7542,10731600
2016-08-05,79.9989,79.6036,79.6036,9401700
2016-08-08,79.98,79.9895,79.9895,11528200
2016-08-09,80.0365,80.2153,80.2153,15349200
2016-08-10,80.9399,82.1821,82.1821,28195900
2016-08-11,86.7086,86.3604,86.3604,54169200
2016-08-12,87.4991,92.4584,92.4584,71968300
2016-08-15,92.4866,91.4421,91.4421,33813400
2016-08-16,90.4822,90.9621,90.9621,27514000
2016-08-17,90.501,91.2821,91.2821,14980900
2016-08-18,91.5173,91.2821,91.2821,15009000
2016-08-19,91.1974,91.1503,91.1503,14267100
2016-08-22,90.7833,90.0117,90.0117,16222900
2016-08-23,89.9552,90.1434,90.1434,9646800
2016-08-24,90.0399,88.346,88.346,12726600
2016-08-25,88.2237,88.4025,88.4025,13039900
2016-08-26,88.6001,89.4564,89.4564,14133900
2016-08-29,89.0236,89.287,89.287,8818300
2016-08-30,89.7293,90.341,90.341,13994200
2016-08-31,90.4728,91.4609,91.4609,28617000
2016-09-01,91.5644,91.6773,91.6773,13387400
2016-09-02,92.1949,93.3995,93.3995,17482600
2016-09-06,94.5287,97.6624,97.6624,32803800
2016-09-07,97.7189,96.2885,96.2885,15758800
2016-09-08,95.9215,96.5237,96.5237,15475500
2016-09-09,95.7991,93.7476,93.7476,21250400
2016-09-12,91.6397,94.8581,94.8581,17318200
2016-09-13,94.4628,94.3687,94.3687,20004900
2016-09-14,94.1805,96.3638,96.3638,19604700
2016-09-15,96.5708,98.2929,98.2929,20795900
2016-09-16,97.8695,98.4717,98.4717,20363500
2016-09-19,98.9611,96.9566,96.9566,15234600
2016-09-20,96.8719,95.3851,95.3851,12863800
2016-09-21,96.4202,99.7516,99.7516,22997100
2016-09-22,101.229,102.9135,102.9135,35627700
2016-09-23,101.8689,101.3608,101.3608,23083000
2016-09-26,100.2409,99.648,99.648,16805300
2016-09-27,100.2409,101.8783,101.8783,17556700
2016-09-28,102.0477,102.3395,102.3395,16371600
2016-09-29,100.2315,99.3281,99.3281,30236700
2016-09-30,100.2221,99.5539,99.5539,15577500
2016-10-03,99.234,99.1681,99.1681,10849500
2016-10-04,99.6857,99.234,99.234,11068800
2016-10-05,99.6292,100.655,100.655,13176500
2016-10-06,100.9749,100.7679,100.7679,9885600
2016-10-07,100.5891,99.7516,99.7516,8954400
2016-10-10,100.495,102.0195,102.0195,11516600
2016-10-11,101.5302,99.027,99.027,14916600
2016-10-12,98.8576,97.5119,97.5119,18435000
2016-10-13,96.0438,96.1285,96.1285,22390000
2016-10-14,98.1235,95.8462,95.8462,12789500
2016-10-17,95.5168,96.7778,96.7778,10351700
2016-10-18,98.3118,97.2484,97.2484,11107200
2016-10-19,98.18,97.8036,97.8036,8918900
2016-10-20,98.0577,97.7283,97.7283,7109800
2016-10-21,97.5871,97.813,97.813,8073100
2016-10-24,98.7917,98.34,98.34,10898800
2016-10-25,98.6788,98.0765,98.0765,8985700
2016-10-26,97.5683,96.7214,96.7214,7579800
2016-10-27,97.286,96.3449,96.3449,8807100
2016-10-28,96.3167,95.9215,95.9215,8479500
2016-10-31,96.599,95.6956,95.6956,15837900
2016-11-01,94.5099,95.1875,95.1875,21287300
2016-11-02,97.7283,92.7031,92.7031,36939900
2016-11-03,92.2608,91.9879,91.9879,17412600
2016-11-04,91.188,91.8185,91.8185,9048500
2016-11-07,94.1711,93.4936,93.4936,11198300
2016-11-08,93.5312,93.9641,93.9641,8091100
2016-11-09,91.6397,90.9715,90.9715,20948000
2016-11-10,92.5431,88.7789,88.7789,27346700
2016-11-11,88.3272,87.5085,87.5085,23725800
2016-11-14,87.0012,84.4783,84.4783,27356200
2016-11-15,85.6358,85.6358,85.6358,16723000
2016-11-16,86.0028,87.3861,87.3861,14079700
2016-11-17,89.1271,88.5248,88.5248,10380200
2016-11-18,89.2588,87.8849,87.8849,10032600
2016-11-21,88.506,87.9037,87.9037,8960000
2016-11-22,88.6848,87.7155,87.7155,10403600
2016-11-23,87.0756,87.5461,87.5461,11721700
2016-11-25,88.0355,87.5273,87.5273,4868500
2016-11-28,87.5367,88.2331,88.2331,14340100
2016-11-29,88.1484,89.3906,89.3906,14146900
2016-11-30,89.6635,88.4777,88.4777,11447700
2016-12-01,88.4589,84.563,84.563,24030700
2016-12-02,85.0523,85.1464,85.1464,11718800
2016-12-05,84.7418,85.6264,85.6264,8902600
2016-12-06,86.1628,85.0711,85.0711,7787800
2016-12-07,85.1841,85.7016,85.7016,13240000
2016-12-08,86.3886,86.8685,86.8685,10919500
2016-12-09,87.0568,87.7814,87.7814,9177600
2016-12-12,86.6239,87.0191,87.0191,9355900
2016-12-13,87.3297,86.7274,86.7274,10491300
2016-12-14,86.4168,85.8146,85.8146,9153700
2016-12-15,84.6947,83.6125,83.6125,19215500
2016-12-16,83.7537,83.4431,83.4431,11341500
2016-12-19,83.3867,83.6878,83.6878,10226300
2016-12-20,83.9325,84.5441,84.5441,8434700
2016-12-21,84.6571,83.9889,83.9889,9044900
2016-12-22,82.7091,81.6834,81.6834,14404500
2016-12-23,81.514,81.6739,81.6739,6344000
2016-12-27,81.6081,82.3797,82.3797,5228000
2016-12-28,83.0949,82.2198,82.2198,6421100
2016-12-29,82.6432,82.1821,82.1821,5467100
2016-12-30,82.408,82.6338,82.6338,7211100
2017-01-03,83.7537,83.3772,83.3772,8789400
2017-01-04,83.7395,85.1747,85.1747,11490200
2017-01-05,86.4921,88.8071,88.8071,16821500
2017-01-06,88.8354,88.3554,88.3554,7639800
2017-01-09,88.6095,89.1365,89.1365,10829500
2017-01-10,90.7175,91.0468,91.0468,14780600
2017-01-11,91.2068,91.2256,91.2256,8735900
2017-01-12,91.1409,90.2469,90.2469,8424700
2017-01-13,90.294,90.5951,90.5951,10701100
2017-01-17,90.6422,90.454,90.454,6342400
2017-01-18,90.5951,90.341,90.341,6610700
2017-01-19,90.7363,90.501,90.501,7090000
2017-01-20,90.7645,90.3975,90.3975,9685800
2017-01-23,90.7927,92.609,92.609,14090300
2017-01-24,97.0696,95.451,95.451,37181500
2017-01-25,96.4202,97.9259,97.9259,23322800
2017-01-26,97.7942,96.6931,96.6931,12504800
2017-01-27,96.2226,96.0532,96.0532,8031000
2017-01-30,95.2345,95.0651,95.0651,8619800
2017-01-31,94.3311,95.338,95.338,7530000
2017-02-01,96.0532,95.5827,95.5827,5736400
2017-02-02,95.3098,94.8957,94.8957,5371600
2017-02-03,95.5168,94.4723,94.4723,6197600
2017-02-06,94.2652,94.9522,94.9522,6866700
2017-02-07,95.0839,94.8863,94.8863,5655600
2017-02-08,95.5639,97.4648,97.4648,10178500
2017-02-09,97.4648,97.2484,97.2484,8435800
2017-02-10,97.7565,96.3261,96.3261,7680300
2017-02-13,96.759,97.0225,97.0225,9729000
2017-02-14,97.0602,95.6015,95.6015,10240700
2017-02-15,96.0438,95.5639,95.5639,12384400
2017-02-16,95.8556,94.8769,94.8769,7464000
2017-02-17,94.7546,94.5946,94.5946,8258200
2017-02-21,95.0745,96.1003,96.1003,8189600
2017-02-22,96.4391,98.0577,98.0577,15779400
2017-02-23,98.547,96.4202,96.4202,10095600
2017-02-24,95.4133,96.8813,96.8813,7356600
2017-02-27,96.4579,97.493,97.493,6865900
2017-02-28,97.7659,96.8343,96.8343,8017500
2017-03-01,97.5683,97.9071,97.9071,10331800
2017-03-02,97.6813,97.1072,97.1072,7983000
2017-03-03,96.919,97.2201,97.2201,6320900
2017-03-06,96.7025,96.2791,96.2791,6290700
2017-03-07,96.2697,96.5802,96.5802,4985200
2017-03-08,96.5802,97.1354,97.1354,7066700
2017-03-09,96.9002,97.1542,97.1542,4523600
2017-03-10,97.3331,97.2954,97.2954,4120700
2017-03-13,97.4177,98.9799,98.9799,16118900
2017-03-14,98.4435,98.1047,98.1047,7748400
2017-03-15,98.2176,97.5777,97.5777,11695200
2017-03-16,99.0458,99.4034,99.4034,12445200
2017-03-17,98.9705,99.3845,99.3845,8778900
2017-03-20,99.968,100.9279,100.9279,12447900
2017-03-21,102.0665,98.8952,98.8952,13877700
2017-03-22,98.4717,99.8363,99.8363,7153000
2017-03-23,100.6456,101.8689,101.8689,13410800
2017-03-24,102.0101,101.6713,101.6713,7578400
2017-03-27,100.3632,101.709,101.709,7709400
2017-03-28,101.8501,101.4454,101.4454,6472000
2017-03-29,101.6054,103.0546,103.0546,8788700
2017-03-30,103.2607,102.4336,102.4336,10592500
2017-03-31,102.1042,101.4737,101.4737,9002800
2017-04-03,102.4336,101.7184,101.7184,8391400
2017-04-04,101.5113,101.182,101.182,6480100
2017-04-05,101.9724,101.1067,101.1067,8205400
2017-04-06,101.2478,101.6713,101.6713,5211100
2017-04-07,101.5207,102.5653,102.5653,8354900
2017-04-10,102.5747,105.1156,105.1156,14798600
2017-04-11,104.8332,103.9298,103.9298,10012100
2017-04-12,103.9863,104.1086,104.1086,8099800
2017-04-13,104.1933,103.7134,103.7134,6857000
2017-04-17,104.3721,105.172,105.172,7128100
2017-04-18,104.645,104.6733,104.6733,8305100
2017-04-19,105.3885,104.231,104.231,9603800
2017-04-20,104.9556,106.3013,106.3013,13773500
2017-04-21,106.1507,106.4424,106.4424,8968300
2017-04-24,107.3176,108.0893,108.0893,13386600
2017-04-25,108.7292,108.6727,108.6727,11434600
2017-04-26,108.5692,108.1928,108.1928,6678800
2017-04-27,108.221,108.6257,108.6257,9441500
2017-04-28,109.068,108.6916,108.6916,6984900
2017-05-01,108.8139,109.802,109.802,7332100
2017-05-02,110.169,111.1289,111.1289,10048200
2017-05-03,110.9971,109.6985,109.6985,10591100
2017-05-04,109.1056,109.0303,109.0303,6977800
2017-05-05,109.2091,109.1997,109.1997,7099400
2017-05-08,110.009,109.9714,109.9714,6461900
2017-05-09,111.6276,112.9263,112.9263,15219900
2017-05-10,112.9357,112.9075,112.9075,9347300
2017-05-11,113.0486,113.0769,113.0769,11375500
2017-05-12,113.0769,113.2463,113.2463,9823900
2017-05-15,113.8956,114.2438,114.2438,11125500
2017-05-16,114.7896,116.7093,116.7093,18222100
2017-05-17,115.9847,113.6039,113.6039,19834700
2017-05-18,109.4538,114.1214,114.1214,37121900
2017-05-19,116.6529,115.9565,115.9565,21101700
2017-05-22,117.6127,117.3963,117.3963,13493200
2017-05-23,117.321,115.6836,115.6836,14370100
2017-05-24,115.8153,115.5706,115.5706,8371500
2017-05-25,116.4458,116.3423,116.3423,12486500
2017-05-26,116.6246,116.6811,116.6811,7558900
2017-05-30,116.7658,116.6058,116.6058,8343400
2017-05-31,116.3517,115.2413,115.2413,11582200
2017-06-01,115.5801,116.6623,116.6623,8901400
2017-06-02,116.427,116.8128,116.8128,7342100
2017-06-05,116.7093,117.9797,117.9797,10030600
2017-06-06,117.9797,117.2739,117.2739,9257100
2017-06-07,117.7068,118.2338,118.2338,9431600
2017-06-08,134.1094,133.9494,133.9494,81381500
2017-06-09,133.9494,131.2204,131.2204,54367400
2017-06-12,130.9663,130.8816,130.8816,32177600
2017-06-13,133.5165,128.5478,128.5478,40879600
2017-06-14,129.677,128.6136,128.6136,32862000
2017-06-15,127.6444,127.1174,127.1174,30510400
2017-06-16,128.2466,126.9197,126.9197,36431300
2017-06-19,129.6864,131.2486,131.2486,24951600
2017-06-20,131.8226,130.2228,130.2228,20580500
2017-06-21,130.6369,134.8434,134.8434,30911600
2017-06-22,133.6765,133.8835,133.8835,21897600
2017-06-23,133.7236,134.5799,134.5799,11759000
2017-06-26,135.5398,134.3164,134.3164,17828100
2017-06-27,135.4174,133.1871,133.1871,17374800
2017-06-28,134.2411,135.4645,135.4645,17759800
2017-06-29,134.7211,132.5096,132.5096,24130300
2017-06-30,132.7166,132.5943,132.5943,12276700
2017-07-03,133.3942,132.679,132.679,6975700
2017-07-05,132.839,136.3303,136.3303,16995800
2017-07-06,134.5799,133.8177,133.8177,11934200
2017-07-07,134.2411,134.0341,134.0341,8046200
2017-07-10,134.5705,135.3327,135.3327,10351500
2017-07-11,135.7844,137.2148,137.2148,13519900
2017-07-12,138.6923,140.2168,140.2168,14955800
2017-07-13,140.7062,140.7062,140.7062,11683400
2017-07-14,141.2708,142.88,142.88,11469400
2017-07-17,144.4798,142.3154,142.3154,15342700
2017-07-18,142.1742,144.6868,144.6868,15313000
2017-07-19,145.9949,144.1222,144.1222,16896100
2017-07-20,144.8844,143.1435,143.1435,16739800
2017-07-21,142.8423,142.9364,142.9364,11452700
2017-07-24,143.7646,143.2846,143.2846,10649100
2017-07-25,143.3788,143.454,143.454,8460300
2017-07-26,143.5387,146.6066,146.6066,14466300
2017-07-27,148.5451,145.0632,145.0632,26058500
2017-07-28,144.8844,148.2722,148.2722,14449400
2017-07-31,149.5332,145.8161,145.8161,17782400
2017-08-01,147.0394,145.609,145.609,12035300
2017-08-02,146.3054,142.9553,142.9553,19529300
2017-08-03,143.1341,144.2822,144.2822,12435400
2017-08-04,145.2232,144.2916,144.2916,10035600
2017-08-07,145.7032,149.4768,149.4768,15906400
2017-08-08,149.2133,148.2157,148.2157,15447100
2017-08-09,146.8512,148.2064,148.2064,11022600
2017-08-10,146.9924,142.8235,142.8235,19298900
2017-08-11,141.6378,142.7576,142.7576,22327400
2017-08-14,145.6467,145.4961,145.4961,14601800
2017-08-15,146.5595,148.451,148.451,18635700
2017-08-16,150.5684,150.0979,150.0979,21318300
2017-08-17,156.3276,154.2573,154.2573,56840300
2017-08-18,155.6124,157.6263,157.6263,31492500
2017-08-21,158.3697,159.2731,159.2731,22352300
2017-08-22,159.9977,164.176,164.176,24481900
2017-08-23,162.708,165.437,165.437,21939000
2017-08-24,166.5663,164.6842,164.6842,20795200
2017-08-25,164.496,161.6163,161.6163,24184700
2017-08-28,161.0611,158.3791,158.3791,24615900
2017-08-29,155.4148,157.5416,157.5416,19587300
2017-08-30,159.179,161.1552,161.1552,17770000
2017-08-31,162.3692,161.6163,161.6163,16486800
2017-09-01,161.8516,160.9576,160.9576,11166600
2017-09-05,159.4802,159.9036,159.9036,14943600
2017-09-06,160.1389,158.2285,158.2285,19988300
2017-09-07,159.2825,160.4306,160.4306,15141900
2017-09-08,159.9695,159.0378,159.0378,12345300
2017-09-11,161.3905,163.7996,163.7996,18257900
2017-09-12,164.5807,164.9759,164.9759,15629700
2017-09-13,165.39,168.4202,168.4202,22060700
2017-09-14,167.0744,166.6604,166.6604,22827700
2017-09-15,167.4132,166.284,166.284,26567600
2017-09-18,168.3449,169.3706,169.3706,22919800
2017-09-19,170.0388,169.4553,169.4553,14751900
2017-09-20,169.4083,167.4603,167.4603,15396700
2017-09-21,167.5544,166.9333,166.9333,14578800
2017-09-22,165.8134,167.6391,167.6391,12749700
2017-09-25,166.0769,159.5931,159.5931,34033700
2017-09-26,159.9883,157.1746,157.1746,23696200
2017-09-27,159.8283,160.9106,160.9106,19444200
2017-09-28,160.8353,160.2048,160.2048,13957000
2017-09-29,161.0235,162.5292,162.5292,13401800
2017-10-02,164.2795,163.3761,163.3761,12563400
2017-10-03,165.6817,168.0343,168.0343,16714600
2017-10-04,167.5638,168.1755,168.1755,11420600
2017-10-05,168.4484,168.3449,168.3449,11895300
2017-10-06,167.3662,168.6366,168.6366,8749300
2017-10-09,168.4202,171.3562,171.3562,15011600
2017-10-10,170.9422,172.3255,172.3255,13201300
2017-10-11,172.2126,173.803,173.803,11974400
2017-10-12,173.1913,169.8882,169.8882,15441200
2017-10-13,170.2929,167.9308,167.9308,18107700
2017-10-16,169.3894,168.9754,168.9754,12855900
2017-10-17,168.9942,164.9853,164.9853,20132200
2017-10-18,166.651,169.0224,169.0224,21736500
2017-10-19,166.5672,167.4415,167.4415,13539000
2017-10-20,168.4672,166.8674,166.8674,11953200
2017-10-23,167.3191,162.9244,162.9244,17610900
2017-10-24,163.7431,163.4608,163.4608,11946000
2017-10-25,164.3924,160.1859,160.1859,18109400
2017-10-26,160.5624,160.2801,160.2801,13527400
2017-10-27,162.9809,165.7664,165.7664,19712600
2017-10-30,167.912,170.8763,170.8763,20219700
2017-10-31,172.749,173.9912,173.9912,21256700
2017-11-01,176.8049,175.111,175.111,28594700
2017-11-02,179.7316,173.9159,173.9159,41239900
2017-11-03,175.5157,172.4102,172.4102,19697300
2017-11-06,173.2195,176.7673,176.7673,19873100
2017-11-07,178.4047,177.3978,177.3978,17781000
2017-11-08,176.899,174.9417,174.9417,13944600
2017-11-09,173.3513,174.217,174.217,19755600
2017-11-10,176.005,175.4216,175.4216,15031000
2017-11-13,175.7604,173.6618,173.6618,17139100
2017-11-14,173.436,171.0739,171.0739,14475300
2017-11-15,168.7966,170.7822,170.7822,16567000
2017-11-16,172.5043,174.4993,174.4993,18389500
2017-11-17,174.9605,174.217,174.217,13422700
2017-11-20,176.5414,176.9179,176.9179,25992300
2017-11-21,179.1293,179.6469,179.6469,19639500
2017-11-22,180.2492,178.6494,178.6494,14417600
2017-11-24,178.2259,179.9198,179.9198,9887300
2017-11-27,179.2611,176.9461,176.9461,14952800
2017-11-28,177.6989,175.6851,175.6851,13378100
2017-11-29,174.3299,169.3047,169.3047,40204100
2017-11-30,168.9471,166.6416,166.6416,25851100
2017-12-01,164.9383,164.3172,164.3172,26782300
2017-12-04,166.7545,159.5837,159.5837,35895100
2017-12-05,155.5371,159.0002,159.0002,31609900
2017-12-06,162.4539,162.4539,162.4539,23897800
2017-12-07,164.9571,164.1854,164.1854,15697900
2017-12-08,167.1027,167.1497,167.1497,23543400
2017-12-11,169.2953,168.7213,168.7213,15626200
2017-12-12,164.3454,164.3454,164.3454,22656500
2017-12-13,164.863,166.0675,166.0675,18653400
2017-12-14,162.9056,161.6258,161.6258,32830000
2017-12-15,162.6986,163.3197,163.3197,41356700
2017-12-18,164.3078,163.1503,163.1503,17023300
2017-12-19,161.8328,161.1835,161.1835,23936200
2017-12-20,161.6634,162.4633,162.4633,17121400
2017-12-21,162.6139,164.9853,164.9853,14812400
2017-12-22,165.4747,165.8981,165.8981,12524700
2017-12-26,164.2607,162.1716,162.1716,12913800
2017-12-27,162.1339,162.7738,162.7738,10152300
2017-12-28,162.8397,162.1433,162.1433,9508100
2017-12-29,162.1245,162.2657,162.2657,9704600
2018-01-02,166.0007,172.8243,172.8243,29916900
2018-01-03,174.2735,173.1536,173.1536,20121900
2018-01-04,174.9417,174.7629,174.7629,19473800
2018-01-05,176.1368,179.4587,179.4587,18168300
2018-01-08,179.2328,179.1105,179.1105,16230100
2018-01-09,179.8634,179.5528,179.5528,19495100
2018-01-10,177.012,178.6023,178.6023,17943800
2018-01-11,178.5459,177.6236,177.6236,12400400
2018-01-12,178.7153,176.7202,176.7202,11789600
2018-01-16,179.1764,171.6479,171.6479,27428500
2018-01-17,172.4949,172.9937,172.9937,21346500
2018-01-18,173.4171,173.53,173.53,14190700
2018-01-19,174.2359,173.2007,173.2007,15349300
2018-01-22,174.0712,173.1725,173.1725,16016300
2018-01-23,174.3582,180.9456,180.9456,31305900
2018-01-24,183.2323,184.004,184.004,34497300
2018-01-25,184.7662,186.6389,186.6389,23421600
2018-01-26,188.521,193.1228,193.1228,23768600
2018-01-29,192.7558,191.043,191.043,21908600
2018-01-30,186.9683,187.8905,187.8905,23377500
2018-01-31,190.8643,192.2476,192.2476,26982500
2018-02-01,181.3879,180.8891,180.8891,52628900
2018-02-02,183.3076,176.2685,176.2685,32233900
2018-02-05,172.8713,169.8882,169.8882,31084000
2018-02-06,164.4207,174.2547,174.2547,35804500
2018-02-07,172.6831,169.6718,169.6718,19672100
2018-02-08,171.5256,163.4608,163.4608,32051300
2018-02-09,164.7971,166.2557,166.2557,28049500
2018-02-12,169.8035,166.9803,166.9803,18280300
2018-02-13,166.9615,168.6836,168.6836,15507000
2018-02-14,168.6554,175.7509,175.7509,21047400
2018-02-15,178.0942,176.4003,176.4003,14361100
2018-02-16,175.7415,172.8525,172.8525,16008400
2018-02-20,172.8431,176.1556,176.1556,14854900
2018-02-21,178.2071,177.6895,177.6895,22071600
2018-02-22,178.9882,177.6236,177.6236,12282800
2018-02-23,178.9693,181.896,181.896,16937300
2018-02-26,182.9971,182.743,182.743,19463100
2018-02-27,181.2373,177.1625,177.1625,23218500
2018-02-28,176.2121,175.1675,175.1675,19367600
2018-03-01,175.2051,171.2621,171.2621,17286300
2018-03-02,167.5167,169.1636,169.1636,18909100
2018-03-05,168.8342,170.8951,170.8951,15656700
2018-03-06,174.2735,176.325,176.325,17856100
2018-03-07,173.5018,177.906,177.906,13728900
2018-03-08,177.906,176.1462,176.1462,14331400
2018-03-09,178.4612,179.3176,179.3176,14208400
2018-03-12,180.9644,181.3784,181.3784,17826200
2018-03-13,182.4513,177.3037,177.3037,14826700
2018-03-14,179.0729,181.2091,181.2091,20032300
2018-03-15,186.7425,187.3259,187.3259,33504600
2018-03-16,186.7048,188.474,188.474,26948700
2018-03-19,186.3284,183.0629,183.0629,19681400
2018-03-20,183.4582,187.2224,187.2224,11952000
2018-03-21,187.0812,183.7875,183.7875,12047300
2018-03-22,179.5057,173.7653,173.7653,25355700
2018-03-23,175.8357,170.5187,170.5187,18714400
2018-03-26,176.8143,179.2705,179.2705,16758700
2018-03-27,180.9079,171.168,171.168,16627900
2018-03-28,170.0764,168.3637,168.3637,20081100
2018-03-29,170.2176,172.7208,172.7208,16378900
2018-04-02,172.0338,167.1403,167.1403,16028700
2018-04-03,168.6931,164.3736,164.3736,19975100
2018-04-04,157.0428,161.9269,161.9269,24573600
2018-04-05,165.1359,162.3974,162.3974,18250900
2018-04-06,159.8283,157.6451,157.6451,18210000
2018-04-09,159.7436,159.8566,159.8566,14717300
2018-04-10,164.7783,166.6604,166.6604,20436200
2018-04-11,166.0769,165.0229,165.0229,10170500
2018-04-12,165.5594,165.55,165.55,11133900
2018-04-13,166.3028,161.8987,161.8987,13526200
2018-04-16,161.8704,164.4019,164.4019,9876200
2018-04-17,164.5242,168.1661,168.1661,16285800
2018-04-18,168.3543,171.9115,171.9115,16972700
2018-04-19,172.4573,170.6975,170.6975,11989000
2018-04-20,168.7872,168.5519,168.5519,14473100
2018-04-23,168.1002,165.2206,165.2206,12033900
2018-04-24,167.1592,162.8868,162.8868,14567500
2018-04-25,160.4683,160.1859,160.1859,17132900
2018-04-26,163.0373,163.649,163.649,13398000
2018-04-27,166.6698,166.7169,166.7169,15062500
2018-04-30,167.592,168.0155,168.0155,14654000
2018-05-01,167.1121,168.9189,168.9189,10787700
2018-05-02,170.1423,170.754,170.754,20681800
2018-05-03,172.6831,171.695,171.695,26257600
2018-05-04,169.7658,177.7554,177.7554,57788300
2018-05-07,179.1858,183.8346,183.8346,29862200
2018-05-08,182.7524,184.738,184.738,21856300
2018-05-09,184.2957,183.9099,183.9099,13780600
2018-05-10,184.7286,184.4086,184.4086,21295000
2018-05-11,184.8227,182.903,182.903,12741100
2018-05-14,184.3522,186.9307,186.9307,17627100
2018-05-15,183.7217,185.0203,185.0203,12694900
2018-05-16,185.1521,186.4319,186.4319,12887500
2018-05-17,184.4463,184.4651,184.4651,13470500
2018-05-18,184.8509,183.5052,183.5052,14242300
2018-05-21,186.1402,185.9896,185.9896,13830500
2018-05-22,186.6107,184.3239,184.3239,9700100
2018-05-23,182.4512,185.1991,185.1991,12807400
2018-05-24,186.4413,185.7355,185.7355,18527700
2018-05-25,185.9237,187.4576,187.4576,21270000
2018-05-29,186.2719,186.3284,186.3284,18768700
2018-05-30,187.9282,186.3096,186.3096,13930600
2018-05-31,186.3284,186.3378,186.3378,17982500
2018-06-01,187.74,192.2947,192.2947,23131900
2018-06-04,193.0287,196.6329,196.6329,19357000
2018-06-05,197.5739,196.0871,196.0871,17787700
2018-06-06,197.4893,196.0212,196.0212,13800500
2018-06-07,195.2307,191.6171,191.6171,26747800
2018-06-08,189.2551,192.9816,192.9816,17525200
2018-06-11,194.3273,193.5745,193.5745,12061400
2018-06-12,194.7508,196.7552,196.7552,15910900
2018-06-13,197.094,194.4402,194.4402,13844200
2018-06-14,195.4754,198.4303,198.4303,18838300
2018-06-15,195.259,195.7389,195.7389,28665600
2018-06-18,193.0663,196.2753,196.2753,14645200
2018-06-19,191.5324,192.3793,192.3793,24484200
2018-06-20,192.9628,194.0732,194.0732,15559600
2018-06-21,193.7062,190.2902,190.2902,13963800
2018-06-22,191.3913,190.102,190.102,9585000
2018-06-25,186.1872,179.9763,179.9763,32750900
2018-06-26,181.9431,180.1363,180.1363,20740400
2018-06-27,182.056,174.1135,174.1135,23887000
2018-06-28,172.4008,177.2755,177.2755,19553800
2018-06-29,174.4335,174.5935,174.5935,26023400
2018-07-02,170.9516,175.3745,175.3745,17325900
2018-07-03,176.8049,173.8594,173.8594,11673700
2018-07-05,176.1368,175.8639,175.8639,18412100
2018-07-06,175.0452,180.9362,180.9362,17035600
2018-07-09,182.9876,181.3878,181.3878,15466400
2018-07-10,181.5196,181.1996,181.1996,12611400
2018-07-11,177.4825,176.372,176.372,15947000
2018-07-12,179.5246,178.9599,178.9599,17440400
2018-07-13,180.3151,178.8376,178.8376,12550500
2018-07-16,178.3953,179.1293,179.1293,12205600
2018-07-17,177.5295,181.3032,181.3032,13270700
2018-07-18,181.1055,179.5434,179.5434,10796600
2018-07-19,177.5578,176.2968,176.2968,13373100
2018-07-20,178.32,176.2121,176.2121,12807500
2018-07-23,176.1462,176.0144,176.0144,10996200
2018-07-24,178.9788,177.8589,177.8589,18414800
2018-07-25,179.374,186.3096,186.3096,20735400
2018-07-26,181.8207,182.7336,182.7336,13885500
2018-07-27,184.5404,178.2542,178.2542,19907100
2018-07-30,179.007,173.9253,173.9253,19906300
2018-07-31,175.4121,176.1932,176.1932,17016600
2018-08-01,175.0357,174.3488,174.3488,14370700
2018-08-02,170.8386,171.8362,171.8362,20976500
2018-08-03,173.2948,170.1799,170.1799,18185100
2018-08-06,170.0482,168.0908,168.0908,35419000
2018-08-07,169.6623,169.3141,169.3141,20620300
2018-08-08,169.3894,167.0556,167.0556,21152400
2018-08-09,168.7401,166.7451,166.7451,35220900
2018-08-10,165.2206,169.3988,169.3988,22049200
2018-08-13,169.0601,167.2062,167.2062,14674000
2018-08-14,164.8159,162.3598,162.3598,38508600
2018-08-15,157.2593,159.8189,159.8189,41278600
2018-08-16,162.1715,161.8516,161.8516,34263300
2018-08-17,162.3504,162.595,162.595,24695400
2018-08-20,164.8912,165.8981,165.8981,25900700
2018-08-21,167.1592,167.4321,167.4321,20337400
2018-08-22,167.6485,167.3662,167.3662,27138500
2018-08-23,174.0665,162.0775,162.0775,78843400
2018-08-24,164.6842,163.9595,163.9595,30442800
2018-08-27,166.6604,170.0011,170.0011,23533800
2018-08-28,171.4127,167.6861,167.6861,15319000
2018-08-29,168.7778,167.9779,167.9779,11892600
2018-08-30,166.8768,164.3078,164.3078,17086200
2018-08-31,162.9056,164.6936,164.6936,13730800
2018-09-04,163.2726,160.393,160.393,23450500
2018-09-05,157.6075,154.549,154.549,35694700
2018-09-06,154.4832,150.446,150.446,33052000
2018-09-07,150.5213,152.7987,152.7987,19452400
2018-09-10,149.2415,147.143,147.143,39092700
2018-09-11,144.1504,148.1781,148.1781,25884100
2018-09-12,148.8745,151.9423,151.9423,32490500
2018-09-13,155.6595,155.7724,155.7724,25696500
2018-09-14,157.9839,155.029,155.029,23417700
2018-09-17,151.98,149.5238,149.5238,20423200
2018-09-18,147.6323,147.4158,147.4158,27240600
2018-09-19,149.4579,153.0434,153.0434,23028300
2018-09-20,157.0522,156.1018,156.1018,22818100
2018-09-21,159.4707,154.9254,154.9254,22081900
2018-09-24,153.2127,153.5421,153.5421,13123400
2018-09-25,154.3796,154.5679,154.5679,9588700
2018-09-26,155.763,155.6501,155.6501,13592500
2018-09-27,156.5817,156.5158,156.5158,12689200
2018-09-28,155.1796,155.0478,155.0478,10486500
2018-10-01,156.1394,152.4505,152.4505,10615200
2018-10-02,150.3708,150.7848,150.7848,14730500
2018-10-03,153.5327,152.7987,152.7987,13118800
2018-10-04,150.6248,146.9265,146.9265,32176100
2018-10-05,146.9359,145.5149,145.5149,20271000
2018-10-08,141.3461,142.2307,142.2307,25060400
2018-10-09,139.2475,138.2782,138.2782,31070200
2018-10-10,134.1,130.1381,130.1381,55828800
2018-10-11,127.5408,133.5353,133.5353,43210300
2018-10-12,139.8592,138.6076,138.6076,30764400
2018-10-15,136.2362,135.6621,135.6621,18567100
2018-10-16,137.1208,140.7814,140.7814,18365900
2018-10-17,141.7978,139.4075,139.4075,16872400
2018-10-18,137.2525,133.6483,133.6483,20618900
2018-10-19,136.7726,134.5046,134.5046,14855100
2018-10-22,140.2074,140.0286,140.0286,22589300
2018-10-23,134.7775,138.0053,138.0053,19950500
2018-10-24,136.622,131.3803,131.3803,18512300
2018-10-25,134.1,136.0762,136.0762,13655100
2018-10-26,130.8063,134.4482,134.4482,19476900
2018-10-29,134.0247,125.5176,125.5176,35121700
2018-10-30,124.4824,128.2937,128.2937,25230000
2018-10-31,133.0178,133.8929,133.8929,23654600
2018-11-01,136.4338,142.3342,142.3342,47039300
2018-11-02,143.567,138.8899,138.8899,45985800
2018-11-05,137.6007,136.1138,136.1138,16197300
2018-11-06,137.2713,138.7488,138.7488,17849800
2018-11-07,141.8825,143.5105,143.5105,17884400
2018-11-08,142.0895,140.2074,140.2074,17067100
2018-11-09,136.989,136.3114,136.3114,16220000
2018-11-12,136.462,134.4011,134.4011,16516500
2018-11-13,136.2926,138.3159,138.3159,19575100
2018-11-14,141.3555,141.5719,141.5719,21786000
2018-11-15,143.8869,147.0112,147.0112,30083500
2018-11-16,145.9008,145.0162,145.0162,20039400
2018-11-19,143.0588,140.7156,140.7156,18087800
2018-11-20,135.9633,137.3748,137.3748,19473200
2018-11-21,140.2733,140.6026,140.6026,14718600
2018-11-23,138.617,141.4684,141.4684,7437500
2018-11-26,144.1786,146.8136,146.8136,16152700
2018-11-27,145.5243,147.2371,147.2371,17911800
2018-11-28,149.6367,149.9473,149.9473,20767100
2018-11-29,148.7616,147.0677,147.0677,20532200
2018-11-30,148.5922,151.3777,151.3777,35071200
2018-12-03,158.6991,154.0879,154.0879,31174000
2018-12-04,155.1607,149.0062,149.0062,22198600
2018-12-06,143.981,146.6442,146.6442,25335500
2018-12-07,146.2395,144.0375,144.0375,17447900
2018-12-10,141.5249,142.5036,142.5036,15525500
2018-12-11,146.1078,142.88,142.88,13651900
2018-12-12,146.089,142.5694,142.5694,16619200
2018-12-13,144.0281,142.5506,142.5506,12255800
2018-12-14,139.0029,140.2168,140.2168,15560700
2018-12-17,137.8642,135.4927,135.4927,15788100
2018-12-18,135.775,132.519,132.519,17846600
2018-12-19,132.726,129.0559,129.0559,27657800
2018-12-20,127.8232,127.1456,127.1456,24103800
2018-12-21,128.9995,124.2189,124.2189,28790600
2018-12-24,122.3368,124.1154,124.1154,11240700
2018-12-26,125.0376,129.8652,129.8652,14862400
2018-12-27,127.0891,130.2887,130.2887,11457400
2018-12-28,130.9945,130.891,130.891,11955300
2018-12-31,133.4695,128.9901,128.9901,11186400
2019-01-02,126.2234,128.6419,128.6419,16708400
2019-01-03,126.3551,122.9015,122.9015,19531300
2019-01-04,126.3457,131.5121,131.5121,22845400
2019-01-07,132.2649,134.6646,134.6646,17239000
2019-01-08,136.4526,138.1371,138.1371,16487600
2019-01-09,141.0544,142.9647,142.9647,20214100
2019-01-10,140.9791,142.7483,142.7483,14221100
2019-01-11,142.88,142.4001,142.4001,9589400
2019-01-14,139.7463,140.4709,140.4709,13356700
2019-01-15,141.7978,141.986,141.986,15003100
2019-01-16,143.8022,145.7126,145.7126,14810800
2019-01-17,143.1435,146.7759,146.7759,16153200
2019-01-18,149.1098,147.7641,147.7641,19611400
2019-01-22,145.2985,143.1811,143.1811,21295000
2019-01-23,145.5337,143.0682,143.0682,10195800
2019-01-24,142.5412,146.6724,146.6724,10997900
2019-01-25,149.5426,149.825,149.825,16451800
2019-01-28,148.4981,149.552,149.552,10141100
2019-01-29,149.665,147.6323,147.6323,18348200
2019-01-30,151.7823,156.9864,156.9864,36997700
2019-01-31,157.9086,158.5579,158.5579,21219500
2019-02-01,158.0968,158.0686,158.0686,10771500
2019-02-04,156.5158,156.8734,156.8734,7380400
2019-02-05,158.6144,161.701,161.701,12801800
2019-02-06,161.7293,161.4093,161.4093,11267800
2019-02-07,159.1884,157.1181,157.1181,11911100
2019-02-08,154.1726,157.4945,157.4945,8331500
2019-02-11,158.8967,157.5792,157.5792,7260300
2019-02-12,159.6025,158.765,158.765,8594400
2019-02-13,159.8942,159.4143,159.4143,8661800
2019-02-14,157.758,158.4544,158.4544,8722100
2019-02-15,158.6709,156.3559,156.3559,12099500
2019-02-19,157.1369,160.1483,160.1483,12982300
2019-02-20,160.92,160.6471,160.6471,12454900
2019-02-21,160.9199,161.541,161.541,8434800
2019-02-22,162.6139,166.491,166.491,16175600
2019-02-25,170.5752,172.4479,172.4479,22831800
2019-02-26,169.1918,172.7208,172.7208,13871000
2019-02-27,171.0081,173.6995,173.6995,16741600
2019-02-28,172.222,172.2408,172.2408,12370400
2019-03-01,174.1794,173.0407,173.0407,14348500
2019-03-04,175.0358,176.2121,176.2121,14761700
2019-03-05,175.9204,174.0947,174.0947,11513200
2019-03-06,173.5112,173.3136,173.3136,10009100
2019-03-07,170.2458,166.8674,166.8674,16488900
2019-03-08,161.4517,164.7124,164.7124,14674200
2019-03-11,167.3474,169.7753,169.7753,13764000
2019-03-12,171.3092,169.9823,169.9823,8660000
2019-03-13,170.0764,170.0482,170.0482,8868200
2019-03-14,168.5048,169.7282,169.7282,9272000
2019-03-15,170.0105,170.3023,170.3023,10844100
2019-03-18,171.2057,171.1116,171.1116,7847800
2019-03-19,170.9234,171.4033,171.4033,10238600
2019-03-20,170.274,170.594,170.594,15901500
2019-03-21,168.4013,170.801,170.801,9754500
2019-03-22,169.173,165.8699,165.8699,11688400
2019-03-25,164.0537,168.2319,168.2319,7511400
2019-03-26,169.1071,167.5826,167.5826,7897900
2019-03-27,167.225,166.5945,166.5945,8371000
2019-03-28,167.0086,167.2533,167.2533,7146800
2019-03-29,170.0764,171.695,171.695,13850900
2019-04-01,174.1794,170.227,170.227,12714800
2019-04-02,170.7634,171.0269,171.0269,8021500
2019-04-03,168.9283,167.8085,167.8085,26811600
2019-04-04,166.6039,170.3964,170.3964,16993200
2019-04-05,171.7515,174.4241,174.4241,18705000
2019-04-08,173.3324,175.5063,175.5063,14725600
2019-04-09,175.4969,176.1556,176.1556,11578200
2019-04-10,175.6851,175.2145,175.2145,10655000
2019-04-11,174.2358,174.0759,174.0759,8900300
2019-04-12,176.645,177.7742,177.7742,12600000
2019-04-15,176.9743,172.2785,172.2785,14616600
2019-04-16,174.6123,174.8287,174.8287,12195900
2019-04-17,176.2968,176.4944,176.4944,11614200
2019-04-18,175.4216,175.9203,175.9203,7882500
2019-04-22,173.6242,174.4523,174.4523,8677800
2019-04-23,175.0358,176.2497,176.2497,11410600
2019-04-24,175.7509,174.7252,174.7252,9085300
2019-04-25,174.3206,176.8049,176.8049,10328900
2019-04-26,176.8049,176.0615,176.0615,9421100
2019-04-29,176.3721,175.9203,175.9203,8660600
2019-04-30,175.3181,174.6311,174.6311,15076500
2019-05-01,175.7415,178.1506,178.1506,17397500
2019-05-02,178.2541,179.167,179.167,11468100
2019-05-03,180.5691,183.7029,183.7029,14521100
2019-05-06,174.2547,177.1437,177.1437,23941200
2019-05-07,175.0828,170.7351,170.7351,22663200
2019-05-08,170.2834,169.0036,169.0036,16611100
2019-05-09,165.0888,168.486,168.486,22727800
2019-05-10,169.5588,167.5073,167.5073,18987000
2019-05-13,159.7813,159.9883,159.9883,22330700
2019-05-14,162.5668,164.5336,164.5336,17874100
2019-05-15,166.6227,167.1309,167.1309,37610400
2019-05-16,167.6767,165.2206,165.2206,20579200
2019-05-17,161.5693,159.5743,159.5743,22539400
2019-05-20,154.7467,151.1801,151.1801,33413800
2019-05-21,153.5421,153.7962,153.7962,22006100
2019-05-22,152.8363,149.4674,149.4674,25831200
2019-05-23,146.2866,146.8042,146.8042,26891900
2019-05-24,148.324,145.8631,145.8631,21489700
2019-05-28,147.1806,145.6843,145.6843,38603000
2019-05-29,144.5268,143.4917,143.4917,30073100
2019-05-30,143.3788,142.1648,142.1648,17344700
2019-05-31,140.8097,140.4615,140.4615,26881200
2019-06-03,140.7814,141.0732,141.0732,25254400
2019-06-04,142.6259,145.0632,145.0632,27417200
2019-06-05,146.0231,142.7106,142.7106,23208600
2019-06-06,143.04,142.5694,142.5694,15763000
2019-06-07,143.934,145.1385,145.1385,17817800
2019-06-10,149.4203,150.4272,150.4272,36473300
2019-06-11,154.5208,153.0622,153.0622,23408400
2019-06-12,151.0107,150.606,150.606,16329300
2019-06-13,151.086,150.8789,150.8789,17571400
2019-06-14,149.0345,148.7804,148.7804,14981600
2019-06-17,148.244,150.4837,150.4837,16079800
2019-06-18,153.288,155.7536,155.7536,35754800
2019-06-19,157.8804,155.7065,155.7065,20798100
2019-06-20,160.1577,158.3321,158.3321,24004700
2019-06-21,157.6075,157.6733,157.6733,17415800
2019-06-24,158.4732,158.1909,158.1909,18422600
2019-06-25,157.1934,156.0265,156.0265,20439200
2019-06-26,158.3603,159.0284,159.0284,22416400
2019-06-27,160.5624,160.8259,160.8259,18349400
2019-06-28,160.1671,159.4613,159.4613,19974300
2019-07-01,165.4982,164.7312,164.7312,25846800
2019-07-02,164.8065,165.1077,165.1077,14155200
2019-07-03,165.3335,164.3736,164.3736,8532600
2019-07-05,163.5079,163.0844,163.0844,12618600
2019-07-08,160.0636,158.5203,158.5203,16531000
2019-07-09,157.2357,158.8496,158.8496,15782800
2019-07-10,161.1458,157.0899,157.0899,16675600
2019-07-11,157.6827,156.7323,156.7323,14796400
2019-07-12,158.0968,159.1037,159.1037,18103600
2019-07-15,161.3905,163.2726,163.2726,22199000
2019-07-16,163.9313,163.9219,163.9219,19039700
2019-07-17,162.5668,164.5148,164.5148,15031600
2019-07-18,163.1879,162.6139,162.6139,15603800
2019-07-19,164.5618,162.7927,162.7927,13647200
2019-07-22,163.2726,163.7431,163.7431,18490900
2019-07-23,165.0512,167.592,167.592,20881500
2019-07-24,167.5073,168.1378,168.1378,14933100
2019-07-25,167.9685,166.8392,166.8392,14049000
2019-07-26,167.7426,168.2037,168.2037,15281000
2019-07-29,167.912,166.5851,166.5851,15130300
2019-07-30,163.9784,163.8372,163.8372,14300600
2019-07-31,163.4702,162.9056,162.9056,14628900
2019-08-01,164.2513,155.8853,155.8853,32728200
2019-08-02,152.9775,151.5094,151.5094,27104700
2019-08-05,145.8914,144.6115,144.6115,28912600
2019-08-06,149.138,148.1499,148.1499,24996300
2019-08-07,146.5501,149.7873,149.7873,17917400
2019-08-08,152.1776,152.6575,152.6575,19267700
2019-08-09,151.4906,149.7403,149.7403,11894300
2019-08-12,148.2158,149.9191,149.9191,13566900
2019-08-13,151.1707,154.3608,154.3608,22842900
2019-08-14,151.8294,152.507,152.507,20803700
2019-08-15,160.0824,157.1275,157.1275,36343500
2019-08-16,159.9789,164.3078,164.3078,25952500
2019-08-19,166.9709,167.7708,167.7708,16012800
2019-08-20,165.5405,166.7639,166.7639,10338100
2019-08-21,166.7733,164.91,164.91,10615700
2019-08-22,163.8372,161.7763,161.7763,11568900
2019-08-23,159.6872,154.8408,154.8408,20871500
2019-08-26,156.6758,156.1206,156.1206,8640500
2019-08-27,157.344,156.4029,156.4029,12777600
2019-08-28,154.9349,157.6075,157.6075,9507400
2019-08-29,160.92,162.6233,162.6233,11565400
2019-08-30,164.0725,164.7124,164.7124,10293400
2019-09-03,162.8021,162.2468,162.2468,8499300
2019-09-04,165.8699,164.0537,164.0537,7208900
2019-09-05,166.4534,168.3919,168.3919,11154300
2019-09-06,168.4578,166.2746,166.2746,8304000
2019-09-09,167.3944,167.3003,167.3003,6931700
2019-09-10,165.8887,164.6748,164.6748,9835000
2019-09-11,165.6252,165.7099,165.7099,7039300
2019-09-12,167.4038,167.7332,167.7332,12509400
2019-09-13,169.1448,168.6084,168.6084,9479700
2019-09-16,167.2721,166.6322,166.6322,10725100
2019-09-17,166.4251,168.4484,168.4484,7481000
2019-09-18,168.5895,169.3894,169.3894,9233300
2019-09-19,170.2364,169.8223,169.8223,15119800
2019-09-20,171.5633,171.7515,171.7515,24517800
2019-09-23,170.5658,166.5475,166.5475,14047400
2019-09-24,168.6084,161.4376,161.4376,14324600
2019-09-25,162.1433,166.2463,166.2463,11766400
2019-09-26,166.5663,164.6842,164.6842,9982400
2019-09-27,165.6252,156.1959,156.1959,33287500
2019-09-30,159.8726,157.3722,157.3722,14866800
2019-10-01,158.1062,155.4148,155.4148,14155500
2019-10-02,153.2222,155.9983,155.9983,11526500
2019-10-03,156.8264,159.4896,159.4896,10305000
2019-10-04,159.6025,160.2989,160.2989,8715200
2019-10-07,158.8779,158.398,158.398,11993000
2019-10-08,154.6149,152.3846,152.3846,15833100
2019-10-09,155.7442,155.4524,155.4524,10943100
2019-10-10,156.1771,156.2806,156.2806,11462400
2019-10-11,160.7035,162.7456,162.7456,19247400
2019-10-14,162.6515,161.0705,161.0705,7667600
2019-10-15,162.7174,164.9571,164.9571,13753000
2019-10-16,165.437,166.6792,166.6792,10858700
2019-10-17,167.5073,166.4251,166.4251,8020600
2019-10-18,165.6252,159.1602,159.1602,14575700
2019-10-21,162.4633,163.2914,163.2914,8970800
2019-10-22,164.2419,159.8754,159.8754,10867100
2019-10-23,160.4024,159.9036,159.9036,8853700
2019-10-24,161.1834,162.3786,162.3786,7397700
2019-10-25,161.447,164.0349,164.0349,9891800
2019-10-28,166.0958,168.1472,168.1472,11739600
2019-10-29,166.6227,166.4628,166.4628,8026400
2019-10-30,165.0794,167.065,167.065,10213200
2019-10-31,168.599,166.2557,166.2557,15119000
2019-11-01,168.4578,166.0581,166.0581,28924100
2019-11-04,170.0105,169.0977,169.0977,44541200
2019-11-05,170.7257,171.2715,171.2715,23690200
2019-11-06,172.7866,173.3042,173.3042,14834900
2019-11-07,176.0427,175.6568,175.6568,20162600
2019-11-08,176.8256,176.1274,176.1274,19718100
2019-11-11,173.9253,175.7039,175.7039,20561500
2019-11-12,174.951,175.9486,175.9486,11797600
2019-11-13,174.537,171.7232,171.7232,14977700
2019-11-14,172.0902,172.0244,172.0244,12712800
2019-11-15,173.1537,174.5558,174.5558,11296400
2019-11-18,175.958,173.7277,173.7277,11822900
2019-11-19,175.3275,174.33,174.33,13407200
2019-11-20,172.8431,171.6009,171.6009,16684600
2019-11-21,171.0551,173.963,173.963,10254700
2019-11-22,174.8475,175.7698,175.7698,10541000
2019-11-25,177.219,179.2234,179.2234,19157700
2019-11-26,179.167,183.2229,183.2229,51832300
2019-11-27,185.6132,188.9822,188.9822,33040500
2019-11-29,188.0317,188.2105,188.2105,18593100
2019-12-02,186.8742,184.738,184.738,19357700
2019-12-03,179.7128,183.4111,183.4111,18355300
2019-12-04,184.004,182.3195,182.3195,14849300
2019-12-05,185.3214,188.2105,188.2105,22290200
2019-12-06,189.2551,189.9891,189.9891,14087300
2019-12-09,188.5116,187.0248,187.0248,14258100
2019-12-10,188.8786,188.634,188.634,11623900
2019-12-11,189.2456,192.577,192.577,11760000
2019-12-12,191.7018,192.4452,192.4452,22448600
2019-12-13,193.6309,192.8311,192.8311,19270400
2019-12-16,194.1673,194.7696,194.7696,16734300
2019-12-17,196.3882,195.9083,195.9083,11287600
2019-12-18,196.2377,197.621,197.621,13481800
2019-12-19,197.254,197.7434,197.7434,12167300
2019-12-20,198.8914,199.7384,199.7384,26670000
2019-12-23,200.6794,202.1663,202.1663,12535000
2019-12-24,202.3357,201.6299,201.6299,5523000
2019-12-26,201.9969,203.6249,203.6249,6907100
2019-12-27,205.14,202.7686,202.7686,11674200
2019-12-30,203.0603,200.3595,200.3595,8732600
2019-12-31,199.5031,199.5972,199.5972,6773600
2020-01-02,203.8319,206.8151,206.8151,15873500
2020-01-03,203.5967,204.2084,204.2084,8604500
2020-01-06,202.2228,203.8696,203.8696,11885500
2020-01-07,204.8107,204.8013,204.8013,9388000
2020-01-08,203.832,205.1494,205.1494,11959100
2020-01-09,208.4431,208.7066,208.7066,13122500
2020-01-10,210.7016,210.6358,210.6358,12296000
2020-01-13,215.3222,216.8938,216.8938,17544800
2020-01-14,216.4891,213.139,213.139,17266900
2020-01-15,213.2895,211.7933,211.7933,10743400
2020-01-16,212.9602,210.7393,210.7393,13700500
2020-01-17,212.5837,214.0235,214.0235,12956200
2020-01-21,209.3371,209.1583,209.1583,15831100
2020-01-22,211.4451,209.2618,209.2618,10059600
2020-01-23,205.0836,206.2128,206.2128,18519900
2020-01-24,205.6106,201.15,201.15,18143900
2020-01-27,189.3586,193.358,193.358,24574700
2020-01-28,197.3763,197.8374,197.8374,16196700
2020-01-29,200.0301,199.5219,199.5219,12871900
2020-01-30,195.626,196.2847,196.2847,14376000
2020-01-31,194.3273,194.412,194.412,18181400
2020-02-03,196.3694,200.5383,200.5383,14118800
2020-02-04,208.302,209.7418,209.7418,16695100
2020-02-05,213.1672,207.2386,207.2386,15766100
2020-02-06,209.977,207.8785,207.8785,10790800
2020-02-07,204.6413,203.7661,203.7661,13790300
2020-02-10,200.9147,203.0509,203.0509,17420300
2020-02-11,206.9469,204.406,204.406,16073500
2020-02-12,208.0949,211.0875,211.0875,18671900
2020-02-13,207.0315,207.3703,207.3703,28069700
2020-02-14,208.0667,206.6833,206.6833,10690000
2020-02-18,205.667,207.5209,207.5209,12987000
2020-02-19,208.4619,209.0454,209.0454,10798100
2020-02-20,209.3842,205.1871,205.1871,14950100
2020-02-21,204.7165,200.0583,200.0583,17681200
2020-02-24,191.5512,194.0074,194.0074,19380200
2020-02-25,196.2188,193.4898,193.4898,18132400
2020-02-26,194.6097,196.4353,196.4353,19482100
2020-02-27,192.9252,192.944,192.944,22741200
2020-02-28,187.2506,195.7389,195.7389,31251100
2020-03-02,196.2941,198.5432,198.5432,21542200
2020-03-03,198.6373,195.1837,195.1837,20813800
2020-03-04,197.1411,199.4655,199.4655,12474400
2020-03-05,197.621,198.9949,198.9949,13462900
2020-03-06,194.5155,192.577,192.577,21700500
2020-03-09,184.0887,186.0084,186.0084,25502600
2020-03-10,193.4145,194.2238,194.2238,19022600
2020-03-11,189.7632,187.1847,187.1847,18908200
2020-03-12,175.5063,174.1888,174.1888,30247100
2020-03-13,183.4111,182.5642,182.5642,23650500
2020-03-16,165.7664,168.3072,168.3072,26628500
2020-03-17,170.5752,173.9159,173.9159,19276500
2020-03-18,165.6252,169.3894,169.3894,22054200
2020-03-19,168.693,170.2176,170.2176,20905700
2020-03-20,176.6732,170.6128,170.6128,21006100
2020-03-23,164.9383,165.9452,165.9452,22554700
2020-03-24,172.2973,174.8005,174.8005,20801500
2020-03-25,174.8664,177.4448,177.4448,19605200
2020-03-26,177.5201,183.8064,183.8064,15416800
2020-03-27,178.7717,177.4731,177.4731,13376400
2020-03-30,176.4285,179.9951,179.9951,12254400
2020-03-31,180.6821,183.0159,183.0159,19084800
2020-04-01,178.3294,176.5038,176.5038,17948600
2020-04-02,175.111,177.7648,177.7648,13412100
2020-04-03,178.9129,176.0803,176.0803,9483100
2020-04-06,183.2605,184.8697,184.8697,13248700
2020-04-07,188.2575,186.3284,186.3284,14934500
2020-04-08,186.6483,184.4274,184.4274,13608000
2020-04-09,186.9401,184.7945,184.7945,17821300
2020-04-13,185.7637,187.6835,187.6835,16117900
2020-04-14,192.8687,192.7087,192.7087,16757100
2020-04-15,192.6993,195.8989,195.8989,10768100
2020-04-16,198.1197,200.1242,200.1242,16353800
2020-04-17,202.3074,197.1505,197.1505,13558500
2020-04-20,197.4987,199.6255,199.6255,19295400
2020-04-21,197.5269,195.1178,195.1178,14107600
2020-04-22,199.5031,197.5834,197.5834,13471100
2020-04-23,197.8469,193.1416,193.1416,20424000
2020-04-24,193.7533,192.3135,192.3135,14673900
2020-04-27,195.3154,191.683,191.683,17286800
2020-04-28,192.7369,189.2927,189.2927,17203800
2020-04-29,190.9678,194.5155,194.5155,19117800
2020-04-30,194.0921,190.7231,190.7231,20107400
2020-05-01,184.211,183.0159,183.0159,22276200
2020-05-04,183.2794,179.8822,179.8822,25709400
2020-05-05,184.8039,183.524,183.524,22957200
2020-05-06,186.0178,183.6652,183.6652,18598900
2020-05-07,186.3284,184.9074,184.9074,16164600
2020-05-08,188.0223,189.3304,189.3304,23819700
2020-05-11,190.8266,193.2922,193.2922,17920700
2020-05-12,194.7508,188.5022,188.5022,17826800
2020-05-13,191.6171,187.7023,187.7023,22429700
2020-05-14,183.9758,189.4339,189.4339,20025900
2020-05-15,188.8692,191.6736,191.6736,17209500
2020-05-18,199.9736,202.5898,202.5898,23556600
2020-05-19,203.9543,204.3966,204.3966,21438100
2020-05-20,207.0315,204.0107,204.0107,38324100
2020-05-21,198.835,199.6537,199.6537,29850700
2020-05-22,191.2501,187.9282,187.9282,51979300
2020-05-26,193.8003,189.8291,189.8291,28683200
2020-05-27,191.0243,189.3209,189.3209,23605400
2020-05-28,187.2694,187.7306,187.7306,18763200
2020-05-29,188.2105,195.1649,195.1649,43179500
2020-06-01,193.7627,194.3932,194.3932,16169700
2020-06-02,194.9955,201.6958,201.6958,22485800
2020-06-03,202.8909,205.7235,205.7235,19999500
2020-06-04,204.4719,205.1871,205.1871,14962400
2020-06-05,207.0315,206.6081,206.6081,11983200
2020-06-08,206.6551,206.0905,206.0905,12731200
2020-06-09,203.5591,207.7091,207.7091,14140100
2020-06-10,208.9136,210.4946,210.4946,13372400
2020-06-11,205.1494,202.5521,202.5521,15560300
2020-06-12,205.6199,204.8106,204.8106,12716500
2020-06-15,201.4887,204.2366,204.2366,17419900
2020-06-16,207.9726,209.4971,209.4971,17212400
2020-06-17,211.1722,211.031,211.031,12486700
2020-06-18,210.5511,210.3629,210.3629,10358800
2020-06-19,213.0355,207.6338,207.6338,19545200
2020-06-22,207.8973,208.3584,208.3584,13303600
2020-06-23,211.8497,215.2657,215.2657,18263400
2020-06-24,214.8423,212.8849,212.8849,12159500
2020-06-25,211.351,209.0642,209.0642,14953100
2020-06-26,209.1113,202.9944,202.9944,19340600
2020-06-29,202.3545,202.3451,202.3451,12333000
2020-06-30,203.0227,202.985,202.985,12933800
2020-07-01,203.0885,203.2203,203.2203,11788100
2020-07-02,208.7725,210.4193,210.4193,18128700
2020-07-06,219.5569,225.8526,225.8526,33702900
2020-07-07,226.803,222.5683,222.5683,16491600
2020-07-08,230.4261,242.4904,242.4904,39922700
2020-07-09,249.8965,246.1605,246.1605,36803900
2020-07-10,244.8712,245.6241,245.6241,20335000
2020-07-13,246.0382,236.8347,236.8347,21568700
2020-07-14,232.0353,233.9268,233.9268,19782600
2020-07-15,236.6559,234.5197,234.5197,12614700
2020-07-16,227.5182,228.2052,228.2052,18032100
2020-07-17,232.0165,232.5717,232.5717,18742400
2020-07-20,241.3329,239.7896,239.7896,19015000
2020-07-21,245.8123,242.6974,242.6974,17120700
2020-07-22,240.6836,236.8629,236.8629,19682200
2020-07-23,237.2393,237.0323,237.0323,25712000
2020-07-24,230.5202,234.3221,234.3221,17221500
2020-07-27,232.5435,236.0724,236.0724,18966900
2020-07-28,236.3453,234.3691,234.3691,9878700
2020-07-29,235.5831,237.5687,237.5687,11493600
2020-07-30,236.8629,237.8416,237.8416,7032900
2020-07-31,239.2155,236.223,236.223,12304100
2020-08-03,239.0461,242.7351,242.7351,11530300
2020-08-04,244.7489,246.744,246.744,10994500
2020-08-05,248.1932,249.2942,249.2942,10673800
2020-08-06,247.892,250.0188,250.0188,10359500
2020-08-07,242.2363,237.2393,237.2393,22529600
2020-08-10,234.642,233.5033,233.5033,13621700
2020-08-11,236.4771,233.7762,233.7762,10681800
2020-08-12,234.5573,240.1472,240.1472,11112300
2020-08-13,241.2764,238.7638,238.7638,8794500
2020-08-14,240.4295,238.9991,238.9991,7876400
2020-08-17,238.0863,241.8128,241.8128,9760000
2020-08-18,243.4597,243.9208,243.9208,13267800
2020-08-19,245.5112,245.2288,245.2288,14096500
2020-08-20,241.747,242.7633,242.7633,21460800
2020-08-21,243.7608,250.1317,250.1317,25648200
2020-08-24,257.1331,259.7493,259.7493,22475800
2020-08-25,261.669,269.141,269.141,27535500
2020-08-26,272.2088,274.7497,274.7497,19530300
2020-08-27,273.0652,267.4189,267.4189,14805800
2020-08-28,268.2846,271.9641,271.9641,9681500
2020-08-31,271.6065,270.1103,270.1103,13253800
2020-09-01,272.1524,280.4336,280.4336,13797100
2020-09-02,281.3747,278.6174,278.6174,12638600
2020-09-03,271.9641,265.8473,265.8473,16766200
2020-09-04,263.1183,264.8028,264.8028,15885800
2020-09-08,254.3006,254.103,254.103,12734000
2020-09-09,258.2718,257.0484,257.0484,9465700
2020-09-10,258.6953,251.7786,251.7786,10676800
2020-09-11,256.5591,255.5992,255.5992,9412800
2020-09-14,259.1282,257.9425,257.9425,7883300
2020-09-15,261.6126,261.5749,261.5749,8291400
2020-09-16,264.464,261.7443,261.7443,9583500
2020-09-17,257.0108,259.467,259.467,8016900
2020-09-18,259.7117,256.3521,256.3521,11753500
2020-09-21,253.2372,257.679,257.679,9076400
2020-09-22,259.7493,259.0623,259.0623,9673300
2020-09-23,259.1658,256.8603,256.8603,7353200
2020-09-24,252.1362,253.8301,253.8301,9562100
2020-09-25,251.7974,255.1099,255.1099,11466600
2020-09-28,259.2882,259.7399,259.7399,8761700
2020-09-29,259.194,260.6056,260.6056,7673300
2020-09-30,267.2683,276.6506,276.6506,24777700
2020-10-01,277.8551,272.9522,272.9522,16304000
2020-10-02,269.7245,271.1831,271.1831,11482800
2020-10-05,272.0206,271.2772,271.2772,17876400
2020-10-06,270.4679,275.1543,275.1543,15860400
2020-10-07,280.4242,279.022,279.022,16669300
2020-10-08,280.5371,282.8239,282.8239,15105800
2020-10-09,280.9512,282.071,282.071,11442200
2020-10-12,286.0329,288.282,288.282,14780100
2020-10-13,288.3008,290.5782,290.5782,10898500
2020-10-14,290.7852,283.2944,283.2944,15157800
2020-10-15,276.4812,281.8076,281.8076,9709900
2020-10-16,286.0705,289.1948,289.1948,12338000
2020-10-19,291.6228,287.2939,287.2939,14107300
2020-10-20,289.4677,291.5475,291.5475,8806100
2020-10-21,293.3731,289.8159,289.8159,11139700
2020-10-22,293.1001,288.2255,288.2255,8008400
2020-10-23,289.1572,291.651,291.651,6231400
2020-10-26,291.651,288.7808,288.7808,9350100
2020-10-27,289.6089,298.4454,298.4454,13175900
2020-10-28,295.0199,289.7877,289.7877,13644500
2020-10-29,291.1993,294.1353,294.1353,11174500
2020-10-30,290.3617,286.7293,286.7293,14918500
2020-11-02,292.6203,292.5167,292.5167,11857600
2020-11-03,269.3292,268.7364,268.7364,58132500
2020-11-04,270.8255,278.2786,278.2786,28791200
2020-11-05,272.0488,270.7878,270.7878,50065200
2020-11-06,274.3074,282.2687,282.2687,25259600
2020-11-09,285.8635,273.404,273.404,22559900
2020-11-10,263.4664,250.8281,250.8281,61064000
2020-11-11,246.4804,249.9906,249.9906,41699000
2020-11-12,255.0629,248.7296,248.7296,27119100
2020-11-13,249.1154,245.4641,245.4641,33942800
2020-11-16,245.0689,243.0833,243.0833,20864200
2020-11-17,244.9371,241.6623,241.6623,19739500
2020-11-18,242.5657,240.7495,240.7495,28307100
2020-11-19,239.9684,244.5701,244.5701,20752800
2020-11-20,248.4096,254.7805,254.7805,34178400
2020-11-23,258.5542,254.1877,254.1877,25317100
2020-11-24,259.9516,263.457,263.457,20660500
2020-11-25,259.4481,261.3491,261.3491,15229300
2020-11-27,262.3654,260.1822,260.1822,9583200
2020-11-30,253.1149,247.8356,247.8356,30476100
2020-12-01,249.8212,248.4473,248.4473,14573100
2020-12-02,246.5557,245.9158,245.9158,13919700
2020-12-03,248.2308,251.1763,251.1763,15520500
2020-12-04,255.044,251.4963,251.4963,15527600
2020-12-07,250.0376,248.4378,248.4378,11388700
2020-12-08,249.5671,250.4046,250.4046,9447700
2020-12-09,251.788,248.2496,248.2496,9060700
2020-12-10,246.5463,249.2565,249.2565,10290300
2020-12-11,248.7108,248.946,248.946,7771300
2020-12-14,244.9748,240.9376,240.9376,18369900
2020-12-15,240.2883,240.0719,240.0719,16595600
2020-12-16,242.5468,246.4522,246.4522,15804800
2020-12-17,249.0966,248.8425,248.8425,14306600
2020-12-18,248.3437,244.6736,244.6736,15981800
2020-12-21,240.1283,245.0783,245.0783,10901800
2020-12-22,242.6692,240.7495,240.7495,11468400
2020-12-23,240.4389,241.0788,241.0788,10729200
2020-12-24,214.7811,208.9136,208.9136,141830000
2020-12-28,204.0955,209.2524,209.2524,73512100
2020-12-29,218.0983,222.333,222.333,69715900
2020-12-30,229.0032,224.3375,224.3375,44812300
2020-12-31,223.4623,219.0111,219.0111,23451800
2021-01-04,213.1484,214.4188,214.4188,24897900
2021-01-05,215.5481,226.229,226.229,35823800
2021-01-06,221.1003,214.1929,214.1929,37146100
2021-01-07,215.7927,213.5248,213.5248,49361800
2021-01-08,214.447,222.2672,222.2672,34884900
2021-01-11,216.3479,213.9671,213.9671,23036900
2021-01-12,214.9223,212.3014,212.3014,18969900
2021-01-13,216.3856,221.4296,221.4296,38805100
2021-01-14,230.8496,228.6569,228.6569,31381600
2021-01-15,231.7342,229.1086,229.1086,21561600
2021-01-19,235.2631,236.8158,236.8158,23681900
2021-01-20,251.7315,249.84,249.84,44640800
2021-01-21,248.5602,244.6736,244.6736,20709900
2021-01-22,241.6622,243.375,243.375,13518200
2021-01-25,248.0802,245.9723,245.9723,19478600
2021-01-26,248.2496,250.2447,250.2447,14681200
2021-01-27,249.5012,244.9089,244.9089,16050400
2021-01-28,243.8926,245.3889,245.3889,10244900
2021-01-29,240.9377,238.8673,238.8673,14693000
2021-02-01,243.5443,249.0872,249.0872,15289300
2021-02-02,248.9743,239.4978,239.4978,30534300
2021-02-03,249.0966,247.9014,247.9014,29179700
2021-02-04,253.6889,251.2233,251.2233,16763000
2021-02-05,249.0119,250.0094,250.0094,11018700
2021-02-08,249.3601,247.1109,247.1109,10721100
2021-02-09,247.4968,250.7811,250.7811,12432800
2021-02-10,252.8608,252.0045,252.0045,13090800
2021-02-11,252.9078,253.0772,253.0772,15295800
2021-02-12,253.2278,252.0609,252.0609,9355100
2021-02-16,255.0252,254.7429,254.7429,16708700
2021-02-17,254.9217,254.8652,254.8652,13262400
2021-02-18,249.5954,248.9178,248.9178,15382300
2021-02-19,250.367,248.052,248.052,14718400
2021-02-22,242.7821,239.0273,239.0273,14403500
2021-02-23,232.7317,237.851,237.851,15980300
2021-02-24,237.1452,235.5831,235.5831,12831700
2021-02-25,235.2631,226.022,226.022,17967300
2021-02-26,230.2097,223.7446,223.7446,17470700
2021-03-01,226.8407,227.443,227.443,14043300
2021-03-02,224.7139,220.6015,220.6015,14644200
2021-03-03,223.5,222.3425,222.3425,13571700
2021-03-04,221.1473,216.9126,216.9126,22964800
2021-03-05,221.5426,220.1028,220.1028,15988400
2021-03-08,215.5198,213.3272,213.3272,17138400
2021-03-09,219.6228,224.1022,224.1022,15291300
2021-03-10,226.7936,220.4886,220.4886,10491200
2021-03-11,223.2176,226.6054,226.6054,15162500
2021-03-12,219.9192,218.2018,218.2018,17778400
2021-03-15,214.9458,216.7056,216.7056,14499700
2021-03-16,214.6258,213.553,213.553,19336600
2021-03-17,213.1484,219.5852,219.5852,16949500
2021-03-18,224.4975,222.493,222.493,14822300
2021-03-19,225.5326,225.6549,225.6549,15959700
2021-03-22,221.9519,223.1423,223.1423,12063200
2021-03-23,223.3117,223.6599,223.6599,12295600
2021-03-24,222.8695,216.0562,216.0562,15949900
2021-03-25,211.7368,209.5912,209.5912,24819800
2021-03-26,208.9136,213.8636,213.8636,22030800
2021-03-29,212.1979,218.1924,218.1924,18029100
2021-03-30,215.7551,215.7363,215.7363,14828700
2021-03-31,216.3386,213.3648,213.3648,16825400
2021-04-01,217.082,211.1345,211.1345,23497500
2021-04-05,213.1766,212.0191,212.0191,14962100
2021-04-06,212.7061,216.9785,216.9785,18100400
2021-04-07,212.7814,212.132,212.132,18034900
2021-04-08,215.0305,214.7858,214.7858,12211300
2021-04-09,211.5956,210.1464,210.1464,19763000
2021-04-12,223.867,229.6262,229.6262,57500300
2021-04-13,229.2968,227.6312,227.6312,20793000
2021-04-14,229.965,225.128,225.128,12405200
2021-04-15,225.8526,224.9962,224.9962,11288900
2021-04-16,227.6312,224.6198,224.6198,14418800
2021-04-19,223.4435,220.9403,220.9403,11216000
2021-04-20,219.1429,216.3291,216.3291,12093900
2021-04-21,215.8116,215.9151,215.9151,14315900
2021-04-22,215.2799,215.8304,215.8304,11986200
2021-04-23,217.0537,218.3994,218.3994,8967000
2021-04-26,217.8537,218.9829,218.9829,7792900
2021-04-27,219.6793,222.0131,222.0131,11646300
2021-04-28,223.5658,222.7659,222.7659,9187700
2021-04-29,223.7729,220.3757,220.3757,9552800
2021-04-30,218.1077,217.3361,217.3361,9326400
2021-05-03,217.6372,217.1102,217.1102,13620900
2021-05-04,216.6773,214.4658,214.4658,13260500
2021-05-05,214.56,213.4119,213.4119,10013800
2021-05-06,213.7224,213.0731,213.0731,12247700
2021-05-07,214.4658,212.0285,212.0285,10550000
2021-05-10,209.7323,206.5892,206.5892,17266700
2021-05-11,201.1123,208.3302,208.3302,13887700
2021-05-12,211.4921,206.9374,206.9374,20366900
2021-05-13,200.5853,193.9321,193.9321,51693900
2021-05-14,197.5495,197.1599,197.1599,31626800
2021-05-17,198.1998,198.6091,198.6091,20529800
2021-05-18,199.9736,201.1217,201.1217,19519400
2021-05-19,198.6562,200.0113,200.0113,17030400
2021-05-20,200.4395,204.199,204.199,19123400
2021-05-21,202.5427,198.6185,198.6185,22825500
2021-05-24,197.6492,198.0351,198.0351,15884200
2021-05-25,200.2842,198.6844,198.6844,14116100
2021-05-26,199.7854,199.2961,199.2961,9405800
2021-05-27,201.5452,200.1995,200.1995,18680200
2021-05-28,200.2183,201.3476,201.3476,10401500
2021-06-01,209.8735,206.5422,206.5422,23052800
2021-06-02,206.4951,206.6457,206.6457,13126400
2021-06-03,205.1494,204.246,204.246,12448100
2021-06-04,205.4129,206.1093,206.1093,8999100
2021-06-07,205.1494,204.1143,204.1143,9928600
2021-06-08,204.4813,203.0979,203.0979,9443000
2021-06-09,202.5239,200.7453,200.7453,10233600
2021-06-10,200.9147,200.51,200.51,10735900
2021-06-11,200.8676,199.1643,199.1643,12276600
2021-06-14,199.7384,201.3288,201.3288,10773100
2021-06-15,201.5452,197.6775,197.6775,12167000
2021-06-16,197.3858,196.9811,196.9811,10917800
2021-06-17,197.5269,199.1267,199.1267,11233700
2021-06-18,199.5125,199.7854,199.7854,13724600
2021-06-21,198.1386,198.6185,198.6185,9273800
2021-06-22,198.0162,198.8632,198.8632,11092100
2021-06-23,201.564,202.1945,202.1945,13785800
2021-06-24,204.199,205.507,205.507,13488200
2021-06-25,208.6407,215.0305,215.0305,27383900
2021-06-28,215.9715,215.1152,215.1152,13564900
2021-06-29,213.3366,215.9151,215.9151,10273800
2021-06-30,213.6095,213.4119,213.4119,9348600
2021-07-01,214.6258,208.7913,208.7913,13316400
2021-07-02,206.2411,204.9142,204.9142,12989200
2021-07-06,202.6274,199.1267,199.1267,23719900
2021-07-07,199.1361,195.7389,195.7389,18340400
2021-07-08,189.8197,188.0693,188.0693,33992500
2021-07-09,190.1396,193.8003,193.8003,16911300
2021-07-12,191.8806,193.3675,193.3675,11259500
2021-07-13,196.8964,197.1599,197.1599,17375900
2021-07-14,202.7968,199.0326,199.0326,19484200
2021-07-15,202.4298,202.1004,202.1004,14283600
2021-07-16,202.1851,199.5972,199.5972,11150200
2021-07-19,193.9509,196.5953,196.5953,15865800
2021-07-20,196.68,198.1762,198.1762,9986800
2021-07-21,196.8211,198.6373,198.6373,7650300
2021-07-22,200.1054,201.4229,201.4229,10563100
2021-07-23,194.1297,194.3555,194.3555,25539900
2021-07-26,186.6765,180.4562,180.4562,55736800
2021-07-27,172.7678,175.1016,175.1016,59265700
2021-07-28,179.0164,184.4557,184.4557,34535200
2021-07-29,189.1939,185.8955,185.8955,23363200
2021-07-30,179.3458,183.684,183.684,17250600
2021-08-02,184.7004,188.2952,188.2952,17889200
2021-08-03,183.5146,185.7449,185.7449,20115900
2021-08-04,185.8484,188.8786,188.8786,22327300
2021-08-05,187.5235,187.5329,187.5329,9881400
2021-08-06,187.5047,184.8133,184.8133,11967700
2021-08-09,183.11,183.7405,183.7405,14657200
2021-08-10,185.6414,184.1922,184.1922,9983700
2021-08-11,185.0109,183.3735,183.3735,8985100
2021-08-12,179.901,180.3621,180.3621,12873400
2021-08-13,177.4919,177.5013,177.5013,15377000
2021-08-16,174.0947,171.9397,171.9397,21020700
2021-08-17,165.5499,163.489,163.489,40558000
2021-08-18,163.8372,162.1904,162.1904,34339800
2021-08-19,156.8734,151.086,151.086,66663000
2021-08-20,154.4455,148.6486,148.6486,75948900
2021-08-23,149.8908,151.5659,151.5659,88699200
2021-08-24,159.0755,161.5787,161.5787,62786400
2021-08-25,158.7556,159.132,159.132,26055400
2021-08-26,157.5886,155.4995,155.4995,18816500
2021-08-27,150.559,150.0696,150.0696,31718100
2021-08-30,150.7283,152.7234,152.7234,23769400
2021-08-31,157.8145,157.1463,157.1463,24629100
2021-09-01,159.5649,163.0656,163.0656,29550200
2021-09-02,167.5168,161.861,161.861,29302400
2021-09-03,159.5319,160.2612,160.2612,16423500
2021-09-07,163.8843,164.8347,164.8347,24608500
2021-09-08,163.9784,160.6471,160.6471,18993000
2021-09-09,157.4381,157.4569,157.4569,17295800
2021-09-10,161.1082,158.1909,158.1909,15064300
2021-09-13,154.7937,155.6595,155.6595,15458600
2021-09-14,153.2598,150.7095,150.7095,20925900
2021-09-15,148.6392,148.5545,148.5545,31796600
2021-09-16,145.7878,147.0488,147.0488,24358900
2021-09-17,149.138,150.6154,150.6154,25489000
2021-09-20,145.2985,142.56,142.56,36177500
2021-09-21,142.6447,141.3273,141.3273,19494700
2021-09-22,142.5412,142.9364,142.9364,19832000
2021-09-23,143.5858,142.2777,142.2777,24707500
2021-09-24,139.0029,136.5279,136.5279,32067400
2021-09-27,136.3773,141.3273,141.3273,24287400
2021-09-28,143.1905,143.407,143.407,26299600
2021-09-29,141.5908,138.8805,138.8805,17361300
2021-09-30,138.3629,139.3228,139.3228,14291500
2021-10-01,138.4194,135.6998,135.6998,20211000
2021-10-04,133.3471,131.3992,131.3992,25218500
2021-10-05,131.1639,134.7022,134.7022,14032100
2021-10-06,132.2743,135.6057,135.6057,14875900
2021-10-07,142.146,146.8042,146.8042,46035900
2021-10-08,150.4366,151.9988,151.9988,33499200
2021-10-11,159.6119,154.2855,154.2855,42193600
2021-10-12,154.1679,153.3915,153.3915,24512700
2021-10-13,154.6902,157.5322,157.5322,18595000
2021-10-14,158.3415,156.9487,156.9487,17403700
2021-10-15,157.1463,158.0968,158.0968,20762800
2021-10-18,156.7605,156.9864,156.9864,18945900
2021-10-19,160.5436,166.5663,166.5663,33538900
2021-10-20,170.2834,166.7357,166.7357,33714400
2021-10-21,166.5663,166.9615,166.9615,16444000
2021-10-22,168.5237,167.225,167.225,20807300
2021-10-25,167.3756,165.7852,165.7852,13119700
2021-10-26,164.1948,159.9695,159.9695,17577000
2021-10-27,157.6545,159.2543,159.2543,11801800
2021-10-28,158.5579,159.7813,159.7813,12440100
2021-10-29,157.2216,155.2172,155.2172,17155400
2021-11-01,156.0641,160.1389,160.1389,17609500
2021-11-02,157.2499,153.2974,153.2974,19072900
2021-11-03,155.6124,156.4406,156.4406,13569700
2021-11-04,159.3013,155.076,155.076,16669200
2021-11-05,155.0807,149.3732,149.3732,22098200
2021-11-08,152.2293,152.6011,152.6011,16223100
2021-11-09,152.6011,150.7472,150.7472,14010100
2021-11-10,154.0315,154.3044,154.3044,17216800
2021-11-11,156.7417,157.9557,157.9557,16747500
2021-11-12,155.4374,156.977,156.977,13741800
2021-11-15,157.3628,156.7229,156.7229,9655700
2021-11-16,158.6614,158.5014,158.5014,11887500
2021-11-17,158.1156,152.0553,152.0553,18829500
2021-11-18,138.25,135.1351,135.1351,61571500
2021-11-19,134.6081,132.0673,132.0673,28575700
2021-11-22,131.6532,128.5666,128.5666,26390400
2021-11-23,128.0132,125.7811,125.7811,24102900
2021-11-24,125.2541,128.4725,128.4725,20010400
2021-11-26,125.0941,125.4893,125.4893,14814900
2021-11-29,126.3363,123.8519,123.8519,18648900
2021-11-30,122.2437,120.0124,120.0124,32625400
2021-12-01,120.8029,115.2695,115.2695,29203800
2021-12-02,115.7683,114.8084,114.8084,34478600
2021-12-03,111.0442,105.3602,105.3602,70266500
2021-12-06,106.9412,116.3141,116.3141,43111400
2021-12-07,121.6781,118.1397,118.1397,38542800
2021-12-08,115.9471,117.7068,117.7068,22275000
2021-12-09,117.2834,116.6058,116.6058,23499300
2021-12-10,115.9565,117.688,117.688,15008300
2021-12-13,115.7495,115.0342,115.0342,15820500
2021-12-14,113.8015,119.1184,119.1184,17691500
2021-12-15,115.4013,115.2507,115.2507,24893500
2021-12-16,115.1095,113.1615,113.1615,22533400
2021-12-17,112.4464,114.9025,114.9025,19781100
2021-12-20,111.5147,108.221,108.221,23970500
2021-12-21,109.962,115.7306,115.7306,18036300
2021-12-22,110.1878,110.8654,110.8654,24502000
2021-12-23,109.9149,111.6653,111.6653,17563300
2021-12-27,110.856,109.7173,109.7173,17864400
2021-12-28,109.4067,108.0328,108.0328,17052100
2021-12-29,107.0918,105.4826,105.4826,21100500
2021-12-30,105.9907,115.74,115.74,45437100
2021-12-31,114.0838,111.7876,111.7876,24287000
2022-01-03,112.3428,113.2839,113.2839,16775300
2022-01-04,112.484,112.5122,112.5122,20824000
2022-01-05,111.0442,114.0179,114.0179,36651100
2022-01-06,116.9352,119.1655,119.1655,32045800
2022-01-07,122.5627,122.158,122.158,38113000
2022-01-10,124.2095,120.737,120.737,23372200
2022-01-11,121.5934,124.3977,124.3977,23616400
2022-01-12,128.002,129.31,129.31,25961100
2022-01-13,127.2303,123.6261,123.6261,19887700
2022-01-14,124.9812,123.8143,123.8143,18614900
2022-01-18,118.8267,121.0194,121.0194,26122200
2022-01-19,120.5488,120.21,120.21,14665200
2022-01-20,127.7667,123.3061,123.3061,28966400
2022-01-21,120.6712,115.9659,115.9659,26341400
2022-01-24,112.2864,113.2745,113.2745,28509300
2022-01-25,112.8416,112.117,112.117,22224100
2022-01-26,113.8015,106.6871,106.6871,27513200
2022-01-27,106.4424,105.2003,105.2003,21472700
2022-01-28,106.5742,108.4375,108.4375,18892400
2022-01-31,111.2042,118.375,118.375,20346500
2022-02-01,117.4528,119.7207,119.7207,15036100
2022-02-02,120.1065,115.6365,115.6365,14050100
2022-02-03,114.3849,116.1917,116.1917,16651500
2022-02-04,114.1214,115.0154,115.0154,13538200
2022-02-07,109.2562,108.0516,108.0516,28589200
2022-02-08,111.1948,114.7143,114.7143,22340500
2022-02-09,115.8341,119.0431,119.0431,18253600
2022-02-10,116.794,116.6717,116.6717,16116600
2022-02-11,117.9468,115.0437,115.0437,13889900
2022-02-14,113.4533,114.7331,114.7331,13154900
2022-02-15,116.4741,118.7985,118.7985,14634700
2022-02-16,118.2056,118.1585,118.1585,17993300
2022-02-17,117.6316,117.0952,117.0952,15906000
2022-02-18,113.7544,111.9758,111.9758,21201400
2022-02-22,107.28,106.273,106.273,21755100
2022-02-23,108.3151,103.2523,103.2523,24489200
2022-02-24,94.1749,102.5088,102.5088,35294700
2022-02-25,101.5301,101.5772,101.5772,21428400
2022-02-28,99.7233,98.9893,98.9893,23063500
2022-03-01,99.6104,100.7773,100.7773,21218500
2022-03-02,101.0596,99.2057,99.2057,20791800
2022-03-03,99.7798,96.0344,96.0344,21725900
2022-03-04,94.3781,94.6699,94.6699,24574700
2022-03-07,93.6912,92.8442,92.8442,20679400
2022-03-08,93.4653,91.7526,91.7526,23275500
2022-03-09,94.3499,94.9804,94.9804,20853600
2022-03-10,89.5788,87.4426,87.4426,37671200
2022-03-11,87.7626,81.5987,81.5987,39341800
2022-03-14,75.9429,73.1762,73.1762,69992600
2022-03-15,70.673,72.2352,72.2352,86209300
2022-03-16,86.5768,98.7917,98.7917,159834300
2022-03-17,93.2959,94.4534,94.4534,80663200
2022-03-18,94.5758,101.916,101.916,83781800
2022-03-21,96.7496,97.4836,97.4836,58882900
2022-03-22,107.2894,108.2116,108.2116,88193400
2022-03-23,108.8798,110.329,110.329,81605700
2022-03-24,106.2072,108.3622,108.3622,55850200
2022-03-25,104.0145,106.3295,106.3295,42396500
2022-03-28,107.1482,108.3057,108.3057,30168000
2022-03-29,111.383,109.8302,109.8302,28060900
2022-03-30,108.7292,109.7079,109.7079,28381700
2022-03-31,108.2493,102.3865,102.3865,31240200
2022-04-01,110.6866,103.704,103.704,55873000
2022-04-04,108.8798,110.5737,110.5737,39088500
2022-04-05,108.221,104.4568,104.4568,35226000
2022-04-06,102.8006,101.3325,101.3325,23739800
2022-04-07,100.3915,98.1235,98.1235,26814300
2022-04-08,98.3212,97.4272,97.4272,20814900
2022-04-11,95.131,95.5639,95.5639,23504100
2022-04-12,95.2157,93.87,93.87,23953600
2022-04-13,93.39,94.1335,94.1335,18330400
2022-04-14,91.555,89.8611,89.8611,20931200
2022-04-18,88.2425,89.1271,89.1271,19159200
2022-04-19,86.8497,87.9884,87.9884,23870000
2022-04-20,87.9696,84.1395,84.1395,20949700
2022-04-21,84.2712,80.9211,80.9211,25639000
2022-04-22,81.401,81.3916,81.3916,25130300
2022-04-25,77.825,80.7799,80.7799,24674000
2022-04-26,80.8082,79.039,79.039,21194600
2022-04-27,80.2906,83.1137,83.1137,29351600
2022-04-28,83.3961,85.5511,85.5511,17707500
2022-04-29,95.5451,91.3668,91.3668,44933400
2022-05-02,90.7269,95.2439,95.2439,25479500
2022-05-03,94.2276,94.4628,94.4628,15216100
2022-05-04,91.9596,95.4321,95.4321,17740600
2022-05-05,92.1667,89.0612,89.0612,18673100
2022-05-06,87.8566,84.7418,84.7418,18568600
2022-05-09,81.8292,79.8389,79.8389,23338600
2022-05-10,83.4149,79.5848,79.5848,23400900
2022-05-11,80.4694,76.9122,76.9122,24962400
2022-05-12,75.9241,76.3099,76.3099,23833100
2022-05-13,77.2792,82.8032,82.8032,20078400
2022-05-16,82.5303,81.3822,81.3822,19644800
2022-05-17,87.2826,86.5674,86.5674,27330300
2022-05-18,84.6947,82.1633,82.1633,18991300
2022-05-19,81.0999,82.5209,82.5209,20776400
2022-05-20,83.4713,81.6739,81.6739,21020800
2022-05-23,81.928,82.088,82.088,13998200
2022-05-24,79.98,77.6086,77.6086,15214400
2022-05-25,78.7849,77.458,77.458,23093700
2022-05-26,82.1539,88.9106,88.9106,50825000
2022-05-27,86.7744,87.9037,87.9037,26716000
2022-05-31,92.5337,90.3881,90.3881,33790000
2022-06-01,90.2469,87.8755,87.8755,23730900
2022-06-02,88.1484,91.7526,91.7526,23228100
2022-06-03,89.5411,87.7155,87.7155,15855900
2022-06-06,93.7665,93.1736,93.1736,37287200
2022-06-07,94.0958,98.1706,98.1706,35958700
2022-06-08,101.8783,112.5687,112.5687,92337000
2022-06-09,108.221,103.4217,103.4217,72512300
2022-06-10,106.96,103.3652,103.3652,49859200
2022-06-13,97.5024,92.7125,92.7125,36396700
2022-06-14,95.9779,99.027,99.027,28567500
2022-06-15,100.5138,101.6619,101.6619,24026100
2022-06-16,96.7308,95.4698,95.4698,22357800
2022-06-17,105.906,96.2132,96.2132,73019300
2022-06-21,99.7139,100.1186,100.1186,33975000
2022-06-22,98.0859,98.9517,98.9517,24233000
2022-06-23,103.4781,105.5014,105.5014,33228200
2022-06-24,108.5034,110.6866,110.6866,27029900
2022-06-27,112.8981,111.7312,111.7312,21724300
2022-06-28,111.9664,109.8773,109.8773,18659400
2022-06-29,108.9833,109.1903,109.1903,13793900
2022-06-30,107.0635,106.9788,106.9788,13836200
2022-07-01,106.9318,109.1621,109.1621,16679400
2022-07-05,107.7599,113.0486,113.0486,20989300
2022-07-06,111.9194,112.0982,112.0982,20222700
2022-07-07,113.5191,115.1754,115.1754,24202000
2022-07-08,115.0531,113.7732,113.7732,27221400
2022-07-11,108.6539,103.1111,103.1111,31249900
2022-07-12,104.3251,102.7723,102.7723,22318500
2022-07-13,100.542,102.6688,102.6688,16861400
2022-07-14,101.4455,97.6436,97.6436,35314900
2022-07-15,97.3895,96.4014,96.4014,33572300
2022-07-18,99.6386,97.0601,97.0601,20503400
2022-07-19,97.8412,98.5752,98.5752,19842500
2022-07-20,99.9774,97.8318,97.8318,21897900
2022-07-21,97.9259,98.9328,98.9328,17865500
2022-07-22,98.1612,94.6793,94.6793,18819800
2022-07-25,94.5758,95.1028,95.1028,16604300
2022-07-26,98.1612,95.4604,95.4604,28004300
2022-07-27,96.1756,96.7214,96.7214,19366600
2022-07-28,95.9121,94.6228,94.6228,33875400
2022-07-29,88.666,84.1019,84.1019,59201800
2022-08-01,83.9325,85.0147,85.0147,36050900
2022-08-02,83.0008,87.1603,87.1603,34430500
2022-08-03,86.5768,90.0775,90.0775,23921700
2022-08-04,95.1122,91.6867,91.6867,42517800
2022-08-05,87.5838,87.1038,87.1038,27206100
2022-08-08,86.0781,85.4852,85.4852,16194100
2022-08-09,85.8146,85.8146,85.8146,16744900
2022-08-10,85.7958,86.9815,86.9815,17855400
2022-08-11,88.92,89.2776,89.2776,17521200
2022-08-12,86.1157,89.1835,89.1835,17846400
2022-08-15,87.7061,88.6471,88.6471,14425100
2022-08-16,87.2262,87.1885,87.1885,12003200
2022-08-17,86.4545,84.4783,84.4783,14491500
2022-08-18,84.7418,85.3911,85.3911,13418600
2022-08-19,85.0806,84.3465,84.3465,12364300
2022-08-22,84.2901,84.7229,84.7229,15545000
2022-08-23,83.9136,84.5347,84.5347,17345900
2022-08-24,82.7185,87.0662,87.0662,22808300
2022-08-25,90.3975,94.0017,94.0017,39170600
2022-08-26,98.6599,92.2231,92.2231,45773400
2022-08-29,93.1265,90.9057,90.9057,18323500
2022-08-30,90.2093,88.3083,88.3083,17865800
2022-08-31,90.9621,89.7858,89.7858,16169000
2022-09-01,87.2826,88.186,88.186,11929100
2022-09-02,86.3604,86.3886,86.3886,12378900
2022-09-06,84.0548,83.2361,83.2361,15573500
2022-09-07,83.302,85.2594,85.2594,12753300
2022-09-08,83.3396,84.243,84.243,13291800
2022-09-09,85.6828,86.7086,86.7086,10745500
2022-09-12,86.9721,89.1083,89.1083,15604000
2022-09-13,85.4099,84.196,84.196,21149800
2022-09-14,84.1866,83.6784,83.6784,10843600
2022-09-15,83.4055,83.5937,83.5937,12188800
2022-09-16,82.5303,81.3352,81.3352,19322000
2022-09-19,80.0836,82.4927,82.4927,12822100
2022-09-20,82.7656,80.7423,80.7423,19129000
2022-09-21,80.1024,76.7899,76.7899,23847300
2022-09-22,77.7592,75.9523,75.9523,19141200
2022-09-23,74.5878,74.1549,74.1549,20492100
2022-09-26,75.2277,74.2585,74.2585,17880600
2022-09-27,74.7478,73.2798,73.2798,16975100
2022-09-28,71.9764,76.2158,76.2158,20725400
2022-09-29,73.4491,74.3996,74.3996,17913600
2022-09-30,74.0985,75.2748,75.2748,17116900
2022-10-03,75.0583,75.7077,75.7077,13249600
2022-10-04,78.1074,79.1519,79.1519,18252000
2022-10-05,79.1425,79.4154,79.4154,13194000
2022-10-06,79.1143,79.3495,79.3495,11583600
2022-10-07,77.4957,76.4511,76.4511,11632400
2022-10-10,75.0677,74.569,74.569,14070900
2022-10-11,72.8186,70.9271,70.9271,18387900
2022-10-12,70.4848,71.2659,71.2659,13247900
2022-10-13,67.9816,70.5883,70.5883,17563400
2022-10-14,71.567,68.7156,68.7156,13675300
2022-10-17,70.7201,72.2446,72.2446,14487400
2022-10-18,73.4115,71.8399,71.8399,14970600
2022-10-19,68.9603,67.0688,67.0688,23094500
2022-10-20,67.3794,67.7746,67.7746,19173400
2022-10-21,67.0029,67.9252,67.9252,19526800
2022-10-24,59.6533,59.4275,59.4275,101023200
2022-10-25,61.2437,59.4933,59.4933,69302400
2022-10-26,59.6251,64.4715,64.4715,52957400
2022-10-27,61.5825,61.9589,61.9589,25812600
2022-10-28,59.4745,59.9827,59.9827,28638000
2022-10-31,59.7474,59.8321,59.8321,20645300
2022-11-01,64.001,61.9777,61.9777,27257000
2022-11-02,62.5612,60.8861,60.8861,28298100
2022-11-03,59.6815,61.366,61.366,23360500
2022-11-04,66.9747,65.6949,65.6949,51292200
2022-11-07,67.097,65.6008,65.6008,26087600
2022-11-08,63.634,64.1139,64.1139,23870200
2022-11-09,62.5141,61.0178,61.0178,22099300
2022-11-10,64.0198,65.6572,65.6572,28757200
2022-11-11,68.0569,66.5983,66.5983,38723400
2022-11-14,68.8474,67.1253,67.1253,30310700
2022-11-15,74.2773,74.6255,74.6255,53150500
2022-11-16,75.5853,73.5527,73.5527,26637300
2022-11-17,71.52,79.2931,79.2931,62050600
2022-11-18,77.3075,75.7359,75.7359,29528300
2022-11-21,74.0514,72.3952,72.3952,19005100
2022-11-22,70.993,71.5106,71.5106,20694100
2022-11-23,73.5809,73.8726,73.8726,19032700
2022-11-25,71.0495,71.0495,71.0495,13036900
2022-11-28,70.3343,71.4071,71.4071,19107400
2022-11-29,75.51,75.1525,75.1525,24178100
2022-11-30,77.8627,82.3986,82.3986,60169600
2022-12-01,79.3778,80.8741,80.8741,20243000
2022-12-02,80.9776,84.7512,84.7512,35042600
2022-12-05,87.4238,85.1841,85.1841,30929800
2022-12-06,86.4639,86.0592,86.0592,26675700
2022-12-07,81.928,83.1232,83.1232,19507400
2022-12-08,86.5486,88.6189,88.6189,29241500
2022-12-09,87.772,85.9557,85.9557,15452100
2022-12-12,84.7794,84.1395,84.1395,15190200
2022-12-13,87.9413,86.0216,86.0216,21150600
2022-12-14,85.6922,85.5511,85.5511,15575500
2022-12-15,87.6026,81.1281,81.1281,30419400
2022-12-16,83.5655,81.6739,81.6739,25084600
2022-12-19,84.4594,82.0221,82.0221,20737000
2022-12-20,80.0271,80.8552,80.8552,15315400
2022-12-21,80.9399,82.6338,82.6338,18212900
2022-12-22,83.829,82.7844,82.7844,16004800
2022-12-23,82.6715,80.6011,80.6011,17949300
2022-12-27,81.4481,84.563,84.563,22959900
2022-12-28,83.7348,82.0598,82.0598,16268800
2022-12-29,82.4597,83.876,83.876,12535400
2022-12-30,82.295,82.8973,82.8973,11926700
2023-01-03,85.7393,86.558,86.558,27891000
2023-01-04,93.023,97.7942,97.7942,53291800
2023-01-05,95.4227,98.4153,98.4153,30400400
2023-01-06,97.973,101.069,101.069,21072400
2023-01-09,105.3885,104.2969,104.2969,42085300
2023-01-10,106.3107,108.1081,108.1081,33478600
2023-01-11,107.8446,108.2399,108.2399,22804400
2023-01-12,106.96,106.4801,106.4801,16590600
2023-01-13,107.7693,110.1125,110.1125,25615100
2023-01-17,108.7104,108.3998,108.3998,16945600
2023-01-18,109.8679,106.546,106.546,15347900
2023-01-19,107.2988,109.7079,109.7079,18489900
2023-01-20,111.3284,112.7945,112.7945,18342700
2023-01-23,112.9263,112.484,112.484,13590200
2023-01-24,108.221,112.3993,112.3993,7807100
2023-01-25,111.5241,113.1615,113.1615,9705000
2023-01-26,113.8673,113.4627,113.4627,11171000
2023-01-27,112.6346,111.4018,111.4018,18027400
2023-01-30,105.1061,104.645,104.645,21918200
2023-01-31,102.97,103.704,103.704,15330000
2023-02-01,105.2661,106.1695,106.1695,16623000
2023-02-02,105.8684,103.2711,103.2711,23396900
2023-02-03,101.6807,100.0621,100.0621,15982200
2023-02-06,97.7001,99.234,99.234,15337500
2023-02-07,100.542,99.281,99.281,16861700
2023-02-08,100.7867,98.914,98.914,14329500
2023-02-09,102.1042,102.0666,102.0666,16281300
2023-02-10,99.5634,97.5401,97.5401,18776000
2023-02-13,99.7421,98.6129,98.6129,18538600
2023-02-14,97.446,98.0765,98.0765,12978400
2023-02-15,96.3544,97.0037,97.0037,18230200
2023-02-16,96.6555,97.0319,97.0319,21747100
2023-02-17,95.0463,94.1147,94.1147,18121600
2023-02-21,90.8116,89.4941,89.4941,27172700
2023-02-22,89.9411,89.1929,89.1929,24484000
2023-02-23,94.1994,88.6095,88.6095,40482900
2023-02-24,84.7606,83.7537,83.7537,36174500
2023-02-27,85.4946,83.9889,83.9889,25840000
2023-02-28,83.2455,82.615,82.615,24597200
2023-03-01,87.4426,84.6477,84.6477,35434900
2023-03-02,83.716,84.4595,84.4595,24829000
2023-03-03,84.7982,84.4124,84.4124,25834300
2023-03-06,84.3042,84.3371,84.3371,16983900
2023-03-07,84.243,83.4996,83.4996,14514700
2023-03-08,82.2386,81.8245,81.8245,14721500
2023-03-09,80.1024,78.4555,78.4555,24327700
2023-03-10,77.7686,78.0697,78.0697,18123100
2023-03-13,78.1168,78.0133,78.0133,17848300
2023-03-14,77.9756,78.9072,78.9072,20126100
2023-03-15,76.7428,76.7052,76.7052,21025300
2023-03-16,76.6581,77.3733,77.3733,22877500
2023-03-17,79.0484,76.8558,76.8558,23711100
2023-03-20,75.4254,76.2253,76.2253,19536500
2023-03-21,77.5992,78.7661,78.7661,16529400
2023-03-22,79.8389,78.719,78.719,21204700
2023-03-23,82.5115,81.4199,81.4199,26861400
2023-03-24,80.8082,81.7775,81.7775,20332500
2023-03-27,81.9939,81.0434,81.0434,18258300
2023-03-28,89.7293,92.5996,92.5996,118875200
2023-03-29,91.8373,94.03,94.03,53695000
2023-03-30,95.3662,97.286,97.286,57780700
2023-03-31,96.7966,96.1567,96.1567,28382600
2023-04-03,94.9428,92.5901,92.5901,26888100
2023-04-04,93.1077,94.7828,94.7828,26868400
2023-04-05,93.39,92.7407,92.7407,20117700
2023-04-06,92.7219,96.6837,96.6837,26849200
2023-04-10,94.6887,95.5545,95.5545,16308300
2023-04-11,96.4202,93.8794,93.8794,19017700
2023-04-12,92.0537,88.3083,88.3083,35516000
2023-04-13,90.2234,90.501,90.501,24231700
2023-04-14,89.9928,88.9765,88.9765,14098700
2023-04-17,91.0374,90.7363,90.7363,15714100
2023-04-18,93.183,89.8611,89.8611,20672300
2023-04-19,89.0236,87.979,87.979,18985200
2023-04-20,87.8472,85.3911,85.3911,25533900
2023-04-21,84.6571,83.876,83.876,23097300
2023-04-24,83.189,81.768,81.768,22757100
2023-04-25,80.2906,78.0321,78.0321,36441300
2023-04-26,80.0271,77.938,77.938,24983000
2023-04-27,78.1732,79.4907,79.4907,24506800
2023-04-28,79.2178,79.6977,79.6977,18109300
2023-05-01,79.1896,79.199,79.199,12909200
2023-05-02,78.2485,76.724,76.724,20689500
2023-05-03,76.5123,76.677,76.677,17759400
2023-05-04,77.5333,77.6274,77.6274,23773800
2023-05-05,77.8721,78.3144,78.3144,17527600
2023-05-08,78.7002,78.3991,78.3991,17392900
2023-05-09,75.7971,77.3733,77.3733,13457400
2023-05-10,77.298,78.0603,78.0603,16868100
2023-05-11,80.3941,82.7091,82.7091,28104200
2023-05-12,81.5987,80.3094,80.3094,19042800
2023-05-15,81.9939,83.1326,83.1326,23691200
2023-05-16,81.9751,83.5278,83.5278,18177900
2023-05-17,83.2455,85.3346,85.3346,27670700
2023-05-18,85.457,80.7141,80.7141,60258600
2023-05-19,78.9072,79.0296,79.0296,21571800
2023-05-22,80.62,81.0246,81.0246,16951300
2023-05-23,79.199,77.9944,77.9944,19917800
2023-05-24,77.3216,76.4229,76.4229,17045800
2023-05-25,75.8394,74.1361,74.1361,21811600
2023-05-26,75.1901,76.197,76.197,16399200
2023-05-30,75.3971,74.0326,74.0326,21209600
2023-05-31,74.889,74.8607,74.8607,16206300
2023-06-01,74.6725,78.1073,78.1073,23217600
2023-06-02,80.0647,79.3025,79.3025,17616100
2023-06-05,79.039,79.4248,79.4248,8204000
2023-06-06,78.5779,81.5892,81.5892,18452000
2023-06-07,80.667,80.253,80.253,12886700
2023-06-08,80.1494,81.0623,81.0623,11281000
2023-06-09,80.987,80.46,80.46,12903400
2023-06-12,80.9399,80.7988,80.7988,11559000
2023-06-13,82.775,82.3515,82.3515,16814100
2023-06-14,82.7844,84.0924,84.0924,21519300
2023-06-15,86.0686,86.765,86.765,26570500
2023-06-16,88.4589,86.6709,86.6709,25087700
2023-06-20,84.5347,82.7467,82.7467,23382900
2023-06-21,82.2292,81.6551,81.6551,15159900
2023-06-22,81.6645,81.768,81.768,10272700
2023-06-23,80.7517,79.9142,79.9142,14907100
2023-06-26,80.2906,80.4318,80.4318,10808700
2023-06-27,81.7022,81.9939,81.9939,13994500
2023-06-28,80.6952,79.6036,79.6036,14113800
2023-06-29,78.4744,78.6249,78.6249,13362500
2023-06-30,78.3238,78.4367,78.4367,12174300
2023-07-03,79.8671,79.1143,79.1143,11514400
2023-07-05,79.0296,79.3307,79.3307,11203900
2023-07-06,78.2203,78.8978,78.8978,12930300
2023-07-07,81.6457,85.2123,85.2123,46992100
2023-07-10,84.7418,85.2217,85.2217,25401800
2023-07-11,85.6546,86.3792,86.3792,20768800
2023-07-12,88.5624,88.4589,88.4589,24161400
2023-07-13,89.4282,90.9151,90.9151,24021400
2023-07-14,89.607,88.9859,88.9859,18897100
2023-07-17,86.8121,87.9037,87.9037,17317300
2023-07-18,86.1439,85.824,85.824,20221900
2023-07-19,88.0543,86.6615,86.6615,17228100
2023-07-20,86.2851,86.4827,86.4827,14753000
2023-07-21,87.4144,86.7368,86.7368,13899100
2023-07-24,86.6427,90.6704,90.6704,33376100
2023-07-25,92.3831,89.3812,89.3812,25827300
2023-07-26,89.3529,91.4138,91.4138,15833400
2023-07-27,91.9879,89.814,89.814,18685500
2023-07-28,92.289,94.6228,94.6228,31956500
2023-07-31,93.9076,96.1379,96.1379,17726500
2023-08-01,93.9829,94.1993,94.1993,14333700
2023-08-02,91.9596,89.4659,89.4659,19452300
2023-08-03,91.0092,91.8279,91.8279,15370900
2023-08-04,91.9738,91.188,91.188,13477300
2023-08-07,92.0161,90.868,90.868,13893900
2023-08-08,87.9978,88.666,88.666,13504700
2023-08-09,90.3646,89.2588,89.2588,18640100
2023-08-10,92.5149,93.3618,93.3618,53193100
2023-08-11,91.602,90.0775,90.0775,25222800
2023-08-14,88.6848,87.9508,87.9508,17581000
2023-08-15,87.5179,86.191,86.191,14756300
2023-08-16,84.3465,83.8666,83.8666,23292400
2023-08-17,86.5204,85.3064,85.3064,15732300
2023-08-18,82.6056,82.8408,82.8408,20424800
2023-08-21,82.4362,83.349,83.349,14167300
2023-08-22,84.0172,82.8879,82.8879,11577600
2023-08-23,83.1608,84.5441,84.5441,12185700
2023-08-24,85.1558,83.8572,83.8572,10684500
2023-08-25,83.9889,84.5253,84.5253,11382200
2023-08-28,86.1063,86.8027,86.8027,14613800
2023-08-29,87.9413,88.4872,88.4872,16928000
2023-08-30,87.0944,88.1296,88.1296,13779900
2023-08-31,87.4991,87.4238,87.4238,13332400
2023-09-01,88.9765,89.4094,89.4094,17470400
2023-09-05,88.9577,89.0706,89.0706,10097600
2023-09-06,88.6001,88.8824,88.8824,10123600
2023-09-07,86.238,84.6665,84.6665,18667200
2023-09-08,84.3183,84.7418,84.7418,10333300
2023-09-11,84.4406,83.4808,83.4808,15773500
2023-09-12,82.9914,83.0949,83.0949,10262500
2023-09-13,82.7561,82.4738,82.4738,10634900
2023-09-14,83.3302,82.8126,82.8126,8643100
2023-09-15,82.5962,81.9374,81.9374,10147700
2023-09-18,81.0717,81.8904,81.8904,9291600
2023-09-19,81.0434,81.9751,81.9751,9247000
2023-09-20,81.8433,80.6858,80.6858,9228200
2023-09-21,78.9167,79.1519,79.1519,10638900
2023-09-22,82.215,83.0949,83.0949,22469600
2023-09-25,80.8176,82.0786,82.0786,9897200
2023-09-26,81.3634,80.8458,80.8458,9666600
2023-09-27,81.2881,81.1093,81.1093,7233900
2023-09-28,79.8859,80.4976,80.4976,10093600
2023-09-29,82.1445,81.6269,81.6269,9654800
2023-10-02,81.6363,81.4293,81.4293,8209800
2023-10-03,79.5189,79.5566,79.5566,11448800
2023-10-04,79.3072,79.1237,79.1237,8904700
2023-10-05,78.5967,78.7379,78.7379,10334500
2023-10-06,79.2837,80.987,80.987,13423700
2023-10-09,78.9637,79.8483,79.8483,10880000
2023-10-10,80.62,82.0315,82.0315,13557800
2023-10-11,82.822,82.6056,82.6056,11111500
2023-10-12,82.4174,79.5283,79.5283,16158100
2023-10-13,79.1049,79.0672,79.0672,10325500
2023-10-16,78.7661,79.3401,79.3401,10075300
2023-10-17,77.8721,78.9637,78.9637,8270000
2023-10-18,78.0697,78.1168,78.1168,9321600
2023-10-19,76.677,76.7993,76.7993,12624100
2023-10-20,75.5006,75.2277,75.2277,14636200
2023-10-23,74.7384,75.7641,75.7641,12715200
2023-10-24,75.7077,77.985,77.985,17925800
2023-10-25,76.5076,76.2535,76.2535,11390200
2023-10-26,76.4746,77.6462,77.6462,13010400
2023-10-27,78.9261,77.938,77.938,10795600
2023-10-30,78.7002,78.2391,78.2391,8980500
2023-10-31,77.1098,77.6745,77.6745,12094300
2023-11-01,76.8887,77.618,77.618,9550000
2023-11-02,78.719,78.4932,78.4932,10606300
2023-11-03,79.933,80.2812,80.2812,15148300
2023-11-06,81.4481,80.3282,80.3282,9786400
2023-11-07,79.8577,80.3753,80.3753,8829400
2023-11-08,79.6319,79.8012,79.8012,8154600
2023-11-09,79.5942,77.8533,77.8533,10885100
2023-11-10,77.5521,77.8721,77.8721,9779500
2023-11-13,77.8721,77.411,77.411,11236900
2023-11-14,77.8815,78.9261,78.9261,20897600
2023-11-15,81.8339,81.9374,81.9374,28991000
2023-11-16,74.8325,74.4467,74.4467,63008500
2023-11-17,72.4799,73.0257,73.0257,35497300
2023-11-20,72.3763,73.835,73.835,31506800
2023-11-21,73.2609,74.2867,74.2867,20525500
2023-11-22,74.6066,74.3055,74.3055,18958600
2023-11-24,73.6562,73.8632,73.8632,12251700
2023-11-27,72.9833,72.9598,72.9598,18248200
2023-11-28,72.047,72.2164,72.2164,23682200
2023-11-29,70.5789,70.2684,70.2684,30969100
2023-11-30,70.2966,70.466,70.466,17884200
2023-12-01,68.8098,69.6285,69.6285,27998600
2023-12-04,68.3863,68.7251,68.7251,21074900
2023-12-05,67.7934,68.1134,68.1134,19129000
2023-12-06,68.0946,67.2758,67.2758,30394400
2023-12-07,67.3276,68.0663,68.0663,18966700
2023-12-08,67.7746,67.8875,67.8875,16914800
2023-12-11,66.3348,67.1629,67.1629,19719300
2023-12-12,67.1723,67.1817,67.1817,14725900
2023-12-13,66.73,67.2476,67.2476,21721600
2023-12-14,67.257,68.2357,68.2357,25199300
2023-12-15,69.6379,70.1178,70.1178,31327500
2023-12-18,69.6849,69.4873,69.4873,17233500
2023-12-19,70.0143,70.9459,70.9459,20939300
2023-12-20,71.1271,69.9541,69.9541,27540200
2023-12-21,71.3942,72.7294,72.7294,20812100
2023-12-22,71.0509,71.7947,71.7947,20004300
2023-12-26,72.634,72.3383,72.3383,13121300
2023-12-27,72.7484,72.5863,72.5863,14904500
2023-12-28,73.6545,73.664,73.664,18937900
2023-12-29,73.4923,73.9215,73.9215,14094600
2024-01-02,72.5291,71.2988,71.2988,21739600
2024-01-03,70.8887,73.0441,73.0441,24444600
2024-01-04,72.0618,71.2034,71.2034,18454900
2024-01-05,70.574,69.6298,69.6298,21725200
2024-01-08,67.9513,69.5059,69.5059,22000000
2024-01-09,67.9513,68.6857,68.6857,21451800
2024-01-10,68.0753,68.1039,68.1039,19540000
2024-01-11,69.1864,69.029,69.029,18095300
2024-01-12,69.2293,68.514,68.514,16147300
2024-01-16,66.8832,66.2442,66.2442,27606900
2024-01-17,64.5847,65.7387,65.7387,22684400
2024-01-18,65.424,64.8995,64.8995,19307000
2024-01-19,64.0888,66.206,66.206,34547700
2024-01-22,64.1651,65.4526,65.4526,27294200
2024-01-23,69.3866,70.5931,70.5931,53017700
2024-01-24,71.7995,71.7184,71.7184,36503300
2024-01-25,71.7089,70.4309,70.4309,23268600
2024-01-26,69.7157,70.5835,70.5835,19418200
2024-01-29,71.213,70.1734,70.1734,17537400
2024-01-30,69.1053,68.9718,68.9718,17089600
2024-01-31,68.185,68.8287,68.8287,15743600
2024-02-01,69.7681,69.1053,69.1053,14445800
2024-02-02,68.7906,68.5235,68.5235,18824200
2024-02-05,68.8287,71.1748,71.1748,27721000
2024-02-06,73.478,74.6082,74.6082,39069100
2024-02-07,71.1033,70.2307,70.2307,53766300
2024-02-08,68.5569,67.5031,67.5031,33070600
2024-02-09,67.5222,68.6857,68.6857,18998400
2024-02-12,68.9622,69.7538,69.7538,18151100
2024-02-13,68.6284,68.2851,68.2851,13560600
2024-02-14,68.9622,69.9922,69.9922,12817500
2024-02-15,69.8301,70.4023,70.4023,12078100
2024-02-16,71.3942,70.4882,70.4882,16393300
2024-02-20,70.059,69.7538,69.7538,14353300
2024-02-21,71.0318,72.0808,72.0808,23475500
2024-02-22,71.6231,72.5958,72.5958,14836600
2024-02-23,72.9392,72.4433,72.4433,12301700
2024-02-26,72.119,72.9678,72.9678,13973100
2024-02-27,73.9406,74.0836,74.0836,14490200
2024-02-28,72.5005,71.1367,71.1367,16905300
2024-02-29,71.2225,70.6026,70.6026,12549200
2024-03-01,71.0318,71.1653,71.1653,11980100
2024-03-04,70.3165,68.6666,68.6666,19550100
2024-03-05,67.9513,68.7334,68.7334,15804500
2024-03-06,70.7647,70.2974,70.2974,19785300
2024-03-07,69.2388,69.1816,69.1816,12374700
2024-03-08,69.4391,70.1448,70.1448,16430400
2024-03-11,71.1748,71.3942,71.3942,13510400
2024-03-12,72.3574,72.5386,72.5386,13314700
2024-03-13,72.4242,72.8534,72.8534,15319800
2024-03-14,71.7518,70.0018,70.0018,18923500
2024-03-15,70.1687,70.0209,70.0209,10233700
2024-03-18,70.0208,70.1162,70.1162,8542500
2024-03-19,69.6966,70.0209,70.0209,8164200
2024-03-20,70.1448,70.7457,70.7457,11123200
2024-03-21,70.8601,70.4119,70.4119,11860700
2024-03-22,69.1244,68.7906,68.7906,12771500
2024-03-25,68.6094,68.1516,68.1516,12422100
2024-03-26,68.514,68.1707,68.1707,10881900
2024-03-27,67.608,68.2756,68.2756,13281300
2024-03-28,68.7429,69.0099,69.0099,14073400
2024-04-01,69.8492,69.9732,69.9732,14311700
2024-04-02,69.2102,69.5059,69.5059,17290400
2024-04-03,69.0671,69.0862,69.0862,11777900
2024-04-04,69.6012,68.6189,68.6189,11087100
2024-04-05,68.3614,68.3423,68.3423,12260300
2024-04-08,68.6284,68.39,68.39,10560000
2024-04-09,69.0195,69.6108,69.6108,14060400
2024-04-10,70.9984,71.1367,71.1367,20572200
2024-04-11,71.7327,71.3846,71.3846,14986800
2024-04-12,69.5631,67.9895,67.9895,18231400
2024-04-15,68.4091,67.3505,67.3505,15903900
2024-04-16,66.7783,66.3872,66.3872,17478900
2024-04-17,66.4826,65.6338,65.6338,12760600
2024-04-18,65.8913,65.691,65.691,9491000
2024-04-19,65.2523,65.8722,65.8722,13084100
2024-04-22,66.4683,67.4077,67.4077,15015600
2024-04-23,67.7892,69.153,69.153,15268200
2024-04-24,70.326,71.1748,71.1748,16375200
2024-04-25,70.388,71.6326,71.6326,11921900
2024-04-26,72.6578,72.0522,72.0522,14216100
2024-04-29,72.1476,72.8724,72.8724,13076400
2024-04-30,72.3765,71.3846,71.3846,12856000
2024-05-01,71.5182,72.0141,72.0141,10549100
2024-05-02,73.9978,76.6109,76.6109,36663900
2024-05-03,77.5074,77.5646,77.5646,19355800
2024-05-06,77.97,77.7745,77.7745,11826100
2024-05-07,76.2295,75.6954,75.6954,14589100
2024-05-08,74.3125,74.8275,74.8275,11327100
2024-05-09,75.8194,75.7812,75.7812,9627300
2024-05-10,76.3725,76.3344,76.3344,10819600
2024-05-13,78.8808,80.6833,80.6833,32010700
2024-05-14,75.9624,75.8289,75.8289,44687700
2024-05-15,76.6682,77.2404,77.2404,17803300
2024-05-16,78.1655,82.686,82.686,47259500
2024-05-17,83.5444,84.4408,84.4408,35152900
2024-05-20,83.4204,84.1929,84.1929,16737200
2024-05-21,82.5144,82.1424,82.1424,16512400
2024-05-22,80.6928,78.8521,78.8521,19717800
2024-05-23,77.66,77.0592,77.0592,23930300
2024-05-24,76.7731,77.4979,77.4979,41456400
2024-05-28,77.0592,76.8494,76.8494,15211800
2024-05-29,75.1136,75.3997,75.3997,18448500
2024-05-30,75.2138,75.9433,75.9433,13875900
2024-05-31,74.3507,74.7131,74.7131,20023900
2024-06-03,75.3425,74.2934,74.2934,14244400
2024-06-04,74.5605,74.818,74.818,10784400
2024-06-05,75.3234,76.1341,76.1341,13716200
2024-06-06,75.7431,76.3058,76.3058,11205300
2024-06-07,75.2948,74.7798,74.7798,12190300
2024-06-10,74.9324,75.6286,75.6286,9475200
2024-06-11,75.3425,74.2934,74.2934,11108400
2024-06-12,75.1041,74.427,74.427,12069600
2024-06-13,74.5439,73.7449,73.7449,14026700
2024-06-14,72.3124,71.4744,71.4744,18282700
2024-06-17,72.1322,72.6438,72.6438,13466300
2024-06-18,72.1906,72.5561,72.5561,10305300
2024-06-20,72.6632,72.4489,72.4489,9709400
2024-06-21,71.9032,71.7863,71.7863,10183400
2024-06-24,72.2248,72.8776,72.8776,20134400
2024-06-25,72.595,71.9032,71.9032,16914100
2024-06-26,72.0347,72.2735,72.2735,7010100
2024-06-27,71.5816,70.5195,70.5195,11865100
2024-06-28,70.5195,70.159,70.159,10335000
2024-07-01,70.6559,70.3344,70.3344,9034200
2024-07-02,70.4708,71.796,71.796,13419100
2024-07-03,72.2832,73.6377,73.6377,11768500
2024-07-05,72.7607,72.6145,72.6145,14928700
2024-07-08,71.7278,71.6206,71.6206,10919400
2024-07-09,72.1176,73.7643,73.7643,14458100
2024-07-10,73.3551,74.0664,74.0664,12235200
2024-07-11,75.6742,76.5122,76.5122,18896900
2024-07-12,78.2467,77.6133,77.6133,14857200
2024-07-15,76.0932,76.0153,76.0153,12614900
2024-07-16,75.3137,76.3758,76.3758,12304500
2024-07-17,75.8691,75.0701,75.0701,10815500
2024-07-18,75.3819,74.5829,74.5829,11108600
2024-07-19,73.7254,73.3453,73.3453,7557300
2024-07-22,74.8654,74.6803,74.6803,9166800
2024-07-23,73.74,74.1541,74.1541,7997100
2024-07-24,74.2028,73.8618,73.8618,7924700
2024-07-25,73.4428,73.472,73.472,8172600
2024-07-26,73.3356,74.5731,74.5731,10884500
2024-07-29,76.4538,76.6097,76.6097,17364100
2024-07-30,76.2199,76.0055,76.0055,8431900
2024-07-31,77.3015,76.8338,76.8338,12178600
2024-08-01,76.7558,75.9861,75.9861,8559600
2024-08-02,74.8265,75.4696,75.4696,10808700
2024-08-05,72.137,75.0116,75.0116,16143300
2024-08-06,74.5536,75.9081,75.9081,12128900
2024-08-07,76.902,75.8399,75.8399,9693900
2024-08-08,76.8338,78.2565,78.2565,14004300
2024-08-09,77.9252,77.9447,77.9447,7755900
2024-08-12,78.5293,78.8411,78.8411,12127700
2024-08-13,78.8947,79.0263,79.0263,9365700
2024-08-14,78.4903,77.438,77.438,18058100
2024-08-15,75.9081,77.5062,77.5062,31619400
2024-08-16,79.952,81.0531,81.0531,25249200
2024-08-19,81.8326,81.7644,81.7644,14751000
2024-08-20,80.3515,78.9678,78.9678,17880100
2024-08-21,79.7571,81.3941,81.3941,14690000
2024-08-22,81.3649,80.8387,80.8387,9729000
2024-08-23,82.7291,83.2261,83.2261,17318000
2024-08-26,79.7961,79.6694,79.6694,29321700
2024-08-27,80.1663,79.3673,79.3673,9026100
2024-08-28,79.0506,77.5841,77.5841,14024400
2024-08-29,79.1627,78.9483,78.9483,14154200
2024-08-30,82.5537,81.209,81.209,20027300
2024-09-03,79.6889,80.1664,80.1664,11638200
2024-09-04,80.751,80.3612,80.3612,11114100
2024-09-05,80.0056,80.3223,80.3223,8461000
2024-09-06,80.0202,79.1042,79.1042,11712700
2024-09-09,78.8606,79.3576,79.3576,10434400
2024-09-10,81.6572,81.6572,81.6572,15327800
2024-09-11,81.438,82.6414,82.6414,11551700
2024-09-12,82.8558,83.304,83.304,10775000
2024-09-13,82.2321,82.5245,82.5245,8985500
2024-09-16,81.8862,81.4623,81.4623,11298200
2024-09-17,82.6511,82.5342,82.5342,10113900
2024-09-18,82.6804,82.2614,82.2614,7858800
2024-09-19,85.3844,86.2273,86.2273,18618400
2024-09-20,86.9386,86.0324,86.0324,12277000
2024-09-23,87.1823,87.7864,87.7864,19744100
2024-09-24,93.6135,94.7048,94.7048,47423200
2024-09-25,91.9667,93.0191,93.0191,18816600
2024-09-26,100.0642,102.3834,102.3834,67261600
2024-09-27,103.2603,104.5856,104.5856,50075200
2024-09-30,108.8633,103.4065,103.4065,58561500
2024-10-01,103.6988,109.8572,109.8572,44505000
2024-10-02,112.3615,112.303,112.303,53732800
2024-10-03,108.0643,109.9547,109.9547,29267000
2024-10-04,112.7074,111.6015,111.6015,25644200
2024-10-07,114.4468,114.515,114.515,38404000
2024-10-08,107.2847,106.8755,106.8755,37414400
2024-10-09,103.0947,105.1312,105.1312,28793000
2024-10-10,106.1934,106.4857,106.4857,19736600
2024-10-11,105.2872,107.3237,107.3237,18042600
2024-10-14,105.5405,105.0533,105.0533,21351600
2024-10-15,101.331,99.2359,99.2359,28942600
2024-10-16,99.8839,99.5575,99.5575,16432600
2024-10-17,98.661,97.5112,97.5112,15808200
2024-10-18,100.7219,99.8109,99.8109,20824600
2024-10-21,97.9058,98.3297,98.3297,10328600
2024-10-22,97.4527,97.8912,97.8912,20650100
2024-10-23,97.6038,95.4941,95.4941,13638200
2024-10-24,94.3151,93.8961,93.8961,13602900
2024-10-25,95.7865,94.929,94.929,16977100
2024-10-28,96.4978,97.3748,97.3748,16044400
2024-10-29,98.8559,97.2773,97.2773,13685400
2024-10-30,95.7036,96.1762,96.1762,10179900
2024-10-31,95.2992,95.4746,95.4746,8379300
2024-11-01,95.7085,95.0849,95.0849,8501000
2024-11-04,96.2932,95.8839,95.8839,8681900
2024-11-05,97.4138,96.6732,96.6732,10804200
2024-11-06,93.3504,94.2566,94.2566,18162900
2024-11-07,96.7219,97.5794,97.5794,16340400
2024-11-08,93.6525,91.7816,91.7816,24879800
2024-11-11,93.7012,92.9801,92.9801,12556700
2024-11-12,90.3102,89.4332,89.4332,21641900
2024-11-13,90.1835,89.6476,89.6476,12874500
2024-11-14,88.5659,88.2639,88.2639,16946800
2024-11-15,87.8936,86.3247,86.3247,31018300
2024-11-18,86.6268,87.0653,87.0653,13482000
2024-11-19,84.9313,84.8826,84.8826,19289000
2024-11-20,84.8144,84.5513,84.5513,15174500
2024-11-21,84.7559,83.3917,83.3917,15869200
2024-11-22,81.4623,81.0044,81.0044,24999200
2024-11-25,82.0957,83.3917,83.3917,15120100
2024-11-26,83.6207,83.0019,83.0019,10241500
2024-11-27,84.7462,84.3759,84.3759,13607600
2024-11-29,84.2102,85.1359,85.1359,7553500
2024-12-02,84.7169,83.7523,83.7523,16537200
2024-12-03,83.8058,83.4892,83.4892,13660700
2024-12-04,83.7522,82.7583,82.7583,13613700
2024-12-05,82.6268,81.9983,81.9983,12979600
2024-12-06,83.8107,83.7328,83.7328,11751500
2024-12-09,89.6573,89.9594,89.9594,32767300
2024-12-10,87.4892,87.533,87.533,13859200
2024-12-11,86.6219,86.7048,86.7048,9866000
2024-12-12,86.7584,86.9484,86.9484,9951200
2024-12-13,85.935,85.5744,85.5744,11608600
2024-12-16,83.762,83.8594,83.8594,13216600
2024-12-17,83.3138,84.9216,84.9216,13288700
2024-12-18,84.182,82.8265,82.8265,11319500
2024-12-19,82.8265,82.1542,82.1542,13795100
2024-12-20,80.1079,80.1761,80.1761,21270500
2024-12-23,80.7315,82.963,82.963,20055100
2024-12-24,83.5086,83.3332,83.3332,5235400
2024-12-26,83.5281,83.8789,83.8789,12008600
2024-12-27,82.7194,82.885,82.885,8629400
2024-12-30,82.0178,81.9788,81.9788,10731000
2024-12-31,82.2614,82.6219,82.6219,7415000
2025-01-02,82.2321,82.7778,82.7778,10635700
2025-01-03,82.924,83.3527,83.3527,7689500
2025-01-06,84.3369,83.3332,83.3332,18077100
2025-01-07,82.1493,82.3198,82.3198,11144100
2025-01-08,80.9654,81.55,81.55,9661800
2025-01-10,80.1469,78.4708,78.4708,15393900
2025-01-13,78.1006,78.4806,78.4806,10726600
2025-01-14,80.2833,79.5914,79.5914,8773700
2025-01-15,80.5171,80.332,80.332,11655700
2025-01-16,79.9227,80.3223,80.3223,7566500
2025-01-17,81.0726,82.9435,82.9435,21132400
2025-01-21,84.6487,83.1968,83.1968,17099500
2025-01-22,82.8265,84.1908,84.1908,10354800
2025-01-23,83.6061,83.8984,83.8984,9225600
2025-01-24,84.4928,86.8607,86.8607,18791000
2025-01-27,88.2736,87.6889,87.6889,25999800
2025-01-28,88.6147,93.5745,93.5745,31296300
2025-01-29,96.8486,94.2469,94.2469,75053000
2025-01-30,94.812,100.1129,100.1129,45929000
2025-01-31,99.3919,96.3127,96.3127,36416400
2025-02-03,94.0374,96.0885,96.0885,29282900
2025-02-04,98.0179,99.7329,99.7329,29877500
2025-02-05,97.6038,96.7414,96.7414,17017900
2025-02-06,98.661,97.8133,97.8133,12774600
2025-02-07,101.789,100.8633,100.8633,39538200
2025-02-10,104.5758,108.4735,108.4735,42429400
2025-02-11,111.046,109.8962,109.8962,55001300
2025-02-12,112.8585,115.3043,115.3043,44024700
2025-02-13,112.381,116.4834,116.4834,34429300
2025-02-14,123.3531,121.5406,121.5406,52729800
2025-02-18,124.4737,123.6552,123.6552,42152800
2025-02-19,122.7782,122.5735,122.5735,35155200
2025-02-20,134.2862,132.4932,132.4932,118849000
2025-02-21,137.9793,140.0743,140.0743,73892100
2025-02-24,132.3276,125.7404,125.7404,74118300
2025-02-25,129.3945,130.5833,130.5833,38881100
2025-02-26,136.4202,135.5237,135.5237,40543000
2025-02-27,135.1291,133.0584,133.0584,23859400
2025-02-28,127.6016,129.1217,129.1217,24862600
2025-03-03,130.5834,127.4652,127.4652,22528000
2025-03-04,126.2861,126.5297,126.5297,25366500
2025-03-05,130.9341,137.4238,137.4238,37284600
2025-03-06,138.5639,136.3715,136.3715,35482100
2025-03-07,139.2655,137.0243,137.0243,31904400
2025-03-10,132.5176,129.1509,129.1509,33484200
2025-03-11,134.6272,135.4653,135.4653,29094800
2025-03-12,134.866,133.6333,133.6333,23880900
2025-03-13,131.3239,134.8124,134.8124,20516300
2025-03-14,137.7357,137.4921,137.4921,17381900
2025-03-17,136.5761,143.7966,143.7966,33897000
2025-03-18,142.6371,139.0901,139.0901,20950100
2025-03-19,141.3606,139.5384,139.5384,16333800
2025-03-20,133.6674,133.4092,133.4092,23646800
2025-03-21,130.5639,131.6845,131.6845,13970300
2025-03-24,132.844,131.0413,131.0413,14019000
2025-03-25,129.5407,129.3556,129.3556,17943400
2025-03-26,130.1156,128.8586,128.8586,15933500
2025-03-27,130.0377,132.1619,132.1619,16688300
2025-03-28,130.0864,129.0437,129.0437,13271500
2025-03-31,126.7051,128.8489,128.8489,12183800
2025-04-01,129.3556,129.3068,129.3068,11627500
2025-04-02,128.5858,126.4713,126.4713,21240900
2025-04-03,122.4322,126.023,126.023,30607600
2025-04-04,114.5637,113.5601,113.5601,57154500
2025-04-07,103.8937,103.2701,103.2701,61386600
2025-04-08,105.4918,96.8291,96.8291,52100200
2025-04-09,98.0277,102.1008,102.1008,74981900
2025-04-10,104.1276,101.5161,101.5161,53133400
2025-04-11,102.1008,104.9753,104.9753,40522800
2025-04-14,109.0095,111.0558,111.0558,32926100
2025-04-15,110.8706,109.409,109.409,16172300
2025-04-16,105.409,104.0204,104.0204,18031600
2025-04-17,108.0009,106.0862,106.0862,17885000
2025-04-21,105.9498,107.3335,107.3335,12145700
2025-04-22,111.4358,112.9169,112.9169,27662400
2025-04-23,116.5321,115.9279,115.9279,25762800
2025-04-24,114.9194,116.2397,116.2397,13696000
2025-04-25,115.5479,117.2044,117.2044,9306400
2025-04-28,116.4444,115.3433,115.3433,10748000
2025-04-29,114.7196,115.8402,115.8402,8295500
2025-04-30,116.0449,116.3762,116.3762,10144800
2025-05-01,117.1167,117.448,117.448,8690200
2025-05-02,122.783,122.5443,122.5443,18092500
2025-05-05,121.8037,123.3336,123.3336,9868800
2025-05-06,125.1704,124.3957,124.3957,17919700
2025-05-07,121.7161,120.079,120.079,15979200
2025-05-08,122.1448,122.5735,122.5735,10846800
2025-05-09,123.7429,122.1253,122.1253,11172200
2025-05-12,130.4469,129.1607,129.1607,22631700
2025-05-13,127.6503,128.2837,128.2837,16123600
2025-05-14,130.6467,130.6223,130.6223,18278300
2025-05-15,123.012,120.7319,120.7319,35442800
2025-05-16,122.5638,120.3031,120.3031,20090000
2025-05-19,117.107,119.8159,119.8159,11197000
2025-05-20,121.1119,121.9597,121.9597,11790000
2025-05-21,122.2422,120.4298,120.4298,8521400
2025-05-22,118.3835,118.3737,118.3737,7820900
2025-05-23,116.5223,117.6429,117.6429,7163400
2025-05-27,116.8098,116.4639,116.4639,8544500
2025-05-28,114.4468,113.755,113.755,11707700
2025-05-29,115.9913,114.1837,114.1837,12356300
2025-05-30,112.0692,110.9291,110.9291,17213200
2025-06-02,111.962,111.8158,111.8158,13147200
2025-06-03,112.4297,112.0302,112.0302,14008900
2025-06-04,113.828,116.3957,116.3957,18115500
2025-06-05,117.8573,116.8926,116.8926,15332200
2025-06-06,115.9572,116.3274,116.3274,9753200
2025-06-09,117.9937,118.3737,118.3737,10410600
2025-06-10,117.5309,118.7635,118.7635,8892800
2025-06-11,119.4943,117.2532,117.2532,10443100
2025-06-12,116.4505,115.5587,115.5587,10204500
2025-06-13,112.6356,111.8428,111.8428,13355100
2025-06-16,113.9336,114.9047,114.9047,10242900
2025-06-17,114.8849,113.9832,113.9832,10205700
2025-06-18,112.6058,112.4572,112.4572,14002300
2025-06-20,113.0716,111.9816,111.9816,12737300
2025-06-23,111.0947,112.0608,112.0608,12536500
2025-06-24,113.572,115.9452,115.9452,17125100
2025-06-25,116.1334,113.5076,113.5076,12835500
2025-06-26,113.0616,112.8932,112.8932,8388000
2025-06-27,113.3292,113.0418,113.0418,12355500
2025-06-30,111.4366,112.3779,112.3779,10457300
2025-07-01,111.9221,112.9328,112.9328,9243200
2025-07-02,110.5547,109.7025,109.7025,13843800
2025-07-03,107.3491,107.7108,107.7108,11847200
2025-07-07,106.4523,105.3029,105.3029,17446200
2025-07-08,107.7752,107.0072,107.0072,11319900
2025-07-09,104.5201,102.8851,102.8851,24609300
2025-07-10,104.1832,105.6695,105.6695,13554500
2025-07-11,105.9371,105.7488,105.7488,10774600
2025-07-14,106.6654,107.2352,107.2352,13231300
2025-07-15,113.6116,115.9055,115.9055,34785400
2025-07-16,114.4489,114.6768,114.6768,14439000
2025-07-17,113.9931,116.2325,116.2325,14573600
2025-07-18,120.2754,119.1359,119.1359,26787700
2025-07-21,118.4224,119.1755,119.1755,17937600
2025-07-22,119.344,119.6115,119.6115,11551500
2025-07-23,121.6775,121.4645,121.4645,12874200
2025-07-24,120.7411,120.0475,120.0475,11378400
2025-07-25,119.0962,118.9377,118.9377,7060600
2025-07-28,120.9195,121.0384,121.0384,11207400
2025-07-29,121.3753,118.2738,118.2738,13599700
2025-07-30,117.9616,116.3118,116.3118,12794100
2025-07-31,116.7478,119.5322,119.5322,13650400
2025-08-01,116.9856,116.0046,116.0046,12424300
2025-08-04,117.273,116.4307,116.4307,7272100
2025-08-05,117.0252,115.9749,115.9749,5885600
2025-08-06,117.7981,119.7601,119.7601,12079600
2025-08-07,120.2358,119.8592,119.8592,9480600
2025-08-08,118.2341,119.2647,119.2647,9763600
2025-08-11,119.334,117.5603,117.5603,12072000
2025-08-12,117.7288,121.3059,121.3059,11939800
2025-08-13,125.5371,125.7055,125.7055,19362500
2025-08-14,122.604,121.1672,121.1672,15045600
2025-08-15,119.879,120.1565,120.1565,11141800
2025-08-18,120.8105,120.2952,120.2952,8550400
2025-08-19,120.4736,118.898,118.898,8106100
2025-08-20,118.8287,118.4026,118.4026,7095800
2025-08-21,116.8072,117.0153,117.0153,8231200
2025-08-22,119.3786,121.8212,121.8212,13855300
2025-08-25,124.0408,123.2184,123.2184,12888400
2025-08-26,124.1548,123.0598,123.0598,8706100
2025-08-27,120.097,121.1177,121.1177,13833100
2025-08-28,118.4422,118.4819,118.4819,14501100
2025-08-29,127.7072,133.7715,133.7715,82165100
2025-09-02,133.2463,137.2891,137.2891,41625400
2025-09-03,135.456,135.2083,135.2083,16470500
2025-09-04,131.9482,129.7286,129.7286,24730900
2025-09-05,133.8012,134.3462,134.3462,19202500
2025-09-08,138.607,139.915,139.915,20095300
2025-09-09,144.0768,145.7613,145.7613,32792300
2025-09-10,144.0966,142.6202,142.6202,21079900
2025-09-11,146.772,154.0254,154.0254,50089200
2025-09-12,152.6679,153.6489,153.6489,20903300
2025-09-15,157.6422,156.6018,156.6018,23567200
2025-09-16,156.9189,160.7338,160.7338,26017700
2025-09-17,164.4893,164.6578,164.6578,29344300
2025-09-18,161.0212,161.0014,161.0014,19529600
2025-09-19,163.1913,161.3284,161.3284,18183200
2025-09-22,162.2697,162.7553,162.7553,18667700
2025-09-23,163.5083,161.5959,161.5959,18278600
2025-09-24,174.3785,174.8343,174.8343,52642300
2025-09-25,171.822,173.8732,173.8732,20712200
2025-09-26,170.6032,170.3456,170.3456,15971100
2025-09-29,176.4594,178.2628,178.2628,21576300
2025-09-30,180.0068,177.1035,177.1035,18681500
2025-10-01,178.3421,181.1166,181.1166,14966900
2025-10-02,186.8638,187.6169,187.6169,23687800
2025-10-03,188.9844,186.3188,186.3188,13990900
2025-10-06,184.8028,185.5162,185.5162,10973500
2025-10-07,185.6995,179.6798,179.6798,16942200
2025-10-08,179.1447,179.4717,179.4717,15883700
2025-10-09,176.8954,172.0994,172.0994,21211600
2025-10-10,168.4827,157.5629,157.5629,50296800
2025-10-13,166.2531,165.292,165.292,25703100
2025-10-14,158.5935,161.3779,161.3779,18583200
2025-10-15,166.5405,164.4002,164.4002,15337400
2025-10-16,165.0046,163.5876,163.5876,10979700
2025-10-17,160.2879,165.5298,165.5298,17765700
2025-10-20,165.7676,171.8914,171.8914,20120500
2025-10-21,168.9682,165.1532,165.1532,15662500
2025-10-22,165.4802,164.3506,164.3506,15016500
2025-10-23,167.4323,170.3356,170.3356,12792100
2025-10-24,172.8129,173.1102,173.1102,11841000
2025-10-27,178.1043,177.8169,177.8169,12580800
2025-10-28,175.8649,175.1118,175.1118,11906900
2025-10-29,178.6542,178.3322,178.3322,12068900
2025-10-30,172.7336,172.3472,172.3472,10756300
2025-10-31,168.9781,168.879,168.879,13181400
2025-11-03,166.7783,166.164,166.164,9702300
2025-11-04,161.1203,162.8048,162.8048,9693100
2025-11-05,162.9039,163.3201,163.3201,8631400
2025-11-06,167.462,166.0847,166.0847,12438900
2025-11-07,161.477,164.8262,164.8262,11581200
2025-11-10,166.0946,164.3803,164.3803,9348700
2025-11-11,163.0922,159.3367,159.3367,11354400
2025-11-12,159.515,156.473,156.473,13920800
2025-11-13,162.5075,158.3854,158.3854,17213000
2025-11-14,155.5118,152.4004,152.4004,33991000
2025-11-17,156.5423,156.2748,156.2748,16911400
2025-11-18,155.8784,158.2665,158.2665,12438900
2025-11-19,157.8751,157.444,157.444,7949900
2025-11-20,157.553,151.8851,151.8851,13466900
2025-11-21,150.5969,151.5383,151.5383,16240800
2025-11-24,158.5439,159.2673,159.2673,21796600
2025-11-25,163.6966,155.5811,155.5811,27097500
2025-11-26,157.6472,156.1658,156.1658,21453100
2025-11-28,154.7389,155.8685,155.8685,7185500
2025-12-01,159.0394,162.7652,162.7652,15321200
2025-12-02,159.733,159.6637,159.6637,9878500
2025-12-03,155.9676,156.6414,156.6414,6968000
2025-12-04,156.8297,156.0072,156.0072,6666300
2025-12-05,157.7017,156.8792,156.8792,6277100
2025-12-08,156.1361,156.691,156.691,7342000
2025-12-09,153.0345,154.5407,154.5407,6458100
2025-12-10,158.1872,157.3747,157.3747,10928600
2025-12-11,153.7381,155.4721,155.4721,8171200
2025-12-12,156.3293,154.2632,154.2632,6708400
2025-12-15,151.786,148.7241,148.7241,11233100
2025-12-16,147.5945,147.9314,147.9314,9051900
2025-12-17,149.2295,145.7514,145.7514,8271000
2025-12-18,147.2972,145.9793,145.9793,6597400
2025-12-19,147.6539,148.4268,148.4268,9004200
2025-12-22,149.0363,149.5862,149.5862,6779100
2025-12-23,149.2047,149.8537,149.8537,5373300
2025-12-24,149.1304,148.6944,148.6944,3274200
2025-12-26,148.9223,150.8546,150.8546,6037200
2025-12-29,146.3757,147.1387,147.1387,8900000
2025-12-30,147.4855,146.019,146.019,6832300
2025-12-31,145.3551,145.2461,145.2461,6116000
2026-01-02,151.2311,154.3227,154.3227,15778300
2026-01-05,154.3574,154.838,154.838,14744000
2026-01-06,153.8074,149.5267,149.5267,12998100
2026-01-07,147.0297,145.4145,145.4145,12613200
2026-01-08,144.7655,153.0643,153.0643,20981700
2026-01-09,149.9528,149.5862,149.5862,11437900
2026-01-12,156.037,164.7965,164.7965,35379000
2026-01-13,163.9939,165.4901,165.4901,18850400
2026-01-14,170.0087,168.3538,168.3538,17475100
2026-01-15,168.1012,169.3745,169.3745,12607000
2026-01-16,168.2349,163.8948,163.8948,18598300
2026-01-20,160.3573,160.9122,160.9122,9885000
2026-01-21,166.05,167.135,167.135,11713700
2026-01-22,174.8244,175.5676,175.5676,32031100
2026-01-23,173.8385,171.6535,171.6535,13064100
2026-01-26,168.2448,169.8105,169.8105,10166100
2026-01-27,172.4661,171.1482,171.1482,8931300
2026-01-28,174.6461,174.0614,174.0614,9001500
2026-01-29,176.717,172.6643,172.6643,12062500
2026-01-30,171.1284,168.0169,168.0169,10846100
2026-02-02,166.4513,166.8576,166.8576,6551800
2026-02-03,162.3886,162.1607,162.1607,10066600
2026-02-04,160.8527,157.6918,157.6918,11851400
2026-02-05,159.6736,156.3243,156.3243,10936700
2026-02-06,158.9998,161.0311,161.0311,10972100
2026-02-09,160.4167,161.5166,161.5166,7260500
2026-02-10,162.2499,164.9947,164.9947,10990000
2026-02-11,162.5967,162.8246,162.8246,8756900
2026-02-12,161.6355,157.2855,157.2855,11457800
2026-02-13,151.464,154.3128,154.3128,16045600
2026-02-17,154.9519,154.0155,154.0155,6803600
2026-02-18,155.4523,154.3524,154.3524,4506600
2026-02-19,153.8124,152.8661,152.8661,6582500
2026-02-20,149.4772,153.0444,153.0444,8758700
2026-02-23,154.0849,151.3896,151.3896,6751000
2026-02-24,150.7158,151.7166,151.7166,6655200
2026-02-25,151.4095,150.8942,150.8942,5813400
2026-02-26,147.0049,146.7027,146.7027,10256400
2026-02-27,144.1363,142.7985,142.7985,9780300
2026-03-02,137.9233,141.2626,141.2626,9428300
2026-03-03,135.1389,134.3561,134.3561,18476800
2026-03-04,133.7566,132.0572,132.0572,14293900
2026-03-05,128.5197,129.1638,129.1638,18612900
2026-03-06,128.1233,129.5998,129.5998,10957000
2026-03-09,129.0548,131.4329,131.4329,10072400
2026-03-10,134.475,135.6046,135.6046,15264300
2026-03-11,134.3363,135.0497,135.0497,6685100
2026-03-12,134.148,132.9787,132.9787,7591800
2026-03-13,134.8317,133.9795,133.9795,6438400
2026-03-16,137.5369,135.4659,135.4659,9972300
2026-03-17,136.6203,135.3272,135.3272,10005700
2026-03-18,137.1851,133.2066,133.2066,17158600
2026-03-19,121.9005,123.7634,123.7634,33440500
2026-03-20,124.5709,121.296,121.296,15479300
2026-03-23,122.1185,124.9128,124.9128,15583900
2026-03-24,123.2283,124.3381,124.3381,8516200
2026-03-25,128.3017,128.6881,128.6881,12843000
2026-03-26,125.5668,124.2687,124.2687,9240000
2026-03-27,122.8418,121.5735,121.5735,8105000
2026-03-30,122.1581,120.8699,120.8699,7226700
2026-03-31,120.8798,124.3183,124.3183,9486100
2026-04-01,124.3381,122.604,122.604,10297400
2026-04-02,119.1755,120.9393,120.9393,8830200
2026-04-06,120.9393,121.1969,121.1969,3987600
2026-04-07,120.0475,118.6305,118.6305,10879200
2026-04-08,126.9442,124.1795,124.1795,17638100
2026-04-09,123.3868,126.5181,126.5181,10014600
2026-04-10,127.9598,126.1712,126.1712,9356300
2026-04-13,124.8434,126.8451,126.8451,5550200
2026-04-14,127.3009,130.1547,130.1547,11718500
2026-04-15,131.4924,132.0671,132.0671,8749500
2026-04-16,136.546,137.3288,137.3288,17122200
2026-04-17,139.8655,139.7267,139.7267,12886500
2026-04-20,139.1867,138.8944,138.8944,7823300
2026-04-21,137.9828,134.148,134.148,11388200
2026-04-22,135.6641,135.1785,135.1785,9258300
2026-04-23,132.5626,130.5015,130.5015,10749900
2026-04-24,132.4635,134.584,134.584,9046800
2026-04-27,131.7897,131.314,131.314,6462100
2026-04-28,128.3215,129.6592,129.6592,6088100
2026-04-29,130.7492,129.243,129.243,6386000
2026-04-30,128.9656,130.6798,130.6798,7416600
2026-05-01,130.556,130.3033,130.3033,6199300
2026-05-04,132.7607,132.0572,132.0572,8317200
2026-05-05,133.3999,131.0564,131.0564,6919300
2026-05-06,136.0555,140.1528,140.1528,16958900
2026-05-07,142.4567,139.7168,139.7168,10698800
2026-05-08,140.7573,138.7854,138.7854,10062000
2026-05-11,136.4072,136.0505,136.0505,9859200
2026-05-12,135.2479,133.5535,133.5535,16129000
2026-05-13,130.8582,144.4831,144.4831,40214600
2026-05-14,139.697,139.8358,139.8358,19422000
2026-05-15,134.6434,131.3834,131.3834,17985100
2026-05-18,132.7261,132.0473,132.0473,10379400
2026-05-19,134.1133,134.4056,134.4056,11084200
2026-05-20,134.6236,133.2463,133.2463,7035400
2026-05-21,128.371,130.2736,130.2736,12621500
2026-05-22,125.7699,128.817,128.817,11868400
2026-05-26,128.9161,128.2918,128.2918,5599000
2026-05-27,125.1704,126.5973,126.5973,8272800
2026-05-28,123.585,125.0119,125.0119,11541300
2026-05-29,123.258,123.0896,123.0896,12504300
2026-06-01,123.0697,124.2588,124.2588,9297800
2026-06-02,131.0465,129.6295,129.6295,15355100
2026-06-03,127.5882,126.0523,126.0523,8646200
2026-06-04,125.4677,124.8038,124.8038,6928100
2026-06-05,123.8724,119.9583,119.9583,12891400
2026-06-08,120.6519,118.9773,118.9773,9493300
2026-06-09,120.1961,118.6107,118.6107,11871000
2026-06-10,114.9444,114.33,114.33,10880900
2026-06-11,110.875,112.69,112.69,16403600
2026-06-12,112.57,112.82,112.82,8157900
2026-06-15,112.66,112.55,112.55,10426100
2026-06-16,109.33,110.97,110.97,14128100
2026-06-17,109.51,107.44,107.44,13280700
2026-06-18,106.485,107.1,107.1,14603000
2026-06-22,105.092,104.97,104.97,13220800
2026-06-23,102.38,102.6,102.6,11335700
2026-06-24,101.25,99.8,99.8,15334300
2026-06-25,97.675,95.07,95.07,20248200
2026-06-26,92.0,94.81,94.81,18307600
2026-06-29,96.14,95.51,95.51,21078900
2026-06-30,94.99,95.98,95.98,11816100
2026-07-01,95.6,97.99,97.99,11888600
2026-07-02,96.89,96.14,96.14,11744600
2026-07-06,97.41,97.91,97.91,8948100
2026-07-07,97.8,98.14,98.14,10204200
2026-07-08,107.6,108.98,108.98,38869300
2026-07-09,109.12,111.14,111.14,14110600
2026-07-10,113.24,112.33,112.33,16162200
2026-07-13,112.855,112.35,112.35,9559900
2026-07-14,112.95,112.32,112.32,8272300
2026-07-15,117.4,117.69,117.69,20233300
2026-07-16,118.475,117.49,117.49,9653500
2026-07-17,114.65,114.97,114.97,11282100
2026-07-20,118.91,120.34,120.34,14750900
2026-07-21,118.66,117.97,117.97,9338200
2026-07-22,116.225,116.56,116.56,7085800
2026-07-23,115.76,114.06,114.06,8500200
2026-07-24,112.79,112.14,112.14,6943000
2026-07-27,114.12,115.0,115.0,9232700
2026-07-28,114.71,115.19,115.19,6426700
2026-07-29,114.71,115.03,115.03,9066400
2026-07-30,114.0,116.32,116.32,7921300
2026-07-31,120.11,122.25,122.25,17030500
2026-08-03,126.6,127.3,127.3,14603700
2026-08-04,126.06,128.99,128.99,10755800
2026-08-05,130.65,128.53,128.53,9553900
2026-08-06,126.78,126.81,126.81,4900100
2026-08-07,127.61,128.41,128.41,6061700
2026-08-10,128.62,132.32,132.32,9449400
2026-08-11,129.19,127.85,127.85,6783900
2026-08-12,125.33,125.22,125.22,9231700
2026-08-13,123.515,122.16,122.16,11583600
2026-08-14,122.79,123.81,123.81,8221700
2026-08-17,126.0,124.71,124.71,8894600
2026-08-18,127.76,128.15,128.15,12809800
2026-08-19,127.77,128.9,128.9,11645900
2026-08-20,123.47,130.53,130.53,28101600
2026-08-21,125.35,119.34,119.34,32402400
2026-08-24,116.9,118.47,118.47,23933728
2026-08-25,117.94,119.44,119.44,15750943
2026-08-26,119.34,119.83,119.83,12882068
2026-08-27,117.49,116.31,116.31,14372285
