date,open_price_usd,close_price_usd,adj_close_price_usd,total_volume_usd
2015-01-02,82.43,82.65,82.65,2218800
2015-01-05,82.74,82.89,82.89,5820100
2015-01-06,83.03,83.13,83.13,3887600
2015-01-07,83.14,83.18,83.18,2433400
2015-01-08,83.11,83.05,83.05,1873400
2015-01-09,83.01,83.19,83.19,1646100
2015-01-12,83.25,83.3,83.3,4397900
2015-01-13,83.31,83.38,83.38,2223400
2015-01-14,83.64,83.57,83.57,2481200
2015-01-15,83.55,83.94,83.94,4214500
2015-01-16,83.81,83.69,83.69,3631300
2015-01-20,83.7,83.6,83.6,3029500
2015-01-21,83.79,83.44,83.44,2473900
2015-01-22,83.63,83.46,83.46,2157400
2015-01-23,83.64,83.73,83.73,6255000
2015-01-26,83.73,83.63,83.63,7810500
2015-01-27,83.86,83.68,83.68,1154100
2015-01-28,83.64,83.98,83.98,1394600
2015-01-29,83.94,83.89,83.89,1551300
2015-01-30,84.2,84.35,84.35,10474400
2015-02-02,83.95,84.08,84.08,6070500
2015-02-03,83.93,83.82,83.82,1237200
2015-02-04,83.65,83.85,83.85,2945700
2015-02-05,83.69,83.67,83.67,2128200
2015-02-06,83.38,83.13,83.13,2907700
2015-02-09,83.27,83.1,83.1,1384600
2015-02-10,83.0,82.95,82.95,1447900
2015-02-11,83.0,82.95,82.95,1904000
2015-02-12,82.99,82.99,82.99,4662900
2015-02-13,83.03,82.8,82.8,1883000
2015-02-17,82.78,82.47,82.47,5281500
2015-02-18,82.59,82.7,82.7,3813000
2015-02-19,82.74,82.63,82.63,1322700
2015-02-20,82.75,82.65,82.65,3145800
2015-02-23,82.8,82.82,82.82,3952700
2015-02-24,82.82,83.16,83.16,2542200
2015-02-25,83.15,83.24,83.24,4934600
2015-02-26,83.14,83.01,83.01,2187500
2015-02-27,83.03,83.08,83.08,4094400
2015-03-02,82.96,82.65,82.65,2476100
2015-03-03,82.63,82.55,82.55,2648100
2015-03-04,82.6,82.55,82.55,1425400
2015-03-05,82.57,82.6,82.6,1340800
2015-03-06,82.31,82.12,82.12,1580000
2015-03-09,82.28,82.22,82.22,1982300
2015-03-10,82.45,82.54,82.54,3766100
2015-03-11,82.54,82.63,82.63,4829700
2015-03-12,82.87,82.69,82.69,8421500
2015-03-13,82.61,82.61,82.61,2114500
2015-03-16,82.82,82.77,82.77,1203700
2015-03-17,82.78,82.84,82.84,1471300
2015-03-18,82.93,83.35,83.35,5534300
2015-03-19,83.3,83.1,83.1,1208100
2015-03-20,83.15,83.32,83.32,1011200
2015-03-23,83.36,83.36,83.36,1572700
2015-03-24,83.41,83.5,83.5,2300500
2015-03-25,83.6,83.37,83.37,1559900
2015-03-26,83.25,83.1,83.1,2342500
2015-03-27,83.18,83.18,83.18,6542300
2015-03-30,83.3,83.28,83.28,1634800
2015-03-31,83.3,83.37,83.37,1996000
2015-04-01,83.37,83.51,83.51,3132700
2015-04-02,83.54,83.4,83.4,791200
2015-04-06,83.6,83.47,83.47,1768800
2015-04-07,83.4,83.52,83.52,977400
2015-04-08,83.52,83.46,83.46,3470700
2015-04-09,83.48,83.28,83.28,1025400
2015-04-10,83.35,83.24,83.24,4290100
2015-04-13,83.3,83.26,83.26,6046400
2015-04-14,83.53,83.41,83.41,1398100
2015-04-15,83.55,83.49,83.49,1022400
2015-04-16,83.51,83.47,83.47,1289900
2015-04-17,83.45,83.61,83.61,1693900
2015-04-20,83.55,83.52,83.52,2463600
2015-04-21,83.48,83.42,83.42,1788000
2015-04-22,83.39,83.11,83.11,1501300
2015-04-23,83.19,83.27,83.27,5518000
2015-04-24,83.38,83.4,83.4,1597900
2015-04-27,83.44,83.34,83.34,1591400
2015-04-28,83.27,83.08,83.08,1217700
2015-04-29,82.83,82.82,82.82,1905200
2015-04-30,82.69,82.91,82.91,4229900
2015-05-01,82.56,82.5,82.5,7173200
2015-05-04,82.57,82.38,82.38,1190000
2015-05-05,82.42,82.25,82.25,4175700
2015-05-06,82.2,82.02,82.02,3938900
2015-05-07,82.1,82.19,82.19,3602900
2015-05-08,82.48,82.41,82.41,1735900
2015-05-11,82.25,81.98,81.98,929200
2015-05-12,81.85,81.88,81.88,2139600
2015-05-13,82.11,81.84,81.84,2372000
2015-05-14,81.95,82.0,82.0,1485300
2015-05-15,82.16,82.33,82.33,1402700
2015-05-18,82.26,82.03,82.03,3747700
2015-05-19,81.8,81.85,81.85,4856500
2015-05-20,81.88,81.85,81.85,4097400
2015-05-21,82.0,82.11,82.11,2314100
2015-05-22,82.06,82.06,82.06,816600
2015-05-26,82.06,82.26,82.26,1178300
2015-05-27,82.28,82.3,82.3,2564500
2015-05-28,82.33,82.31,82.31,1073300
2015-05-29,82.42,82.34,82.34,2494300
2015-06-01,82.19,81.9,81.9,1362800
2015-06-02,81.8,81.67,81.67,1510000
2015-06-03,81.52,81.31,81.31,1390000
2015-06-04,81.42,81.51,81.51,1111300
2015-06-05,81.27,81.19,81.19,4115300
2015-06-08,81.27,81.29,81.29,4954500
2015-06-09,81.2,81.05,81.05,2883300
2015-06-10,80.92,80.88,80.88,1222800
2015-06-11,81.0,81.26,81.26,1815900
2015-06-12,81.17,81.2,81.2,1785100
2015-06-15,81.38,81.21,81.21,2082900
2015-06-16,81.34,81.42,81.42,2250700
2015-06-17,81.38,81.45,81.45,865700
2015-06-18,81.37,81.39,81.39,1210300
2015-06-19,81.55,81.62,81.62,1176700
2015-06-22,81.42,81.23,81.23,1020000
2015-06-23,81.04,81.04,81.04,1096000
2015-06-24,81.15,81.19,81.19,6836900
2015-06-25,81.16,81.08,81.08,2894500
2015-06-26,80.94,80.93,80.93,963000
2015-06-29,81.19,81.34,81.34,2168400
2015-06-30,81.26,81.26,81.26,1547800
2015-07-01,80.87,80.9,80.9,5399300
2015-07-02,81.06,81.1,81.1,1060100
2015-07-06,81.44,81.38,81.38,2210700
2015-07-07,81.69,81.46,81.46,4183200
2015-07-08,81.64,81.69,81.69,1967800
2015-07-09,81.56,81.42,81.42,1670900
2015-07-10,81.02,81.04,81.04,2038300
2015-07-13,80.86,80.85,80.85,2846500
2015-07-14,81.0,81.0,81.0,1567700
2015-07-15,81.01,81.23,81.23,2631000
2015-07-16,81.07,81.23,81.23,1063100
2015-07-17,81.25,81.24,81.24,807900
2015-07-20,81.19,81.13,81.13,1026900
2015-07-21,81.12,81.28,81.28,1422900
2015-07-22,81.32,81.31,81.31,1624100
2015-07-23,81.35,81.5,81.5,1178400
2015-07-24,81.59,81.55,81.55,804300
2015-07-27,81.69,81.71,81.71,2022800
2015-07-28,81.61,81.57,81.57,1434700
2015-07-29,81.57,81.5,81.5,1020500
2015-07-30,81.48,81.53,81.53,788000
2015-07-31,81.78,81.81,81.81,1589100
2015-08-03,81.7,81.83,81.83,2085800
2015-08-04,81.76,81.55,81.55,1007300
2015-08-05,81.45,81.42,81.42,2097000
2015-08-06,81.44,81.47,81.47,1173000
2015-08-07,81.6,81.64,81.64,1773800
2015-08-10,81.58,81.47,81.47,1173300
2015-08-11,81.74,81.78,81.78,1424200
2015-08-12,81.92,81.75,81.75,1029700
2015-08-13,81.67,81.58,81.58,845500
2015-08-14,81.55,81.55,81.55,2279800
2015-08-17,81.74,81.7,81.7,821900
2015-08-18,81.6,81.55,81.55,1083900
2015-08-19,81.47,81.84,81.84,1356600
2015-08-20,81.87,81.91,81.91,1536900
2015-08-21,81.97,82.04,82.04,3459200
2015-08-24,82.3,82.02,82.02,4751800
2015-08-25,81.92,81.75,81.75,5325500
2015-08-26,81.54,81.4,81.4,2742500
2015-08-27,81.37,81.51,81.51,2671000
2015-08-28,81.69,81.55,81.55,2723900
2015-08-31,81.68,81.44,81.44,3103700
2015-09-01,81.39,81.47,81.47,2577700
2015-09-02,81.39,81.41,81.41,1934700
2015-09-03,81.52,81.47,81.47,2503000
2015-09-04,81.61,81.67,81.67,1213800
2015-09-08,81.52,81.47,81.47,1194600
2015-09-09,81.22,81.45,81.45,4265400
2015-09-10,81.43,81.28,81.28,1889000
2015-09-11,81.49,81.45,81.45,1411500
2015-09-14,81.55,81.47,81.47,905900
2015-09-15,81.39,81.13,81.13,1697300
2015-09-16,81.07,81.08,81.08,1579000
2015-09-17,81.04,81.54,81.54,1833200
2015-09-18,81.63,81.77,81.77,1639800
2015-09-21,81.62,81.47,81.47,933800
2015-09-22,81.6,81.62,81.62,1444000
2015-09-23,81.66,81.62,81.62,709000
2015-09-24,81.84,81.65,81.65,1454400
2015-09-25,81.6,81.5,81.5,1134000
2015-09-28,81.63,81.71,81.71,1305000
2015-09-29,81.72,81.77,81.77,1256600
2015-09-30,81.79,81.93,81.93,4432000
2015-10-01,81.89,81.81,81.81,2023700
2015-10-02,82.17,82.12,82.12,1770400
2015-10-05,82.02,81.8,81.8,4199900
2015-10-06,81.9,81.91,81.91,1925300
2015-10-07,81.87,81.91,81.91,1871000
2015-10-08,81.92,81.78,81.78,1118100
2015-10-09,81.68,81.77,81.77,1197400
2015-10-12,81.84,81.91,81.91,864100
2015-10-13,81.94,81.96,81.96,971700
2015-10-14,82.08,82.26,82.26,786300
2015-10-15,82.15,82.1,82.1,2264300
2015-10-16,82.06,82.07,82.07,1241200
2015-10-19,82.08,82.07,82.07,840100
2015-10-20,81.94,81.94,81.94,1348200
2015-10-21,82.09,82.09,82.09,943500
2015-10-22,82.09,82.23,82.23,1101300
2015-10-23,82.08,82.02,82.02,1367100
2015-10-26,82.14,82.11,82.11,1512200
2015-10-27,82.26,82.13,82.13,929400
2015-10-28,82.18,81.9,81.9,2617300
2015-10-29,81.8,81.61,81.61,943200
2015-10-30,81.61,81.79,81.79,1474100
2015-11-02,81.44,81.46,81.46,2939200
2015-11-03,81.4,81.32,81.32,3997100
2015-11-04,81.39,81.37,81.37,3594400
2015-11-05,81.35,81.22,81.22,1715400
2015-11-06,80.98,80.9,80.9,1198700
2015-11-09,80.77,80.83,80.83,2358300
2015-11-10,80.93,80.92,80.92,1421000
2015-11-11,80.93,80.93,80.93,1303500
2015-11-12,81.04,80.94,80.94,1263900
2015-11-13,81.01,81.09,81.09,1583300
2015-11-16,81.12,81.09,81.09,949100
2015-11-17,81.03,81.18,81.18,1155900
2015-11-18,81.13,81.14,81.14,944100
2015-11-19,81.28,81.25,81.25,1085500
2015-11-20,81.32,81.23,81.23,1273800
2015-11-23,81.21,81.26,81.26,1647300
2015-11-24,81.29,81.29,81.29,1361900
2015-11-25,81.33,81.3,81.3,904600
2015-11-27,81.37,81.34,81.34,516000
2015-11-30,81.33,81.3,81.3,6285200
2015-12-01,81.17,81.44,81.44,1780200
2015-12-02,81.4,81.34,81.34,1413700
2015-12-03,81.15,80.71,80.71,2510600
2015-12-04,80.87,81.03,81.03,3815200
2015-12-07,81.06,81.17,81.17,1543300
2015-12-08,81.25,81.19,81.19,1687300
2015-12-09,81.11,81.16,81.16,2076900
2015-12-10,81.22,81.15,81.15,2004100
2015-12-11,81.37,81.37,81.37,1994400
2015-12-14,81.2,80.99,80.99,2974600
2015-12-15,80.88,80.9,80.9,1806300
2015-12-16,80.87,80.81,80.81,2332700
2015-12-17,80.92,80.98,80.98,2290500
2015-12-18,81.09,81.16,81.16,3211500
2015-12-21,81.19,81.07,81.07,3158300
2015-12-22,81.03,80.96,80.96,2348600
2015-12-23,80.62,80.74,80.74,2538600
2015-12-24,80.75,80.8,80.8,1361700
2015-12-28,80.71,80.8,80.8,1580600
2015-12-29,80.73,80.55,80.55,2586600
2015-12-30,80.53,80.6,80.6,2367200
2015-12-31,80.73,80.76,80.76,2419700
2016-01-04,80.79,80.72,80.72,2750500
2016-01-05,80.76,80.82,80.82,1513600
2016-01-06,81.03,81.18,81.18,2391100
2016-01-07,81.12,81.19,81.19,2792900
2016-01-08,81.14,81.29,81.29,1405100
2016-01-11,81.11,80.95,80.95,2146900
2016-01-12,81.08,81.16,81.16,1645300
2016-01-13,81.2,81.36,81.36,2887800
2016-01-14,81.34,81.26,81.26,4545800
2016-01-15,81.5,81.4,81.4,1773900
2016-01-19,81.4,81.3,81.3,3856700
2016-01-20,81.53,81.39,81.39,7796900
2016-01-21,81.53,81.34,81.34,3062600
2016-01-22,81.32,81.31,81.31,3004100
2016-01-25,81.4,81.31,81.31,2164700
2016-01-26,81.41,81.43,81.43,2659100
2016-01-27,81.35,81.43,81.43,1734400
2016-01-28,81.41,81.49,81.49,1487600
2016-01-29,81.76,81.73,81.73,3634300
2016-02-01,81.52,81.39,81.39,2255300
2016-02-02,81.67,81.67,81.67,2554600
2016-02-03,81.66,81.73,81.73,3238200
2016-02-04,81.74,81.79,81.79,1179000
2016-02-05,81.7,81.71,81.71,2360200
2016-02-08,81.92,82.06,82.06,2519500
2016-02-09,82.21,82.05,82.05,2354500
2016-02-10,82.1,82.22,82.22,2553900
2016-02-11,82.5,82.27,82.27,1887700
2016-02-12,82.16,82.0,82.0,1474600
2016-02-16,81.89,81.88,81.88,1488800
2016-02-17,81.81,81.86,81.86,2158200
2016-02-18,81.86,82.14,82.14,1819100
2016-02-19,82.06,82.03,82.03,1862600
2016-02-22,82.05,82.05,82.05,1596900
2016-02-23,81.94,82.1,82.1,2243700
2016-02-24,82.24,82.16,82.16,2434300
2016-02-25,82.24,82.28,82.28,2407600
2016-02-26,82.12,82.2,82.2,1628400
2016-02-29,82.13,82.25,82.25,1827800
2016-03-01,82.17,81.81,81.81,2546300
2016-03-02,81.75,81.76,81.76,2137300
2016-03-03,81.78,81.8,81.8,2750500
2016-03-04,81.85,81.76,81.76,1147700
2016-03-07,81.71,81.74,81.74,1303200
2016-03-08,82.07,82.01,82.01,1713100
2016-03-09,81.89,81.87,81.87,2010000
2016-03-10,81.96,81.83,81.83,1785600
2016-03-11,81.9,81.72,81.72,1422300
2016-03-14,81.83,81.9,81.9,1534200
2016-03-15,81.98,81.82,81.82,1870200
2016-03-16,81.76,82.14,82.14,1402900
2016-03-17,82.21,82.32,82.32,1571000
2016-03-18,82.39,82.39,82.39,1219400
2016-03-21,82.3,82.24,82.24,1613600
2016-03-22,82.39,82.22,82.22,2150200
2016-03-23,82.27,82.4,82.4,1234500
2016-03-24,82.52,82.3,82.3,1752300
2016-03-28,82.29,82.34,82.34,2369600
2016-03-29,82.45,82.68,82.68,1841800
2016-03-30,82.63,82.65,82.65,1624300
2016-03-31,82.72,82.81,82.81,3037600
2016-04-01,82.65,82.73,82.73,3027400
2016-04-04,82.77,82.73,82.73,1452400
2016-04-05,82.96,82.88,82.88,2149200
2016-04-06,82.9,82.84,82.84,1833100
2016-04-07,83.08,83.11,83.11,1533400
2016-04-08,83.06,83.04,83.04,1402100
2016-04-11,82.99,83.03,83.03,1214400
2016-04-12,82.92,82.9,82.9,2388000
2016-04-13,82.87,82.95,82.95,1749400
2016-04-14,82.95,82.88,82.88,1617200
2016-04-15,82.99,83.07,83.07,1181000
2016-04-18,83.02,83.04,83.04,1395400
2016-04-19,83.04,83.09,83.09,1163600
2016-04-20,83.11,82.86,82.86,2388600
2016-04-21,82.8,82.76,82.76,1683900
2016-04-22,82.82,82.73,82.73,5115300
2016-04-25,82.72,82.63,82.63,2483300
2016-04-26,82.67,82.51,82.51,1689600
2016-04-27,82.61,82.76,82.76,1456400
2016-04-28,82.78,82.91,82.91,1625800
2016-04-29,82.87,82.97,82.97,2856900
2016-05-02,82.78,82.66,82.66,2443700
2016-05-03,82.95,82.89,82.89,1765500
2016-05-04,82.94,82.92,82.92,2868300
2016-05-05,82.96,83.07,83.07,1270700
2016-05-06,83.07,83.03,83.03,1520600
2016-05-09,83.11,83.09,83.09,1373200
2016-05-10,83.09,83.09,83.09,1889300
2016-05-11,83.14,83.11,83.11,2381000
2016-05-12,83.1,83.12,83.12,1653300
2016-05-13,83.16,83.21,83.21,1397400
2016-05-16,83.15,83.03,83.03,3132000
2016-05-17,83.13,82.97,82.97,1735900
2016-05-18,82.92,82.58,82.58,1685900
2016-05-19,82.63,82.67,82.67,1464000
2016-05-20,82.66,82.67,82.67,2044000
2016-05-23,82.73,82.69,82.69,1310700
2016-05-24,82.69,82.65,82.65,2656800
2016-05-25,82.67,82.62,82.62,1474800
2016-05-26,82.72,82.76,82.76,1571700
2016-05-27,82.8,82.73,82.73,2045600
2016-05-31,82.66,82.8,82.8,1361400
2016-06-01,82.74,82.66,82.66,1625600
2016-06-02,82.75,82.82,82.82,1503200
2016-06-03,83.22,83.34,83.34,1964500
2016-06-06,83.23,83.21,83.21,1603100
2016-06-07,83.28,83.22,83.22,1283100
2016-06-08,83.3,83.32,83.32,1374500
2016-06-09,83.47,83.4,83.4,1611200
2016-06-10,83.49,83.48,83.48,1575300
2016-06-13,83.56,83.5,83.5,1681500
2016-06-14,83.62,83.49,83.49,1524200
2016-06-15,83.56,83.68,83.68,1345100
2016-06-16,83.82,83.77,83.77,1111400
2016-06-17,83.71,83.65,83.65,1860800
2016-06-20,83.48,83.46,83.46,2347500
2016-06-21,83.48,83.35,83.35,1785100
2016-06-22,83.38,83.38,83.38,1337700
2016-06-23,83.27,83.23,83.23,1152800
2016-06-24,83.84,83.7,83.7,2030400
2016-06-27,84.16,84.12,84.12,2465500
2016-06-28,84.25,84.22,84.22,2971800
2016-06-29,84.32,84.19,84.19,2425700
2016-06-30,84.21,84.3,84.3,3362300
2016-07-01,84.44,84.37,84.37,2531600
2016-07-05,84.6,84.66,84.66,3193800
2016-07-06,84.74,84.81,84.81,1936800
2016-07-07,84.67,84.67,84.67,2032500
2016-07-08,84.8,84.89,84.89,1748000
2016-07-11,84.81,84.64,84.64,2617100
2016-07-12,84.53,84.3,84.3,1775400
2016-07-13,84.51,84.45,84.45,1352500
2016-07-14,84.3,84.32,84.32,1621500
2016-07-15,84.26,84.05,84.05,2233900
2016-07-18,84.2,84.08,84.08,2155800
2016-07-19,84.17,84.21,84.21,1559600
2016-07-20,84.16,84.12,84.12,1688100
2016-07-21,84.05,84.22,84.22,2076000
2016-07-22,84.14,84.23,84.23,1612000
2016-07-25,84.23,84.18,84.18,1204600
2016-07-26,84.27,84.17,84.17,2385100
2016-07-27,84.22,84.42,84.42,1575400
2016-07-28,84.36,84.37,84.37,1418900
2016-07-29,84.49,84.64,84.64,2757900
2016-08-01,84.25,84.21,84.21,3705700
2016-08-02,84.18,84.13,84.13,4575700
2016-08-03,84.13,84.13,84.13,3472400
2016-08-04,84.27,84.28,84.28,1202000
2016-08-05,84.25,84.0,84.0,2018700
2016-08-08,83.96,84.01,84.01,1843100
2016-08-09,84.06,84.25,84.25,2262700
2016-08-10,84.31,84.36,84.36,1672200
2016-08-11,84.39,84.14,84.14,1760100
2016-08-12,84.41,84.33,84.33,1606000
2016-08-15,84.22,84.19,84.19,1942500
2016-08-16,84.22,84.15,84.15,2163100
2016-08-17,84.19,84.28,84.28,2024600
2016-08-18,84.32,84.37,84.37,1750900
2016-08-19,84.22,84.2,84.2,1995100
2016-08-22,84.29,84.32,84.32,1388100
2016-08-23,84.44,84.36,84.36,1668300
2016-08-24,84.43,84.35,84.35,2083300
2016-08-25,84.32,84.26,84.26,1737800
2016-08-26,84.38,84.05,84.05,2874500
2016-08-29,84.23,84.34,84.34,1446800
2016-08-30,84.36,84.27,84.27,4750700
2016-08-31,84.3,84.21,84.21,1911900
2016-09-01,83.9,84.16,84.16,3108600
2016-09-02,84.13,84.04,84.04,1797500
2016-09-06,84.1,84.29,84.29,4316100
2016-09-07,84.4,84.3,84.3,1849500
2016-09-08,84.17,83.98,83.98,3475600
2016-09-09,83.71,83.61,83.61,2888900
2016-09-12,83.55,83.64,83.64,3191000
2016-09-13,83.77,83.4,83.4,2669800
2016-09-14,83.42,83.51,83.51,2124500
2016-09-15,83.47,83.58,83.58,1817200
2016-09-16,83.65,83.65,83.65,1307800
2016-09-19,83.64,83.59,83.59,1558100
2016-09-20,83.66,83.61,83.61,1260900
2016-09-21,83.55,83.85,83.85,1979800
2016-09-22,83.94,84.02,84.02,1473900
2016-09-23,84.03,84.0,84.0,1441500
2016-09-26,84.08,84.14,84.14,1709200
2016-09-27,84.26,84.24,84.24,2458100
2016-09-28,84.24,84.24,84.24,2284600
2016-09-29,84.14,84.25,84.25,2886200
2016-09-30,84.25,84.14,84.14,1663600
2016-10-03,83.95,83.89,83.89,1509200
2016-10-04,83.84,83.61,83.61,1815500
2016-10-05,83.66,83.47,83.47,2666100
2016-10-06,83.46,83.44,83.44,1148500
2016-10-07,83.52,83.51,83.51,1783300
2016-10-10,83.38,83.42,83.42,1425500
2016-10-11,83.38,83.29,83.29,1476700
2016-10-12,83.3,83.34,83.34,1286400
2016-10-13,83.52,83.44,83.44,1625500
2016-10-14,83.34,83.27,83.27,1379900
2016-10-17,83.33,83.45,83.45,1008900
2016-10-18,83.38,83.56,83.56,1167300
2016-10-19,83.51,83.62,83.62,1546400
2016-10-20,83.63,83.57,83.57,1283200
2016-10-21,83.6,83.64,83.64,1018800
2016-10-24,83.65,83.52,83.52,1453900
2016-10-25,83.48,83.52,83.52,1462100
2016-10-26,83.39,83.37,83.37,1144500
2016-10-27,83.17,83.14,83.14,1848200
2016-10-28,83.09,83.1,83.1,1574400
2016-10-31,83.21,83.19,83.19,1664700
2016-11-01,82.89,83.0,83.0,1623500
2016-11-02,83.06,83.08,83.08,3138400
2016-11-03,83.06,83.03,83.03,2335700
2016-11-04,83.08,83.18,83.18,1047000
2016-11-07,83.16,83.07,83.07,1290000
2016-11-08,83.12,82.92,82.92,2509100
2016-11-09,82.5,82.1,82.1,3448800
2016-11-10,81.99,81.75,81.75,2836000
2016-11-11,81.72,81.6,81.6,1580900
2016-11-14,81.44,81.29,81.29,2079400
2016-11-15,81.43,81.4,81.4,2098100
2016-11-16,81.47,81.57,81.57,1629100
2016-11-17,81.44,81.24,81.24,1762200
2016-11-18,81.28,81.04,81.04,1561600
2016-11-21,81.1,81.03,81.03,2074000
2016-11-22,81.19,81.1,81.1,1866900
2016-11-23,80.89,80.89,80.89,1642900
2016-11-25,80.91,80.92,80.92,942700
2016-11-28,81.01,81.11,81.11,1352600
2016-11-29,81.01,81.17,81.17,1583600
2016-11-30,80.93,80.89,80.89,2372200
2016-12-01,80.48,80.43,80.43,2998200
2016-12-02,80.62,80.72,80.72,1951400
2016-12-05,80.6,80.82,80.82,2479500
2016-12-06,80.85,80.81,80.81,2337800
2016-12-07,80.93,81.0,81.0,4273100
2016-12-08,80.89,80.84,80.84,2323000
2016-12-09,80.8,80.6,80.6,2697000
2016-12-12,80.5,80.51,80.51,3464800
2016-12-13,80.65,80.6,80.6,4372500
2016-12-14,80.76,80.19,80.19,2971300
2016-12-15,80.2,80.07,80.07,2651200
2016-12-16,80.15,80.14,80.14,3080100
2016-12-19,80.34,80.35,80.35,2936800
2016-12-20,80.23,80.36,80.36,5853400
2016-12-21,80.44,80.48,80.48,2752300
2016-12-22,80.17,80.22,80.22,2851500
2016-12-23,80.36,80.26,80.26,2096800
2016-12-27,80.13,80.2,80.2,2178300
2016-12-28,80.24,80.4,80.4,4097100
2016-12-29,80.54,80.62,80.62,3115800
2016-12-30,80.63,80.79,80.79,2338200
2017-01-03,80.55,80.8,80.8,3312600
2017-01-04,80.84,80.86,80.86,3095000
2017-01-05,80.98,81.27,81.27,3890400
2017-01-06,81.1,80.95,80.95,2287900
2017-01-09,81.17,81.15,81.15,1785900
2017-01-10,81.14,81.13,81.13,2250700
2017-01-11,81.14,81.17,81.17,2327600
2017-01-12,81.37,81.19,81.19,2981200
2017-01-13,81.12,81.06,81.06,2425000
2017-01-17,81.34,81.31,81.31,2188600
2017-01-18,81.21,80.89,80.89,1981700
2017-01-19,80.78,80.75,80.75,2121300
2017-01-20,80.67,80.81,80.81,1836300
2017-01-23,80.82,81.03,81.03,1490200
2017-01-24,80.97,80.91,80.91,2136000
2017-01-25,80.74,80.67,80.67,1897400
2017-01-26,80.62,80.7,80.7,2381600
2017-01-27,80.74,80.79,80.79,1768700
2017-01-30,80.78,80.77,80.77,2699500
2017-01-31,80.8,80.94,80.94,2857600
2017-02-01,80.56,80.63,80.63,2313400
2017-02-02,80.79,80.68,80.68,1745400
2017-02-03,80.86,80.7,80.7,2398900
2017-02-06,80.96,80.95,80.95,3238100
2017-02-07,80.96,81.08,81.08,5239300
2017-02-08,81.08,81.3,81.3,2172700
2017-02-09,81.14,81.08,81.08,3410400
2017-02-10,80.95,81.06,81.06,2011900
2017-02-13,80.98,80.97,80.97,1863000
2017-02-14,80.94,80.8,80.8,2178300
2017-02-15,80.61,80.67,80.67,1503700
2017-02-16,80.74,80.82,80.82,3290700
2017-02-17,81.0,81.01,81.01,1520000
2017-02-21,80.94,81.0,81.0,1811300
2017-02-22,81.17,81.05,81.05,1965800
2017-02-23,81.17,81.2,81.2,1590500
2017-02-24,81.36,81.5,81.5,1703800
2017-02-27,81.46,81.33,81.33,2005600
2017-02-28,81.33,81.27,81.27,1975700
2017-03-01,80.78,80.78,80.78,2954300
2017-03-02,80.71,80.63,80.63,2077300
2017-03-03,80.64,80.69,80.69,2242600
2017-03-06,80.72,80.64,80.64,1880900
2017-03-07,80.6,80.49,80.49,1644800
2017-03-08,80.24,80.3,80.3,2172700
2017-03-09,80.16,80.05,80.05,2761300
2017-03-10,80.14,80.21,80.21,3430900
2017-03-13,80.12,80.05,80.05,2164600
2017-03-14,80.03,80.04,80.04,3620700
2017-03-15,80.16,80.54,80.54,2281200
2017-03-16,80.48,80.42,80.42,2617800
2017-03-17,80.47,80.58,80.58,1293000
2017-03-20,80.59,80.74,80.74,1510900
2017-03-21,80.7,80.93,80.93,2079000
2017-03-22,81.0,81.04,81.04,1339600
2017-03-23,81.07,81.0,81.0,1790300
2017-03-24,80.94,80.98,80.98,3736700
2017-03-27,81.2,81.15,81.15,1870300
2017-03-28,81.23,81.0,81.0,1990800
2017-03-29,81.05,81.16,81.16,1356800
2017-03-30,81.1,81.03,81.03,1403500
2017-03-31,81.01,81.08,81.08,2399400
2017-04-03,80.97,81.2,81.2,2142600
2017-04-04,81.18,81.11,81.11,1983200
2017-04-05,81.07,81.18,81.18,2050500
2017-04-06,81.18,81.21,81.21,1855300
2017-04-07,81.3,81.03,81.03,1608200
2017-04-10,81.12,81.11,81.11,1481700
2017-04-11,81.24,81.37,81.37,1340500
2017-04-12,81.36,81.56,81.56,1801600
2017-04-13,81.61,81.68,81.68,1393500
2017-04-17,81.69,81.63,81.63,1494600
2017-04-18,81.72,81.92,81.92,1782800
2017-04-19,81.83,81.77,81.77,1437000
2017-04-20,81.74,81.66,81.66,1425700
2017-04-21,81.73,81.68,81.68,1241700
2017-04-24,81.48,81.57,81.57,2665700
2017-04-25,81.41,81.32,81.32,1670900
2017-04-26,81.29,81.4,81.4,1876200
2017-04-27,81.42,81.46,81.46,1543100
2017-04-28,81.4,81.55,81.55,2100000
2017-05-01,81.34,81.23,81.23,1478100
2017-05-02,81.24,81.37,81.37,1664300
2017-05-03,81.4,81.28,81.28,2948400
2017-05-04,81.14,81.19,81.19,1216100
2017-05-05,81.2,81.24,81.24,1658900
2017-05-08,81.19,81.1,81.1,1832300
2017-05-09,81.05,81.06,81.06,2532200
2017-05-10,81.14,81.05,81.05,1845500
2017-05-11,81.0,81.11,81.11,1421500
2017-05-12,81.29,81.35,81.35,1510300
2017-05-15,81.3,81.33,81.33,1823500
2017-05-16,81.36,81.41,81.41,1760600
2017-05-17,81.63,81.85,81.85,1987100
2017-05-18,81.87,81.78,81.78,1881800
2017-05-19,81.81,81.83,81.83,1394700
2017-05-22,81.8,81.76,81.76,1570700
2017-05-23,81.84,81.59,81.59,1679500
2017-05-24,81.63,81.76,81.76,1568700
2017-05-25,81.77,81.76,81.76,1108400
2017-05-26,81.77,81.8,81.8,952700
2017-05-30,81.87,81.92,81.92,1283300
2017-05-31,81.92,81.96,81.96,2290100
2017-06-01,81.71,81.81,81.81,1710900
2017-06-02,81.99,82.08,82.08,1795200
2017-06-05,81.98,81.95,81.95,1916200
2017-06-06,82.11,82.1,82.1,3262500
2017-06-07,82.08,81.99,81.99,1743500
2017-06-08,81.97,81.93,81.93,1827800
2017-06-09,81.8,81.86,81.86,1404500
2017-06-12,81.79,81.84,81.84,2053900
2017-06-13,81.81,81.86,81.86,1515100
2017-06-14,82.21,82.16,82.16,2472800
2017-06-15,82.13,82.07,82.07,2063400
2017-06-16,82.08,82.16,82.16,1376200
2017-06-19,82.1,82.04,82.04,1776500
2017-06-20,82.11,82.16,82.16,1864100
2017-06-21,82.15,82.2,82.2,1249600
2017-06-22,82.24,82.23,82.23,1195100
2017-06-23,82.23,82.25,82.25,1356000
2017-06-26,82.35,82.34,82.34,4665500
2017-06-27,82.19,82.06,82.06,2374200
2017-06-28,82.08,82.06,82.06,1604300
2017-06-29,81.84,81.89,81.89,1548100
2017-06-30,81.87,81.83,81.83,1978100
2017-07-03,81.66,81.5,81.5,1092500
2017-07-05,81.49,81.55,81.55,1917100
2017-07-06,81.41,81.36,81.36,1827500
2017-07-07,81.36,81.34,81.34,2441500
2017-07-10,81.41,81.38,81.38,2228800
2017-07-11,81.42,81.46,81.46,1931500
2017-07-12,81.7,81.65,81.65,1378800
2017-07-13,81.64,81.62,81.62,1321400
2017-07-14,81.78,81.65,81.65,1201700
2017-07-17,81.72,81.76,81.76,1432500
2017-07-18,81.9,81.95,81.95,1607300
2017-07-19,81.97,81.96,81.96,1589100
2017-07-20,82.02,82.01,82.01,1646800
2017-07-21,82.06,82.1,82.1,1942000
2017-07-24,82.09,82.06,82.06,1417400
2017-07-25,81.9,81.75,81.75,1385000
2017-07-26,81.76,81.95,81.95,1583000
2017-07-27,81.85,81.85,81.85,1224000
2017-07-28,81.84,82.0,82.0,1867100
2017-07-31,81.96,81.99,81.99,2561600
2017-08-01,81.76,81.98,81.98,1783600
2017-08-02,81.97,81.93,81.93,1336600
2017-08-03,82.04,82.1,82.1,1904800
2017-08-04,82.01,81.97,81.97,1046700
2017-08-07,81.96,82.0,82.0,1257900
2017-08-08,81.99,81.89,81.89,1929000
2017-08-09,82.09,81.95,81.95,1808600
2017-08-10,81.98,82.07,82.07,1376700
2017-08-11,81.97,82.14,82.14,1153400
2017-08-14,82.09,82.08,82.08,2082000
2017-08-15,81.9,81.94,81.94,1419600
2017-08-16,81.92,82.06,82.06,1594800
2017-08-17,82.05,82.21,82.21,1723600
2017-08-18,82.26,82.17,82.17,1663100
2017-08-21,82.22,82.21,82.21,1258400
2017-08-22,82.19,82.11,82.11,1157400
2017-08-23,82.23,82.35,82.35,1237800
2017-08-24,82.23,82.23,82.23,1540200
2017-08-25,82.24,82.33,82.33,1453100
2017-08-28,82.33,82.37,82.37,1408700
2017-08-29,82.52,82.46,82.46,2054300
2017-08-30,82.44,82.45,82.45,1150700
2017-08-31,82.48,82.52,82.52,1696700
2017-09-01,82.31,82.21,82.21,1471200
2017-09-05,82.45,82.55,82.55,2008400
2017-09-06,82.58,82.41,82.41,1586500
2017-09-07,82.53,82.67,82.67,1899100
2017-09-08,82.67,82.58,82.58,2702200
2017-09-11,82.42,82.33,82.33,1423100
2017-09-12,82.26,82.21,82.21,1604300
2017-09-13,82.19,82.11,82.11,1594000
2017-09-14,82.08,82.16,82.16,1325200
2017-09-15,82.2,82.17,82.17,1536200
2017-09-18,82.12,82.11,82.11,1756300
2017-09-19,82.11,82.05,82.05,1220000
2017-09-20,82.13,81.98,81.98,1672500
2017-09-21,82.01,81.96,81.96,1168200
2017-09-22,82.11,82.04,82.04,1394100
2017-09-25,82.07,82.22,82.22,2626100
2017-09-26,82.17,82.18,82.18,1446500
2017-09-27,81.92,81.93,81.93,1511900
2017-09-28,81.85,81.95,81.95,1198400
2017-09-29,81.95,81.96,81.96,3001200
2017-10-02,81.75,81.76,81.76,3642600
2017-10-03,81.72,81.8,81.8,2752100
2017-10-04,81.87,81.8,81.8,2616700
2017-10-05,81.82,81.74,81.74,2859800
2017-10-06,81.59,81.65,81.65,1860000
2017-10-09,81.66,81.73,81.73,987800
2017-10-10,81.75,81.77,81.77,4719400
2017-10-11,81.78,81.81,81.81,1249500
2017-10-12,81.86,81.88,81.88,1723400
2017-10-13,82.01,82.05,82.05,1772800
2017-10-16,82.0,81.97,81.97,1471500
2017-10-17,81.9,81.98,81.98,1381100
2017-10-18,81.82,81.85,81.85,1522900
2017-10-19,81.91,81.89,81.89,1515800
2017-10-20,81.74,81.69,81.69,1935600
2017-10-23,81.73,81.76,81.76,2649700
2017-10-24,81.63,81.62,81.62,2287200
2017-10-25,81.51,81.55,81.55,1576700
2017-10-26,81.59,81.45,81.45,1915600
2017-10-27,81.52,81.63,81.63,1734400
2017-10-30,81.75,81.82,81.82,1542600
2017-10-31,81.84,81.77,81.77,1977100
2017-11-01,81.59,81.65,81.65,1596000
2017-11-02,81.73,81.73,81.73,2373200
2017-11-03,81.77,81.8,81.8,1370500
2017-11-06,81.86,81.86,81.86,1336700
2017-11-07,81.81,81.89,81.89,2450800
2017-11-08,81.86,81.83,81.83,2312700
2017-11-09,81.75,81.75,81.75,2115800
2017-11-10,81.53,81.42,81.42,1724400
2017-11-13,81.54,81.43,81.43,1698500
2017-11-14,81.47,81.53,81.53,1659300
2017-11-15,81.64,81.72,81.72,2859400
2017-11-16,81.63,81.61,81.61,1637000
2017-11-17,81.69,81.69,81.69,2257700
2017-11-20,81.65,81.64,81.64,1528300
2017-11-21,81.73,81.71,81.71,1925700
2017-11-22,81.73,81.88,81.88,1631900
2017-11-24,81.84,81.86,81.86,837000
2017-11-27,81.87,81.83,81.83,1516900
2017-11-28,81.9,81.83,81.83,1846700
2017-11-29,81.65,81.63,81.63,1837400
2017-11-30,81.66,81.51,81.51,3044100
2017-12-01,81.5,81.56,81.56,2384800
2017-12-04,81.51,81.57,81.57,1834000
2017-12-05,81.59,81.67,81.67,1763900
2017-12-06,81.75,81.76,81.76,1509300
2017-12-07,81.65,81.65,81.65,1641000
2017-12-08,81.61,81.62,81.62,1368300
2017-12-11,81.66,81.56,81.56,1780800
2017-12-12,81.54,81.55,81.55,2962800
2017-12-13,81.62,81.78,81.78,2095400
2017-12-14,81.67,81.81,81.81,1998800
2017-12-15,81.76,81.82,81.82,2781800
2017-12-18,81.79,81.69,81.69,1946900
2017-12-19,81.57,81.44,81.44,3307700
2017-12-20,81.28,81.28,81.28,2325500
2017-12-21,81.31,81.33,81.33,3103400
2017-12-22,81.34,81.37,81.37,2566700
2017-12-26,81.23,81.24,81.24,1696400
2017-12-27,81.33,81.49,81.49,1708000
2017-12-28,81.46,81.44,81.44,2235000
2017-12-29,81.5,81.57,81.57,2531500
2018-01-02,81.45,81.34,81.34,3104500
2018-01-03,81.43,81.41,81.41,2216700
2018-01-04,81.33,81.37,81.37,2152400
2018-01-05,81.35,81.26,81.26,4257400
2018-01-08,81.33,81.27,81.27,2587300
2018-01-09,81.19,81.03,81.03,2725200
2018-01-10,80.88,81.04,81.04,3411400
2018-01-11,81.01,81.04,81.04,3381600
2018-01-12,81.0,81.03,81.03,2829100
2018-01-16,81.15,81.09,81.09,4300500
2018-01-17,81.04,81.0,81.0,3674600
2018-01-18,80.82,80.84,80.84,2528400
2018-01-19,80.77,80.67,80.67,2148300
2018-01-22,80.73,80.61,80.61,5473200
2018-01-23,80.78,80.82,80.82,2442900
2018-01-24,80.72,80.73,80.73,1709700
2018-01-25,80.73,80.95,80.95,2537700
2018-01-26,80.86,80.8,80.8,1590200
2018-01-29,80.66,80.69,80.69,2219700
2018-01-30,80.57,80.54,80.54,2735100
2018-01-31,80.71,80.56,80.56,3082600
2018-02-01,80.37,80.16,80.16,2814300
2018-02-02,80.04,79.92,79.92,3137600
2018-02-05,79.87,80.27,80.27,4349200
2018-02-06,80.23,80.01,80.01,3891500
2018-02-07,80.11,79.83,79.83,3797200
2018-02-08,79.7,79.77,79.77,4639800
2018-02-09,79.61,79.57,79.57,3725500
2018-02-12,79.68,79.59,79.59,5336200
2018-02-13,79.62,79.66,79.66,2669400
2018-02-14,79.5,79.4,79.4,3509700
2018-02-15,79.47,79.48,79.48,1981200
2018-02-16,79.68,79.65,79.65,1957800
2018-02-20,79.59,79.57,79.57,2294300
2018-02-21,79.56,79.27,79.27,2330100
2018-02-22,79.36,79.37,79.37,2156000
2018-02-23,79.49,79.58,79.58,1660600
2018-02-26,79.7,79.62,79.62,2715300
2018-02-27,79.63,79.45,79.45,3007200
2018-02-28,79.47,79.55,79.55,1947700
2018-03-01,79.42,79.52,79.52,2877400
2018-03-02,79.38,79.37,79.37,4448000
2018-03-05,79.46,79.32,79.32,2229100
2018-03-06,79.38,79.35,79.35,1905000
2018-03-07,79.44,79.33,79.33,2167700
2018-03-08,79.36,79.42,79.42,1479700
2018-03-09,79.28,79.32,79.32,2290800
2018-03-12,79.33,79.4,79.4,2253900
2018-03-13,79.44,79.42,79.42,2471700
2018-03-14,79.4,79.59,79.59,1733800
2018-03-15,79.54,79.6,79.6,1590100
2018-03-16,79.51,79.53,79.53,1492000
2018-03-19,79.45,79.47,79.47,1328100
2018-03-20,79.35,79.37,79.37,2234600
2018-03-21,79.29,79.37,79.37,1760300
2018-03-22,79.54,79.5,79.5,2871700
2018-03-23,79.5,79.52,79.52,2114500
2018-03-26,79.5,79.47,79.47,2303700
2018-03-27,79.51,79.74,79.74,1693500
2018-03-28,79.83,79.73,79.73,3251800
2018-03-29,79.76,79.93,79.93,2157300
2018-04-02,79.63,79.72,79.72,2336700
2018-04-03,79.68,79.63,79.63,2580800
2018-04-04,79.7,79.63,79.63,2226300
2018-04-05,79.56,79.52,79.52,1978300
2018-04-06,79.68,79.72,79.72,2155900
2018-04-09,79.66,79.8,79.8,2052000
2018-04-10,79.7,79.66,79.66,1854600
2018-04-11,79.75,79.72,79.72,1645200
2018-04-12,79.66,79.57,79.57,1397700
2018-04-13,79.54,79.63,79.63,1461800
2018-04-16,79.5,79.64,79.64,1939600
2018-04-17,79.64,79.67,79.67,1588500
2018-04-18,79.61,79.41,79.41,1721200
2018-04-19,79.3,79.22,79.22,1602300
2018-04-20,79.2,79.02,79.02,1576600
2018-04-23,78.99,78.98,78.98,2263300
2018-04-24,78.92,78.84,78.84,2664000
2018-04-25,78.76,78.73,78.73,2201300
2018-04-26,78.85,78.89,78.89,3297100
2018-04-27,78.94,79.01,79.01,1407300
2018-04-30,79.03,79.05,79.05,1602900
2018-05-01,78.86,78.75,78.75,1410700
2018-05-02,78.82,78.76,78.76,1434000
2018-05-03,78.9,78.83,78.83,1477700
2018-05-04,78.92,78.88,78.88,1342100
2018-05-07,78.89,78.84,78.84,1634400
2018-05-08,78.76,78.78,78.78,1380900
2018-05-09,78.68,78.69,78.69,2260900
2018-05-10,78.84,78.85,78.85,1695500
2018-05-11,78.93,78.93,78.93,1457800
2018-05-14,78.85,78.83,78.83,1519500
2018-05-15,78.61,78.46,78.46,1602600
2018-05-16,78.49,78.4,78.4,2201300
2018-05-17,78.4,78.33,78.33,2036000
2018-05-18,78.42,78.54,78.54,1539700
2018-05-21,78.48,78.54,78.54,1254900
2018-05-22,78.58,78.56,78.56,2225800
2018-05-23,78.67,78.8,78.8,1177200
2018-05-24,78.89,78.96,78.96,1209400
2018-05-25,79.06,79.13,79.13,1039500
2018-05-29,79.28,79.68,79.68,2414400
2018-05-30,79.39,79.44,79.44,3549700
2018-05-31,79.42,79.41,79.41,4272100
2018-06-01,79.03,79.09,79.09,3442400
2018-06-04,79.06,78.92,78.92,2272100
2018-06-05,79.0,78.99,78.99,2760500
2018-06-06,78.85,78.77,78.77,2624600
2018-06-07,78.75,78.97,78.97,3290700
2018-06-08,78.91,78.87,78.87,1977000
2018-06-11,78.78,78.8,78.8,1725200
2018-06-12,78.71,78.79,78.79,1850400
2018-06-13,78.79,78.74,78.74,1542800
2018-06-14,78.88,78.91,78.91,3920100
2018-06-15,79.05,78.92,78.92,1827800
2018-06-18,78.96,78.92,78.92,3510300
2018-06-19,79.04,79.05,79.05,2767100
2018-06-20,79.05,78.87,78.87,2102200
2018-06-21,78.93,78.91,78.91,2695400
2018-06-22,78.92,78.96,78.96,1509900
2018-06-25,79.0,78.95,78.95,4554800
2018-06-26,79.0,79.08,79.08,1670800
2018-06-27,79.18,79.27,79.27,1762700
2018-06-28,79.24,79.21,79.21,1266500
2018-06-29,79.24,79.19,79.19,1419000
2018-07-02,79.03,78.96,78.96,1800600
2018-07-03,78.96,79.12,79.12,1121900
2018-07-05,79.13,79.23,79.23,1991900
2018-07-06,79.32,79.32,79.32,1331800
2018-07-09,79.22,79.25,79.25,1556600
2018-07-10,79.19,79.2,79.2,1661500
2018-07-11,79.23,79.24,79.24,3750100
2018-07-12,79.21,79.3,79.3,1807800
2018-07-13,79.33,79.37,79.37,4071900
2018-07-16,79.27,79.26,79.26,1688000
2018-07-17,79.23,79.23,79.23,2432200
2018-07-18,79.24,79.19,79.19,2182900
2018-07-19,79.18,79.34,79.34,1990100
2018-07-20,79.29,79.16,79.16,1607800
2018-07-23,79.11,78.91,78.91,1427200
2018-07-24,78.96,79.03,79.03,1811100
2018-07-25,79.05,79.03,79.03,2075200
2018-07-26,79.03,79.03,79.03,0
2018-07-27,79.05,79.01,79.01,1376600
2018-07-30,78.94,78.92,78.92,2115400
2018-07-31,79.02,78.98,78.98,3328200
2018-08-01,78.75,78.75,78.75,3168600
2018-08-02,78.8,78.79,78.79,2817700
2018-08-03,78.9,78.96,78.96,2711600
2018-08-06,79.07,79.03,79.03,2083800
2018-08-07,78.97,78.89,78.89,1886900
2018-08-08,78.89,78.87,78.87,2101300
2018-08-09,78.94,79.02,79.02,2603800
2018-08-10,79.02,79.18,79.18,2414900
2018-08-13,79.17,79.19,79.19,3315700
2018-08-14,79.21,79.14,79.14,2692700
2018-08-15,79.21,79.23,79.23,3051300
2018-08-16,79.27,79.27,79.27,2226900
2018-08-17,79.33,79.36,79.36,1018100
2018-08-20,79.43,79.46,79.46,2473200
2018-08-21,79.4,79.42,79.42,1883300
2018-08-22,79.52,79.47,79.47,2025500
2018-08-23,79.51,79.47,79.47,1447500
2018-08-24,79.39,79.51,79.51,1845300
2018-08-27,79.44,79.41,79.41,2340800
2018-08-28,79.34,79.29,79.29,2375800
2018-08-29,79.31,79.24,79.24,1560100
2018-08-30,79.32,79.3,79.3,1157400
2018-08-31,79.42,79.32,79.32,2888300
2018-09-04,79.0,79.01,79.01,2400700
2018-09-05,79.04,79.03,79.03,2558000
2018-09-06,79.09,79.15,79.15,2133300
2018-09-07,78.97,78.9,78.9,2481100
2018-09-10,78.91,78.95,78.95,1464300
2018-09-11,78.82,78.78,78.78,1496800
2018-09-12,78.89,78.84,78.84,1088400
2018-09-13,78.95,78.89,78.89,1723800
2018-09-14,78.76,78.76,78.76,3196000
2018-09-17,78.7,78.75,78.75,2375200
2018-09-18,78.7,78.57,78.57,2504000
2018-09-19,78.53,78.45,78.45,1968700
2018-09-20,78.44,78.55,78.55,2297700
2018-09-21,78.51,78.6,78.6,1750600
2018-09-24,78.49,78.5,78.5,2915800
2018-09-25,78.44,78.44,78.44,1698200
2018-09-26,78.5,78.64,78.64,1831100
2018-09-27,78.66,78.7,78.7,1374700
2018-09-28,78.76,78.7,78.7,2577700
2018-10-01,78.42,78.37,78.37,2853300
2018-10-02,78.45,78.51,78.51,2597600
2018-10-03,78.4,78.11,78.11,2300300
2018-10-04,77.97,77.91,77.91,3221400
2018-10-05,77.83,77.77,77.77,2299100
2018-10-08,77.79,77.74,77.74,1885400
2018-10-09,77.74,77.89,77.89,4273200
2018-10-10,77.77,77.83,77.83,2813100
2018-10-11,77.91,78.05,78.05,3245600
2018-10-12,78.02,78.03,78.03,2365700
2018-10-15,78.11,78.01,78.01,2077800
2018-10-16,78.0,78.07,78.07,2367000
2018-10-17,78.05,77.93,77.93,1877300
2018-10-18,77.88,77.88,77.88,1681500
2018-10-19,77.89,77.84,77.84,1716700
2018-10-22,77.88,77.81,77.81,1520000
2018-10-23,78.02,77.92,77.92,1934300
2018-10-24,78.07,78.13,78.13,1615500
2018-10-25,78.06,78.04,78.04,1981000
2018-10-26,78.22,78.18,78.18,2224400
2018-10-29,78.15,78.11,78.11,1900700
2018-10-30,78.02,78.0,78.0,2546300
2018-10-31,77.9,77.84,77.84,6206300
2018-11-01,77.65,77.79,77.79,3784100
2018-11-02,77.69,77.5,77.5,2024600
2018-11-05,77.57,77.56,77.56,1858900
2018-11-06,77.57,77.55,77.55,2024700
2018-11-07,77.7,77.62,77.62,2673700
2018-11-08,77.62,77.49,77.49,2233100
2018-11-09,77.57,77.68,77.68,1697200
2018-11-12,77.78,77.8,77.8,1067200
2018-11-13,77.71,77.76,77.76,2735900
2018-11-14,77.71,77.82,77.82,2905100
2018-11-15,77.87,77.83,77.83,2557800
2018-11-16,77.94,78.0,78.0,1811300
2018-11-19,77.94,78.0,78.0,2495900
2018-11-20,77.98,77.95,77.95,1891300
2018-11-21,77.99,78.03,78.03,3871300
2018-11-23,78.09,78.02,78.02,644500
2018-11-26,77.94,77.96,77.96,1520500
2018-11-27,77.95,78.01,78.01,2563100
2018-11-28,78.01,78.05,78.05,2217500
2018-11-29,78.12,78.11,78.11,2395900
2018-11-30,78.1,78.14,78.14,2181200
2018-12-03,77.99,78.07,78.07,2187500
2018-12-04,78.15,78.26,78.26,3204700
2018-12-06,78.39,78.4,78.4,4447800
2018-12-07,78.4,78.56,78.56,3806000
2018-12-10,78.58,78.64,78.64,2712100
2018-12-11,78.66,78.65,78.65,4157200
2018-12-12,78.62,78.57,78.57,2662400
2018-12-13,78.59,78.63,78.63,2587600
2018-12-14,78.69,78.7,78.7,3490600
2018-12-17,78.73,78.85,78.85,2924300
2018-12-18,78.84,78.97,78.97,3210700
2018-12-19,79.08,79.11,79.11,3117500
2018-12-20,79.19,79.0,79.0,3451000
2018-12-21,79.03,79.0,79.0,4516100
2018-12-24,78.92,78.82,78.82,6031000
2018-12-26,78.87,78.65,78.65,5912400
2018-12-27,78.94,78.82,78.82,2751800
2018-12-28,78.86,79.01,79.01,3495100
2018-12-31,78.95,79.21,79.21,5651100
2019-01-02,79.28,79.37,79.37,4142500
2019-01-03,79.39,79.68,79.68,4908400
2019-01-04,79.47,79.44,79.44,4583600
2019-01-07,79.47,79.32,79.32,4121700
2019-01-08,79.25,79.22,79.22,1745400
2019-01-09,79.24,79.33,79.33,1989600
2019-01-10,79.27,79.17,79.17,2579900
2019-01-11,79.34,79.33,79.33,3097100
2019-01-14,79.35,79.26,79.26,2395700
2019-01-15,79.36,79.27,79.27,1742900
2019-01-16,79.23,79.3,79.3,1697700
2019-01-17,79.3,79.21,79.21,2394700
2019-01-18,79.21,79.15,79.15,3722400
2019-01-22,79.3,79.29,79.29,3917700
2019-01-23,79.25,79.37,79.37,2536100
2019-01-24,79.52,79.54,79.54,2700300
2019-01-25,79.46,79.45,79.45,2073100
2019-01-28,79.46,79.48,79.48,2938200
2019-01-29,79.54,79.64,79.64,1772300
2019-01-30,79.58,79.72,79.72,2961400
2019-01-31,79.98,80.09,80.09,3698100
2019-02-01,79.79,79.67,79.67,3335000
2019-02-04,79.61,79.6,79.6,4078600
2019-02-05,79.7,79.77,79.77,2400300
2019-02-06,79.79,79.74,79.74,2724700
2019-02-07,79.79,79.8,79.8,2474700
2019-02-08,79.87,79.92,79.92,1538700
2019-02-11,79.85,79.89,79.89,2600900
2019-02-12,79.85,79.88,79.88,1541200
2019-02-13,79.8,79.76,79.76,1631600
2019-02-14,79.96,79.9,79.9,1895800
2019-02-15,79.89,79.93,79.93,1917900
2019-02-19,80.0,80.0,80.0,3792100
2019-02-20,79.98,79.97,79.97,1768400
2019-02-21,79.83,79.81,79.81,3411400
2019-02-22,79.92,79.99,79.99,1936600
2019-02-25,79.96,79.96,79.96,2244600
2019-02-26,80.06,80.07,80.07,1405200
2019-02-27,80.02,79.91,79.91,1323000
2019-02-28,79.91,79.82,79.82,4028500
2019-03-01,79.55,79.39,79.39,3035000
2019-03-04,79.53,79.53,79.53,2531300
2019-03-05,79.48,79.59,79.59,1924500
2019-03-06,79.66,79.69,79.69,1629000
2019-03-07,79.84,79.92,79.92,2322200
2019-03-08,79.96,80.02,80.02,4388500
2019-03-11,80.03,79.98,79.98,1891100
2019-03-12,80.05,80.17,80.17,1958500
2019-03-13,80.14,80.13,80.13,1318600
2019-03-14,80.14,80.06,80.06,4058400
2019-03-15,80.19,80.21,80.21,1639300
2019-03-18,80.17,80.16,80.16,5344200
2019-03-19,80.08,80.12,80.12,2702400
2019-03-20,80.19,80.47,80.47,2528700
2019-03-21,80.51,80.49,80.49,1980500
2019-03-22,80.82,80.93,80.93,2734000
2019-03-25,80.95,81.03,81.03,2034000
2019-03-26,80.98,81.05,81.05,3527200
2019-03-27,81.18,81.2,81.2,2121900
2019-03-28,81.21,81.24,81.24,1818300
2019-03-29,81.08,81.18,81.18,1937000
2019-04-01,80.86,80.66,80.66,4106700
2019-04-02,80.7,80.7,80.7,6305600
2019-04-03,80.58,80.59,80.59,2177300
2019-04-04,80.62,80.67,80.67,1586000
2019-04-05,80.61,80.73,80.73,2131700
2019-04-08,80.74,80.65,80.65,3794200
2019-04-09,80.78,80.77,80.77,1919100
2019-04-10,80.81,80.88,80.88,3414300
2019-04-11,80.81,80.74,80.74,2641800
2019-04-12,80.67,80.59,80.59,1821800
2019-04-15,80.58,80.61,80.61,1671300
2019-04-16,80.53,80.47,80.47,2002000
2019-04-17,80.47,80.47,80.47,1797500
2019-04-18,80.6,80.58,80.58,1604600
2019-04-22,80.58,80.5,80.5,1840100
2019-04-23,80.6,80.64,80.64,2643500
2019-04-24,80.8,80.85,80.85,1370500
2019-04-25,80.85,80.83,80.83,1238100
2019-04-26,81.01,81.01,81.01,1622500
2019-04-29,80.9,80.84,80.84,1737800
2019-04-30,80.8,80.96,80.96,2376200
2019-05-01,80.78,80.77,80.77,2035300
2019-05-02,80.71,80.59,80.59,2061100
2019-05-03,80.72,80.74,80.74,1877500
2019-05-06,80.86,80.84,80.84,2261500
2019-05-07,80.95,80.96,80.96,3223200
2019-05-08,81.02,80.9,80.9,4750500
2019-05-09,81.05,80.98,80.98,1926100
2019-05-10,80.99,80.97,80.97,4679900
2019-05-13,81.12,81.14,81.14,3427000
2019-05-14,81.16,81.19,81.19,4478100
2019-05-15,81.34,81.31,81.31,1940900
2019-05-16,81.24,81.19,81.19,1862700
2019-05-17,81.3,81.21,81.21,1615200
2019-05-20,81.21,81.11,81.11,2188000
2019-05-21,81.11,81.07,81.07,1747000
2019-05-22,81.12,81.22,81.22,4000500
2019-05-23,81.31,81.51,81.51,5334000
2019-05-24,81.51,81.51,81.51,1770100
2019-05-28,81.64,81.68,81.68,1910600
2019-05-29,81.75,81.66,81.66,3142700
2019-05-30,81.74,81.88,81.88,2253600
2019-05-31,82.04,82.24,82.24,5898700
2019-06-03,82.14,82.28,82.28,3787000
2019-06-04,82.16,82.14,82.14,2906700
2019-06-05,82.18,82.14,82.14,7341700
2019-06-06,82.17,82.12,82.12,2995300
2019-06-07,82.36,82.34,82.34,2490100
2019-06-10,82.26,82.17,82.17,2417400
2019-06-11,82.12,82.11,82.11,3362100
2019-06-12,82.15,82.25,82.25,1904400
2019-06-13,82.3,82.39,82.39,1946300
2019-06-14,82.31,82.4,82.4,2260700
2019-06-17,82.3,82.4,82.4,2792600
2019-06-18,82.66,82.59,82.59,3342000
2019-06-19,82.48,82.87,82.87,2496900
2019-06-20,83.02,83.0,83.0,2171600
2019-06-21,82.85,82.77,82.77,2398100
2019-06-24,82.88,82.92,82.92,2803800
2019-06-25,82.99,82.95,82.95,2699800
2019-06-26,82.93,82.76,82.76,2195800
2019-06-27,82.89,83.0,83.0,2021400
2019-06-28,82.96,83.07,83.07,2554600
2019-07-01,82.91,82.87,82.87,2354400
2019-07-02,82.92,83.03,83.03,3127100
2019-07-03,83.11,83.18,83.18,1720800
2019-07-05,82.83,82.79,82.79,2356800
2019-07-08,82.88,82.78,82.78,1761500
2019-07-09,82.79,82.67,82.67,1839400
2019-07-10,82.77,82.74,82.74,2097200
2019-07-11,82.71,82.47,82.47,3024100
2019-07-12,82.47,82.54,82.54,2265000
2019-07-15,82.53,82.66,82.66,2245900
2019-07-16,82.52,82.55,82.55,2294100
2019-07-17,82.67,82.8,82.8,2062300
2019-07-18,82.77,82.95,82.95,3323200
2019-07-19,82.85,82.86,82.86,2167300
2019-07-22,83.02,82.95,82.95,1725500
2019-07-23,82.91,82.88,82.88,1799600
2019-07-24,82.95,82.96,82.96,2535800
2019-07-25,82.93,82.87,82.87,2199000
2019-07-26,82.92,82.87,82.87,2413500
2019-07-29,82.96,82.92,82.92,1771900
2019-07-30,82.94,82.9,82.9,1968800
2019-07-31,82.92,83.0,83.0,2628700
2019-08-01,82.97,83.4,83.4,3278400
2019-08-02,83.44,83.48,83.48,5392400
2019-08-05,83.76,83.84,83.84,4284300
2019-08-06,83.87,84.05,84.05,4939700
2019-08-07,84.45,84.05,84.05,5516400
2019-08-08,83.9,84.12,84.12,3244200
2019-08-09,84.16,83.97,83.97,2832800
2019-08-12,84.23,84.34,84.34,3008000
2019-08-13,84.38,84.21,84.21,3299800
2019-08-14,84.53,84.51,84.51,3395400
2019-08-15,84.67,84.92,84.92,4358100
2019-08-16,84.77,84.83,84.83,3913600
2019-08-19,84.54,84.56,84.56,3640100
2019-08-20,84.74,84.78,84.78,2568100
2019-08-21,84.7,84.74,84.74,2532300
2019-08-22,84.65,84.58,84.58,3232600
2019-08-23,84.55,84.89,84.89,3100100
2019-08-26,84.93,84.84,84.84,2358800
2019-08-27,84.97,85.13,85.13,2450800
2019-08-28,85.29,85.16,85.16,3352400
2019-08-29,85.12,85.11,85.11,2812400
2019-08-30,85.03,85.1,85.1,2861800
2019-09-03,84.98,84.99,84.99,3345800
2019-09-04,84.97,85.15,85.15,2864100
2019-09-05,84.85,84.71,84.71,3162800
2019-09-06,84.76,84.81,84.81,2764600
2019-09-09,84.47,84.42,84.42,2618400
2019-09-10,84.36,83.99,83.99,2425900
2019-09-11,83.92,83.94,83.94,2030200
2019-09-12,84.15,83.78,83.78,3025200
2019-09-13,83.62,83.3,83.3,3111300
2019-09-16,83.53,83.52,83.52,2971000
2019-09-17,83.58,83.71,83.71,2974900
2019-09-18,83.89,83.77,83.77,2557800
2019-09-19,83.99,83.89,83.89,2631100
2019-09-20,83.99,84.19,84.19,2436700
2019-09-23,84.3,84.25,84.25,2365800
2019-09-24,84.35,84.54,84.54,3043500
2019-09-25,84.44,84.14,84.14,3009500
2019-09-26,84.31,84.28,84.28,2909900
2019-09-27,84.27,84.37,84.37,2778400
2019-09-30,84.26,84.43,84.43,5258400
2019-10-01,84.05,84.33,84.33,5383100
2019-10-02,84.5,84.52,84.52,3741400
2019-10-03,84.62,84.8,84.8,3149600
2019-10-04,84.86,84.94,84.94,3309600
2019-10-07,84.8,84.72,84.72,4701400
2019-10-08,84.91,84.76,84.76,3876100
2019-10-09,84.78,84.66,84.66,3187900
2019-10-10,84.57,84.4,84.4,3683300
2019-10-11,84.15,84.09,84.09,3411200
2019-10-14,84.24,84.23,84.23,1600400
2019-10-15,84.18,84.01,84.01,2408500
2019-10-16,84.05,84.1,84.1,2549900
2019-10-17,84.08,84.1,84.1,2420600
2019-10-18,84.14,84.14,84.14,2467600
2019-10-21,84.05,83.94,83.94,2328000
2019-10-22,84.11,84.09,84.09,4545600
2019-10-23,84.22,84.13,84.13,4250400
2019-10-24,84.18,84.14,84.14,2353700
2019-10-25,84.19,84.0,84.0,2157500
2019-10-28,83.84,83.82,83.82,2861600
2019-10-29,83.93,83.84,83.84,2729800
2019-10-30,83.94,84.11,84.11,2831800
2019-10-31,84.34,84.51,84.51,3058400
2019-11-01,84.25,84.25,84.25,2771900
2019-11-04,84.05,84.01,84.01,2444500
2019-11-05,83.79,83.72,83.72,2890600
2019-11-06,83.75,83.9,83.9,3147000
2019-11-07,83.62,83.47,83.47,3767100
2019-11-08,83.45,83.39,83.39,2130600
2019-11-11,83.5,83.44,83.44,1926100
2019-11-12,83.47,83.49,83.49,3072600
2019-11-13,83.66,83.64,83.64,2690800
2019-11-14,83.93,83.88,83.88,2299700
2019-11-15,83.82,83.85,83.85,2342200
2019-11-18,83.99,83.97,83.97,3553000
2019-11-19,83.98,84.06,84.06,3712600
2019-11-20,84.21,84.29,84.29,4924100
2019-11-21,84.18,84.15,84.15,2779600
2019-11-22,84.24,84.2,84.2,3119700
2019-11-25,84.26,84.28,84.28,3444700
2019-11-26,84.4,84.42,84.42,3207400
2019-11-27,84.31,84.29,84.29,2293000
2019-11-29,84.29,84.29,84.29,2535100
2019-12-02,83.83,83.89,83.89,3745800
2019-12-03,84.17,84.34,84.34,3393600
2019-12-04,84.26,84.17,84.17,3876800
2019-12-05,84.04,84.08,84.08,2850000
2019-12-06,83.91,83.97,83.97,4121700
2019-12-09,84.08,83.99,83.99,2795100
2019-12-10,84.04,83.93,83.93,2700500
2019-12-11,84.07,84.21,84.21,2581800
2019-12-12,84.15,83.81,83.81,4645900
2019-12-13,84.03,84.19,84.19,3877700
2019-12-16,84.05,83.96,83.96,2876500
2019-12-17,84.08,83.97,83.97,3282700
2019-12-18,83.99,83.86,83.86,3786100
2019-12-19,83.88,83.92,83.92,3240600
2019-12-20,83.87,83.94,83.94,3646300
2019-12-23,83.79,83.7,83.7,4192500
2019-12-24,83.63,83.78,83.78,1682800
2019-12-26,83.82,83.86,83.86,2036400
2019-12-27,83.96,83.98,83.98,1940300
2019-12-30,83.76,83.95,83.95,2562000
2019-12-31,83.85,83.86,83.86,5931300
2020-01-02,83.98,83.97,83.97,5511000
2020-01-03,84.18,84.27,84.27,5368300
2020-01-06,84.3,84.17,84.17,3710400
2020-01-07,84.2,84.1,84.1,3029900
2020-01-08,84.13,83.97,83.97,3674400
2020-01-09,83.91,84.07,84.07,5886600
2020-01-10,84.16,84.21,84.21,4525700
2020-01-13,84.18,84.16,84.16,3735700
2020-01-14,84.2,84.28,84.28,3492300
2020-01-15,84.4,84.41,84.41,2594300
2020-01-16,84.37,84.36,84.36,4784100
2020-01-17,84.27,84.35,84.35,3090600
2020-01-21,84.49,84.56,84.56,2910600
2020-01-22,84.59,84.63,84.63,4192100
2020-01-23,84.78,84.78,84.78,3104800
2020-01-24,84.83,84.91,84.91,4548400
2020-01-27,85.17,85.19,85.19,3208600
2020-01-28,85.13,85.04,85.04,3993400
2020-01-29,85.17,85.28,85.28,4177500
2020-01-30,85.36,85.3,85.3,4795700
2020-01-31,85.4,85.52,85.52,6264000
2020-02-03,85.22,85.26,85.26,6030800
2020-02-04,85.03,85.0,85.0,4180900
2020-02-05,84.89,84.86,84.86,3537200
2020-02-06,84.91,84.94,84.94,3435700
2020-02-07,85.17,85.2,85.2,4169700
2020-02-10,85.35,85.33,85.33,2785500
2020-02-11,85.29,85.19,85.19,3799400
2020-02-12,85.1,85.09,85.09,4127500
2020-02-13,85.14,85.17,85.17,2852500
2020-02-14,85.32,85.26,85.26,3069000
2020-02-18,85.43,85.39,85.39,3645200
2020-02-19,85.36,85.38,85.38,3109600
2020-02-20,85.48,85.59,85.59,8404000
2020-02-21,85.76,85.8,85.8,6561500
2020-02-24,86.17,86.07,86.07,6314500
2020-02-25,86.09,86.14,86.14,7928900
2020-02-26,86.08,86.09,86.09,8015900
2020-02-27,86.26,86.19,86.19,9514600
2020-02-28,86.52,86.76,86.76,16377200
2020-03-02,86.82,86.53,86.53,10154400
2020-03-03,86.57,87.05,87.05,9323900
2020-03-04,87.26,87.03,87.03,7445600
2020-03-05,87.38,87.36,87.36,5385000
2020-03-06,88.21,87.96,87.96,10176200
2020-03-09,89.26,87.77,87.77,12445600
2020-03-10,87.44,86.59,86.59,14177600
2020-03-11,86.78,84.95,84.95,10511600
2020-03-12,83.48,80.33,80.33,16986900
2020-03-13,81.69,83.72,83.72,14137500
2020-03-16,81.32,84.6,84.6,8411000
2020-03-17,83.55,82.85,82.85,13629700
2020-03-18,81.44,80.85,80.85,10076800
2020-03-19,79.74,80.8,80.8,11007200
2020-03-20,80.7,82.17,82.17,8864500
2020-03-23,81.21,83.99,83.99,10973300
2020-03-24,82.95,84.08,84.08,9371200
2020-03-25,84.14,85.21,85.21,9655500
2020-03-26,85.05,85.6,85.6,10803800
2020-03-27,85.37,86.06,86.06,4975200
2020-03-30,86.02,86.15,86.15,6030800
2020-03-31,86.25,85.35,85.35,8523900
2020-04-01,86.12,85.6,85.6,5995000
2020-04-02,86.12,86.0,86.0,6356100
2020-04-03,86.05,85.96,85.96,4151200
2020-04-06,86.3,86.23,86.23,4373100
2020-04-07,86.23,86.31,86.31,6009600
2020-04-08,86.3,86.53,86.53,4572300
2020-04-09,86.75,87.48,87.48,5070700
2020-04-13,87.39,87.2,87.2,7018100
2020-04-14,87.39,87.2,87.2,5818300
2020-04-15,87.24,87.63,87.63,3922500
2020-04-16,87.63,87.68,87.68,3459600
2020-04-17,87.71,87.56,87.56,3528300
2020-04-20,87.53,87.42,87.42,3705200
2020-04-21,87.7,87.53,87.53,4513000
2020-04-22,87.45,87.46,87.46,3240100
2020-04-23,87.57,87.6,87.6,2587200
2020-04-24,87.56,87.57,87.57,2272600
2020-04-27,87.53,87.26,87.26,3117300
2020-04-28,87.5,87.52,87.52,3118800
2020-04-29,87.64,87.58,87.58,4867500
2020-04-30,87.69,87.51,87.51,5390100
2020-05-01,87.38,87.3,87.3,4857100
2020-05-04,87.34,87.39,87.39,7276600
2020-05-05,87.31,87.31,87.31,3625600
2020-05-06,87.24,86.92,86.92,5006600
2020-05-07,87.18,87.2,87.2,3425600
2020-05-08,87.13,86.95,86.95,3078900
2020-05-11,86.93,86.68,86.68,4344300
2020-05-12,86.87,86.96,86.96,3942700
2020-05-13,87.14,87.06,87.06,2628900
2020-05-14,87.23,87.3,87.3,2844700
2020-05-15,87.51,87.35,87.35,2871300
2020-05-18,87.39,87.19,87.19,3573700
2020-05-19,87.27,87.3,87.3,3083000
2020-05-20,87.37,87.53,87.53,4388600
2020-05-21,87.6,87.62,87.62,5762200
2020-05-22,87.68,87.65,87.65,3710300
2020-05-26,87.66,87.6,87.6,5193900
2020-05-27,87.75,87.64,87.64,7606400
2020-05-28,87.55,87.67,87.67,7381900
2020-05-29,87.72,87.92,87.92,6196500
2020-06-01,87.59,87.68,87.68,4345600
2020-06-02,87.67,87.75,87.75,5445500
2020-06-03,87.63,87.55,87.55,5036400
2020-06-04,87.61,87.34,87.34,6341700
2020-06-05,87.2,87.33,87.33,6465600
2020-06-08,87.28,87.42,87.42,4491000
2020-06-09,87.59,87.48,87.48,5445200
2020-06-10,87.64,87.85,87.85,3951600
2020-06-11,87.94,87.69,87.69,5026500
2020-06-12,87.83,87.78,87.78,4087300
2020-06-15,87.86,87.96,87.96,4486100
2020-06-16,88.09,87.85,87.85,9338500
2020-06-17,87.93,87.87,87.87,3900300
2020-06-18,87.94,87.97,87.97,2988600
2020-06-19,87.94,88.0,88.0,2606400
2020-06-22,88.12,87.97,87.97,3048400
2020-06-23,88.01,87.93,87.93,3037100
2020-06-24,87.91,87.94,87.94,3256700
2020-06-25,88.13,88.03,88.03,4318400
2020-06-26,88.17,88.19,88.19,2911700
2020-06-29,88.22,88.25,88.25,3047300
2020-06-30,88.35,88.34,88.34,5405900
2020-07-01,88.14,88.2,88.2,3569200
2020-07-02,88.23,88.34,88.34,4007000
2020-07-06,88.25,88.31,88.31,4026800
2020-07-07,88.37,88.45,88.45,3300800
2020-07-08,88.48,88.4,88.4,2908100
2020-07-09,88.45,88.64,88.64,3189700
2020-07-10,88.75,88.54,88.54,2960500
2020-07-13,88.53,88.58,88.58,3115800
2020-07-14,88.67,88.69,88.69,3067300
2020-07-15,88.72,88.7,88.7,3349900
2020-07-16,88.82,88.76,88.76,2856100
2020-07-17,88.91,88.85,88.85,2430300
2020-07-20,89.0,88.94,88.94,2771000
2020-07-21,89.01,88.99,88.99,3044700
2020-07-22,89.12,89.11,89.11,5609100
2020-07-23,89.24,89.19,89.19,4394900
2020-07-24,89.16,89.17,89.17,2980400
2020-07-27,89.27,89.11,89.11,5146900
2020-07-28,89.21,89.15,89.15,5547800
2020-07-29,89.2,89.29,89.29,3136200
2020-07-30,89.32,89.34,89.34,2621100
2020-07-31,89.35,89.46,89.46,5110000
2020-08-03,89.32,89.27,89.27,6270000
2020-08-04,89.37,89.46,89.46,5325100
2020-08-05,89.37,89.34,89.34,4931500
2020-08-06,89.48,89.48,89.48,3933400
2020-08-07,89.55,89.38,89.38,3764400
2020-08-10,89.48,89.28,89.28,3708400
2020-08-11,89.1,88.97,88.97,8125700
2020-08-12,88.85,88.74,88.74,4530800
2020-08-13,88.77,88.45,88.45,3969800
2020-08-14,88.5,88.35,88.35,3454400
2020-08-17,88.44,88.46,88.46,3995400
2020-08-18,88.57,88.58,88.58,6371100
2020-08-19,88.7,88.43,88.43,4628100
2020-08-20,88.66,88.58,88.58,4623400
2020-08-21,88.68,88.77,88.77,3642100
2020-08-24,88.75,88.67,88.67,2960400
2020-08-25,88.52,88.5,88.5,4830800
2020-08-26,88.47,88.45,88.45,4853800
2020-08-27,88.62,88.13,88.13,5125700
2020-08-28,88.24,88.2,88.2,4281200
2020-08-31,88.3,88.46,88.46,16000300
2020-09-01,88.25,88.55,88.55,7201700
2020-09-02,88.54,88.74,88.74,5054900
2020-09-03,88.81,88.75,88.75,7543900
2020-09-04,88.62,88.23,88.23,6588300
2020-09-08,88.42,88.36,88.36,4440300
2020-09-09,88.4,88.3,88.3,6048200
2020-09-10,88.23,88.32,88.32,5331800
2020-09-11,88.43,88.41,88.41,5301400
2020-09-14,88.49,88.41,88.41,4256400
2020-09-15,88.46,88.46,88.46,3746900
2020-09-16,88.58,88.44,88.44,4851800
2020-09-17,88.6,88.44,88.44,2815400
2020-09-18,88.52,88.34,88.34,2938800
2020-09-21,88.49,88.39,88.39,4981500
2020-09-22,88.4,88.42,88.42,4442200
2020-09-23,88.41,88.22,88.22,4659600
2020-09-24,88.32,88.23,88.23,4225900
2020-09-25,88.3,88.22,88.22,5602600
2020-09-28,88.27,88.3,88.3,4215100
2020-09-29,88.39,88.36,88.36,7929700
2020-09-30,88.28,88.22,88.22,6113600
2020-10-01,87.99,88.16,88.16,4485900
2020-10-02,88.21,88.1,88.1,5557100
2020-10-05,87.98,87.77,87.77,6298400
2020-10-06,87.86,87.89,87.89,5705900
2020-10-07,87.82,87.77,87.77,3494600
2020-10-08,87.89,87.92,87.92,5661600
2020-10-09,87.83,87.94,87.94,4105000
2020-10-12,87.99,88.07,88.07,3383500
2020-10-13,88.12,88.14,88.14,4121100
2020-10-14,88.17,88.19,88.19,6966400
2020-10-15,88.19,88.14,88.14,3877900
2020-10-16,88.16,88.07,88.07,3424500
2020-10-19,88.01,87.99,87.99,5206600
2020-10-20,87.93,87.84,87.84,4652700
2020-10-21,87.8,87.74,87.74,4115700
2020-10-22,87.73,87.59,87.59,5036700
2020-10-23,87.58,87.7,87.7,3237300
2020-10-26,87.81,87.83,87.83,4177000
2020-10-27,87.97,88.04,88.04,3293100
2020-10-28,88.09,87.92,87.92,4766400
2020-10-29,87.92,87.73,87.73,4200700
2020-10-30,87.68,87.58,87.58,9731400
2020-11-02,87.56,87.55,87.55,4021200
2020-11-03,87.52,87.53,87.53,3985400
2020-11-04,88.07,88.13,88.13,5667400
2020-11-05,88.28,88.22,88.22,4128700
2020-11-06,88.01,88.02,88.02,3844500
2020-11-09,87.74,87.61,87.61,5712700
2020-11-10,87.43,87.44,87.44,5169600
2020-11-11,87.44,87.5,87.5,3365700
2020-11-12,87.65,87.79,87.79,4178500
2020-11-13,87.83,87.82,87.82,3199500
2020-11-16,87.82,87.87,87.87,4059400
2020-11-17,87.96,88.02,88.02,5537500
2020-11-18,88.12,88.12,88.12,6089500
2020-11-19,88.21,88.3,88.3,6207000
2020-11-20,88.32,88.38,88.38,6611300
2020-11-23,88.36,88.31,88.31,3506600
2020-11-24,88.3,88.22,88.22,4678800
2020-11-25,88.27,88.18,88.18,5282000
2020-11-27,88.29,88.37,88.37,2226300
2020-11-30,88.37,88.49,88.49,4729900
2020-12-01,88.26,88.08,88.08,7331400
2020-12-02,88.02,87.93,87.93,4631300
2020-12-03,88.13,88.1,88.1,3685300
2020-12-04,88.0,87.87,87.87,4880200
2020-12-07,87.98,87.99,87.99,4734800
2020-12-08,88.15,88.02,88.02,3737300
2020-12-09,87.89,87.87,87.87,5163900
2020-12-10,87.96,88.05,88.05,4731400
2020-12-11,88.16,88.19,88.19,5317100
2020-12-14,88.11,88.16,88.16,5176800
2020-12-15,88.11,88.2,88.2,6539900
2020-12-16,88.09,88.11,88.11,4186700
2020-12-17,88.23,88.13,88.13,4963600
2020-12-18,88.19,88.1,88.1,3472700
2020-12-21,88.19,88.11,88.11,5364200
2020-12-22,88.15,88.25,88.25,4697300
2020-12-23,87.86,87.86,87.86,5643700
2020-12-24,87.99,88.01,88.01,1980900
2020-12-28,87.94,87.98,87.98,4706500
2020-12-29,87.95,88.01,88.01,4884800
2020-12-30,88.03,88.07,88.07,3609800
2020-12-31,88.11,88.19,88.19,6134900
2021-01-04,88.04,88.07,88.07,7568400
2021-01-05,88.02,87.92,87.92,6452700
2021-01-06,87.61,87.53,87.53,5933700
2021-01-07,87.36,87.35,87.35,6196100
2021-01-08,87.39,87.27,87.27,7688800
2021-01-11,87.25,87.18,87.18,5404300
2021-01-12,87.09,87.16,87.16,6078800
2021-01-13,87.27,87.39,87.39,7357100
2021-01-14,87.4,87.28,87.28,7191900
2021-01-15,87.34,87.35,87.35,4083600
2021-01-19,87.37,87.47,87.47,7636500
2021-01-20,87.42,87.46,87.46,5889500
2021-01-21,87.33,87.34,87.34,7890800
2021-01-22,87.41,87.38,87.38,4439800
2021-01-25,87.49,87.58,87.58,5126900
2021-01-26,87.54,87.57,87.57,4608700
2021-01-27,87.63,87.57,87.57,4248500
2021-01-28,87.56,87.5,87.5,4359300
2021-01-29,87.29,87.43,87.43,6088400
2021-02-01,87.24,87.32,87.32,5774700
2021-02-02,87.21,87.21,87.21,4554500
2021-02-03,87.15,87.06,87.06,4271700
2021-02-04,87.05,87.08,87.08,4652200
2021-02-05,87.08,86.96,86.96,4401300
2021-02-08,86.97,87.06,87.06,5571500
2021-02-09,87.06,87.02,87.02,4474000
2021-02-10,87.12,87.16,87.16,3735500
2021-02-11,87.16,87.07,87.07,4578200
2021-02-12,86.93,86.84,86.84,4825400
2021-02-16,86.57,86.43,86.43,6702200
2021-02-17,86.58,86.61,86.61,5217000
2021-02-18,86.48,86.56,86.56,4607000
2021-02-19,86.43,86.26,86.26,4011100
2021-02-22,86.19,86.02,86.02,4809400
2021-02-23,85.87,86.0,86.0,6475900
2021-02-24,85.68,85.95,85.95,5164600
2021-02-25,85.6,85.2,85.2,9956100
2021-02-26,85.57,85.94,85.94,8580200
2021-03-01,85.61,85.7,85.7,7152000
2021-03-02,85.65,85.69,85.69,5338800
2021-03-03,85.47,85.42,85.42,6022500
2021-03-04,85.45,85.15,85.15,9701800
2021-03-05,85.0,85.1,85.1,6871000
2021-03-08,84.96,84.71,84.71,5806700
2021-03-09,84.93,84.99,84.99,7671800
2021-03-10,85.07,85.15,85.15,5286700
2021-03-11,85.14,85.16,85.16,5510000
2021-03-12,84.74,84.65,84.65,5717100
2021-03-15,84.66,84.75,84.75,5012200
2021-03-16,84.8,84.74,84.74,6159100
2021-03-17,84.6,84.71,84.71,7370600
2021-03-18,84.3,84.36,84.36,4905200
2021-03-19,84.8,84.43,84.43,4969200
2021-03-22,84.63,84.67,84.67,4748300
2021-03-23,84.87,84.86,84.86,5148600
2021-03-24,84.76,84.99,84.99,5148200
2021-03-25,85.03,84.93,84.93,3876300
2021-03-26,84.76,84.78,84.78,3376200
2021-03-29,84.8,84.67,84.67,3775500
2021-03-30,84.57,84.76,84.76,4769200
2021-03-31,84.76,84.72,84.72,6949300
2021-04-01,84.78,84.8,84.8,4780200
2021-04-05,84.62,84.67,84.67,8200600
2021-04-06,84.78,84.97,84.97,5400600
2021-04-07,84.9,84.87,84.87,5480200
2021-04-08,84.97,85.06,85.06,3872300
2021-04-09,84.97,84.95,84.95,9748500
2021-04-12,84.93,84.93,84.93,3995700
2021-04-13,84.89,85.15,85.15,4097500
2021-04-14,85.06,85.09,85.09,4592300
2021-04-15,85.33,85.45,85.45,5395000
2021-04-16,85.22,85.22,85.22,6199700
2021-04-19,85.11,85.17,85.17,6165300
2021-04-20,85.15,85.31,85.31,6383700
2021-04-21,85.28,85.4,85.4,4508300
2021-04-22,85.41,85.44,85.44,4007800
2021-04-23,85.48,85.45,85.45,6435700
2021-04-26,85.46,85.39,85.39,3797400
2021-04-27,85.37,85.17,85.17,4450300
2021-04-28,85.2,85.21,85.21,5479200
2021-04-29,85.06,85.14,85.14,6247600
2021-04-30,85.22,85.26,85.26,6867600
2021-05-03,85.12,85.15,85.15,4601200
2021-05-04,85.24,85.26,85.26,5520300
2021-05-05,85.21,85.31,85.31,5950300
2021-05-06,85.25,85.35,85.35,4143600
2021-05-07,85.48,85.36,85.36,4886300
2021-05-10,85.37,85.16,85.16,6211800
2021-05-11,85.02,84.99,84.99,6630800
2021-05-12,84.85,84.69,84.69,7011700
2021-05-13,84.68,84.86,84.86,6991000
2021-05-14,84.98,85.06,85.06,6262100
2021-05-17,85.04,84.98,84.98,4753000
2021-05-18,84.91,84.89,84.89,4631000
2021-05-19,84.91,84.8,84.8,6511300
2021-05-20,84.89,85.08,85.08,5283900
2021-05-21,85.12,85.1,85.1,5050800
2021-05-24,85.15,85.2,85.2,6954500
2021-05-25,85.25,85.42,85.42,5235500
2021-05-26,85.37,85.39,85.39,4834400
2021-05-27,85.32,85.27,85.27,5215200
2021-05-28,85.27,85.26,85.26,5258500
2021-06-01,85.07,85.12,85.12,5398000
2021-06-02,85.11,85.21,85.21,5479900
2021-06-03,85.13,85.05,85.05,4829000
2021-06-04,85.16,85.39,85.39,19321400
2021-06-07,85.33,85.33,85.33,10706500
2021-06-08,85.49,85.49,85.49,5099600
2021-06-09,85.69,85.66,85.66,4810300
2021-06-10,85.54,85.84,85.84,7400300
2021-06-11,85.82,85.82,85.82,4194500
2021-06-14,85.76,85.6,85.6,4438400
2021-06-15,85.56,85.6,85.6,6173600
2021-06-16,85.68,85.36,85.36,7302400
2021-06-17,85.5,85.65,85.65,6467500
2021-06-18,85.72,85.92,85.92,5842800
2021-06-21,85.72,85.62,85.62,7907000
2021-06-22,85.52,85.74,85.74,4082900
2021-06-23,85.69,85.68,85.68,5739900
2021-06-24,85.73,85.72,85.72,4852100
2021-06-25,85.74,85.56,85.56,6018500
2021-06-28,85.69,85.79,85.79,5664100
2021-06-29,85.66,85.83,85.83,10672700
2021-06-30,85.9,85.89,85.89,4846600
2021-07-01,85.73,85.75,85.75,5768000
2021-07-02,85.76,85.9,85.9,4315700
2021-07-06,86.0,86.21,86.21,5711600
2021-07-07,86.3,86.39,86.39,5933900
2021-07-08,86.44,86.47,86.47,6991200
2021-07-09,86.27,86.2,86.2,10304900
2021-07-12,86.26,86.17,86.17,9073900
2021-07-13,86.16,85.9,85.9,8583600
2021-07-14,86.08,86.19,86.19,5036200
2021-07-15,86.34,86.4,86.4,3423000
2021-07-16,86.2,86.32,86.32,5725100
2021-07-19,86.71,86.81,86.81,6493300
2021-07-20,87.05,86.72,86.72,6762200
2021-07-21,86.49,86.44,86.44,6293000
2021-07-22,86.45,86.63,86.63,4894900
2021-07-23,86.41,86.53,86.53,8887500
2021-07-26,86.63,86.48,86.48,5427900
2021-07-27,86.68,86.7,86.7,4344100
2021-07-28,86.59,86.78,86.78,6636700
2021-07-29,86.6,86.63,86.63,5201000
2021-07-30,86.7,86.76,86.76,7557200
2021-08-02,86.68,86.83,86.83,4660800
2021-08-03,86.84,86.85,86.85,5297700
2021-08-04,87.01,86.85,86.85,3916900
2021-08-05,86.77,86.65,86.65,4613800
2021-08-06,86.32,86.24,86.24,4329800
2021-08-09,86.32,86.08,86.08,4541300
2021-08-10,86.12,85.95,85.95,4312300
2021-08-11,85.97,86.01,86.01,6494000
2021-08-12,85.98,86.02,86.02,4946500
2021-08-13,86.13,86.36,86.36,4329600
2021-08-16,86.47,86.44,86.44,3918900
2021-08-17,86.37,86.35,86.35,7168400
2021-08-18,86.33,86.33,86.33,4561900
2021-08-19,86.49,86.52,86.52,5345600
2021-08-20,86.54,86.5,86.5,3581200
2021-08-23,86.48,86.52,86.52,4005500
2021-08-24,86.45,86.35,86.35,5164800
2021-08-25,86.39,86.21,86.21,3904900
2021-08-26,86.24,86.22,86.22,4810900
2021-08-27,86.24,86.47,86.47,4780900
2021-08-30,86.41,86.57,86.57,4119000
2021-08-31,86.56,86.46,86.46,4974900
2021-09-01,86.41,86.34,86.34,4792400
2021-09-02,86.41,86.46,86.46,4885100
2021-09-03,86.26,86.28,86.28,4059700
2021-09-07,86.08,86.03,86.03,4839700
2021-09-08,86.13,86.17,86.17,4864600
2021-09-09,86.26,86.48,86.48,5504600
2021-09-10,86.34,86.27,86.27,3711400
2021-09-13,86.34,86.4,86.4,4047300
2021-09-14,86.47,86.61,86.61,4758300
2021-09-15,86.59,86.53,86.53,6204400
2021-09-16,86.35,86.37,86.37,4604000
2021-09-17,86.25,86.26,86.26,6217800
2021-09-20,86.39,86.5,86.5,6195100
2021-09-21,86.51,86.48,86.48,6962300
2021-09-22,86.48,86.57,86.57,6006200
2021-09-23,86.35,86.11,86.11,5222300
2021-09-24,86.01,85.93,85.93,4170600
2021-09-27,85.8,85.83,85.83,4858500
2021-09-28,85.57,85.46,85.46,6253700
2021-09-29,85.58,85.47,85.47,5123500
2021-09-30,85.44,85.45,85.45,5877700
2021-10-01,85.46,85.61,85.61,6029900
2021-10-04,85.51,85.55,85.55,7280000
2021-10-05,85.5,85.34,85.34,4395400
2021-10-06,85.36,85.38,85.38,7177800
2021-10-07,85.23,85.14,85.14,5363500
2021-10-08,85.08,84.93,84.93,4547100
2021-10-11,84.83,84.8,84.8,3286600
2021-10-12,84.89,85.11,85.11,5529600
2021-10-13,85.2,85.34,85.34,5018100
2021-10-14,85.39,85.49,85.49,4336400
2021-10-15,85.34,85.28,85.28,5801200
2021-10-18,85.16,85.23,85.23,5863600
2021-10-19,85.14,84.99,84.99,3865900
2021-10-20,84.96,84.89,84.89,5332400
2021-10-21,84.87,84.77,84.77,6073300
2021-10-22,84.87,84.95,84.95,6076100
2021-10-25,84.92,84.99,84.99,4652500
2021-10-26,85.07,85.16,85.16,5752800
2021-10-27,85.31,85.47,85.47,7618400
2021-10-28,85.42,85.36,85.36,6225800
2021-10-29,85.16,85.38,85.38,8975200
2021-11-01,85.02,85.18,85.18,5201400
2021-11-02,85.22,85.34,85.34,4199400
2021-11-03,85.39,85.19,85.19,5058700
2021-11-04,85.25,85.58,85.58,5564100
2021-11-05,85.63,85.84,85.84,4595900
2021-11-08,85.72,85.65,85.65,6517200
2021-11-09,85.92,85.89,85.89,6027800
2021-11-10,85.75,85.31,85.31,6206400
2021-11-11,85.32,85.17,85.17,3847100
2021-11-12,85.29,85.18,85.18,4890900
2021-11-15,85.1,84.83,84.83,6239500
2021-11-16,84.83,84.77,84.77,5580700
2021-11-17,84.73,84.95,84.95,6589200
2021-11-18,84.92,85.05,85.05,5320700
2021-11-19,85.25,85.23,85.23,5498200
2021-11-22,85.01,84.81,84.81,7497100
2021-11-23,84.69,84.47,84.47,5779500
2021-11-24,84.48,84.67,84.67,4757400
2021-11-26,85.09,85.27,85.27,4402500
2021-11-29,84.99,85.26,85.26,6133000
2021-11-30,85.49,85.42,85.42,11234800
2021-12-01,85.16,85.34,85.34,7737300
2021-12-02,85.42,85.35,85.35,8831600
2021-12-03,85.26,85.68,85.68,7440900
2021-12-06,85.69,85.45,85.45,6865000
2021-12-07,85.32,85.26,85.26,5351200
2021-12-08,85.18,85.0,85.0,9064200
2021-12-09,85.08,85.04,85.04,8096700
2021-12-10,85.16,85.07,85.07,6869100
2021-12-13,85.25,85.36,85.36,4955300
2021-12-14,85.25,85.22,85.22,5165800
2021-12-15,85.04,85.11,85.11,6036000
2021-12-16,85.15,85.22,85.22,6067700
2021-12-17,85.34,85.37,85.37,4884200
2021-12-20,85.38,85.23,85.23,7129100
2021-12-21,85.19,85.14,85.14,6237800
2021-12-22,85.22,85.23,85.23,5110000
2021-12-23,84.93,84.83,84.83,4631200
2021-12-27,84.84,84.87,84.87,5311700
2021-12-28,85.01,84.86,84.86,5674800
2021-12-29,84.67,84.58,84.58,7757900
2021-12-30,84.69,84.77,84.77,6352100
2021-12-31,84.78,84.75,84.75,7162600
2022-01-03,84.44,84.18,84.18,7244300
2022-01-04,84.1,84.17,84.17,7384500
2022-01-05,84.21,83.88,83.88,7076500
2022-01-06,83.75,83.79,83.79,6011000
2022-01-07,83.71,83.56,83.56,6345100
2022-01-10,83.38,83.49,83.49,5912300
2022-01-11,83.47,83.66,83.66,6755600
2022-01-12,83.73,83.63,83.63,6672700
2022-01-13,83.65,83.77,83.77,5746300
2022-01-14,83.59,83.31,83.31,6843000
2022-01-18,83.03,82.79,82.79,7453100
2022-01-19,82.97,82.99,82.99,8644100
2022-01-20,83.11,83.08,83.08,4951300
2022-01-21,83.35,83.39,83.39,5204500
2022-01-24,83.45,83.26,83.26,10332200
2022-01-25,83.3,83.15,83.15,5872700
2022-01-26,83.22,82.69,82.69,7382500
2022-01-27,82.9,82.96,82.96,6295600
2022-01-28,82.78,83.06,83.06,5992500
2022-01-31,82.9,83.0,83.0,8033400
2022-02-01,82.89,82.83,82.83,5013300
2022-02-02,82.95,82.95,82.95,7248800
2022-02-03,82.61,82.6,82.6,6156500
2022-02-04,82.2,82.09,82.09,7746000
2022-02-07,82.09,82.16,82.16,6252200
2022-02-08,81.98,81.89,81.89,6727000
2022-02-09,82.03,81.95,81.95,5862000
2022-02-10,81.63,81.2,81.2,8869700
2022-02-11,81.45,81.73,81.73,11100900
2022-02-14,81.38,81.27,81.27,6301600
2022-02-15,81.17,81.1,81.1,6731200
2022-02-16,81.24,81.21,81.21,7142400
2022-02-17,81.3,81.39,81.39,6833600
2022-02-18,81.5,81.53,81.53,4744400
2022-02-22,81.39,81.48,81.48,7058800
2022-02-23,81.3,81.07,81.07,7938900
2022-02-24,81.39,81.25,81.25,8883500
2022-02-25,81.2,81.32,81.32,5923200
2022-02-28,81.66,81.92,81.92,6494400
2022-03-01,82.04,82.22,82.22,9319000
2022-03-02,81.86,81.21,81.21,6491500
2022-03-03,81.47,81.57,81.57,10349100
2022-03-04,81.89,81.86,81.86,8042600
2022-03-07,81.53,81.46,81.46,6425400
2022-03-08,81.05,81.08,81.08,8565900
2022-03-09,80.9,80.86,80.86,5761500
2022-03-10,80.58,80.43,80.43,8261200
2022-03-11,80.4,80.37,80.37,7883400
2022-03-14,79.93,79.63,79.63,15449700
2022-03-15,79.94,79.76,79.76,6265000
2022-03-16,79.77,79.88,79.88,8156400
2022-03-17,80.02,79.95,79.95,6774600
2022-03-18,80.07,80.18,80.18,8895700
2022-03-21,79.8,79.36,79.36,6831300
2022-03-22,79.15,79.16,79.16,6488400
2022-03-23,79.33,79.52,79.52,8919400
2022-03-24,79.13,79.42,79.42,18907400
2022-03-25,79.1,78.72,78.72,21372500
2022-03-28,78.81,78.95,78.95,7494000
2022-03-29,79.08,79.3,79.3,7308100
2022-03-30,79.09,79.48,79.48,7071800
2022-03-31,79.52,79.54,79.54,8244200
2022-04-01,78.83,79.17,79.17,6326900
2022-04-04,79.21,79.23,79.23,9091700
2022-04-05,79.0,78.43,78.43,6956300
2022-04-06,78.01,78.19,78.19,8649400
2022-04-07,78.1,78.03,78.03,9157600
2022-04-08,77.66,77.61,77.61,8989600
2022-04-11,77.4,77.25,77.25,7858300
2022-04-12,77.62,77.5,77.5,8168200
2022-04-13,77.59,77.59,77.59,7790300
2022-04-14,77.56,77.06,77.06,7046100
2022-04-18,77.07,76.81,76.81,7187800
2022-04-19,76.53,76.33,76.33,11568000
2022-04-20,76.61,76.81,76.81,7366100
2022-04-21,76.68,76.4,76.4,7869900
2022-04-22,76.18,76.3,76.3,8625100
2022-04-25,76.67,76.78,76.78,6091600
2022-04-26,77.12,76.98,76.98,8837100
2022-04-27,76.99,76.74,76.74,10802000
2022-04-28,76.54,76.71,76.71,7644000
2022-04-29,76.28,76.19,76.19,7120400
2022-05-02,75.82,75.66,75.66,10166700
2022-05-03,76.08,75.84,75.84,7769000
2022-05-04,75.78,76.33,76.33,12238000
2022-05-05,75.87,75.57,75.57,10540000
2022-05-06,75.26,75.25,75.25,8803000
2022-05-09,75.18,75.59,75.59,7420300
2022-05-10,75.89,75.81,75.81,24792700
2022-05-11,75.52,76.07,76.07,9843600
2022-05-12,76.23,76.22,76.22,6079800
2022-05-13,76.06,75.94,75.94,5024800
2022-05-16,76.04,76.06,76.06,6104400
2022-05-17,75.68,75.61,75.61,5881200
2022-05-18,75.54,75.93,75.93,4963300
2022-05-19,76.34,76.09,76.09,5461400
2022-05-20,76.12,76.32,76.32,6960100
2022-05-23,76.29,76.05,76.05,7332900
2022-05-24,76.32,76.67,76.67,6587100
2022-05-25,76.92,76.98,76.98,5737200
2022-05-26,77.0,76.9,76.9,5328400
2022-05-27,77.11,77.12,77.12,6355300
2022-05-31,76.67,76.68,76.68,9067000
2022-06-01,76.56,76.19,76.19,7294600
2022-06-02,76.3,76.26,76.26,5276600
2022-06-03,75.99,76.15,76.15,5549600
2022-06-06,76.03,75.7,75.7,6698000
2022-06-07,75.85,75.96,75.96,6989800
2022-06-08,75.8,75.65,75.65,3778300
2022-06-09,75.6,75.55,75.55,4828500
2022-06-10,75.26,74.91,74.91,14690800
2022-06-13,74.21,73.7,73.7,11255300
2022-06-14,73.91,73.3,73.3,9530100
2022-06-15,73.85,74.14,74.14,9098600
2022-06-16,73.49,74.3,74.3,8477600
2022-06-17,74.39,74.34,74.34,4913600
2022-06-21,74.11,74.0,74.0,7069900
2022-06-22,74.64,74.61,74.61,8407600
2022-06-23,74.9,74.97,74.97,8542600
2022-06-24,74.86,74.83,74.83,6979000
2022-06-27,74.54,74.47,74.47,6238900
2022-06-28,74.43,74.51,74.51,5578800
2022-06-29,74.51,74.94,74.94,3896400
2022-06-30,75.17,75.26,75.26,4387100
2022-07-01,75.61,75.71,75.71,5801800
2022-07-05,75.85,75.84,75.84,6253900
2022-07-06,76.03,75.38,75.38,5312000
2022-07-07,75.45,75.17,75.17,7536700
2022-07-08,75.01,74.92,74.92,4187100
2022-07-11,75.19,75.2,75.2,4128600
2022-07-12,75.48,75.33,75.33,6013700
2022-07-13,74.87,75.57,75.57,6382700
2022-07-14,75.1,75.33,75.33,5598000
2022-07-15,75.36,75.6,75.6,5276400
2022-07-18,75.45,75.37,75.37,3438000
2022-07-19,75.38,75.31,75.31,3493400
2022-07-20,75.55,75.24,75.24,3966900
2022-07-21,75.43,75.86,75.86,6832900
2022-07-22,76.37,76.48,76.48,6617000
2022-07-25,76.14,76.2,76.2,4256200
2022-07-26,76.51,76.22,76.22,6964100
2022-07-27,76.35,76.43,76.43,5919600
2022-07-28,76.96,76.96,76.96,5140200
2022-07-29,76.8,76.9,76.9,6601700
2022-08-01,76.9,77.08,77.08,5370800
2022-08-02,77.09,76.3,76.3,10808300
2022-08-03,76.23,76.68,76.68,5747700
2022-08-04,76.72,76.87,76.87,9869900
2022-08-05,76.05,76.0,76.0,8946400
2022-08-08,76.3,76.34,76.34,8534700
2022-08-09,76.16,76.17,76.17,6888800
2022-08-10,76.5,76.38,76.38,4305000
2022-08-11,76.57,75.95,75.95,5179500
2022-08-12,76.21,76.3,76.3,4376800
2022-08-15,76.47,76.38,76.38,3922300
2022-08-16,76.27,76.28,76.28,4104000
2022-08-17,75.93,75.83,75.83,4131100
2022-08-18,76.04,75.97,75.97,4026800
2022-08-19,75.53,75.49,75.49,5115800
2022-08-22,75.33,75.15,75.15,4158600
2022-08-23,75.12,75.12,75.12,6294800
2022-08-24,74.97,74.93,74.93,3808600
2022-08-25,74.98,75.34,75.34,3688400
2022-08-26,75.23,75.19,75.19,4276600
2022-08-29,74.95,74.85,74.85,3263800
2022-08-30,74.93,74.91,74.91,6878700
2022-08-31,74.85,74.6,74.6,5155600
2022-09-01,74.02,74.04,74.04,6160700
2022-09-02,74.25,74.23,74.23,3600600
2022-09-06,73.94,73.56,73.56,6869800
2022-09-07,73.8,74.09,74.09,4208300
2022-09-08,73.96,73.86,73.86,3580300
2022-09-09,73.95,73.83,73.83,3831700
2022-09-12,74.0,73.74,73.74,4008200
2022-09-13,73.28,73.37,73.37,9481200
2022-09-14,73.3,73.46,73.46,4332200
2022-09-15,73.31,73.24,73.24,4967200
2022-09-16,73.08,73.16,73.16,5050000
2022-09-19,72.99,73.11,73.11,6374900
2022-09-20,72.71,72.75,72.75,4750500
2022-09-21,72.82,72.95,72.95,6360300
2022-09-22,72.48,72.2,72.2,5216100
2022-09-23,72.25,72.0,72.0,6885400
2022-09-26,71.77,71.08,71.08,8658900
2022-09-27,71.12,70.77,70.77,9946100
2022-09-28,71.43,71.87,71.87,11649700
2022-09-29,71.44,71.5,71.5,6100300
2022-09-30,71.7,71.33,71.33,8919100
2022-10-03,71.7,71.77,71.77,6762600
2022-10-04,72.03,71.95,71.95,6124400
2022-10-05,71.58,71.57,71.57,7252400
2022-10-06,71.53,71.3,71.3,7108400
2022-10-07,71.01,70.93,70.93,5023200
2022-10-10,70.93,70.61,70.61,4950700
2022-10-11,70.72,70.63,70.63,9225500
2022-10-12,70.55,70.71,70.71,5442000
2022-10-13,69.87,70.46,70.46,6668900
2022-10-14,70.82,70.12,70.12,6544400
2022-10-17,70.55,70.27,70.27,19605200
2022-10-18,70.46,70.43,70.43,7008000
2022-10-19,69.99,69.85,69.85,6483600
2022-10-20,69.71,69.38,69.38,6260900
2022-10-21,69.14,69.5,69.5,6984400
2022-10-24,69.48,69.4,69.4,7259400
2022-10-25,69.94,70.06,70.06,7780900
2022-10-26,70.22,70.34,70.34,7001000
2022-10-27,70.54,70.71,70.71,5493300
2022-10-28,70.4,70.57,70.57,4828800
2022-10-31,70.36,70.35,70.35,6785000
2022-11-01,70.58,70.26,70.26,7019000
2022-11-02,70.35,70.15,70.15,10223800
2022-11-03,69.61,69.88,69.88,6408200
2022-11-04,69.93,69.9,69.9,8780400
2022-11-07,69.91,69.63,69.63,6246100
2022-11-08,69.8,69.94,69.94,6358100
2022-11-09,69.86,70.04,70.04,7269400
2022-11-10,70.9,71.49,71.49,7014100
2022-11-11,71.33,71.49,71.49,4525300
2022-11-14,71.29,71.26,71.26,6914500
2022-11-15,71.66,71.76,71.76,11948800
2022-11-16,71.97,72.17,72.17,8856700
2022-11-17,71.8,71.87,71.87,6260600
2022-11-18,71.93,71.75,71.75,8564600
2022-11-21,71.99,71.75,71.75,6834600
2022-11-22,71.94,72.12,72.12,9534200
2022-11-23,72.23,72.56,72.56,4855000
2022-11-25,72.4,72.56,72.56,2536400
2022-11-28,72.61,72.47,72.47,5852100
2022-11-29,72.2,72.2,72.2,5437600
2022-11-30,72.15,72.76,72.76,5479900
2022-12-01,72.73,73.2,73.2,7462500
2022-12-02,72.95,73.5,73.5,6828300
2022-12-05,73.16,72.92,72.92,7552900
2022-12-06,73.08,73.16,73.16,7584100
2022-12-07,73.48,73.8,73.8,7472500
2022-12-08,73.58,73.59,73.59,5378100
2022-12-09,73.42,73.16,73.16,12079600
2022-12-12,73.46,73.16,73.16,7533500
2022-12-13,74.15,73.66,73.66,12563900
2022-12-14,73.71,73.84,73.84,9833900
2022-12-15,73.88,73.88,73.88,7800400
2022-12-16,73.46,73.69,73.69,6541900
2022-12-19,73.39,73.25,73.25,6300000
2022-12-20,72.8,72.77,72.77,6130500
2022-12-21,73.04,72.94,72.94,8169000
2022-12-22,72.95,72.93,72.93,6833800
2022-12-23,72.5,72.53,72.53,4693400
2022-12-27,72.13,71.97,71.97,6959600
2022-12-28,72.12,71.87,71.87,7868200
2022-12-29,71.97,72.14,72.14,7391000
2022-12-30,71.98,71.84,71.84,7051900
2023-01-03,72.45,72.22,72.22,8634800
2023-01-04,72.7,72.63,72.63,5257100
2023-01-05,72.34,72.55,72.55,5632400
2023-01-06,72.65,73.35,73.35,5627200
2023-01-09,73.31,73.55,73.55,7398200
2023-01-10,73.31,73.26,73.26,4827900
2023-01-11,73.47,73.65,73.65,8453200
2023-01-12,73.88,74.22,74.22,5927600
2023-01-13,74.06,73.97,73.97,6331600
2023-01-17,73.76,73.87,73.87,6815100
2023-01-18,74.6,74.55,74.55,5112800
2023-01-19,74.36,74.4,74.4,4765200
2023-01-20,74.13,74.07,74.07,4714300
2023-01-23,73.88,73.89,73.89,6116700
2023-01-24,73.95,74.22,74.22,3907700
2023-01-25,74.21,74.31,74.31,4414400
2023-01-26,74.26,74.17,74.17,3866800
2023-01-27,74.0,74.09,74.09,4474100
2023-01-30,73.96,73.88,73.88,6258700
2023-01-31,74.12,74.22,74.22,5502300
2023-02-01,74.16,74.52,74.52,7473900
2023-02-02,74.8,74.57,74.57,4273500
2023-02-03,74.02,73.91,73.91,5332900
2023-02-06,73.51,73.45,73.45,5282300
2023-02-07,73.39,73.35,73.35,4674500
2023-02-08,73.39,73.48,73.48,4308200
2023-02-09,73.68,73.18,73.18,4268100
2023-02-10,73.12,72.87,72.87,3606100
2023-02-13,72.89,73.07,73.07,3805800
2023-02-14,72.98,72.82,72.82,4328000
2023-02-15,72.72,72.66,72.66,4370800
2023-02-16,72.43,72.38,72.38,5912000
2023-02-17,72.2,72.54,72.54,5165700
2023-02-21,72.08,71.91,71.91,16093200
2023-02-22,72.1,72.07,72.07,4375600
2023-02-23,72.13,72.33,72.33,4789200
2023-02-24,71.96,71.93,71.93,4345900
2023-02-27,72.05,72.05,72.05,3340500
2023-02-28,71.81,72.07,72.07,5032400
2023-03-01,71.68,71.48,71.48,4427800
2023-03-02,71.21,71.33,71.33,4966600
2023-03-03,71.68,71.88,71.88,4008600
2023-03-06,72.03,71.71,71.71,4538700
2023-03-07,71.83,71.63,71.63,4253100
2023-03-08,71.78,71.57,71.57,4774500
2023-03-09,71.66,71.81,71.81,4597800
2023-03-10,72.51,72.67,72.67,4779500
2023-03-13,73.33,73.25,73.25,7270500
2023-03-14,73.0,72.79,72.79,5432500
2023-03-15,73.61,73.54,73.54,6677200
2023-03-16,73.83,73.19,73.19,6964800
2023-03-17,73.49,73.72,73.72,4352700
2023-03-20,73.78,73.4,73.4,6924500
2023-03-21,73.2,73.2,73.2,3997700
2023-03-22,73.2,73.85,73.85,5220500
2023-03-23,73.8,74.02,74.02,5392100
2023-03-24,74.24,74.17,74.17,4638000
2023-03-27,73.6,73.4,73.4,5769800
2023-03-28,73.26,73.27,73.27,3473300
2023-03-29,73.16,73.35,73.35,4231300
2023-03-30,73.32,73.45,73.45,3455300
2023-03-31,73.59,73.83,73.83,4549200
2023-04-03,73.58,73.96,73.96,5346200
2023-04-04,73.76,74.26,74.26,4126700
2023-04-05,74.45,74.46,74.46,4345900
2023-04-06,74.51,74.44,74.44,4381700
2023-04-10,74.03,73.94,73.94,4224300
2023-04-11,74.02,73.97,73.97,4401600
2023-04-12,74.26,74.05,74.05,4134800
2023-04-13,74.21,74.01,74.01,5012700
2023-04-14,73.75,73.68,73.68,4349600
2023-04-17,73.45,73.28,73.28,5085500
2023-04-18,73.31,73.39,73.39,3728400
2023-04-19,73.29,73.29,73.29,4611000
2023-04-20,73.5,73.61,73.61,3605400
2023-04-21,73.73,73.48,73.48,3371600
2023-04-24,73.62,73.77,73.77,2993000
2023-04-25,74.06,74.25,74.25,3508100
2023-04-26,74.21,73.99,73.99,5819900
2023-04-27,73.81,73.67,73.67,3078100
2023-04-28,74.03,74.08,74.08,4469100
2023-05-01,73.6,73.14,73.14,4546500
2023-05-02,73.33,73.86,73.86,4825100
2023-05-03,74.02,74.17,74.17,4205600
2023-05-04,73.92,74.07,74.07,11535800
2023-05-05,73.81,73.8,73.8,3143200
2023-05-08,73.5,73.45,73.45,9895900
2023-05-09,73.43,73.37,73.37,3827700
2023-05-10,73.68,73.82,73.82,5291800
2023-05-11,74.18,74.06,74.06,4745900
2023-05-12,74.01,73.67,73.67,2970500
2023-05-15,73.52,73.48,73.48,3268600
2023-05-16,73.27,73.3,73.3,3818500
2023-05-17,73.38,73.17,73.17,4574400
2023-05-18,73.01,72.87,72.87,3530000
2023-05-19,72.72,72.67,72.67,4166800
2023-05-22,72.71,72.65,72.65,5294900
2023-05-23,72.56,72.7,72.7,4561100
2023-05-24,72.74,72.5,72.5,4245100
2023-05-25,72.46,72.23,72.23,4012300
2023-05-26,72.16,72.32,72.32,3783100
2023-05-30,72.55,72.8,72.8,3533000
2023-05-31,72.81,73.04,73.04,4898400
2023-06-01,73.05,73.05,73.05,3984000
2023-06-02,73.01,72.64,72.64,4595500
2023-06-05,72.49,72.65,72.65,4674600
2023-06-06,72.69,72.75,72.75,5001900
2023-06-07,72.7,72.34,72.34,4326500
2023-06-08,72.43,72.7,72.7,3567600
2023-06-09,72.54,72.55,72.55,12690400
2023-06-12,72.63,72.7,72.7,4632800
2023-06-13,72.86,72.38,72.38,4302500
2023-06-14,72.5,72.44,72.44,5986200
2023-06-15,72.76,72.89,72.89,5061200
2023-06-16,72.68,72.73,72.73,3905300
2023-06-20,72.78,72.83,72.83,4921700
2023-06-21,72.69,72.95,72.95,3678700
2023-06-22,72.73,72.6,72.6,3975500
2023-06-23,72.98,72.81,72.81,4163100
2023-06-26,72.91,72.9,72.9,6287800
2023-06-27,72.92,72.76,72.76,4816100
2023-06-28,72.86,72.99,72.99,5517200
2023-06-29,72.48,72.44,72.44,5803000
2023-06-30,72.5,72.69,72.69,5612300
2023-07-03,72.49,72.3,72.3,3146500
2023-07-05,72.27,72.0,72.0,4415700
2023-07-06,71.58,71.54,71.54,5613400
2023-07-07,71.54,71.5,71.5,5726600
2023-07-10,71.56,71.75,71.75,4450800
2023-07-11,71.84,71.9,71.9,5709100
2023-07-12,72.28,72.47,72.47,6397500
2023-07-13,72.75,72.91,72.91,5868400
2023-07-14,72.77,72.57,72.57,7410000
2023-07-17,72.58,72.65,72.65,5942700
2023-07-18,72.88,72.74,72.74,7748100
2023-07-19,72.87,72.91,72.91,11522100
2023-07-20,72.67,72.57,72.57,5262100
2023-07-21,72.7,72.62,72.62,5170600
2023-07-24,72.71,72.5,72.5,3553400
2023-07-25,72.35,72.42,72.42,4200800
2023-07-26,72.59,72.66,72.66,4478200
2023-07-27,72.52,72.04,72.04,5342600
2023-07-28,72.17,72.29,72.29,5273200
2023-07-31,72.3,72.42,72.42,4607900
2023-08-01,71.93,71.78,71.78,11078000
2023-08-02,71.55,71.55,71.55,6546700
2023-08-03,71.13,71.11,71.11,5395200
2023-08-04,71.37,71.7,71.7,6925000
2023-08-07,71.63,71.59,71.59,4987400
2023-08-08,71.87,71.85,71.85,4338200
2023-08-09,71.85,71.87,71.87,4937800
2023-08-10,71.93,71.47,71.47,5195800
2023-08-11,71.26,71.24,71.24,4577400
2023-08-14,71.16,71.15,71.15,7992400
2023-08-15,71.03,70.99,70.99,5028100
2023-08-16,70.99,70.79,70.79,5149700
2023-08-17,70.8,70.72,70.72,7357800
2023-08-18,70.76,70.87,70.87,5094400
2023-08-21,70.61,70.53,70.53,4280100
2023-08-22,70.55,70.62,70.62,4301900
2023-08-23,70.98,71.26,71.26,5205800
2023-08-24,71.15,71.09,71.09,4186400
2023-08-25,71.01,71.09,71.09,4853100
2023-08-28,71.25,71.22,71.22,3969000
2023-08-29,71.13,71.66,71.66,6214600
2023-08-30,71.73,71.63,71.63,4721500
2023-08-31,71.72,71.75,71.75,4747100
2023-09-01,71.55,71.21,71.21,3940700
2023-09-05,71.05,70.82,70.82,4634300
2023-09-06,70.9,70.74,70.74,7800400
2023-09-07,70.89,70.98,70.98,4742800
2023-09-08,71.09,71.0,71.0,4270600
2023-09-11,70.9,70.89,70.89,4215800
2023-09-12,70.93,70.94,70.94,4246300
2023-09-13,70.86,71.05,71.05,6142500
2023-09-14,71.1,70.93,70.93,5227300
2023-09-15,70.9,70.79,70.79,4946100
2023-09-18,70.67,70.86,70.86,5882500
2023-09-19,70.81,70.71,70.71,4200900
2023-09-20,70.84,70.62,70.62,5518400
2023-09-21,70.27,70.18,70.18,9127100
2023-09-22,70.28,70.47,70.47,8149800
2023-09-25,70.11,69.95,69.95,22744300
2023-09-26,70.08,69.88,69.88,7329100
2023-09-27,70.1,69.63,69.63,7701800
2023-09-28,69.51,69.81,69.81,9004600
2023-09-29,70.06,69.78,69.78,7650600
2023-10-02,69.32,69.11,69.11,6719800
2023-10-03,68.98,68.55,68.55,8099500
2023-10-04,68.83,69.0,69.0,7915900
2023-10-05,69.13,69.05,69.05,6845000
2023-10-06,68.54,68.78,68.78,8385100
2023-10-09,69.14,69.48,69.48,3561600
2023-10-10,69.23,69.41,69.41,11555900
2023-10-11,69.63,69.73,69.73,18074400
2023-10-12,69.59,69.13,69.13,6144000
2023-10-13,69.53,69.45,69.45,5570100
2023-10-16,69.26,69.09,69.09,4914800
2023-10-17,68.68,68.64,68.64,5851900
2023-10-18,68.5,68.34,68.34,5885900
2023-10-19,68.27,68.04,68.04,9433800
2023-10-20,68.22,68.29,68.29,5197700
2023-10-23,68.08,68.55,68.55,9587100
2023-10-24,68.59,68.78,68.78,9462100
2023-10-25,68.5,68.26,68.26,7392400
2023-10-26,68.35,68.72,68.72,11426600
2023-10-27,68.67,68.72,68.72,5325500
2023-10-30,68.5,68.55,68.55,5905300
2023-10-31,68.64,68.53,68.53,9248200
2023-11-01,68.48,68.99,68.99,9330800
2023-11-02,69.43,69.39,69.39,8409100
2023-11-03,70.03,69.8,69.8,7995700
2023-11-06,69.63,69.5,69.5,7822000
2023-11-07,69.68,69.85,69.85,7986100
2023-11-08,69.88,70.07,70.07,6543700
2023-11-09,70.0,69.55,69.55,6979700
2023-11-10,69.86,69.68,69.68,4381800
2023-11-13,69.42,69.66,69.66,6058600
2023-11-14,70.49,70.51,70.51,8237100
2023-11-15,70.22,70.12,70.12,6793500
2023-11-16,70.41,70.54,70.54,5623900
2023-11-17,70.61,70.64,70.64,5657300
2023-11-20,70.58,70.74,70.74,6959100
2023-11-21,70.81,70.84,70.84,5737800
2023-11-22,70.98,70.9,70.9,4949100
2023-11-24,70.65,70.56,70.56,3534800
2023-11-27,70.75,70.99,70.99,5257000
2023-11-28,70.95,71.29,71.29,7051400
2023-11-29,71.55,71.66,71.66,7615800
2023-11-30,71.51,71.43,71.43,9880000
2023-12-01,71.22,71.81,71.81,7643500
2023-12-04,71.57,71.52,71.52,11164600
2023-12-05,71.83,71.98,71.98,8393500
2023-12-06,72.15,72.19,72.19,9365200
2023-12-07,72.11,72.17,72.17,9876000
2023-12-08,71.87,71.82,71.82,7349900
2023-12-11,71.79,71.83,71.83,12895800
2023-12-12,71.87,72.04,72.04,8052300
2023-12-13,72.21,72.96,72.96,7172600
2023-12-14,73.36,73.51,73.51,9105500
2023-12-15,73.4,73.4,73.4,7996700
2023-12-18,73.3,73.25,73.25,6144200
2023-12-19,73.36,73.39,73.39,6924100
2023-12-20,73.51,73.63,73.63,7496100
2023-12-21,73.78,73.62,73.62,6912600
2023-12-22,73.53,73.36,73.36,5890700
2023-12-26,73.35,73.43,73.43,6394600
2023-12-27,73.7,73.9,73.9,7467700
2023-12-28,73.81,73.72,73.72,8166600
2023-12-29,73.55,73.55,73.55,6939800
2024-01-02,73.26,73.24,73.24,8334200
2024-01-03,73.01,73.3,73.3,6477200
2024-01-04,72.96,72.97,72.97,5056900
2024-01-05,72.76,72.75,72.75,6223400
2024-01-08,72.83,73.07,73.07,7937500
2024-01-09,72.98,73.06,73.06,5649400
2024-01-10,73.19,72.93,72.93,6578400
2024-01-11,73.04,73.31,73.31,7537300
2024-01-12,73.49,73.46,73.46,4461200
2024-01-16,73.21,72.94,72.94,5724700
2024-01-17,72.76,72.77,72.77,12370300
2024-01-18,72.8,72.67,72.67,6086200
2024-01-19,72.58,72.67,72.67,7883100
2024-01-22,72.89,72.79,72.79,10321400
2024-01-23,72.68,72.62,72.62,6840400
2024-01-24,72.93,72.47,72.47,7483800
2024-01-25,72.75,72.81,72.81,8361100
2024-01-26,72.82,72.7,72.7,9120500
2024-01-29,72.9,72.99,72.99,7677600
2024-01-30,73.16,73.12,73.12,6688100
2024-01-31,73.4,73.43,73.43,9916600
2024-02-01,73.51,73.66,73.66,12060800
2024-02-02,73.03,73.0,73.0,7820000
2024-02-05,72.58,72.42,72.42,7577100
2024-02-06,72.53,72.76,72.76,8310500
2024-02-07,72.65,72.62,72.62,9257500
2024-02-08,72.5,72.43,72.43,7987500
2024-02-09,72.33,72.37,72.37,5940700
2024-02-12,72.45,72.39,72.39,6063000
2024-02-13,71.98,71.76,71.76,12938800
2024-02-14,71.83,72.03,72.03,6915700
2024-02-15,72.31,72.23,72.23,6733900
2024-02-16,71.91,72.0,72.0,5029200
2024-02-20,72.12,72.09,72.09,7605000
2024-02-21,72.17,71.89,71.89,6625600
2024-02-22,71.93,71.92,71.92,11884200
2024-02-23,71.93,72.18,72.18,6147200
2024-02-26,72.2,72.05,72.05,5255800
2024-02-27,72.02,71.94,71.94,5534300
2024-02-28,72.0,72.1,72.1,5255300
2024-02-29,72.2,72.22,72.22,6002900
2024-03-01,71.94,72.32,72.32,6366800
2024-03-04,72.13,72.15,72.15,26404700
2024-03-05,72.45,72.54,72.54,6208600
2024-03-06,72.62,72.67,72.67,28955300
2024-03-07,72.84,72.79,72.79,7495500
2024-03-08,72.91,72.86,72.86,7187700
2024-03-11,72.9,72.83,72.83,5626200
2024-03-12,72.71,72.61,72.61,4699400
2024-03-13,72.54,72.49,72.49,6123200
2024-03-14,72.3,72.06,72.06,5214000
2024-03-15,72.03,72.02,72.02,4783900
2024-03-18,72.01,71.93,71.93,5284200
2024-03-19,72.05,72.12,72.12,4560100
2024-03-20,72.17,72.25,72.25,5287200
2024-03-21,72.4,72.31,72.31,5492900
2024-03-22,72.61,72.55,72.55,4169400
2024-03-25,72.5,72.41,72.41,7950500
2024-03-26,72.44,72.47,72.47,7603100
2024-03-27,72.57,72.72,72.72,7825200
2024-03-28,72.64,72.63,72.63,5326400
2024-04-01,72.15,71.92,71.92,6157500
2024-04-02,71.68,71.84,71.84,9043000
2024-04-03,71.65,71.89,71.89,5419200
2024-04-04,72.06,72.04,72.04,12412900
2024-04-05,71.77,71.68,71.68,11531700
2024-04-08,71.61,71.62,71.62,13873100
2024-04-09,71.82,71.88,71.88,8886200
2024-04-10,71.38,71.04,71.04,8196500
2024-04-11,71.19,71.04,71.04,16574100
2024-04-12,71.26,71.2,71.2,12479100
2024-04-15,70.85,70.73,70.73,8079200
2024-04-16,70.52,70.55,70.55,14378900
2024-04-17,70.77,70.89,70.89,6568500
2024-04-18,70.88,70.7,70.7,6349500
2024-04-19,70.85,70.79,70.79,8338300
2024-04-22,70.76,70.82,70.82,5938300
2024-04-23,70.78,70.95,70.95,6044400
2024-04-24,70.84,70.77,70.77,4616600
2024-04-25,70.45,70.57,70.57,5367500
2024-04-26,70.7,70.73,70.73,4256600
2024-04-29,70.85,70.94,70.94,4799500
2024-04-30,70.73,70.67,70.67,6605800
2024-05-01,70.6,70.71,70.71,8119200
2024-05-02,70.69,70.99,70.99,6014800
2024-05-03,71.45,71.35,71.35,7256900
2024-05-06,71.4,71.42,71.42,5584300
2024-05-07,71.64,71.56,71.56,4635400
2024-05-08,71.42,71.39,71.39,6774500
2024-05-09,71.4,71.58,71.58,4525200
2024-05-10,71.46,71.38,71.38,5562000
2024-05-13,71.6,71.44,71.44,5600500
2024-05-14,71.63,71.65,71.65,4272500
2024-05-15,72.02,72.11,72.11,4208200
2024-05-16,72.13,71.99,71.99,4359500
2024-05-17,71.93,71.81,71.81,4373500
2024-05-20,71.77,71.74,71.74,3699600
2024-05-21,71.93,71.89,71.89,4612300
2024-05-22,71.74,71.8,71.8,4306200
2024-05-23,71.82,71.59,71.59,3589900
2024-05-24,71.57,71.67,71.67,4025200
2024-05-28,71.74,71.33,71.33,4743400
2024-05-29,71.2,71.07,71.07,4877500
2024-05-30,71.32,71.38,71.38,3723200
2024-05-31,71.55,71.64,71.64,4193000
2024-06-03,71.57,71.82,71.82,4798900
2024-06-04,71.96,72.09,72.09,5298400
2024-06-05,72.18,72.29,72.29,5506400
2024-06-06,72.17,72.3,72.3,4119700
2024-06-07,71.83,71.72,71.72,3826500
2024-06-10,71.62,71.61,71.61,3925100
2024-06-11,71.68,71.9,71.9,4073200
2024-06-12,72.42,72.23,72.23,4495700
2024-06-13,72.46,72.55,72.55,4339600
2024-06-14,72.66,72.66,72.66,3527000
2024-06-17,72.37,72.39,72.39,4019000
2024-06-18,72.48,72.64,72.64,8491900
2024-06-20,72.4,72.5,72.5,4227800
2024-06-21,72.64,72.52,72.52,4115300
2024-06-24,72.54,72.56,72.56,31937200
2024-06-25,72.57,72.6,72.6,5958500
2024-06-26,72.3,72.26,72.26,5910600
2024-06-27,72.4,72.39,72.39,5514800
2024-06-28,72.55,72.05,72.05,4824500
2024-07-01,71.58,71.45,71.45,4960000
2024-07-02,71.69,71.66,71.66,6080100
2024-07-03,71.86,72.07,72.07,4438600
2024-07-05,72.26,72.4,72.4,4201700
2024-07-08,72.39,72.4,72.4,4742300
2024-07-09,72.37,72.37,72.37,8533200
2024-07-10,72.42,72.43,72.43,5591500
2024-07-11,72.83,72.79,72.79,4978100
2024-07-12,72.85,72.98,72.98,4656800
2024-07-15,72.81,72.75,72.75,4557200
2024-07-16,72.82,73.03,73.03,4636600
2024-07-17,72.94,73.1,73.1,8365100
2024-07-18,72.98,72.91,72.91,7673700
2024-07-19,72.99,72.72,72.72,5593100
2024-07-22,72.83,72.69,72.69,5055700
2024-07-23,72.73,72.7,72.7,6981700
2024-07-24,72.79,72.49,72.49,5080200
2024-07-25,72.57,72.65,72.65,4567700
2024-07-26,72.89,72.94,72.94,3692700
2024-07-29,73.05,73.03,73.03,5185000
2024-07-30,73.14,73.12,73.12,4282400
2024-07-31,73.38,73.52,73.52,6041400
2024-08-01,73.5,73.57,73.57,8733700
2024-08-02,74.13,74.41,74.41,6476300
2024-08-05,74.79,74.34,74.34,8354200
2024-08-06,74.26,73.88,73.88,6484400
2024-08-07,73.81,73.7,73.7,5907200
2024-08-08,73.5,73.59,73.59,4357500
2024-08-09,73.9,73.85,73.85,6093100
2024-08-12,73.81,73.98,73.98,4822900
2024-08-13,74.19,74.26,74.26,4049000
2024-08-14,74.31,74.4,74.4,6333600
2024-08-15,73.96,74.09,74.09,5108300
2024-08-16,74.22,74.25,74.25,4647700
2024-08-19,74.24,74.34,74.34,4964700
2024-08-20,74.49,74.56,74.56,4444000
2024-08-21,74.65,74.72,74.72,4541800
2024-08-22,74.56,74.42,74.42,3999700
2024-08-23,74.58,74.75,74.75,4292000
2024-08-26,74.85,74.67,74.67,4427200
2024-08-27,74.51,74.67,74.67,3715900
2024-08-28,74.67,74.62,74.62,5179900
2024-08-29,74.51,74.51,74.51,3840800
2024-08-30,74.55,74.36,74.36,5037400
2024-09-03,74.41,74.45,74.45,6220100
2024-09-04,74.49,74.78,74.78,7338600
2024-09-05,74.93,74.96,74.96,9994300
2024-09-06,75.0,75.05,75.05,22536000
2024-09-09,75.03,75.15,75.15,5040900
2024-09-10,75.18,75.4,75.4,5653900
2024-09-11,75.28,75.36,75.36,6471000
2024-09-12,75.33,75.28,75.28,5685400
2024-09-13,75.46,75.44,75.44,4786700
2024-09-16,75.5,75.64,75.64,4734900
2024-09-17,75.64,75.54,75.54,5398400
2024-09-18,75.42,75.31,75.31,5695700
2024-09-19,75.22,75.31,75.31,5135600
2024-09-20,75.22,75.3,75.3,4265000
2024-09-23,75.18,75.25,75.25,6632500
2024-09-24,75.12,75.34,75.34,5017900
2024-09-25,75.23,75.06,75.06,4793100
2024-09-26,75.14,75.06,75.06,4919700
2024-09-27,75.23,75.28,75.28,3927900
2024-09-30,75.25,75.11,75.11,5661900
2024-10-01,75.13,75.11,75.11,6267100
2024-10-02,74.85,74.97,74.97,6902500
2024-10-03,74.83,74.64,74.64,7733800
2024-10-04,74.17,74.15,74.15,5218300
2024-10-07,73.94,73.93,73.93,7044200
2024-10-08,73.88,74.04,74.04,8642400
2024-10-09,73.94,73.84,73.84,4997800
2024-10-10,73.79,73.81,73.81,4579000
2024-10-11,73.83,73.82,73.82,8508000
2024-10-14,73.6,73.77,73.77,3380100
2024-10-15,73.99,74.06,74.06,4456200
2024-10-16,74.14,74.16,74.16,7437800
2024-10-17,73.99,73.8,73.8,4250400
2024-10-18,73.9,73.84,73.84,3930300
2024-10-21,73.65,73.34,73.34,5259900
2024-10-22,73.45,73.37,73.37,4633000
2024-10-23,73.36,73.19,73.19,6429400
2024-10-24,73.28,73.31,73.31,6219500
2024-10-25,73.48,73.16,73.16,4641400
2024-10-28,73.24,73.07,73.07,4582800
2024-10-29,72.9,73.13,73.13,5543800
2024-10-30,73.27,73.06,73.06,4610300
2024-10-31,72.95,73.05,73.05,6115700
2024-11-01,73.04,72.54,72.54,6409800
2024-11-04,72.82,72.83,72.83,6860100
2024-11-05,72.6,73.01,73.01,6236900
2024-11-06,72.26,72.41,72.41,6382500
2024-11-07,72.5,72.95,72.95,6590200
2024-11-08,72.96,73.09,73.09,5398500
2024-11-11,73.0,72.95,72.95,4372000
2024-11-12,72.74,72.51,72.51,7197800
2024-11-13,72.92,72.48,72.48,5458100
2024-11-14,72.6,72.46,72.46,6643300
2024-11-15,72.34,72.48,72.48,18467300
2024-11-18,72.4,72.55,72.55,4964800
2024-11-19,72.76,72.68,72.68,4900500
2024-11-20,72.51,72.6,72.6,6557800
2024-11-21,72.6,72.56,72.56,5115500
2024-11-22,72.62,72.59,72.59,10409500
2024-11-25,73.01,73.26,73.26,10207100
2024-11-26,73.18,73.13,73.13,5537900
2024-11-27,73.21,73.33,73.33,5366600
2024-11-29,73.5,73.6,73.6,3870800
2024-12-02,73.29,73.42,73.42,6212800
2024-12-03,73.53,73.25,73.25,6249200
2024-12-04,73.2,73.5,73.5,6769700
2024-12-05,73.38,73.51,73.51,6146200
2024-12-06,73.73,73.71,73.71,4880500
2024-12-09,73.65,73.49,73.49,5432900
2024-12-10,73.38,73.41,73.41,5751900
2024-12-11,73.59,73.25,73.25,4642900
2024-12-12,73.01,72.96,72.96,6880600
2024-12-13,72.91,72.67,72.67,5171400
2024-12-16,72.75,72.75,72.75,7871100
2024-12-17,72.74,72.76,72.76,6084800
2024-12-18,72.76,72.19,72.19,7962700
2024-12-19,72.04,71.99,71.99,7669100
2024-12-20,72.3,72.21,72.21,6696400
2024-12-23,72.13,71.98,71.98,7605400
2024-12-24,71.65,71.85,71.85,4185300
2024-12-26,71.63,71.9,71.9,8714400
2024-12-27,71.89,71.75,71.75,9018700
2024-12-30,71.9,72.03,72.03,8054500
2024-12-31,72.09,71.91,71.91,8724200
2025-01-02,72.19,71.94,71.94,8053300
2025-01-03,71.97,71.85,71.85,6857000
2025-01-06,71.78,71.78,71.78,5375700
2025-01-07,71.72,71.53,71.53,7875900
2025-01-08,71.48,71.61,71.61,5844300
2025-01-10,71.74,71.24,71.24,9602400
2025-01-13,71.24,71.17,71.17,11856300
2025-01-14,71.15,71.22,71.22,5166000
2025-01-15,71.6,71.79,71.79,5867900
2025-01-16,71.7,71.93,71.93,8494100
2025-01-17,72.1,71.95,71.95,5600200
2025-01-21,72.21,72.16,72.16,8491600
2025-01-22,72.15,72.01,72.01,6616600
2025-01-23,72.0,71.9,71.9,7529700
2025-01-24,72.0,72.04,72.04,5555700
2025-01-27,72.34,72.42,72.42,8621200
2025-01-28,72.39,72.38,72.38,4424300
2025-01-29,72.43,72.34,72.34,5780200
2025-01-30,72.46,72.44,72.44,5622300
2025-01-31,72.48,72.34,72.34,6738300
2025-02-03,72.23,72.17,72.17,7163800
2025-02-04,72.04,72.27,72.27,7296200
2025-02-05,72.52,72.64,72.64,8981700
2025-02-06,72.56,72.56,72.56,5722100
2025-02-07,72.39,72.34,72.34,6415300
2025-02-10,72.45,72.36,72.36,5439200
2025-02-11,72.31,72.24,72.24,6870800
2025-02-12,71.93,71.87,71.87,5279600
2025-02-13,72.16,72.3,72.3,6452900
2025-02-14,72.46,72.53,72.53,6131500
2025-02-18,72.35,72.26,72.26,7151700
2025-02-19,72.29,72.36,72.36,4720700
2025-02-20,72.46,72.45,72.45,6199000
2025-02-21,72.54,72.77,72.77,4460600
2025-02-24,72.7,72.87,72.87,5580100
2025-02-25,73.11,73.33,73.33,4835300
2025-02-26,73.31,73.44,73.44,5825400
2025-02-27,73.31,73.35,73.35,14908500
2025-02-28,73.52,73.66,73.66,8363500
2025-03-03,73.25,73.61,73.61,7549300
2025-03-04,73.61,73.4,73.4,7693100
2025-03-05,73.3,73.14,73.14,7758400
2025-03-06,73.11,73.08,73.08,7196400
2025-03-07,73.33,73.0,73.0,5036100
2025-03-10,73.3,73.34,73.34,8167000
2025-03-11,73.2,73.06,73.06,8359200
2025-03-12,72.91,72.91,72.91,6193000
2025-03-13,72.92,73.13,73.13,4711400
2025-03-14,73.02,72.95,72.95,5094900
2025-03-17,73.13,73.05,73.05,4772900
2025-03-18,72.98,73.13,73.13,4196100
2025-03-19,73.07,73.35,73.35,4201600
2025-03-20,73.65,73.38,73.38,3760700
2025-03-21,73.44,73.32,73.32,7078500
2025-03-24,73.19,73.0,73.0,5637000
2025-03-25,73.0,73.09,73.09,6133700
2025-03-26,73.02,72.93,72.93,4856900
2025-03-27,72.88,72.9,72.9,5567900
2025-03-28,73.16,73.32,73.32,4850500
2025-03-31,73.5,73.45,73.45,7106000
2025-04-01,73.22,73.44,73.44,4667900
2025-04-02,73.61,73.38,73.38,5313100
2025-04-03,73.76,73.76,73.76,7426200
2025-04-04,74.2,73.82,73.82,12678000
2025-04-07,73.65,72.93,72.93,14283000
2025-04-08,72.92,72.51,72.51,12629200
2025-04-09,71.49,72.68,72.68,20862000
2025-04-10,72.42,72.1,72.1,8058500
2025-04-11,71.69,72.02,72.02,7260400
2025-04-14,72.22,72.43,72.43,5409300
2025-04-15,72.36,72.61,72.61,5667500
2025-04-16,72.66,72.81,72.81,33963000
2025-04-17,72.79,72.65,72.65,7613800
2025-04-21,72.49,72.25,72.25,6092900
2025-04-22,72.49,72.38,72.38,5408200
2025-04-23,72.82,72.53,72.53,5283000
2025-04-24,72.8,72.94,72.94,3751500
2025-04-25,73.09,73.18,73.18,4021800
2025-04-28,73.1,73.36,73.36,4685400
2025-04-29,73.29,73.55,73.55,3790700
2025-04-30,73.5,73.5,73.5,8020700
2025-05-01,73.34,73.06,73.06,6295400
2025-05-02,72.71,72.7,72.7,6960800
2025-05-05,72.63,72.6,72.6,7575000
2025-05-06,72.56,72.76,72.76,6994000
2025-05-07,72.8,72.9,72.9,4357400
2025-05-08,72.86,72.51,72.51,4283200
2025-05-09,72.61,72.57,72.57,3730700
2025-05-12,72.3,72.32,72.32,6982800
2025-05-13,72.3,72.29,72.29,5610300
2025-05-14,72.24,72.04,72.04,6426700
2025-05-15,72.25,72.43,72.43,5659000
2025-05-16,72.62,72.48,72.48,5310000
2025-05-19,72.17,72.46,72.46,5787700
2025-05-20,72.3,72.33,72.33,5810300
2025-05-21,72.15,71.88,71.88,10880400
2025-05-22,71.87,72.08,72.08,7067200
2025-05-23,72.27,72.19,72.19,4272600
2025-05-27,72.37,72.53,72.53,6148800
2025-05-28,72.41,72.37,72.37,5214700
2025-05-29,72.48,72.63,72.63,4685800
2025-05-30,72.63,72.77,72.77,5995600
2025-06-02,72.35,72.37,72.37,6888000
2025-06-03,72.44,72.29,72.29,7436800
2025-06-04,72.54,72.74,72.74,8343000
2025-06-05,72.76,72.6,72.6,6620600
2025-06-06,72.37,72.21,72.21,14677200
2025-06-09,72.2,72.32,72.32,10147300
2025-06-10,72.51,72.46,72.46,9257000
2025-06-11,72.59,72.69,72.69,8034900
2025-06-12,72.9,72.96,72.96,5950100
2025-06-13,72.81,72.7,72.7,5656200
2025-06-16,72.65,72.56,72.56,6415500
2025-06-17,72.69,72.79,72.79,5123400
2025-06-18,72.87,72.83,72.83,5176900
2025-06-20,72.71,72.88,72.88,5396600
2025-06-23,73.05,73.06,73.06,5391900
2025-06-24,72.99,73.28,73.28,8789700
2025-06-25,73.19,73.3,73.3,5346300
2025-06-26,73.37,73.51,73.51,5373300
2025-06-27,73.38,73.34,73.34,6928700
2025-06-30,73.51,73.63,73.63,6986700
2025-07-01,73.39,73.34,73.34,6286300
2025-07-02,73.17,73.26,73.26,6342300
2025-07-03,73.13,73.08,73.08,6428400
2025-07-07,72.96,72.84,72.84,8191000
2025-07-08,72.74,72.8,72.8,5934200
2025-07-09,72.89,73.09,73.09,6720200
2025-07-10,73.08,73.1,73.1,6650900
2025-07-11,72.89,72.8,72.8,4962400
2025-07-14,72.77,72.79,72.79,5624700
2025-07-15,72.88,72.57,72.57,5908400
2025-07-16,72.7,72.71,72.71,7874900
2025-07-17,72.72,72.73,72.73,6857300
2025-07-18,72.88,72.85,72.85,5206800
2025-07-21,73.1,73.06,73.06,5338500
2025-07-22,73.1,73.18,73.18,5507300
2025-07-23,73.08,73.03,73.03,5269400
2025-07-24,72.84,72.94,72.94,6139200
2025-07-25,72.95,73.12,73.12,4845900
2025-07-28,73.02,73.0,73.0,5806600
2025-07-29,73.08,73.38,73.38,7397900
2025-07-30,73.19,73.19,73.19,5554600
2025-07-31,73.35,73.2,73.2,6463200
2025-08-01,73.5,73.59,73.59,10782300
2025-08-04,73.63,73.64,73.64,6834400
2025-08-05,73.56,73.67,73.67,8145300
2025-08-06,73.57,73.61,73.61,8082200
2025-08-07,73.7,73.58,73.58,4193100
2025-08-08,73.5,73.42,73.42,5566300
2025-08-11,73.49,73.47,73.47,8668100
2025-08-12,73.39,73.48,73.48,5493400
2025-08-13,73.69,73.75,73.75,6208900
2025-08-14,73.75,73.54,73.54,6818100
2025-08-15,73.53,73.44,73.44,4309100
2025-08-18,73.47,73.36,73.36,6941600
2025-08-19,73.44,73.5,73.5,5098500
2025-08-20,73.49,73.55,73.55,5512500
2025-08-21,73.44,73.37,73.37,5695500
2025-08-22,73.5,73.74,73.74,5828700
2025-08-25,73.63,73.64,73.64,5361700
2025-08-26,73.65,73.73,73.73,4648300
2025-08-27,73.66,73.8,73.8,6053900
2025-08-28,73.79,73.89,73.89,5857300
2025-08-29,73.82,73.8,73.8,7736300
2025-09-02,73.34,73.4,73.4,6222400
2025-09-03,73.45,73.64,73.64,6005100
2025-09-04,73.8,73.92,73.92,8842600
2025-09-05,74.29,74.27,74.27,6321800
2025-09-08,74.43,74.51,74.51,6414400
2025-09-09,74.47,74.37,74.37,6613200
2025-09-10,74.49,74.5,74.5,5680700
2025-09-11,74.57,74.66,74.66,6437200
2025-09-12,74.54,74.57,74.57,5493000
2025-09-15,74.66,74.71,74.71,7193600
2025-09-16,74.71,74.72,74.72,7012200
2025-09-17,74.8,74.59,74.59,8872000
2025-09-18,74.39,74.4,74.4,7641400
2025-09-19,74.41,74.43,74.43,5295700
2025-09-22,74.39,74.29,74.29,7813900
2025-09-23,74.37,74.44,74.44,6492000
2025-09-24,74.37,74.29,74.29,5158400
2025-09-25,74.19,74.21,74.21,7402700
2025-09-26,74.22,74.21,74.21,5531400
2025-09-29,74.31,74.4,74.4,5534500
2025-09-30,74.43,74.37,74.37,8840700
2025-10-01,74.32,74.32,74.32,8762900
2025-10-02,74.29,74.4,74.4,7155600
2025-10-03,74.42,74.31,74.31,8372400
2025-10-06,74.17,74.14,74.14,8688800
2025-10-07,74.22,74.28,74.28,7229500
2025-10-08,74.4,74.28,74.28,6298400
2025-10-09,74.24,74.23,74.23,9071000
2025-10-10,74.43,74.52,74.52,7202600
2025-10-13,74.54,74.64,74.64,4358400
2025-10-14,74.63,74.75,74.75,6550100
2025-10-15,74.77,74.7,74.7,6264800
2025-10-16,74.67,74.98,74.98,8485100
2025-10-17,74.91,74.88,74.88,20337500
2025-10-20,74.95,74.98,74.98,6287200
2025-10-21,75.1,75.07,75.07,6179900
2025-10-22,75.03,75.07,75.07,7164500
2025-10-23,74.99,74.92,74.92,6041700
2025-10-24,75.04,75.02,75.02,6912300
2025-10-27,74.96,75.06,75.06,7706600
2025-10-28,75.04,75.1,75.1,7399700
2025-10-29,75.07,74.73,74.73,8938700
2025-10-30,74.51,74.6,74.6,7109500
2025-10-31,74.66,74.58,74.58,7106700
2025-11-03,74.24,74.25,74.25,7085100
2025-11-04,74.26,74.29,74.29,11476200
2025-11-05,74.24,74.08,74.08,10862500
2025-11-06,74.3,74.37,74.37,6461200
2025-11-07,74.26,74.33,74.33,7073200
2025-11-10,74.32,74.31,74.31,7235100
2025-11-11,74.46,74.52,74.52,5229400
2025-11-12,74.48,74.49,74.49,7129700
2025-11-13,74.36,74.27,74.27,7105100
2025-11-14,74.4,74.16,74.16,6473000
2025-11-17,74.21,74.2,74.2,6908300
2025-11-18,74.33,74.26,74.26,8009200
2025-11-19,74.34,74.23,74.23,7527500
2025-11-20,74.31,74.34,74.34,8461100
2025-11-21,74.55,74.52,74.52,6818400
2025-11-24,74.62,74.65,74.65,5734400
2025-11-25,74.7,74.82,74.82,7446200
2025-11-26,74.78,74.9,74.9,7327100
2025-11-28,74.86,74.78,74.78,4812100
2025-12-01,74.27,74.25,74.25,6891500
2025-12-02,74.25,74.32,74.32,6756900
2025-12-03,74.41,74.43,74.43,9774000
2025-12-04,74.36,74.29,74.29,7337500
2025-12-05,74.31,74.2,74.2,7270500
2025-12-08,74.2,74.09,74.09,8585700
2025-12-09,74.21,74.04,74.04,6665200
2025-12-10,74.01,74.26,74.26,8771100
2025-12-11,74.41,74.26,74.26,8924600
2025-12-12,74.05,74.03,74.03,8117600
2025-12-15,74.17,74.12,74.12,10495500
2025-12-16,74.12,74.26,74.26,6999300
2025-12-17,74.18,74.24,74.24,10071300
2025-12-18,74.15,74.15,74.15,6940500
2025-12-19,74.07,74.04,74.04,7540400
2025-12-22,74.03,74.02,74.02,9855300
2025-12-23,73.86,74.01,74.01,10188700
2025-12-24,74.08,74.19,74.19,5341700
2025-12-26,74.25,74.19,74.19,6730500
2025-12-29,74.26,74.3,74.3,9105700
2025-12-30,74.23,74.27,74.27,7743200
2025-12-31,74.17,74.07,74.07,8846700
2026-01-02,74.13,74.04,74.04,7453500
2026-01-05,74.11,74.18,74.18,11059100
2026-01-06,74.13,74.18,74.18,9079000
2026-01-07,74.3,74.26,74.26,11576600
2026-01-08,74.12,74.13,74.13,9906800
2026-01-09,74.18,74.29,74.29,10536800
2026-01-12,74.21,74.22,74.22,9851000
2026-01-13,74.31,74.28,74.28,11835200
2026-01-14,74.32,74.43,74.43,8765900
2026-01-15,74.45,74.32,74.32,9959500
2026-01-16,74.32,74.2,74.2,16105100
2026-01-20,73.91,73.93,73.93,12982700
2026-01-21,74.01,74.14,74.14,11453200
2026-01-22,74.09,74.17,74.17,13512400
2026-01-23,74.2,74.25,74.25,8079700
2026-01-26,74.34,74.34,74.34,7137300
2026-01-27,74.31,74.28,74.28,9827900
2026-01-28,74.24,74.25,74.25,9328300
2026-01-29,74.15,74.26,74.26,16397300
2026-01-30,74.25,74.23,74.23,8977500
2026-02-02,74.03,73.91,73.91,8636400
2026-02-03,73.86,73.93,73.93,11287100
2026-02-04,73.89,73.9,73.9,11709600
2026-02-05,74.06,74.22,74.22,12216700
2026-02-06,74.23,74.23,74.23,8257200
2026-02-09,74.17,74.25,74.25,9429800
2026-02-10,74.45,74.47,74.47,8288400
2026-02-11,74.31,74.32,74.32,7968800
2026-02-12,74.46,74.66,74.66,9884300
2026-02-13,74.84,74.88,74.88,8307900
2026-02-17,74.89,74.87,74.87,9689000
2026-02-18,74.79,74.79,74.79,6972500
2026-02-19,74.72,74.82,74.82,8147900
2026-02-20,74.84,74.81,74.81,9131300
2026-02-23,74.84,74.97,74.97,6286900
2026-02-24,74.95,74.93,74.93,9854400
2026-02-25,74.88,74.91,74.91,7002000
2026-02-26,74.93,75.02,75.02,14876200
2026-02-27,75.15,75.17,75.17,8500900
2026-03-02,74.72,74.64,74.64,8732600
2026-03-03,74.33,74.56,74.56,8939900
2026-03-04,74.57,74.51,74.51,11305400
2026-03-05,74.28,74.34,74.34,10025800
2026-03-06,74.12,74.24,74.24,10878000
2026-03-09,74.15,74.45,74.45,8201800
2026-03-10,74.39,74.22,74.22,8622900
2026-03-11,74.09,73.89,73.89,9003400
2026-03-12,73.78,73.62,73.62,12383500
2026-03-13,73.74,73.55,73.55,7060100
2026-03-16,73.83,73.83,73.83,7716600
2026-03-17,73.93,73.98,73.98,5948100
2026-03-18,73.9,73.68,73.68,9210900
2026-03-19,73.52,73.76,73.76,8861500
2026-03-20,73.51,73.17,73.17,12983200
2026-03-23,73.3,73.45,73.45,14898800
2026-03-24,73.18,73.26,73.26,11800800
2026-03-25,73.57,73.54,73.54,9313300
2026-03-26,73.33,73.11,73.11,8602900
2026-03-27,72.98,73.11,73.11,13021800
2026-03-30,73.48,73.48,73.48,10353800
2026-03-31,73.67,73.64,73.64,10948300
2026-04-01,73.43,73.42,73.42,9624800
2026-04-02,73.36,73.58,73.58,7975600
2026-04-06,73.45,73.47,73.47,9844300
2026-04-07,73.49,73.58,73.58,7270000
2026-04-08,73.94,73.72,73.72,5760200
2026-04-09,73.68,73.75,73.75,5646600
2026-04-10,73.74,73.64,73.64,6334300
2026-04-13,73.64,73.8,73.8,6438100
2026-04-14,73.84,73.98,73.98,5600100
2026-04-15,73.9,73.88,73.88,6724300
2026-04-16,73.95,73.77,73.77,7582500
2026-04-17,74.06,74.06,74.06,5806900
2026-04-20,74.05,74.01,74.01,7609600
2026-04-21,73.94,73.78,73.78,5852600
2026-04-22,73.96,73.86,73.86,5936800
2026-04-23,73.86,73.73,73.73,6181500
2026-04-24,73.75,73.86,73.86,5118200
2026-04-27,73.8,73.74,73.74,6095200
2026-04-28,73.65,73.72,73.72,7242000
2026-04-29,73.55,73.39,73.39,7207000
2026-04-30,73.53,73.5,73.5,7829100
2026-05-01,73.3,73.36,73.36,6933100
2026-05-04,73.26,73.11,73.11,7912200
2026-05-05,73.19,73.24,73.24,8336200
2026-05-06,73.5,73.55,73.55,7658300
2026-05-07,73.65,73.36,73.36,9777000
2026-05-08,73.56,73.55,73.55,7382800
2026-05-11,73.47,73.37,73.37,9494200
2026-05-12,73.21,73.15,73.15,7431700
2026-05-13,73.13,73.18,73.18,10761000
2026-05-14,73.22,73.16,73.16,6262500
2026-05-15,72.82,72.74,72.74,12189900
2026-05-18,72.78,72.69,72.69,8771700
2026-05-19,72.47,72.45,72.45,13221200
2026-05-20,72.48,72.85,72.85,11123000
2026-05-21,72.65,72.93,72.93,10364600
2026-05-22,73.04,73.0,73.0,6817600
2026-05-26,73.26,73.21,73.21,7374200
2026-05-27,73.29,73.28,73.28,7349100
2026-05-28,73.29,73.42,73.42,7239100
2026-05-29,73.47,73.46,73.46,9177400
2026-06-01,73.0,73.18,73.18,7268300
2026-06-02,73.27,73.2,73.2,7682700
2026-06-03,73.04,73.06,73.06,9330700
2026-06-04,73.19,73.16,73.16,6815000
2026-06-05,72.94,72.83,72.83,8487200
2026-06-08,72.98,72.81,72.81,14019000
2026-06-09,72.92,72.97,72.97,8703500
2026-06-10,72.97,72.91,72.91,5252500
2026-06-11,72.98,73.33,73.33,9058700
2026-06-12,73.21,73.24,73.24,7379300
2026-06-15,73.38,73.3,73.3,7738300
2026-06-16,73.34,73.41,73.41,5902800
2026-06-17,73.42,73.14,73.14,8531600
2026-06-18,73.32,73.34,73.34,6312500
2026-06-22,73.17,73.14,73.14,7359400
2026-06-23,73.18,73.22,73.22,7081800
2026-06-24,73.48,73.55,73.55,7819400
2026-06-25,73.65,73.6,73.6,7638100
2026-06-26,73.57,73.67,73.67,5965100
2026-06-29,73.69,73.71,73.71,7224800
2026-06-30,73.62,73.41,73.41,11653200
2026-07-01,73.03,73.06,73.06,20719000
2026-07-02,73.06,73.11,73.11,7627600
2026-07-06,73.09,73.14,73.14,10191800
2026-07-07,73.01,72.85,72.85,8412400
2026-07-08,72.73,72.7,72.7,8944900
2026-07-09,72.75,72.83,72.83,8250700
2026-07-10,72.83,72.77,72.77,7170500
2026-07-13,72.65,72.5,72.5,7595500
2026-07-14,72.69,72.7,72.7,8081100
2026-07-15,72.75,72.82,72.82,6181200
2026-07-16,72.73,72.81,72.81,6108700
2026-07-17,72.89,72.86,72.86,5836000
2026-07-20,72.83,72.68,72.68,5578300
2026-07-21,72.57,72.52,72.52,5679100
2026-07-22,72.49,72.4,72.4,5863000
2026-07-23,72.2,72.25,72.25,7641600
2026-07-24,72.27,72.31,72.31,5695400
2026-07-27,72.43,72.46,72.46,5667200
2026-07-28,72.53,72.64,72.64,5279700
2026-07-29,72.56,72.38,72.38,6755300
2026-07-30,72.44,72.42,72.42,7744200
2026-07-31,72.3,72.23,72.23,6366400
2026-08-03,72.12,72.15,72.15,6747500
2026-08-04,72.34,72.44,72.44,7988700
2026-08-05,72.42,72.46,72.46,11713600
2026-08-06,72.35,72.25,72.25,9424200
2026-08-07,72.45,72.4,72.4,10067600
2026-08-10,72.37,72.15,72.15,5899200
2026-08-11,72.25,72.21,72.21,9482900
2026-08-12,72.39,72.28,72.28,7233400
2026-08-13,72.49,72.48,72.48,16962500
2026-08-14,72.47,72.31,72.31,6219800
2026-08-17,72.24,72.16,72.16,7752100
2026-08-18,72.08,72.22,72.22,6902300
2026-08-19,72.51,72.56,72.56,6644700
2026-08-20,72.33,72.34,72.34,7095400
2026-08-21,72.3,72.23,72.23,7013600
2026-08-24,72.3,72.37,72.37,6784415
2026-08-25,72.55,72.67,72.67,6293788
2026-08-26,72.575,72.58,72.58,7065124
2026-08-27,72.575,72.54,72.54,6875191
