date,open_price_usd,close_price_usd,adj_close_price_usd,total_volume_usd
2021-06-21,35641.1445,31676.6934,31676.6934,52809038594
2021-06-22,31622.377,32505.6602,32505.6602,58964353058
2021-06-23,32515.7148,33723.0273,33723.0273,46317108925
2021-06-24,33682.8008,34662.4375,34662.4375,33123368116
2021-06-25,34659.1055,31637.7793,31637.7793,40230904226
2021-06-26,31594.6641,32186.2773,32186.2773,38585385521
2021-06-27,32287.5234,34649.6445,34649.6445,35511640894
2021-06-28,34679.1211,34434.3359,34434.3359,33892523752
2021-06-29,34475.5586,35867.7773,35867.7773,37901460044
2021-06-30,35908.3867,35040.8359,35040.8359,34059036099
2021-07-01,35035.9844,33572.1172,33572.1172,37838957079
2021-07-02,33549.6016,33897.0469,33897.0469,38728974942
2021-07-03,33854.4219,34668.5469,34668.5469,24383958643
2021-07-04,34665.5664,35287.7812,35287.7812,24924307911
2021-07-05,35284.3438,33746.0039,33746.0039,26721554282
2021-07-06,33723.5078,34235.1953,34235.1953,26501259870
2021-07-07,34225.6797,33855.3281,33855.3281,24796027477
2021-07-08,33889.6055,32877.3711,32877.3711,29910396946
2021-07-09,32861.6719,33798.0117,33798.0117,27436021028
2021-07-10,33811.2422,33520.5195,33520.5195,22971873468
2021-07-11,33509.0781,34240.1875,34240.1875,20108729370
2021-07-12,34254.0156,33155.8477,33155.8477,24321499537
2021-07-13,33125.4688,32702.0254,32702.0254,19120856669
2021-07-14,32723.8457,32822.3477,32822.3477,21376531210
2021-07-15,32827.875,31780.7305,31780.7305,21300524237
2021-07-16,31841.5508,31421.5391,31421.5391,23699476918
2021-07-17,31397.3086,31533.0684,31533.0684,18895018942
2021-07-18,31533.8848,31796.8105,31796.8105,18787986667
2021-07-19,31800.0117,30817.832,30817.832,20434789545
2021-07-20,30838.2852,29807.3477,29807.3477,23148267245
2021-07-21,29796.2852,32110.6934,32110.6934,28203024559
2021-07-22,32138.873,32313.1055,32313.1055,19555230518
2021-07-23,32305.959,33581.5508,33581.5508,22552046192
2021-07-24,33593.7305,34292.4453,34292.4453,21664706865
2021-07-25,34290.293,35350.1875,35350.1875,20856685287
2021-07-26,35384.0312,37337.5352,37337.5352,51022126212
2021-07-27,37276.0352,39406.9414,39406.9414,35097370560
2021-07-28,39503.1875,39995.9062,39995.9062,38702404695
2021-07-29,39995.4531,40008.4219,40008.4219,27167146027
2021-07-30,40027.4844,42235.5469,42235.5469,33072782960
2021-07-31,42196.3047,41626.1953,41626.1953,25802845343
2021-08-01,41460.8438,39974.8945,39974.8945,26688438115
2021-08-02,39907.2617,39201.9453,39201.9453,25595265436
2021-08-03,39178.4023,38152.9805,38152.9805,26189830450
2021-08-04,38213.332,39747.5039,39747.5039,25372562724
2021-08-05,39744.5156,40869.5547,40869.5547,35185031017
2021-08-06,40865.8672,42816.5,42816.5,38226483046
2021-08-07,42832.7969,44555.8008,44555.8008,40030862141
2021-08-08,44574.4375,43798.1172,43798.1172,36302664750
2021-08-09,43791.9258,46365.4023,46365.4023,38734079049
2021-08-10,46280.8477,45585.0312,45585.0312,33546019517
2021-08-11,45599.7031,45593.6367,45593.6367,34319709073
2021-08-12,45576.8789,44428.2891,44428.2891,33723620826
2021-08-13,44439.6914,47793.3203,47793.3203,31744259539
2021-08-14,47810.6875,47096.9453,47096.9453,31211354442
2021-08-15,47096.668,47047.0039,47047.0039,30988958446
2021-08-16,47019.9609,46004.4844,46004.4844,32776876610
2021-08-17,45936.457,44695.3594,44695.3594,33451362600
2021-08-18,44686.75,44801.1875,44801.1875,32194123075
2021-08-19,44741.8828,46717.5781,46717.5781,37204312299
2021-08-20,46723.1211,49339.1758,49339.1758,34706867452
2021-08-21,49327.0742,48905.4922,48905.4922,40585205312
2021-08-22,48869.1055,49321.6523,49321.6523,25370975378
2021-08-23,49291.6758,49546.1484,49546.1484,34305053719
2021-08-24,49562.3477,47706.1172,47706.1172,35361168834
2021-08-25,47727.2578,48960.7891,48960.7891,32646349931
2021-08-26,49002.6406,46942.2188,46942.2188,32666549568
2021-08-27,46894.5547,49058.668,49058.668,34511076995
2021-08-28,49072.5859,48902.4023,48902.4023,28568103401
2021-08-29,48911.25,48829.832,48829.832,25889650240
2021-08-30,48834.8516,47054.9844,47054.9844,31847007016
2021-08-31,47024.3398,47166.6875,47166.6875,34730363427
2021-09-01,47099.7734,48847.0273,48847.0273,39139399125
2021-09-02,48807.8477,49327.7227,49327.7227,39508070319
2021-09-03,49288.25,50025.375,50025.375,43206179619
2021-09-04,50009.3242,49944.625,49944.625,37471327794
2021-09-05,49937.8594,51753.4102,51753.4102,30322676319
2021-09-06,51769.0039,52633.5352,52633.5352,38884105426
2021-09-07,52660.4805,46811.1289,46811.1289,65210059683
2021-09-08,46827.7617,46091.3906,46091.3906,49007762488
2021-09-09,45774.7422,46391.4219,46391.4219,38672657013
2021-09-10,46396.6641,44883.9102,44883.9102,39154666597
2021-09-11,44869.8398,45201.457,45201.457,34499835245
2021-09-12,45206.6289,46063.2695,46063.2695,27881980161
2021-09-13,46057.2148,44963.0742,44963.0742,40969943253
2021-09-14,44960.0508,47092.4922,47092.4922,38652152880
2021-09-15,47098.0,48176.3477,48176.3477,30484496466
2021-09-16,48158.9062,47783.3594,47783.3594,31764293754
2021-09-17,47771.0039,47267.5195,47267.5195,28727713711
2021-09-18,47273.5273,48278.3633,48278.3633,28575630451
2021-09-19,48268.8555,47260.2188,47260.2188,26967722648
2021-09-20,47261.4062,42843.8008,42843.8008,43909845642
2021-09-21,43012.2344,40693.6758,40693.6758,48701090088
2021-09-22,40677.9531,43574.5078,43574.5078,38139709246
2021-09-23,43560.2969,44895.0977,44895.0977,34244064430
2021-09-24,44894.3008,42839.75,42839.75,42839345714
2021-09-25,42840.8906,42716.5938,42716.5938,31604717236
2021-09-26,42721.6289,43208.5391,43208.5391,30661222077
2021-09-27,43234.1836,42235.7305,42235.7305,30980029059
2021-09-28,42200.8984,41034.543,41034.543,30214940550
2021-09-29,41064.9844,41564.3633,41564.3633,30602359905
2021-09-30,41551.2695,43790.8945,43790.8945,31141681925
2021-10-01,43816.7422,48116.9414,48116.9414,42850641582
2021-10-02,48137.4688,47711.4883,47711.4883,30614346492
2021-10-03,47680.0273,48199.9531,48199.9531,26638115879
2021-10-04,48208.9062,49112.9023,49112.9023,33383173002
2021-10-05,49174.9609,51514.8125,51514.8125,35873904236
2021-10-06,51486.6641,55361.4492,55361.4492,49034730168
2021-10-07,55338.625,53805.9844,53805.9844,36807860413
2021-10-08,53802.1445,53967.8477,53967.8477,34800873924
2021-10-09,53929.7812,54968.2227,54968.2227,32491211414
2021-10-10,54952.8203,54771.5781,54771.5781,39527792364
2021-10-11,54734.125,57484.7891,57484.7891,42637331698
2021-10-12,57526.832,56041.0586,56041.0586,41083758949
2021-10-13,56038.2578,57401.0977,57401.0977,41684252783
2021-10-14,57372.832,57321.5234,57321.5234,36615791366
2021-10-15,57345.9023,61593.9492,61593.9492,51780081801
2021-10-16,61609.5273,60892.1797,60892.1797,34250964237
2021-10-17,60887.6523,61553.6172,61553.6172,29032367511
2021-10-18,61548.8047,62026.0781,62026.0781,38055562075
2021-10-19,62043.1641,64261.9922,64261.9922,40471196346
2021-10-20,64284.5859,65992.8359,65992.8359,40788955582
2021-10-21,66002.2344,62210.1719,62210.1719,45908121370
2021-10-22,62237.8906,60692.2656,60692.2656,38434082775
2021-10-23,60694.6289,61393.6172,61393.6172,26882546034
2021-10-24,61368.3438,60930.8359,60930.8359,27316183882
2021-10-25,60893.9258,63039.8242,63039.8242,31064911614
2021-10-26,63032.7617,60363.793,60363.793,34878965587
2021-10-27,60352.0,58482.3867,58482.3867,43657076893
2021-10-28,58470.7305,60622.1367,60622.1367,45257083247
2021-10-29,60624.8711,62227.9648,62227.9648,36856881767
2021-10-30,62239.3633,61888.832,61888.832,32157938616
2021-10-31,61850.4883,61318.957,61318.957,32241199927
2021-11-01,61320.4492,61004.4062,61004.4062,36150572843
2021-11-02,60963.2539,63226.4023,63226.4023,37746665647
2021-11-03,63254.3359,62970.0469,62970.0469,36124731509
2021-11-04,62941.8047,61452.2305,61452.2305,32615846901
2021-11-05,61460.0781,61125.6758,61125.6758,30605102446
2021-11-06,61068.875,61527.4805,61527.4805,29094934221
2021-11-07,61554.9219,63326.9883,63326.9883,24726754302
2021-11-08,63344.0664,67566.8281,67566.8281,41125608330
2021-11-09,67549.7344,66971.8281,66971.8281,42357991721
2021-11-10,66953.3359,64995.2305,64995.2305,48730828378
2021-11-11,64978.8906,64949.9609,64949.9609,35880633236
2021-11-12,64863.9805,64155.9414,64155.9414,36084893887
2021-11-13,64158.1211,64469.5273,64469.5273,30474228777
2021-11-14,64455.3711,65466.8398,65466.8398,25122092191
2021-11-15,65521.2891,63557.8711,63557.8711,30558763548
2021-11-16,63721.1953,60161.2461,60161.2461,46844335592
2021-11-17,60139.6211,60368.0117,60368.0117,39178392930
2021-11-18,60360.1367,56942.1367,56942.1367,41388338699
2021-11-19,56896.1289,58119.5781,58119.5781,38702407772
2021-11-20,58115.082,59697.1953,59697.1953,30624264863
2021-11-21,59730.5078,58730.4766,58730.4766,26123447605
2021-11-22,58706.8477,56289.2891,56289.2891,35036121783
2021-11-23,56304.5547,57569.0742,57569.0742,37485803899
2021-11-24,57565.8516,56280.4258,56280.4258,36635566789
2021-11-25,57165.418,57274.6797,57274.6797,34284016248
2021-11-26,58960.2852,53569.7656,53569.7656,41810748221
2021-11-27,53736.4297,54815.0781,54815.0781,30560857714
2021-11-28,54813.0234,57248.457,57248.457,28116886357
2021-11-29,57291.9062,57806.5664,57806.5664,32370840356
2021-11-30,57830.1133,57005.4258,57005.4258,36708594618
2021-12-01,56907.9648,57229.8281,57229.8281,36858195307
2021-12-02,57217.3711,56477.8164,56477.8164,32379968686
2021-12-03,56509.1641,53598.2461,53598.2461,39789134215
2021-12-04,53727.8789,49200.7031,49200.7031,61385677469
2021-12-05,49201.5195,49368.8477,49368.8477,37198201161
2021-12-06,49413.4805,50582.625,50582.625,37707308001
2021-12-07,50581.8281,50700.0859,50700.0859,33676814852
2021-12-08,50667.6484,50504.7969,50504.7969,28479699446
2021-12-09,50450.082,47672.1211,47672.1211,29603577251
2021-12-10,47642.1445,47243.3047,47243.3047,30966005122
2021-12-11,47264.6328,49362.5078,49362.5078,25775869261
2021-12-12,49354.8555,50098.3359,50098.3359,21939223599
2021-12-13,50114.7422,46737.4805,46737.4805,32166727776
2021-12-14,46709.8242,46612.6328,46612.6328,34638619079
2021-12-15,48379.7539,48896.7227,48896.7227,36541828520
2021-12-16,48900.4648,47665.4258,47665.4258,27268150947
2021-12-17,47653.7305,46202.1445,46202.1445,32902725329
2021-12-18,46219.2539,46848.7773,46848.7773,26098292690
2021-12-19,46853.8672,46707.0156,46707.0156,25154053861
2021-12-20,46707.0625,46880.2773,46880.2773,30961902129
2021-12-21,46886.0781,48936.6133,48936.6133,27055803928
2021-12-22,48937.0977,48628.5117,48628.5117,24447979559
2021-12-23,48626.3438,50784.5391,50784.5391,28223878108
2021-12-24,50806.0508,50822.1953,50822.1953,24367912228
2021-12-25,50854.918,50429.8594,50429.8594,19030650914
2021-12-26,50428.6914,50809.5156,50809.5156,20964372926
2021-12-27,50802.6094,50640.418,50640.418,24324345758
2021-12-28,50679.8594,47588.8555,47588.8555,33430376883
2021-12-29,47623.8711,46444.7109,46444.7109,30049226299
2021-12-30,46490.6055,47178.125,47178.125,26686491018
2021-12-31,47169.3711,46306.4453,46306.4453,36974172400
2022-01-01,46311.7461,47686.8125,47686.8125,24582667004
2022-01-02,47680.9258,47345.2188,47345.2188,27951569547
2022-01-03,47343.543,46458.1172,46458.1172,33071628362
2022-01-04,46458.8516,45897.5742,45897.5742,42494677905
2022-01-05,45899.3594,43569.0039,43569.0039,36851084859
2022-01-06,43565.5117,43160.9297,43160.9297,30208048289
2022-01-07,43153.5703,41557.9023,41557.9023,84196607520
2022-01-08,41561.4648,41733.9414,41733.9414,28066355845
2022-01-09,41734.7266,41911.6016,41911.6016,21294384372
2022-01-10,41910.2305,41821.2617,41821.2617,32104232331
2022-01-11,41819.5078,42735.8555,42735.8555,26327648900
2022-01-12,42742.1797,43949.1016,43949.1016,33499938689
2022-01-13,43946.7422,42591.5703,42591.5703,47691135082
2022-01-14,42598.8711,43099.6992,43099.6992,23577403399
2022-01-15,43101.8984,43177.3984,43177.3984,18371348298
2022-01-16,43172.0391,43113.8789,43113.8789,17902097845
2022-01-17,43118.1211,42250.5508,42250.5508,21690904261
2022-01-18,42250.0742,42375.6328,42375.6328,22417209227
2022-01-19,42374.0391,41744.3281,41744.3281,23091543258
2022-01-20,41744.0273,40680.418,40680.418,20382033940
2022-01-21,40699.6055,36457.3164,36457.3164,43011992031
2022-01-22,36471.5898,35030.25,35030.25,39714385405
2022-01-23,35047.3594,36276.8047,36276.8047,26017975951
2022-01-24,36275.7344,36654.3281,36654.3281,41856658597
2022-01-25,36654.8047,36954.0039,36954.0039,26428189594
2022-01-26,36950.5156,36852.1211,36852.1211,31324598034
2022-01-27,36841.8789,37138.2344,37138.2344,25041426629
2022-01-28,37128.4453,37784.332,37784.332,22238830523
2022-01-29,37780.7148,38138.1797,38138.1797,17194183075
2022-01-30,38151.918,37917.6016,37917.6016,14643548444
2022-01-31,37920.2812,38483.125,38483.125,20734730465
2022-02-01,38481.7656,38743.2734,38743.2734,20288500328
2022-02-02,38743.7148,36952.9844,36952.9844,19155189416
2022-02-03,36944.8047,37154.6016,37154.6016,18591534769
2022-02-04,37149.2656,41500.875,41500.875,29412210792
2022-02-05,41501.4805,41441.1641,41441.1641,19652846215
2022-02-06,41441.1211,42412.4336,42412.4336,16142097334
2022-02-07,42406.7812,43840.2852,43840.2852,28641855926
2022-02-08,43854.6523,44118.4453,44118.4453,33079398868
2022-02-09,44096.7031,44338.7969,44338.7969,23245887300
2022-02-10,44347.8008,43565.1133,43565.1133,32142048537
2022-02-11,43571.1289,42407.9375,42407.9375,26954925781
2022-02-12,42412.3008,42244.4688,42244.4688,18152390304
2022-02-13,42236.5664,42197.5156,42197.5156,14741589015
2022-02-14,42157.3984,42586.918,42586.918,20827783012
2022-02-15,42586.4648,44575.2031,44575.2031,22721659051
2022-02-16,44578.2773,43961.8594,43961.8594,19792547657
2022-02-17,43937.0703,40538.0117,40538.0117,26246662813
2022-02-18,40552.1328,40030.9766,40030.9766,23310007704
2022-02-19,40026.0234,40122.1562,40122.1562,13736557863
2022-02-20,40118.1016,38431.3789,38431.3789,18340576452
2022-02-21,38423.2109,37075.2812,37075.2812,29280402798
2022-02-22,37068.7695,38286.0273,38286.0273,25493150450
2022-02-23,38285.2812,37296.5703,37296.5703,21849073843
2022-02-24,37278.5664,38332.6094,38332.6094,46383802093
2022-02-25,38333.7461,39214.2188,39214.2188,26545599159
2022-02-26,39213.082,39105.1484,39105.1484,17467554129
2022-02-27,39098.6992,37709.7852,37709.7852,23450127612
2022-02-28,37706.0,43193.2344,43193.2344,35690014104
2022-03-01,43194.5039,44354.6367,44354.6367,32479047645
2022-03-02,44357.6172,43924.1172,43924.1172,29183112630
2022-03-03,43925.1953,42451.7891,42451.7891,24967782593
2022-03-04,42458.1406,39137.6055,39137.6055,28516271427
2022-03-05,39148.4492,39400.5859,39400.5859,16975917450
2022-03-06,39404.1992,38419.9844,38419.9844,19745229902
2022-03-07,38429.3047,38062.0391,38062.0391,28546143503
2022-03-08,38059.9023,38737.2695,38737.2695,25776583476
2022-03-09,38742.8164,41982.9258,41982.9258,32284121034
2022-03-10,41974.0703,39437.4609,39437.4609,31078064711
2022-03-11,39439.9688,38794.9727,38794.9727,26364890465
2022-03-12,38794.4648,38904.0117,38904.0117,14616450657
2022-03-13,38884.7266,37849.6641,37849.6641,17300745310
2022-03-14,37846.3164,39666.7539,39666.7539,24322159070
2022-03-15,39664.25,39338.7852,39338.7852,23934000868
2022-03-16,39335.5703,41143.9297,41143.9297,39616916192
2022-03-17,41140.8438,40951.3789,40951.3789,22009601093
2022-03-18,40944.8398,41801.1562,41801.1562,34421564942
2022-03-19,41794.6484,42190.6523,42190.6523,19664853187
2022-03-20,42191.4062,41247.8242,41247.8242,20127946682
2022-03-21,41246.1328,41077.9961,41077.9961,24615543271
2022-03-22,41074.1055,42358.8086,42358.8086,32004652376
2022-03-23,42364.3789,42892.957,42892.957,25242943069
2022-03-24,42886.6523,43960.9336,43960.9336,31042992291
2022-03-25,43964.5469,44348.7305,44348.7305,30574413034
2022-03-26,44349.8594,44500.8281,44500.8281,16950455995
2022-03-27,44505.3555,46820.4922,46820.4922,28160889722
2022-03-28,46821.8516,47128.0039,47128.0039,36362175703
2022-03-29,47100.4375,47465.7305,47465.7305,31397059069
2022-03-30,47456.8984,47062.6641,47062.6641,29333883962
2022-03-31,47062.1484,45538.6758,45538.6758,33327427106
2022-04-01,45554.1641,46281.6445,46281.6445,38162644287
2022-04-02,46285.5,45868.9492,45868.9492,29336594194
2022-04-03,45859.1289,46453.5664,46453.5664,25414397610
2022-04-04,46445.2734,46622.6758,46622.6758,32499785455
2022-04-05,46624.5078,45555.9922,45555.9922,29640604055
2022-04-06,45544.3555,43206.7383,43206.7383,39393395788
2022-04-07,43207.5,43503.8477,43503.8477,26101973106
2022-04-08,43505.1367,42287.6641,42287.6641,27215995394
2022-04-09,42282.0781,42782.1367,42782.1367,16050772496
2022-04-10,42781.0898,42207.6719,42207.6719,17654475582
2022-04-11,42201.0391,39521.9023,39521.9023,33949912166
2022-04-12,39533.7148,40127.1836,40127.1836,30991500854
2022-04-13,40123.5703,41166.7305,41166.7305,27691105228
2022-04-14,41160.2188,39935.5156,39935.5156,24342001973
2022-04-15,39939.4023,40553.4648,40553.4648,21756855753
2022-04-16,40552.3164,40424.4844,40424.4844,16833150693
2022-04-17,40417.7773,39716.9531,39716.9531,19087633042
2022-04-18,39721.2031,40826.2148,40826.2148,33705182072
2022-04-19,40828.1758,41502.75,41502.75,25303206547
2022-04-20,41501.7461,41374.3789,41374.3789,27819532341
2022-04-21,41371.5156,40527.3633,40527.3633,35372786395
2022-04-22,40525.8633,39740.3203,39740.3203,28011716745
2022-04-23,39738.7227,39486.7305,39486.7305,16138021249
2022-04-24,39478.375,39469.293,39469.293,17964398167
2022-04-25,39472.6055,40458.3086,40458.3086,35445730570
2022-04-26,40448.4219,38117.4609,38117.4609,34569088416
2022-04-27,38120.3008,39241.1211,39241.1211,30981015184
2022-04-28,39241.4297,39773.8281,39773.8281,33903704907
2022-04-29,39768.6172,38609.8242,38609.8242,30882994649
2022-04-30,38605.8594,37714.875,37714.875,23895713731
2022-05-01,37713.2656,38469.0938,38469.0938,27002760110
2022-05-02,38472.1875,38529.3281,38529.3281,32922642426
2022-05-03,38528.1094,37750.4531,37750.4531,27326943244
2022-05-04,37748.0117,39698.3711,39698.3711,36754404490
2022-05-05,39695.7461,36575.1406,36575.1406,43106256317
2022-05-06,36573.1836,36040.9219,36040.9219,37795577489
2022-05-07,36042.5039,35501.9531,35501.9531,24375896406
2022-05-08,35502.9414,34059.2656,34059.2656,36763041910
2022-05-09,34060.0156,30296.9531,30296.9531,63355494961
2022-05-10,30273.6543,31022.9062,31022.9062,59811038817
2022-05-11,31016.1836,28936.3555,28936.3555,70388855818
2022-05-12,28936.7344,29047.752,29047.752,66989173272
2022-05-13,29030.9102,29283.1035,29283.1035,42841124537
2022-05-14,29285.6426,30101.2656,30101.2656,28579868620
2022-05-15,30098.5859,31305.1133,31305.1133,25835372065
2022-05-16,31304.375,29862.918,29862.918,32613897286
2022-05-17,29862.4082,30425.8574,30425.8574,29101473475
2022-05-18,30424.4785,28720.2715,28720.2715,31285268319
2022-05-19,28720.3594,30314.334,30314.334,33773447707
2022-05-20,30311.1191,29200.7402,29200.7402,30749382605
2022-05-21,29199.8594,29432.2266,29432.2266,17274840442
2022-05-22,29432.4727,30323.7227,30323.7227,21631532270
2022-05-23,30309.3965,29098.9102,29098.9102,31483454557
2022-05-24,29101.125,29655.5859,29655.5859,26616506245
2022-05-25,29653.1348,29562.3613,29562.3613,27525063551
2022-05-26,29564.7773,29267.2246,29267.2246,36774325352
2022-05-27,29251.1406,28627.5742,28627.5742,36582005748
2022-05-28,28622.625,28814.9004,28814.9004,35519577634
2022-05-29,29019.8672,29445.957,29445.957,18093886409
2022-05-30,29443.3652,31726.3906,31726.3906,39277993274
2022-05-31,31723.8652,31792.3105,31792.3105,33538210634
2022-06-01,31792.5547,29799.0801,29799.0801,41135817341
2022-06-02,29794.8906,30467.4883,30467.4883,29083562061
2022-06-03,30467.8066,29704.3906,29704.3906,26175547452
2022-06-04,29706.1387,29832.9141,29832.9141,16588370958
2022-06-05,29835.1172,29906.6621,29906.6621,17264085441
2022-06-06,29910.2832,31370.6719,31370.6719,31947336829
2022-06-07,31371.7422,31155.4785,31155.4785,40770974039
2022-06-08,31151.4805,30214.3555,30214.3555,30242059107
2022-06-09,30215.2793,30111.998,30111.998,21692004719
2022-06-10,30110.3301,29083.8047,29083.8047,29867476527
2022-06-11,29084.666,28360.8105,28360.8105,27246574439
2022-06-12,28373.5137,26762.6484,26762.6484,34163220274
2022-06-13,26737.5781,22487.3887,22487.3887,68204556440
2022-06-14,22487.9863,22206.793,22206.793,50913575242
2022-06-15,22196.7305,22572.8398,22572.8398,54912007015
2022-06-16,22576.3047,20381.6504,20381.6504,31183975654
2022-06-17,20385.7188,20471.4824,20471.4824,27132421514
2022-06-18,20473.4258,19017.6426,19017.6426,42009436760
2022-06-19,19010.9023,20553.2715,20553.2715,35329942625
2022-06-20,20553.3711,20599.5371,20599.5371,30818458597
2022-06-21,20594.2949,20710.5977,20710.5977,28970212744
2022-06-22,20719.4141,19987.0293,19987.0293,28574793478
2022-06-23,19986.6074,21085.877,21085.877,26188097173
2022-06-24,21084.6484,21231.6562,21231.6562,24957784918
2022-06-25,21233.6094,21502.3379,21502.3379,18372538715
2022-06-26,21496.4941,21027.2949,21027.2949,18027170497
2022-06-27,21028.2383,20735.4785,20735.4785,20965695707
2022-06-28,20731.5449,20280.6348,20280.6348,21381535161
2022-06-29,20281.1699,20104.0234,20104.0234,23552740328
2022-06-30,20108.3125,19784.7266,19784.7266,26267239923
2022-07-01,19820.4707,19269.3672,19269.3672,30767551159
2022-07-02,19274.8359,19242.2559,19242.2559,18100418740
2022-07-03,19242.0957,19297.0762,19297.0762,16390821947
2022-07-04,19297.3145,20231.2617,20231.2617,21594638208
2022-07-05,20225.3535,20190.1152,20190.1152,26715546990
2022-07-06,20194.6191,20548.2461,20548.2461,24598943708
2022-07-07,20547.8145,21637.5879,21637.5879,25814972520
2022-07-08,21637.1543,21731.1172,21731.1172,49899834488
2022-07-09,21716.8281,21592.207,21592.207,29641127858
2022-07-10,21591.0801,20860.4492,20860.4492,28688807249
2022-07-11,20856.3535,19970.5566,19970.5566,24150249025
2022-07-12,19970.4746,19323.9141,19323.9141,25810220018
2022-07-13,19325.9727,20212.0742,20212.0742,33042430345
2022-07-14,20211.4668,20569.9199,20569.9199,31158743333
2022-07-15,20573.1562,20836.3281,20836.3281,25905575359
2022-07-16,20834.1035,21190.3164,21190.3164,24302954056
2022-07-17,21195.041,20779.3438,20779.3438,22927802083
2022-07-18,20781.9121,22485.6895,22485.6895,39974475562
2022-07-19,22467.8496,23389.4336,23389.4336,48765202697
2022-07-20,23393.1914,23231.7324,23231.7324,42932549127
2022-07-21,23233.2012,23164.6289,23164.6289,33631012204
2022-07-22,23163.752,22714.9785,22714.9785,31421555646
2022-07-23,22706.9844,22465.4785,22465.4785,24021799169
2022-07-24,22465.5098,22609.1641,22609.1641,23565495303
2022-07-25,22607.1562,21361.7012,21361.7012,35574561406
2022-07-26,21361.1211,21239.7539,21239.7539,28624673855
2022-07-27,21244.1699,22930.5488,22930.5488,31758955233
2022-07-28,22933.6406,23843.8867,23843.8867,40212386158
2022-07-29,23845.2129,23804.6328,23804.6328,35887249746
2022-07-30,23796.8184,23656.207,23656.207,28148218301
2022-07-31,23652.0703,23336.8965,23336.8965,23553591896
2022-08-01,23336.7188,23314.1992,23314.1992,25849159141
2022-08-02,23308.4336,22978.1172,22978.1172,28389250717
2022-08-03,22981.3027,22846.5078,22846.5078,26288169966
2022-08-04,22848.2148,22630.957,22630.957,25120229769
2022-08-05,22626.834,23289.3145,23289.3145,28881249043
2022-08-06,23291.4238,22961.2793,22961.2793,15978259885
2022-08-07,22963.5059,23175.8906,23175.8906,15886817043
2022-08-08,23179.5273,23809.4863,23809.4863,28575544847
2022-08-09,23811.4844,23164.3184,23164.3184,23555719219
2022-08-10,23162.8984,23947.6426,23947.6426,32837431722
2022-08-11,23948.3457,23957.5293,23957.5293,37127036580
2022-08-12,23957.2031,24402.8184,24402.8184,27265804688
2022-08-13,24402.1875,24424.0684,24424.0684,22987346289
2022-08-14,24429.0566,24319.334,24319.334,22994133555
2022-08-15,24318.3164,24136.9727,24136.9727,35123501685
2022-08-16,24126.1367,23883.291,23883.291,27753685646
2022-08-17,23881.3164,23335.998,23335.998,30931623076
2022-08-18,23341.0391,23212.7383,23212.7383,23747613147
2022-08-19,23213.3125,20877.5527,20877.5527,40509610260
2022-08-20,20872.8418,21166.0605,21166.0605,27595671000
2022-08-21,21160.3926,21534.1211,21534.1211,23102307723
2022-08-22,21531.4629,21398.9082,21398.9082,31666498758
2022-08-23,21401.0449,21528.0879,21528.0879,31878280659
2022-08-24,21526.4551,21395.0195,21395.0195,31962253368
2022-08-25,21395.459,21600.9043,21600.9043,31028679593
2022-08-26,21596.0859,20260.0195,20260.0195,42326789564
2022-08-27,20262.4805,20041.7383,20041.7383,30116729776
2022-08-28,20041.0352,19616.8145,19616.8145,24366810591
2022-08-29,19615.1543,20297.9941,20297.9941,32637854078
2022-08-30,20298.6113,19796.8086,19796.8086,34483360283
2022-08-31,19799.582,20049.7637,20049.7637,33225232872
2022-09-01,20050.498,20127.1406,20127.1406,30182031010
2022-09-02,20126.0723,19969.7715,19969.7715,29123998928
2022-09-03,19969.7188,19832.0879,19832.0879,23613051457
2022-09-04,19832.4707,19986.7129,19986.7129,25245861652
2022-09-05,19988.7891,19812.3711,19812.3711,28813460025
2022-09-06,19817.7246,18837.668,18837.668,43403978910
2022-09-07,18837.6836,19290.3242,19290.3242,35239757134
2022-09-08,19289.9414,19329.834,19329.834,32194477850
2022-09-09,19328.1406,21381.1523,21381.1523,48469528171
2022-09-10,21376.9121,21680.5391,21680.5391,36913738894
2022-09-11,21678.543,21769.2559,21769.2559,34493951963
2022-09-12,21770.1484,22370.4492,22370.4492,50212088965
2022-09-13,22371.4805,20296.707,20296.707,51091116622
2022-09-14,20184.5547,20241.0898,20241.0898,37872380889
2022-09-15,20242.2891,19701.2109,19701.2109,36389011503
2022-09-16,19704.0059,19772.584,19772.584,30123362273
2022-09-17,19777.0332,20127.5762,20127.5762,24957448100
2022-09-18,20127.2344,19419.5059,19419.5059,31254779144
2022-09-19,19418.5723,19544.1289,19544.1289,40177002624
2022-09-20,19545.5918,18890.7891,18890.7891,36791346508
2022-09-21,18891.2832,18547.4004,18547.4004,46363793975
2022-09-22,18534.6504,19413.5508,19413.5508,41135767926
2022-09-23,19412.4004,19297.6387,19297.6387,38896078052
2022-09-24,19296.9902,18937.0117,18937.0117,26149643168
2022-09-25,18936.3105,18802.0977,18802.0977,23359966112
2022-09-26,18803.9004,19222.6719,19222.6719,44148798321
2022-09-27,19221.8398,19110.5469,19110.5469,58571439619
2022-09-28,19104.6211,19426.7207,19426.7207,53071298734
2022-09-29,19427.7793,19573.0508,19573.0508,41037843771
2022-09-30,19573.4316,19431.7891,19431.7891,43975248085
2022-10-01,19431.1055,19312.0957,19312.0957,18719537670
2022-10-02,19311.8496,19044.1074,19044.1074,20765955327
2022-10-03,19044.0684,19623.5801,19623.5801,30484729489
2022-10-04,19623.584,20336.8438,20336.8438,35887278685
2022-10-05,20335.9004,20160.7168,20160.7168,33223790572
2022-10-06,20161.0391,19955.4434,19955.4434,34711412966
2022-10-07,19957.5586,19546.8496,19546.8496,29227315390
2022-10-08,19546.3281,19416.5684,19416.5684,16437423167
2022-10-09,19417.4785,19446.4258,19446.4258,16837262532
2022-10-10,19446.416,19141.4844,19141.4844,27425022774
2022-10-11,19139.0,19051.418,19051.418,28711532910
2022-10-12,19052.6465,19157.4453,19157.4453,24950173846
2022-10-13,19156.9668,19382.9043,19382.9043,44219840004
2022-10-14,19382.5332,19185.6562,19185.6562,38452356727
2022-10-15,19185.4375,19067.6348,19067.6348,16192235532
2022-10-16,19068.9141,19268.0938,19268.0938,17988916650
2022-10-17,19268.5625,19550.7578,19550.7578,27472552998
2022-10-18,19550.4668,19334.416,19334.416,30580012344
2022-10-19,19335.0273,19139.5352,19139.5352,22425387184
2022-10-20,19138.0859,19053.7402,19053.7402,24493974420
2022-10-21,19053.2031,19172.4688,19172.4688,32459287866
2022-10-22,19172.3809,19208.1895,19208.1895,16104440957
2022-10-23,19207.7344,19567.0078,19567.0078,22128794335
2022-10-24,19567.7695,19345.5723,19345.5723,30202235805
2022-10-25,19344.9648,20095.8574,20095.8574,47761524910
2022-10-26,20092.2363,20770.4414,20770.4414,58895950537
2022-10-27,20772.8027,20285.8359,20285.8359,49625110402
2022-10-28,20287.957,20595.3516,20595.3516,43994715910
2022-10-29,20595.1035,20818.4766,20818.4766,40369840645
2022-10-30,20817.9824,20635.6035,20635.6035,31486345556
2022-10-31,20633.6953,20495.7734,20495.7734,45668466815
2022-11-01,20494.8984,20485.2734,20485.2734,39819303159
2022-11-02,20482.959,20159.5039,20159.5039,55552169483
2022-11-03,20162.6895,20209.9883,20209.9883,43228750179
2022-11-04,20208.7695,21147.2305,21147.2305,64072727950
2022-11-05,21144.832,21282.6914,21282.6914,37846047609
2022-11-06,21285.0566,20926.4863,20926.4863,35082693210
2022-11-07,20924.6211,20602.8164,20602.8164,53510852236
2022-11-08,20600.6719,18541.2715,18541.2715,118992465607
2022-11-09,18543.7617,15880.7803,15880.7803,102905151606
2022-11-10,15883.1582,17586.7715,17586.7715,83202283721
2022-11-11,17583.252,17034.293,17034.293,55871616488
2022-11-12,17036.875,16799.1855,16799.1855,29717699419
2022-11-13,16799.7227,16353.3652,16353.3652,27209183682
2022-11-14,16352.0283,16618.1992,16618.1992,49630243054
2022-11-15,16617.4844,16884.6133,16884.6133,36599436183
2022-11-16,16884.3418,16669.4395,16669.4395,33925512989
2022-11-17,16670.4258,16687.5176,16687.5176,27868914022
2022-11-18,16687.9121,16697.7773,16697.7773,26862218609
2022-11-19,16696.2207,16711.5469,16711.5469,16106223492
2022-11-20,16712.9199,16291.832,16291.832,21313378652
2022-11-21,16291.2236,15787.2842,15787.2842,37429485518
2022-11-22,15782.3008,16189.7695,16189.7695,30726828760
2022-11-23,16195.5889,16610.707,16610.707,32958875628
2022-11-24,16611.6367,16604.4648,16604.4648,26129037414
2022-11-25,16602.2695,16521.8418,16521.8418,18678255976
2022-11-26,16521.5762,16464.2812,16464.2812,18000008764
2022-11-27,16463.8828,16444.627,16444.627,20443898509
2022-11-28,16440.2227,16217.3223,16217.3223,27743025156
2022-11-29,16217.6396,16444.9824,16444.9824,23581685468
2022-11-30,16445.4766,17168.5664,17168.5664,29523576583
2022-12-01,17168.002,16967.1328,16967.1328,22895392882
2022-12-02,16968.6836,17088.6602,17088.6602,19539705127
2022-12-03,17090.0977,16908.2363,16908.2363,16217776704
2022-12-04,16908.1699,17130.4863,17130.4863,16824520830
2022-12-05,17128.8945,16974.8262,16974.8262,22209086834
2022-12-06,16975.2383,17089.5039,17089.5039,19889922369
2022-12-07,17089.5059,16848.127,16848.127,19675404389
2022-12-08,16847.3496,17233.4746,17233.4746,20496603770
2022-12-09,17232.1484,17133.1523,17133.1523,20328426366
2022-12-10,17134.2207,17128.7246,17128.7246,12706781969
2022-12-11,17129.7109,17104.1934,17104.1934,14122486832
2022-12-12,17102.5,17206.4375,17206.4375,19617581341
2022-12-13,17206.4414,17781.3184,17781.3184,26634741631
2022-12-14,17782.0664,17815.6504,17815.6504,25534481470
2022-12-15,17813.6445,17364.8652,17364.8652,20964448341
2022-12-16,17364.5469,16647.4844,16647.4844,24031608960
2022-12-17,16646.9824,16795.0918,16795.0918,14463581825
2022-12-18,16795.6094,16757.9766,16757.9766,10924354698
2022-12-19,16759.041,16439.6797,16439.6797,17221074814
2022-12-20,16441.7871,16906.3047,16906.3047,22722096615
2022-12-21,16904.5273,16817.5352,16817.5352,14882945045
2022-12-22,16818.3809,16830.3418,16830.3418,16441573050
2022-12-23,16829.6445,16796.9531,16796.9531,15329265213
2022-12-24,16796.9766,16847.7559,16847.7559,9744636213
2022-12-25,16847.5059,16841.9863,16841.9863,11656379938
2022-12-26,16842.25,16919.8047,16919.8047,11886957804
2022-12-27,16919.291,16717.1738,16717.1738,15748580239
2022-12-28,16716.4004,16552.5723,16552.5723,17005713920
2022-12-29,16552.3223,16642.3418,16642.3418,14472237479
2022-12-30,16641.3301,16602.5859,16602.5859,15929162910
2022-12-31,16603.6738,16547.4961,16547.4961,11239186456
2023-01-01,16547.9141,16625.0801,16625.0801,9244361700
2023-01-02,16625.5098,16688.4707,16688.4707,12097775227
2023-01-03,16688.8477,16679.8574,16679.8574,13903079207
2023-01-04,16680.2051,16863.2383,16863.2383,18421743322
2023-01-05,16863.4727,16836.7363,16836.7363,13692758566
2023-01-06,16836.4727,16951.9688,16951.9688,14413662913
2023-01-07,16952.1172,16955.0781,16955.0781,7714767174
2023-01-08,16954.1465,17091.1445,17091.1445,9768827914
2023-01-09,17093.9922,17196.5547,17196.5547,18624736866
2023-01-10,17192.9492,17446.293,17446.293,15808338949
2023-01-11,17446.3594,17934.8965,17934.8965,18372283782
2023-01-12,18117.5938,18869.5879,18869.5879,34971338710
2023-01-13,18868.9062,19909.5742,19909.5742,29225029694
2023-01-14,19910.5371,20976.2988,20976.2988,38967784639
2023-01-15,20977.4844,20880.7988,20880.7988,19298407543
2023-01-16,20882.2246,21169.6328,21169.6328,26792494050
2023-01-17,21175.834,21161.5195,21161.5195,24999983362
2023-01-18,21161.0508,20688.7812,20688.7812,30005625418
2023-01-19,20686.7461,21086.793,21086.793,21152848261
2023-01-20,21085.373,22676.5527,22676.5527,28799154319
2023-01-21,22677.4277,22777.625,22777.625,32442278429
2023-01-22,22777.9863,22720.416,22720.416,24746386230
2023-01-23,22721.0879,22934.4316,22934.4316,26518700512
2023-01-24,22929.627,22636.4688,22636.4688,26405069715
2023-01-25,22639.2676,23117.8594,23117.8594,30685366709
2023-01-26,23108.9551,23032.7773,23032.7773,26357839322
2023-01-27,23030.7168,23078.7285,23078.7285,25383335641
2023-01-28,23079.9648,23031.0898,23031.0898,14712928379
2023-01-29,23031.4492,23774.5664,23774.5664,27423687259
2023-01-30,23774.6484,22840.1387,22840.1387,27205595568
2023-01-31,22840.7969,23139.2832,23139.2832,22837828665
2023-02-01,23137.8359,23723.7695,23723.7695,26683255504
2023-02-02,23720.8242,23471.8711,23471.8711,32066936882
2023-02-03,23469.4121,23449.3223,23449.3223,27083066007
2023-02-04,23446.3203,23331.8477,23331.8477,15639298538
2023-02-05,23332.248,22955.666,22955.666,19564262605
2023-02-06,22954.0215,22760.1094,22760.1094,23825006542
2023-02-07,22757.2676,23264.291,23264.291,27187964471
2023-02-08,23263.416,22939.3984,22939.3984,25371367758
2023-02-09,22946.5664,21819.0391,21819.0391,32572572185
2023-02-10,21819.0059,21651.1836,21651.1836,27078406594
2023-02-11,21651.8418,21870.875,21870.875,16356226232
2023-02-12,21870.9023,21788.2031,21788.2031,17821046406
2023-02-13,21787.0,21808.1016,21808.1016,23918742607
2023-02-14,21801.8223,22220.8047,22220.8047,26792596581
2023-02-15,22220.5859,24307.8418,24307.8418,32483312909
2023-02-16,24307.3496,23623.4746,23623.4746,39316664596
2023-02-17,23621.2832,24565.6016,24565.6016,41358451255
2023-02-18,24565.2969,24641.2773,24641.2773,19625427158
2023-02-19,24640.0273,24327.6426,24327.6426,25555105670
2023-02-20,24336.623,24829.1484,24829.1484,28987376573
2023-02-21,24833.0488,24436.3535,24436.3535,31252098714
2023-02-22,24437.418,24188.8438,24188.8438,30199996781
2023-02-23,24190.7188,23947.4922,23947.4922,30476264066
2023-02-24,23946.0078,23198.127,23198.127,26811744928
2023-02-25,23200.125,23175.375,23175.375,16100721565
2023-02-26,23174.1504,23561.2129,23561.2129,16644534842
2023-02-27,23561.4512,23522.8711,23522.8711,22660763494
2023-02-28,23521.8379,23147.3535,23147.3535,20535363434
2023-03-01,23150.9297,23646.5508,23646.5508,24662841200
2023-03-02,23647.0195,23475.4668,23475.4668,20386398516
2023-03-03,23476.6328,22362.6797,22362.6797,26062404610
2023-03-04,22362.9238,22353.3496,22353.3496,11166012913
2023-03-05,22354.1445,22435.5137,22435.5137,13317001733
2023-03-06,22436.8164,22429.7578,22429.7578,17353192895
2023-03-07,22428.3223,22219.7695,22219.7695,22765452204
2023-03-08,22216.4414,21718.0801,21718.0801,22536575684
2023-03-09,21720.0801,20363.0215,20363.0215,30364664171
2023-03-10,20367.002,20187.2441,20187.2441,39578257695
2023-03-11,20187.877,20632.4102,20632.4102,30180288176
2023-03-12,20628.0293,22163.9492,22163.9492,29279035521
2023-03-13,22156.4062,24197.5332,24197.5332,49466362688
2023-03-14,24201.7656,24746.0742,24746.0742,54622230164
2023-03-15,24770.9258,24375.9609,24375.9609,43655701450
2023-03-16,24373.457,25052.7891,25052.7891,33866061747
2023-03-17,25055.123,27423.9297,27423.9297,50730261335
2023-03-18,27448.1172,26965.8789,26965.8789,35723036817
2023-03-19,26969.5039,28038.6758,28038.6758,37769448859
2023-03-20,28041.6016,27767.2363,27767.2363,44774027664
2023-03-21,27768.3926,28175.8164,28175.8164,36102192830
2023-03-22,28158.7207,27307.4375,27307.4375,33382021890
2023-03-23,27301.957,28333.9727,28333.9727,24220433689
2023-03-24,28324.1113,27493.2852,27493.2852,25980310960
2023-03-25,27487.3379,27494.707,27494.707,13383005987
2023-03-26,27495.5234,27994.3301,27994.3301,13878363192
2023-03-27,27994.0684,27139.8887,27139.8887,18188895178
2023-03-28,27132.8887,27268.1309,27268.1309,17783600385
2023-03-29,27267.0312,28348.4414,28348.4414,20684945906
2023-03-30,28350.1406,28033.5625,28033.5625,22435349951
2023-03-31,28032.2617,28478.4844,28478.4844,19001327598
2023-04-01,28473.332,28411.0352,28411.0352,10876469901
2023-04-02,28462.8457,28199.3086,28199.3086,12284641999
2023-04-03,28183.0801,27790.2207,27790.2207,19556501327
2023-04-04,27795.2734,28168.0898,28168.0898,15284538859
2023-04-05,28169.7266,28177.9844,28177.9844,17052315986
2023-04-06,28175.2266,28044.1406,28044.1406,13837809380
2023-04-07,28038.9668,27925.8594,27925.8594,10861680497
2023-04-08,27920.5137,27947.7949,27947.7949,9373255556
2023-04-09,27952.3672,28333.0508,28333.0508,12175322951
2023-04-10,28336.0273,29652.9805,29652.9805,19282400094
2023-04-11,29653.6797,30235.0586,30235.0586,20121259843
2023-04-12,30231.582,30139.0527,30139.0527,18651929926
2023-04-13,29892.7402,30399.0664,30399.0664,17487721001
2023-04-14,30409.5625,30485.6992,30485.6992,22659995079
2023-04-15,30490.75,30318.4961,30318.4961,11940685378
2023-04-16,30315.9766,30315.3555,30315.3555,12854816417
2023-04-17,30317.1465,29445.0449,29445.0449,17872186762
2023-04-18,29449.0918,30397.5527,30397.5527,19480529496
2023-04-19,30394.1875,28822.6797,28822.6797,24571565421
2023-04-20,28823.6836,28245.9883,28245.9883,21340360360
2023-04-21,28249.2305,27276.9102,27276.9102,20759504330
2023-04-22,27265.8945,27817.5,27817.5,13125734602
2023-04-23,27816.1445,27591.3848,27591.3848,12785446832
2023-04-24,27591.7305,27525.3398,27525.3398,17703288330
2023-04-25,27514.873,28307.5977,28307.5977,17733373139
2023-04-26,28300.0586,28422.7012,28422.7012,31854242019
2023-04-27,28428.4648,29473.7871,29473.7871,27153445027
2023-04-28,29481.0137,29340.2617,29340.2617,17544464887
2023-04-29,29336.5664,29248.4883,29248.4883,10662634333
2023-04-30,29245.5156,29268.8066,29268.8066,14652199272
2023-05-01,29227.1035,28091.5684,28091.5684,18655599976
2023-05-02,28087.1758,28680.5371,28680.5371,16432924527
2023-05-03,28680.4941,29006.3086,29006.3086,19122972518
2023-05-04,29031.3047,28847.7109,28847.7109,15548678514
2023-05-05,28851.4805,29534.3848,29534.3848,17936566518
2023-05-06,29538.8594,28904.623,28904.623,15913866714
2023-05-07,28901.623,28454.9785,28454.9785,11301355486
2023-05-08,28450.457,27694.2734,27694.2734,19122903752
2023-05-09,27695.0684,27658.7754,27658.7754,14128593256
2023-05-10,27654.6367,27621.7559,27621.7559,20656025026
2023-05-11,27621.0859,27000.7891,27000.7891,16724343943
2023-05-12,26987.6621,26804.9902,26804.9902,19313599897
2023-05-13,26807.7695,26784.0781,26784.0781,9999171605
2023-05-14,26788.9746,26930.6387,26930.6387,10014858959
2023-05-15,26931.3848,27192.6934,27192.6934,14413231792
2023-05-16,27171.5137,27036.6504,27036.6504,12732238816
2023-05-17,27035.4707,27398.8027,27398.8027,15140006925
2023-05-18,27401.6504,26832.209,26832.209,15222938600
2023-05-19,26826.7539,26890.1289,26890.1289,11258983301
2023-05-20,26888.8418,27129.5859,27129.5859,7044911360
2023-05-21,27118.4238,26753.8262,26753.8262,8647416921
2023-05-22,26749.8926,26851.2773,26851.2773,11056770492
2023-05-23,26855.9609,27225.7266,27225.7266,13697203143
2023-05-24,27224.6035,26334.8184,26334.8184,16299104428
2023-05-25,26329.4609,26476.207,26476.207,13851122697
2023-05-26,26474.1816,26719.291,26719.291,12711619225
2023-05-27,26720.1816,26868.3535,26868.3535,7892015141
2023-05-28,26871.1582,28085.6465,28085.6465,14545229578
2023-05-29,28075.5918,27745.8848,27745.8848,15181308984
2023-05-30,27745.123,27702.3496,27702.3496,13251081851
2023-05-31,27700.5293,27219.6582,27219.6582,15656371534
2023-06-01,27218.4121,26819.9727,26819.9727,14678970415
2023-06-02,26824.5566,27249.5898,27249.5898,14837415000
2023-06-03,27252.3242,27075.1289,27075.1289,8385597470
2023-06-04,27075.123,27119.0664,27119.0664,9360912318
2023-06-05,27123.1094,25760.0977,25760.0977,21513292646
2023-06-06,25732.1094,27238.7832,27238.7832,21929670693
2023-06-07,27235.6504,26345.998,26345.998,19530045082
2023-06-08,26347.6543,26508.2168,26508.2168,11904824295
2023-06-09,26505.9238,26480.375,26480.375,11015551640
2023-06-10,26481.7617,25851.2402,25851.2402,19872933189
2023-06-11,25854.0312,25940.168,25940.168,10732609603
2023-06-12,25934.2852,25902.5,25902.5,11677889997
2023-06-13,25902.9414,25918.7285,25918.7285,14143474486
2023-06-14,25920.2578,25124.6758,25124.6758,14265717766
2023-06-15,25121.6738,25576.3945,25576.3945,15837384409
2023-06-16,25575.2832,26327.4629,26327.4629,16324646965
2023-06-17,26328.6797,26510.6758,26510.6758,11090276850
2023-06-18,26510.457,26336.2129,26336.2129,9565695129
2023-06-19,26335.4414,26851.0293,26851.0293,12826986222
2023-06-20,26841.6641,28327.4883,28327.4883,22211859147
2023-06-21,28311.3105,30027.2969,30027.2969,33346760979
2023-06-22,29995.9355,29912.2812,29912.2812,20653160491
2023-06-23,29896.3828,30695.4688,30695.4688,24115570085
2023-06-24,30708.7383,30548.6953,30548.6953,12147822496
2023-06-25,30545.1504,30480.2617,30480.2617,12703464114
2023-06-26,30480.5234,30271.1309,30271.1309,16493186997
2023-06-27,30274.3203,30688.1641,30688.1641,16428827944
2023-06-28,30696.5605,30086.2461,30086.2461,14571500779
2023-06-29,30086.1875,30445.3516,30445.3516,13180860821
2023-06-30,30441.3535,30477.252,30477.252,26387306197
2023-07-01,30471.8477,30590.0781,30590.0781,9086606733
2023-07-02,30587.2695,30620.7695,30620.7695,10533418042
2023-07-03,30624.5156,31156.4395,31156.4395,15271884873
2023-07-04,31156.8652,30777.582,30777.582,12810828427
2023-07-05,30778.7246,30514.166,30514.166,12481622280
2023-07-06,30507.1504,29909.3379,29909.3379,21129219509
2023-07-07,29907.998,30342.2656,30342.2656,13384770155
2023-07-08,30346.9219,30292.541,30292.541,7509378699
2023-07-09,30291.6113,30171.2344,30171.2344,7903327692
2023-07-10,30172.4238,30414.4707,30414.4707,14828209155
2023-07-11,30417.6328,30620.9512,30620.9512,12151839152
2023-07-12,30622.2461,30391.6465,30391.6465,14805659717
2023-07-13,30387.4883,31476.0488,31476.0488,23686079548
2023-07-14,31474.7207,30334.0684,30334.0684,20917902660
2023-07-15,30331.7832,30295.8066,30295.8066,8011667756
2023-07-16,30297.4727,30249.1328,30249.1328,8516564470
2023-07-17,30249.627,30145.8887,30145.8887,13240156074
2023-07-18,30147.0703,29856.5625,29856.5625,13138897269
2023-07-19,29862.0469,29913.9238,29913.9238,12128602812
2023-07-20,29915.25,29792.0156,29792.0156,14655207121
2023-07-21,29805.1113,29908.7441,29908.7441,10972789818
2023-07-22,29908.6973,29771.8027,29771.8027,7873300598
2023-07-23,29790.1113,30084.5391,30084.5391,9220145050
2023-07-24,30081.6621,29176.916,29176.916,15395817395
2023-07-25,29178.9707,29227.3906,29227.3906,10266772793
2023-07-26,29225.7598,29354.9727,29354.9727,13497554655
2023-07-27,29353.7988,29210.6895,29210.6895,10770779217
2023-07-28,29212.1641,29319.2461,29319.2461,11218474952
2023-07-29,29319.4453,29356.918,29356.918,6481775959
2023-07-30,29357.0938,29275.3086,29275.3086,8678454527
2023-07-31,29278.3145,29230.1113,29230.1113,11656781982
2023-08-01,29230.873,29675.7324,29675.7324,18272392391
2023-08-02,29704.1465,29151.959,29151.959,19212655598
2023-08-03,29161.8125,29178.6797,29178.6797,12780357746
2023-08-04,29174.3828,29074.0918,29074.0918,12036639988
2023-08-05,29075.3887,29042.127,29042.127,6598366353
2023-08-06,29043.7012,29041.8555,29041.8555,7269806994
2023-08-07,29038.5137,29180.5781,29180.5781,13618163710
2023-08-08,29180.0195,29765.4922,29765.4922,17570561357
2023-08-09,29766.6953,29561.4941,29561.4941,18379521213
2023-08-10,29563.9727,29429.5918,29429.5918,11865344789
2023-08-11,29424.9023,29397.7148,29397.7148,10195168197
2023-08-12,29399.7871,29415.9648,29415.9648,6194358008
2023-08-13,29416.5938,29282.9141,29282.9141,7329897180
2023-08-14,29283.2637,29408.4434,29408.4434,14013695304
2023-08-15,29408.0488,29170.3477,29170.3477,12640195779
2023-08-16,29169.0742,28701.7793,28701.7793,14949271904
2023-08-17,28699.8027,26664.5508,26664.5508,31120851211
2023-08-18,26636.0781,26049.5566,26049.5566,24026236529
2023-08-19,26047.832,26096.2051,26096.2051,10631443812
2023-08-20,26096.8613,26189.584,26189.584,9036580420
2023-08-21,26188.6914,26124.1406,26124.1406,13371557893
2023-08-22,26130.748,26031.6562,26031.6562,14503820706
2023-08-23,26040.4746,26431.6406,26431.6406,16985265785
2023-08-24,26431.5195,26162.373,26162.373,12871532023
2023-08-25,26163.6797,26047.668,26047.668,12406045118
2023-08-26,26047.2344,26008.4629,26008.4629,6034817316
2023-08-27,26008.2422,26089.6934,26089.6934,6913768611
2023-08-28,26089.6152,26106.1504,26106.1504,11002805166
2023-08-29,26102.4863,27727.3926,27727.3926,29368391712
2023-08-30,27726.084,27297.2656,27297.2656,16343655235
2023-08-31,27301.9297,25931.4727,25931.4727,20181001451
2023-09-01,25934.0215,25800.7246,25800.7246,17202862221
2023-09-02,25800.9102,25868.7988,25868.7988,10100387473
2023-09-03,25869.4727,25969.5664,25969.5664,8962524523
2023-09-04,25968.1699,25812.416,25812.416,10680635106
2023-09-05,25814.957,25779.9824,25779.9824,11094740040
2023-09-06,25783.9316,25753.2363,25753.2363,12752705327
2023-09-07,25748.3125,26240.1953,26240.1953,11088307100
2023-09-08,26245.209,25905.6543,25905.6543,10817356400
2023-09-09,25905.4258,25895.6777,25895.6777,5481314132
2023-09-10,25895.2109,25832.2266,25832.2266,7899553047
2023-09-11,25831.7148,25162.6543,25162.6543,14600006467
2023-09-12,25160.6582,25833.3438,25833.3438,18657279324
2023-09-13,25837.5547,26228.3242,26228.3242,13072077070
2023-09-14,26228.2773,26539.6738,26539.6738,13811359124
2023-09-15,26533.8184,26608.6934,26608.6934,11479735788
2023-09-16,26606.1992,26568.2812,26568.2812,7402031417
2023-09-17,26567.9277,26534.1875,26534.1875,6774210670
2023-09-18,26532.9941,26754.2812,26754.2812,15615339655
2023-09-19,26760.8516,27211.1172,27211.1172,13807690550
2023-09-20,27210.2285,27132.0078,27132.0078,13281116604
2023-09-21,27129.8398,26567.6328,26567.6328,13371443708
2023-09-22,26564.0566,26579.5684,26579.5684,10578746709
2023-09-23,26578.5566,26579.3906,26579.3906,7404700301
2023-09-24,26579.373,26256.8262,26256.8262,8192867686
2023-09-25,26253.7754,26298.4805,26298.4805,11997833257
2023-09-26,26294.7578,26217.25,26217.25,9985498161
2023-09-27,26209.498,26352.7168,26352.7168,11718380997
2023-09-28,26355.8125,27021.5469,27021.5469,14079002707
2023-09-29,27024.8418,26911.7207,26911.7207,10396435377
2023-09-30,26911.6895,26967.916,26967.916,5331172801
2023-10-01,26967.3965,27983.75,27983.75,9503917434
2023-10-02,27976.7988,27530.7852,27530.7852,19793041322
2023-10-03,27508.252,27429.9785,27429.9785,11407814187
2023-10-04,27429.0742,27799.3945,27799.3945,11143355314
2023-10-05,27798.6465,27415.9121,27415.9121,11877253670
2023-10-06,27412.123,27946.5977,27946.5977,13492391599
2023-10-07,27946.7812,27968.8398,27968.8398,6553044316
2023-10-08,27971.6777,27935.0898,27935.0898,7916875290
2023-10-09,27934.4727,27583.6777,27583.6777,12007668568
2023-10-10,27589.2012,27391.0195,27391.0195,9973350678
2023-10-11,27392.0762,26873.3203,26873.3203,13648094333
2023-10-12,26873.293,26756.7988,26756.7988,9392909295
2023-10-13,26752.8789,26862.375,26862.375,15165312851
2023-10-14,26866.2031,26861.707,26861.707,5388116782
2023-10-15,26858.0117,27159.6523,27159.6523,7098201980
2023-10-16,27162.6289,28519.4668,28519.4668,27833876539
2023-10-17,28522.0977,28415.748,28415.748,14872527508
2023-10-18,28413.5312,28328.3418,28328.3418,12724128586
2023-10-19,28332.416,28719.8066,28719.8066,14448058195
2023-10-20,28732.8125,29682.9492,29682.9492,21536125230
2023-10-21,29683.3809,29918.4121,29918.4121,11541146996
2023-10-22,29918.6543,29993.8965,29993.8965,10446520040
2023-10-23,30140.6855,33086.2344,33086.2344,38363572311
2023-10-24,33077.3047,33901.5273,33901.5273,44934999645
2023-10-25,33916.043,34502.8203,34502.8203,25254318008
2023-10-26,34504.2891,34156.6484,34156.6484,19427195376
2023-10-27,34156.5,33909.8008,33909.8008,16418032871
2023-10-28,33907.7227,34089.5742,34089.5742,10160330825
2023-10-29,34089.3711,34538.4805,34538.4805,11160323986
2023-10-30,34531.7422,34502.3633,34502.3633,17184860315
2023-10-31,34500.0781,34667.7812,34667.7812,15758270810
2023-11-01,34657.2734,35437.2539,35437.2539,22446272005
2023-11-02,35441.5781,34938.2422,34938.2422,20998158544
2023-11-03,34942.4727,34732.3242,34732.3242,17158456701
2023-11-04,34736.3242,35082.1953,35082.1953,9561294264
2023-11-05,35090.0117,35049.3555,35049.3555,12412743996
2023-11-06,35044.7891,35037.3711,35037.3711,12693436420
2023-11-07,35047.793,35443.5625,35443.5625,18834737789
2023-11-08,35419.4766,35655.2773,35655.2773,17295394918
2023-11-09,35633.6328,36693.125,36693.125,37762672382
2023-11-10,36702.25,37313.9688,37313.9688,22711265155
2023-11-11,37310.0703,37138.0508,37138.0508,13924272142
2023-11-12,37133.9922,37054.5195,37054.5195,11545715999
2023-11-13,37070.3047,36502.3555,36502.3555,19057712790
2023-11-14,36491.7891,35537.6406,35537.6406,23857403554
2023-11-15,35548.1133,37880.582,37880.582,27365821679
2023-11-16,37879.9805,36154.7695,36154.7695,26007385366
2023-11-17,36164.8242,36596.6836,36596.6836,22445028430
2023-11-18,36625.3711,36585.7031,36585.7031,11886022717
2023-11-19,36585.7656,37386.5469,37386.5469,12915986553
2023-11-20,37374.0742,37476.957,37476.957,20888209068
2023-11-21,37469.1602,35813.8125,35813.8125,25172163756
2023-11-22,35756.5547,37432.3398,37432.3398,24397247860
2023-11-23,37420.4336,37289.6211,37289.6211,14214948217
2023-11-24,37296.3164,37720.2812,37720.2812,22922957823
2023-11-25,37721.4141,37796.793,37796.793,9099571165
2023-11-26,37796.8281,37479.1211,37479.1211,13744796068
2023-11-27,37454.1914,37254.168,37254.168,19002925720
2023-11-28,37247.9922,37831.0859,37831.0859,21696137014
2023-11-29,37826.1055,37858.4922,37858.4922,20728546658
2023-11-30,37861.1172,37712.7461,37712.7461,18115982627
2023-12-01,37718.0078,38688.75,38688.75,23512784002
2023-12-02,38689.2773,39476.332,39476.332,15534035612
2023-12-03,39472.207,39978.3906,39978.3906,15769696322
2023-12-04,39978.6289,41980.0977,41980.0977,39856129827
2023-12-05,41986.2656,44080.6484,44080.6484,36312154535
2023-12-06,44080.0234,43746.4453,43746.4453,29909761586
2023-12-07,43769.1328,43292.6641,43292.6641,27635760671
2023-12-08,43293.1367,44166.6016,44166.6016,24421116687
2023-12-09,44180.0195,43725.9844,43725.9844,17368210171
2023-12-10,43728.3828,43779.6992,43779.6992,13000481418
2023-12-11,43792.0195,41243.832,41243.832,40632672038
2023-12-12,41238.7344,41450.2227,41450.2227,24779520132
2023-12-13,41468.4648,42890.7422,42890.7422,26797884674
2023-12-14,42884.2617,43023.9727,43023.9727,25578530178
2023-12-15,43028.25,41929.7578,41929.7578,19639442462
2023-12-16,41937.7422,42240.1172,42240.1172,14386729590
2023-12-17,42236.1094,41364.6641,41364.6641,16678702876
2023-12-18,41348.2031,42623.5391,42623.5391,25224642008
2023-12-19,42641.5117,42270.5273,42270.5273,23171001281
2023-12-20,42261.3008,43652.25,43652.25,27868908174
2023-12-21,43648.125,43869.1523,43869.1523,22452766169
2023-12-22,43868.9883,43997.9023,43997.9023,21028503216
2023-12-23,44012.1992,43739.543,43739.543,13507796558
2023-12-24,43728.3672,43016.1172,43016.1172,18830554085
2023-12-25,43010.5742,43613.1406,43613.1406,21115795370
2023-12-26,43599.8477,42520.4023,42520.4023,30026850982
2023-12-27,42518.4688,43442.8555,43442.8555,25260941032
2023-12-28,43468.1992,42627.8555,42627.8555,22992093014
2023-12-29,42614.6445,42099.4023,42099.4023,26000021055
2023-12-30,42091.7539,42156.9023,42156.9023,16013925945
2023-12-31,42152.0977,42265.1875,42265.1875,16397498810
2024-01-01,42280.2344,44167.332,44167.332,18426978443
2024-01-02,44187.1406,44957.9688,44957.9688,39335274536
2024-01-03,44961.6016,42848.1758,42848.1758,46342323118
2024-01-04,42855.8164,44179.9219,44179.9219,30448091210
2024-01-05,44192.9805,44162.6914,44162.6914,32336029347
2024-01-06,44178.9531,43989.1953,43989.1953,16092503468
2024-01-07,43998.4648,43943.0977,43943.0977,19330573863
2024-01-08,43948.707,46970.5039,46970.5039,42746192015
2024-01-09,46987.6406,46139.7305,46139.7305,39821290992
2024-01-10,46121.5391,46627.7773,46627.7773,50114613298
2024-01-11,46656.0742,46368.5859,46368.5859,45833734549
2024-01-12,46354.793,42853.168,42853.168,43332698900
2024-01-13,42799.4453,42842.3828,42842.3828,20601860469
2024-01-14,42842.2617,41796.2695,41796.2695,17521429522
2024-01-15,41715.0664,42511.9688,42511.9688,22320220558
2024-01-16,42499.3359,43154.9453,43154.9453,24062872740
2024-01-17,43132.1016,42742.6523,42742.6523,20851232595
2024-01-18,42742.3125,41262.0586,41262.0586,25218357242
2024-01-19,41278.4609,41618.4062,41618.4062,25752407154
2024-01-20,41624.5898,41665.5859,41665.5859,11586690904
2024-01-21,41671.4883,41545.7852,41545.7852,9344043642
2024-01-22,41553.6523,39507.3672,39507.3672,31338708143
2024-01-23,39518.7148,39845.5508,39845.5508,29244553045
2024-01-24,39877.5938,40077.0742,40077.0742,22359526178
2024-01-25,40075.5508,39933.8086,39933.8086,18491782013
2024-01-26,39936.8164,41816.8711,41816.8711,25598119893
2024-01-27,41815.625,42120.0547,42120.0547,11422941934
2024-01-28,42126.125,42035.5938,42035.5938,16858971687
2024-01-29,42030.9141,43288.2461,43288.2461,20668476578
2024-01-30,43300.2266,42952.6094,42952.6094,23842814518
2024-01-31,42946.25,42582.6055,42582.6055,24673628793
2024-02-01,42569.7617,43075.7734,43075.7734,21423953779
2024-02-02,43077.6406,43185.8594,43185.8594,18603843039
2024-02-03,43184.9648,42992.25,42992.25,11169245236
2024-02-04,42994.9414,42583.582,42583.582,14802225490
2024-02-05,42577.6211,42658.668,42658.668,18715487317
2024-02-06,42657.3906,43084.6719,43084.6719,16798476726
2024-02-07,43090.0195,44318.2227,44318.2227,21126587775
2024-02-08,44332.125,45301.5664,45301.5664,26154524080
2024-02-09,45297.3828,47147.1992,47147.1992,39316770844
2024-02-10,47153.5273,47771.2773,47771.2773,16398681570
2024-02-11,47768.9688,48293.918,48293.918,19315867136
2024-02-12,48296.3867,49958.2227,49958.2227,34511985805
2024-02-13,49941.3594,49742.4414,49742.4414,35593051468
2024-02-14,49733.4453,51826.6953,51826.6953,39105608050
2024-02-15,51836.7852,51938.5547,51938.5547,38564360533
2024-02-16,51937.7266,52160.2031,52160.2031,28180567298
2024-02-17,52161.6758,51662.9961,51662.9961,20009091006
2024-02-18,51661.9688,52122.5469,52122.5469,17595377311
2024-02-19,52134.8125,51779.1445,51779.1445,21362184346
2024-02-20,51777.7266,52284.875,52284.875,33353758256
2024-02-21,52273.5352,51839.1797,51839.1797,28624907020
2024-02-22,51854.6445,51304.9727,51304.9727,25413900611
2024-02-23,51283.9062,50731.9492,50731.9492,21427078270
2024-02-24,50736.3711,51571.1016,51571.1016,15174077879
2024-02-25,51565.2148,51733.2383,51733.2383,15413239245
2024-02-26,51730.5391,54522.4023,54522.4023,34074411896
2024-02-27,54519.3633,57085.3711,57085.3711,49756832031
2024-02-28,57071.0977,62504.7891,62504.7891,83239156760
2024-02-29,62499.1836,61198.3828,61198.3828,65496611844
2024-03-01,61168.0625,62440.6328,62440.6328,40186368423
2024-03-02,62431.6523,62029.8477,62029.8477,23888473685
2024-03-03,62031.5781,63167.3711,63167.3711,26253811450
2024-03-04,63137.0039,68330.4141,68330.4141,70670471105
2024-03-05,68341.0547,63801.1992,63801.1992,102802940877
2024-03-06,63776.0508,66106.8047,66106.8047,68750229073
2024-03-07,66099.7422,66925.4844,66925.4844,46989543159
2024-03-08,66938.0938,68300.0938,68300.0938,59202881172
2024-03-09,68299.2578,68498.8828,68498.8828,21609650379
2024-03-10,68500.2578,69019.7891,69019.7891,35683977532
2024-03-11,69020.5469,72123.9062,72123.9062,65716656765
2024-03-12,72125.125,71481.2891,71481.2891,62554434520
2024-03-13,71482.1172,73083.5,73083.5,48212536929
2024-03-14,73079.375,71396.5938,71396.5938,59594605698
2024-03-15,71387.875,69403.7734,69403.7734,78320453976
2024-03-16,69392.4844,65315.1172,65315.1172,46842198371
2024-03-17,65316.3438,68390.625,68390.625,44716864318
2024-03-18,68371.3047,67548.5938,67548.5938,49261579492
2024-03-19,67556.1328,61912.7734,61912.7734,74215844794
2024-03-20,61930.1562,67913.6719,67913.6719,66792634382
2024-03-21,67911.5859,65491.3906,65491.3906,44480350565
2024-03-22,65489.9297,63778.7617,63778.7617,41401116964
2024-03-23,63802.7227,64062.2031,64062.2031,24738964812
2024-03-24,64070.7539,67234.1719,67234.1719,27206630673
2024-03-25,67234.0938,69958.8125,69958.8125,42700139523
2024-03-26,69931.3281,69987.8359,69987.8359,36010437368
2024-03-27,69991.8984,69455.3438,69455.3438,40827113309
2024-03-28,69452.7734,70744.9531,70744.9531,34374900617
2024-03-29,70744.7969,69892.8281,69892.8281,25230851763
2024-03-30,69893.4453,69645.3047,69645.3047,17130241883
2024-03-31,69647.7812,71333.6484,71333.6484,20050941373
2024-04-01,71333.4844,69702.1484,69702.1484,34873527352
2024-04-02,69705.0234,65446.9727,65446.9727,50705240709
2024-04-03,65446.6719,65980.8125,65980.8125,34488018367
2024-04-04,65975.6953,68508.8438,68508.8438,34439527442
2024-04-05,68515.7578,67837.6406,67837.6406,33748230056
2024-04-06,67840.5703,68896.1094,68896.1094,19967785809
2024-04-07,68897.1094,69362.5547,69362.5547,21204930369
2024-04-08,69362.5547,71631.3594,71631.3594,37261432669
2024-04-09,71632.5,69139.0156,69139.0156,36426900409
2024-04-10,69140.2422,70587.8828,70587.8828,38318601774
2024-04-11,70575.7344,70060.6094,70060.6094,30153382941
2024-04-12,70061.3828,67195.8672,67195.8672,44129299406
2024-04-13,67188.375,63821.4727,63821.4727,52869738185
2024-04-14,63836.2305,65738.7266,65738.7266,49084320047
2024-04-15,65739.6484,63426.2109,63426.2109,43595917654
2024-04-16,63419.2969,63811.8633,63811.8633,42847528078
2024-04-17,63831.8477,61276.6914,61276.6914,41915247049
2024-04-18,61275.3164,63512.7539,63512.7539,36006307335
2024-04-19,63510.75,63843.5703,63843.5703,49920425401
2024-04-20,63851.1016,64994.4414,64994.4414,23097485495
2024-04-21,64992.8164,64926.6445,64926.6445,20506644853
2024-04-22,64935.6328,66837.6797,66837.6797,28282686673
2024-04-23,66839.8906,66407.2734,66407.2734,24310975583
2024-04-24,66408.7188,64276.8984,64276.8984,30276655120
2024-04-25,64275.0195,64481.707,64481.707,32155786816
2024-04-26,64485.3711,63755.3203,63755.3203,24139372950
2024-04-27,63750.9883,63419.1406,63419.1406,19530783039
2024-04-28,63423.5156,63113.2305,63113.2305,17334827993
2024-04-29,63106.3633,63841.1211,63841.1211,26635912073
2024-04-30,63839.418,60636.8555,60636.8555,37840840057
2024-05-01,60609.4961,58254.0117,58254.0117,48439780271
2024-05-02,58253.7031,59123.4336,59123.4336,32711813559
2024-05-03,59122.3008,62889.8359,62889.8359,33172023048
2024-05-04,62891.0312,63891.4727,63891.4727,20620477992
2024-05-05,63892.4531,64031.1328,64031.1328,18296164805
2024-05-06,64038.3125,63161.9492,63161.9492,28697928697
2024-05-07,63162.7617,62334.8164,62334.8164,25930730982
2024-05-08,62332.6406,61187.9414,61187.9414,26088172222
2024-05-09,61191.1992,63049.9609,63049.9609,25453338161
2024-05-10,63055.1914,60792.7773,60792.7773,27804954694
2024-05-11,60793.3555,60793.7109,60793.7109,13842272968
2024-05-12,60793.5039,61448.3945,61448.3945,13800459405
2024-05-13,61451.2188,62901.4492,62901.4492,27889181179
2024-05-14,62900.7734,61552.7891,61552.7891,28186271527
2024-05-15,61553.9883,66267.4922,66267.4922,39815167074
2024-05-16,66256.1094,65231.582,65231.582,31573077994
2024-05-17,65231.2969,67051.875,67051.875,28031279310
2024-05-18,67066.2109,66940.8047,66940.8047,16712277406
2024-05-19,66937.9297,66278.3672,66278.3672,19249094538
2024-05-20,66278.7422,71448.1953,71448.1953,43850655717
2024-05-21,71443.0625,70136.5312,70136.5312,46932005990
2024-05-22,70135.3203,69122.3359,69122.3359,32802561717
2024-05-23,69121.3047,67929.5625,67929.5625,41895680979
2024-05-24,67928.1328,68526.1016,68526.1016,29197308153
2024-05-25,68526.9219,69265.9453,69265.9453,15473071741
2024-05-26,69264.2891,68518.0938,68518.0938,15628433737
2024-05-27,68512.1797,69394.5547,69394.5547,25870990717
2024-05-28,69392.1953,68296.2188,68296.2188,32722265965
2024-05-29,68296.3516,67578.0938,67578.0938,26707072906
2024-05-30,67576.0859,68364.9922,68364.9922,29509712534
2024-05-31,68362.5156,67491.4141,67491.4141,27387283769
2024-06-01,67489.6094,67706.9375,67706.9375,11641495604
2024-06-02,67710.2734,67751.6016,67751.6016,17110588415
2024-06-03,67753.8984,68804.7812,68804.7812,32401285324
2024-06-04,68804.5703,70567.7656,70567.7656,33149696545
2024-06-05,70568.3516,71082.8203,71082.8203,32810771409
2024-06-06,71082.8438,70757.1641,70757.1641,25223152007
2024-06-07,70759.1875,69342.5859,69342.5859,36188381096
2024-06-08,69324.1797,69305.7734,69305.7734,14262185861
2024-06-09,69297.4922,69647.9922,69647.9922,13534028500
2024-06-10,69644.3125,69512.2812,69512.2812,20597699541
2024-06-11,69508.0781,67332.0312,67332.0312,37116136345
2024-06-12,67321.375,68241.1875,68241.1875,34497940694
2024-06-13,68243.1016,66756.3984,66756.3984,28955204146
2024-06-14,66747.5703,66011.0938,66011.0938,27403884779
2024-06-15,66006.7422,66191.0,66191.0,14121265576
2024-06-16,66189.3594,66639.0469,66639.0469,13281140541
2024-06-17,66636.5156,66490.2969,66490.2969,30006354476
2024-06-18,66490.9766,65140.7461,65140.7461,39481285950
2024-06-19,65146.6602,64960.2969,64960.2969,21103423504
2024-06-20,64960.2969,64828.6562,64828.6562,25641109124
2024-06-21,64837.9883,64096.1992,64096.1992,26188171739
2024-06-22,64113.8633,64252.5781,64252.5781,9858198793
2024-06-23,64248.9648,63180.7969,63180.7969,11170471802
2024-06-24,63173.3516,60277.4141,60277.4141,43152133651
2024-06-25,60266.2812,61804.6406,61804.6406,29201215431
2024-06-26,61789.6758,60811.2773,60811.2773,22506003064
2024-06-27,60811.2266,61604.8008,61604.8008,21231745045
2024-06-28,61612.8047,60320.1367,60320.1367,24952866877
2024-06-29,60319.875,60887.3789,60887.3789,12652903396
2024-06-30,60888.4453,62678.293,62678.293,17333226409
2024-07-01,62673.6055,62851.9805,62851.9805,25468379421
2024-07-02,62844.4102,62029.0156,62029.0156,20151616992
2024-07-03,62034.332,60173.9219,60173.9219,29756701685
2024-07-04,60147.1367,56977.7031,56977.7031,41149609230
2024-07-05,57022.8086,56662.375,56662.375,55417544033
2024-07-06,56659.0742,58303.5391,58303.5391,20610320577
2024-07-07,58239.4297,55849.1094,55849.1094,20553359505
2024-07-08,55849.5742,56705.0977,56705.0977,39766159899
2024-07-09,56704.5977,58009.2266,58009.2266,27849512607
2024-07-10,58033.8828,57742.4961,57742.4961,26175260526
2024-07-11,57729.8906,57344.9141,57344.9141,28707803842
2024-07-12,57341.1953,57899.4648,57899.4648,25604805221
2024-07-13,57908.7383,59231.9531,59231.9531,17080061806
2024-07-14,59225.25,60787.793,60787.793,22223416061
2024-07-15,60815.457,64870.1523,64870.1523,38094526099
2024-07-16,64784.418,65097.1484,65097.1484,41617346768
2024-07-17,65091.832,64118.793,64118.793,32525071311
2024-07-18,64104.7383,63974.0664,63974.0664,27239305337
2024-07-19,63972.3242,66710.1562,66710.1562,37003855410
2024-07-20,66709.9219,67163.6484,67163.6484,19029581250
2024-07-21,67164.9141,68154.5234,68154.5234,26652190004
2024-07-22,68152.9766,67585.25,67585.25,42649109453
2024-07-23,67584.8047,65927.6719,65927.6719,35605668666
2024-07-24,65927.8594,65372.1328,65372.1328,27470942309
2024-07-25,65375.875,65777.2266,65777.2266,38315761670
2024-07-26,65771.8125,67912.0625,67912.0625,30488630457
2024-07-27,67911.8125,67813.3359,67813.3359,34691905492
2024-07-28,67808.6562,68255.8672,68255.8672,18043166945
2024-07-29,68259.0547,66819.9141,66819.9141,40780682628
2024-07-30,66819.0547,66201.0156,66201.0156,31380492109
2024-07-31,66201.2734,64619.25,64619.25,31292785994
2024-08-01,64625.8398,65357.5,65357.5,40975554494
2024-08-02,65353.5,61415.0664,61415.0664,43060875727
2024-08-03,61414.8086,60680.0938,60680.0938,31753030589
2024-08-04,60676.0938,58116.9766,58116.9766,31758917219
2024-08-05,58110.2969,53991.457,53991.457,108991085584
2024-08-06,53991.3477,56034.3164,56034.3164,49300484106
2024-08-07,56040.6328,55027.4609,55027.4609,41637562185
2024-08-08,55030.0273,61710.1367,61710.1367,45298472567
2024-08-09,61728.207,60880.1133,60880.1133,33425553115
2024-08-10,60881.2305,60945.8125,60945.8125,15745822278
2024-08-11,60944.8906,58719.4844,58719.4844,22759754812
2024-08-12,58719.3945,59354.5156,59354.5156,37078637820
2024-08-13,59356.207,60609.5664,60609.5664,30327698167
2024-08-14,60611.0508,58737.2695,58737.2695,29961696180
2024-08-15,58733.2617,57560.0977,57560.0977,35682112440
2024-08-16,57560.2734,58894.1055,58894.1055,29350938673
2024-08-17,58893.5312,59478.9727,59478.9727,13589684021
2024-08-18,59468.1328,58483.9648,58483.9648,17740625837
2024-08-19,58480.7109,59493.4531,59493.4531,25911207712
2024-08-20,59493.4531,59012.793,59012.793,31613400008
2024-08-21,59014.9883,61175.1914,61175.1914,32731154072
2024-08-22,61168.3164,60381.9141,60381.9141,27625734377
2024-08-23,60380.9531,64094.3555,64094.3555,42530509233
2024-08-24,64103.8711,64178.9922,64178.9922,21430585163
2024-08-25,64176.3672,64333.543,64333.543,18827683555
2024-08-26,64342.2266,62880.6602,62880.6602,27682040631
2024-08-27,62879.707,59504.1328,59504.1328,39103882198
2024-08-28,59507.9258,59027.625,59027.625,40289564698
2024-08-29,59027.4688,59388.1797,59388.1797,32224990582
2024-08-30,59388.6016,59119.4766,59119.4766,32292756405
2024-08-31,59117.4805,58969.8984,58969.8984,12403470760
2024-09-01,58969.8008,57325.4883,57325.4883,24592449997
2024-09-02,57326.9688,59112.4805,59112.4805,27036454524
2024-09-03,59106.1914,57431.0234,57431.0234,26666961053
2024-09-04,57430.3477,57971.5391,57971.5391,35627680312
2024-09-05,57971.7031,56160.4883,56160.4883,31030280656
2024-09-06,56160.1914,53948.7539,53948.7539,49361693566
2024-09-07,53949.0859,54139.6875,54139.6875,19061486526
2024-09-08,54147.9336,54841.5664,54841.5664,18268287531
2024-09-09,54851.8867,57019.5352,57019.5352,34618096173
2024-09-10,57020.0977,57648.7109,57648.7109,28857630507
2024-09-11,57650.2891,57343.1719,57343.1719,37049062672
2024-09-12,57343.1719,58127.0117,58127.0117,33835707949
2024-09-13,58130.3242,60571.3008,60571.3008,32490528356
2024-09-14,60569.1172,60005.1211,60005.1211,16428405496
2024-09-15,60000.7266,59182.8359,59182.8359,18120960867
2024-09-16,59185.2266,58192.5078,58192.5078,32032822113
2024-09-17,58192.5078,60308.5391,60308.5391,38075570118
2024-09-18,60309.0,61649.6797,61649.6797,40990702891
2024-09-19,61651.1562,62940.457,62940.457,42710252573
2024-09-20,62941.4258,63192.9766,63192.9766,35177164222
2024-09-21,63184.3398,63394.8398,63394.8398,14408616220
2024-09-22,63396.8047,63648.7109,63648.7109,20183348802
2024-09-23,63643.1016,63329.8008,63329.8008,31400285425
2024-09-24,63326.8398,64301.9688,64301.9688,29938335243
2024-09-25,64302.5898,63143.1445,63143.1445,25078377700
2024-09-26,63138.5469,65181.0195,65181.0195,36873129847
2024-09-27,65180.6641,65790.6641,65790.6641,32058813449
2024-09-28,65792.1797,65887.6484,65887.6484,15243637984
2024-09-29,65888.8984,65635.3047,65635.3047,14788214575
2024-09-30,65634.6562,63329.5,63329.5,37112957475
2024-10-01,63335.6055,60837.0078,60837.0078,50220923500
2024-10-02,60836.3242,60632.7852,60632.7852,40762722398
2024-10-03,60632.4844,60759.4023,60759.4023,36106447279
2024-10-04,60754.625,62067.4766,62067.4766,29585472513
2024-10-05,62067.6094,62089.9492,62089.9492,13305410749
2024-10-06,62084.9883,62818.9531,62818.9531,14776233667
2024-10-07,62819.1094,62236.6602,62236.6602,34253562610
2024-10-08,62221.6445,62131.9688,62131.9688,28134475157
2024-10-09,62131.7266,60582.1016,60582.1016,27670982363
2024-10-10,60581.9297,60274.5,60274.5,30452813570
2024-10-11,60275.4609,62445.0898,62445.0898,30327141594
2024-10-12,62444.6172,63193.0234,63193.0234,16744110886
2024-10-13,63192.9453,62851.375,62851.375,18177529690
2024-10-14,62848.3984,66046.125,66046.125,43706958056
2024-10-15,66050.3672,67041.1094,67041.1094,48863870879
2024-10-16,67042.4609,67612.7188,67612.7188,38195189534
2024-10-17,67617.0781,67399.8359,67399.8359,32790898511
2024-10-18,67419.1094,68418.7891,68418.7891,36857165014
2024-10-19,68418.9766,68362.7344,68362.7344,14443497908
2024-10-20,68364.1797,69001.7031,69001.7031,18975847518
2024-10-21,69002.0,67367.8516,67367.8516,37498611780
2024-10-22,67360.7031,67361.4062,67361.4062,31808472566
2024-10-23,67362.375,66432.1953,66432.1953,32263980353
2024-10-24,66653.7031,68161.0547,68161.0547,31414428647
2024-10-25,68165.2969,66642.4141,66642.4141,41469984306
2024-10-26,66628.7344,67014.6953,67014.6953,19588098156
2024-10-27,67023.4766,67929.2969,67929.2969,16721307878
2024-10-28,67922.6719,69907.7578,69907.7578,38799856657
2024-10-29,69910.0469,72720.4922,72720.4922,58541874402
2024-10-30,72715.3672,72339.5391,72339.5391,40646637831
2024-10-31,72335.0469,70215.1875,70215.1875,40627912076
2024-11-01,70216.8984,69482.4688,69482.4688,49989795365
2024-11-02,69486.0234,69289.2734,69289.2734,18184612091
2024-11-03,69296.3828,68741.1172,68741.1172,34868307655
2024-11-04,68742.1328,67811.5078,67811.5078,41184819348
2024-11-05,67811.1719,69359.5625,69359.5625,46046889204
2024-11-06,69358.5,75639.0781,75639.0781,118592653963
2024-11-07,75637.0859,75904.8594,75904.8594,63467654989
2024-11-08,75902.8359,76545.4766,76545.4766,55176858003
2024-11-09,76556.1875,76778.8672,76778.8672,29009480361
2024-11-10,76775.5469,80474.1875,80474.1875,82570594495
2024-11-11,80471.4141,88701.4844,88701.4844,117966845037
2024-11-12,88705.5625,87955.8125,87955.8125,133673285375
2024-11-13,87929.9688,90584.1641,90584.1641,123559027869
2024-11-14,90574.8828,87250.4297,87250.4297,87616705248
2024-11-15,87284.1797,91066.0078,91066.0078,78243109518
2024-11-16,91064.3672,90558.4766,90558.4766,44333192814
2024-11-17,90558.4609,89845.8516,89845.8516,46350159305
2024-11-18,89843.7188,90542.6406,90542.6406,75535775084
2024-11-19,90536.8125,92343.7891,92343.7891,74521048295
2024-11-20,92341.8906,94339.4922,94339.4922,71730956426
2024-11-21,94334.6406,98504.7266,98504.7266,106024505582
2024-11-22,98496.4297,98997.6641,98997.6641,78473580551
2024-11-23,99006.7422,97777.2812,97777.2812,44414644677
2024-11-24,97778.0938,98013.8203,98013.8203,51712020623
2024-11-25,98033.4453,93102.2969,93102.2969,80909462490
2024-11-26,93087.2812,91985.3203,91985.3203,91656519855
2024-11-27,91978.1406,95962.5312,95962.5312,71133452438
2024-11-28,95954.9453,95652.4688,95652.4688,52260008261
2024-11-29,95653.9531,97461.5234,97461.5234,54968682476
2024-11-30,97468.8125,96449.0547,96449.0547,31634227866
2024-12-01,96461.3359,97279.7891,97279.7891,36590695296
2024-12-02,97276.0078,95865.3047,95865.3047,72680784305
2024-12-03,95854.5938,96002.1641,96002.1641,67067810961
2024-12-04,95988.5312,98768.5312,98768.5312,77199817112
2024-12-05,98741.5391,96593.5703,96593.5703,149218945580
2024-12-06,97074.2266,99920.7109,99920.7109,94534772658
2024-12-07,99916.7109,99923.3359,99923.3359,44177510897
2024-12-08,99921.9141,101236.0156,101236.0156,44125751925
2024-12-09,101237.0625,97432.7188,97432.7188,110676473908
2024-12-10,97441.2344,96675.4297,96675.4297,104823780634
2024-12-11,96656.0625,101173.0312,101173.0312,85391409936
2024-12-12,101167.8047,100043.0,100043.0,72073983533
2024-12-13,100046.6484,101459.2578,101459.2578,56894751583
2024-12-14,101451.4375,101372.9688,101372.9688,40422968793
2024-12-15,101373.5312,104298.6953,104298.6953,51145914137
2024-12-16,104293.5781,106029.7188,106029.7188,91020417816
2024-12-17,106030.6875,106140.6016,106140.6016,68589364868
2024-12-18,106147.2969,100041.5391,100041.5391,93865656139
2024-12-19,100070.6875,97490.9531,97490.9531,97221662392
2024-12-20,97484.6953,97755.9297,97755.9297,105634083408
2024-12-21,97756.1953,97224.7266,97224.7266,51765334294
2024-12-22,97218.3203,95104.9375,95104.9375,43147981314
2024-12-23,95099.3906,94686.2422,94686.2422,65239002919
2024-12-24,94684.3438,98676.0938,98676.0938,47114953674
2024-12-25,98675.9141,99299.1953,99299.1953,33700394629
2024-12-26,99297.6953,95795.5156,95795.5156,47054980873
2024-12-27,95704.9766,94164.8594,94164.8594,52419934565
2024-12-28,94160.1875,95163.9297,95163.9297,24107436185
2024-12-29,95174.0547,93530.2266,93530.2266,29635885267
2024-12-30,93527.1953,92643.2109,92643.2109,56188003691
2024-12-31,92643.25,93429.2031,93429.2031,43625106843
2025-01-01,93425.1016,94419.7578,94419.7578,24519888919
2025-01-02,94416.2891,96886.875,96886.875,46009564411
2025-01-03,96881.7266,98107.4297,98107.4297,35611391163
2025-01-04,98106.9922,98236.2266,98236.2266,22342608078
2025-01-05,98233.9062,98314.9609,98314.9609,20525254825
2025-01-06,98314.9531,102078.0859,102078.0859,51823432705
2025-01-07,102248.8516,96922.7031,96922.7031,58685738547
2025-01-08,96924.1641,95043.5234,95043.5234,63875859171
2025-01-09,95043.4844,92484.0391,92484.0391,62777261693
2025-01-10,92494.4922,94701.4531,94701.4531,62058693684
2025-01-11,94700.8359,94566.5938,94566.5938,18860894100
2025-01-12,94565.7266,94488.4375,94488.4375,20885130965
2025-01-13,94488.8906,94516.5234,94516.5234,72978998252
2025-01-14,94519.0078,96534.0469,96534.0469,53769675818
2025-01-15,96534.0469,100504.4922,100504.4922,57805923627
2025-01-16,100505.2969,99756.9062,99756.9062,54103781805
2025-01-17,100025.7656,104462.0391,104462.0391,71888972663
2025-01-18,104124.9531,104408.0703,104408.0703,50445655726
2025-01-19,104411.2891,101089.6094,101089.6094,76789928525
2025-01-20,101083.75,102016.6641,102016.6641,126279678351
2025-01-21,102052.5781,106146.2656,106146.2656,88733878242
2025-01-22,106136.3828,103653.0703,103653.0703,53878181052
2025-01-23,103657.6719,103960.1719,103960.1719,104104515428
2025-01-24,103965.6719,104819.4844,104819.4844,52388229265
2025-01-25,104824.0312,104714.6484,104714.6484,23888996502
2025-01-26,104713.2109,102682.5,102682.5,22543395879
2025-01-27,102680.3047,102087.6875,102087.6875,89006608428
2025-01-28,102095.4141,101332.4766,101332.4766,47180685494
2025-01-29,101317.5234,103703.2109,103703.2109,47432049818
2025-01-30,103709.3359,104735.3047,104735.3047,41915744521
2025-01-31,104737.5625,102405.0234,102405.0234,45732764360
2025-02-01,102402.7969,100655.9062,100655.9062,27757944848
2025-02-02,100661.5391,97688.9766,97688.9766,63091816853
2025-02-03,97681.1016,101405.4219,101405.4219,115400897748
2025-02-04,101398.7188,97871.8203,97871.8203,73002130211
2025-02-05,97878.0078,96615.4453,96615.4453,49125911241
2025-02-06,96610.6406,96593.2969,96593.2969,45302471947
2025-02-07,96581.3203,96529.0859,96529.0859,55741290456
2025-02-08,96533.2578,96482.4531,96482.4531,22447526395
2025-02-09,96481.3125,96500.0938,96500.0938,27732901800
2025-02-10,96499.4609,97437.5547,97437.5547,40078962391
2025-02-11,97438.1328,95747.4297,95747.4297,37488783272
2025-02-12,95745.6953,97885.8594,97885.8594,49340445530
2025-02-13,97888.75,96623.8672,96623.8672,37147280860
2025-02-14,96623.3672,97508.9688,97508.9688,32697987277
2025-02-15,97508.3828,97580.3516,97580.3516,17047266288
2025-02-16,97580.4922,96175.0312,96175.0312,16536755396
2025-02-17,96179.0078,95773.3828,95773.3828,27336550690
2025-02-18,95773.8125,95539.5469,95539.5469,37325720482
2025-02-19,95532.5312,96635.6094,96635.6094,28990872862
2025-02-20,96632.6797,98333.9375,98333.9375,31668022771
2025-02-21,98340.6719,96125.5469,96125.5469,49608706470
2025-02-22,96134.2031,96577.7578,96577.7578,18353824477
2025-02-23,96577.8047,96273.9219,96273.9219,16999478976
2025-02-24,96277.9609,91418.1719,91418.1719,44046480529
2025-02-25,91437.1172,88736.1719,88736.1719,92139104128
2025-02-26,88638.8906,84347.0234,84347.0234,64597492134
2025-02-27,84076.8594,84704.2266,84704.2266,52659591954
2025-02-28,84705.625,84373.0078,84373.0078,83610570576
2025-03-01,84373.8672,86031.9141,86031.9141,29190628396
2025-03-02,86036.2578,94248.3516,94248.3516,58398341092
2025-03-03,94248.4219,86065.6719,86065.6719,70072228536
2025-03-04,86064.0703,87222.1953,87222.1953,68095241474
2025-03-05,87222.9531,90623.5625,90623.5625,50498988027
2025-03-06,90622.3594,89961.7266,89961.7266,47749810486
2025-03-07,89963.2812,86742.6719,86742.6719,65945677657
2025-03-08,86742.6562,86154.5938,86154.5938,18206118081
2025-03-09,86154.3047,80601.0391,80601.0391,30899345977
2025-03-10,80597.1484,78532.0,78532.0,54061099422
2025-03-11,78523.875,82862.2109,82862.2109,54702837196
2025-03-12,82857.375,83722.3594,83722.3594,40353484454
2025-03-13,83724.9219,81066.7031,81066.7031,31412940153
2025-03-14,81066.9922,83969.1016,83969.1016,29588112414
2025-03-15,83968.4062,84343.1094,84343.1094,13650491277
2025-03-16,84333.3203,82579.6875,82579.6875,21330270174
2025-03-17,82576.3359,84075.6875,84075.6875,25092785558
2025-03-18,84075.7188,82718.5,82718.5,24095774594
2025-03-19,82718.8047,86854.2266,86854.2266,34931960257
2025-03-20,86872.9531,84167.1953,84167.1953,29028988961
2025-03-21,84164.5391,84043.2422,84043.2422,19030452299
2025-03-22,84046.2578,83832.4844,83832.4844,9863214091
2025-03-23,83831.8984,86054.375,86054.375,12594615537
2025-03-24,86070.9297,87498.9141,87498.9141,34582604933
2025-03-25,87512.8203,87471.7031,87471.7031,30005840049
2025-03-26,87460.2344,86900.8828,86900.8828,26704046038
2025-03-27,86896.2578,87177.1016,87177.1016,24413471941
2025-03-28,87185.2344,84353.1484,84353.1484,34198619509
2025-03-29,84352.0703,82597.5859,82597.5859,16969396135
2025-03-30,82596.9844,82334.5234,82334.5234,14763760943
2025-03-31,82336.0625,82548.9141,82548.9141,29004228247
2025-04-01,82551.9219,85169.1719,85169.1719,28175650319
2025-04-02,85180.6094,82485.7109,82485.7109,47584398470
2025-04-03,82487.4766,83102.8281,83102.8281,36852112080
2025-04-04,83100.25,83843.8047,83843.8047,45157640207
2025-04-05,83844.7031,83504.7969,83504.7969,14380803631
2025-04-06,83504.5078,78214.4844,78214.4844,36294853736
2025-04-07,78221.3359,79235.3359,79235.3359,91262424987
2025-04-08,79218.4766,76271.9531,76271.9531,48314590749
2025-04-09,76273.5625,82573.9531,82573.9531,84213627038
2025-04-10,82565.9766,79626.1406,79626.1406,44718000633
2025-04-11,79625.0469,83404.8359,83404.8359,41656778779
2025-04-12,83404.5156,85287.1094,85287.1094,24258059104
2025-04-13,85279.4688,83684.9766,83684.9766,28796984817
2025-04-14,83694.5234,84542.3906,84542.3906,34090769777
2025-04-15,84539.6953,83668.9922,83668.9922,28040322885
2025-04-16,83674.5078,84033.8672,84033.8672,29617804112
2025-04-17,84030.6719,84895.75,84895.75,21276866029
2025-04-18,84900.1875,84450.8047,84450.8047,12728372364
2025-04-19,84450.8672,85063.4141,85063.4141,15259300427
2025-04-20,85066.0703,85174.3047,85174.3047,14664050812
2025-04-21,85171.5391,87518.9062,87518.9062,41396190190
2025-04-22,87521.875,93441.8906,93441.8906,55899038456
2025-04-23,93427.5859,93699.1094,93699.1094,41719568821
2025-04-24,93692.3984,93943.7969,93943.7969,31483175315
2025-04-25,93954.25,94720.5,94720.5,40915232364
2025-04-26,94714.6484,94646.9297,94646.9297,17612825123
2025-04-27,94660.9062,93754.8438,93754.8438,18090367764
2025-04-28,93755.3047,94978.75,94978.75,32363449569
2025-04-29,94981.8594,94284.7891,94284.7891,25806129921
2025-04-30,94286.4688,94207.3125,94207.3125,28344679831
2025-05-01,94212.8594,96492.3359,96492.3359,32875889623
2025-05-02,96494.9688,96910.0703,96910.0703,26421924677
2025-05-03,96904.6328,95891.7969,95891.7969,15775154889
2025-05-04,95877.1875,94315.9766,94315.9766,18198688416
2025-05-05,94319.5625,94748.0547,94748.0547,25816260327
2025-05-06,94748.3828,96802.4766,96802.4766,26551275827
2025-05-07,96800.1953,97032.3203,97032.3203,76983822462
2025-05-08,97034.25,103241.4609,103241.4609,69895404397
2025-05-09,103239.125,102970.8516,102970.8516,58198593958
2025-05-10,102973.7109,104696.3281,104696.3281,42276713994
2025-05-11,104701.0703,104106.3594,104106.3594,46285517406
2025-05-12,104106.9609,102812.9531,102812.9531,63250475404
2025-05-13,102812.4922,104169.8125,104169.8125,52608876410
2025-05-14,104167.3281,103539.4141,103539.4141,45956071155
2025-05-15,103538.8281,103744.6406,103744.6406,50408241840
2025-05-16,103735.6562,103489.2891,103489.2891,44386499364
2025-05-17,103489.2891,103191.0859,103191.0859,37898552742
2025-05-18,103186.9531,106446.0078,106446.0078,49887082058
2025-05-19,106430.5312,105606.1797,105606.1797,61761126647
2025-05-20,105605.4062,106791.0859,106791.0859,36515726122
2025-05-21,106791.3125,109678.0781,109678.0781,78086364051
2025-05-22,109673.4922,111673.2812,111673.2812,70157575642
2025-05-23,111679.3594,107287.7969,107287.7969,67548133399
2025-05-24,107278.5078,107791.1562,107791.1562,45903627163
2025-05-25,107802.2734,109035.3906,109035.3906,47518041841
2025-05-26,109023.7812,109440.3672,109440.3672,45950461571
2025-05-27,109440.4062,108994.6406,108994.6406,57450176272
2025-05-28,108992.1719,107802.3281,107802.3281,49155377493
2025-05-29,107795.5703,105641.7578,105641.7578,56022752042
2025-05-30,105646.2109,103998.5703,103998.5703,57655287183
2025-05-31,103994.7188,104638.0938,104638.0938,38997843858
2025-06-01,104637.2969,105652.1016,105652.1016,37397056873
2025-06-02,105649.8125,105881.5312,105881.5312,45819706290
2025-06-03,105888.4766,105432.4688,105432.4688,46196508367
2025-06-04,105434.3672,104731.9844,104731.9844,44544857105
2025-06-05,104750.7812,101575.9531,101575.9531,57479298400
2025-06-06,101574.3672,104390.3438,104390.3438,48856653697
2025-06-07,104390.6484,105615.625,105615.625,38365033776
2025-06-08,105617.5078,105793.6484,105793.6484,36626232328
2025-06-09,105793.0234,110294.1016,110294.1016,55903193732
2025-06-10,110295.6875,110257.2344,110257.2344,54700101509
2025-06-11,110261.7969,108686.625,108686.625,50842662052
2025-06-12,108685.9141,105929.0547,105929.0547,54843867968
2025-06-13,105924.5938,106090.9688,106090.9688,69550440846
2025-06-14,106108.0859,105472.4062,105472.4062,38007870453
2025-06-15,105464.8438,105552.0234,105552.0234,36744307742
2025-06-16,105555.5938,106796.7578,106796.7578,50366626945
2025-06-17,106794.1172,104601.1172,104601.1172,55964092176
2025-06-18,104602.0703,104883.3281,104883.3281,47318089133
2025-06-19,104886.7734,104684.2891,104684.2891,37333806920
2025-06-20,104681.0312,103309.6016,103309.6016,50951862476
2025-06-21,103315.0781,102257.4062,102257.4062,38360555118
2025-06-22,102212.0312,100987.1406,100987.1406,65536997201
2025-06-23,100987.4766,105577.7734,105577.7734,65237759656
2025-06-24,105571.5156,106045.6328,106045.6328,48822986421
2025-06-25,106047.4062,107361.2578,107361.2578,51624120283
2025-06-26,107375.0703,106960.0,106960.0,43891990613
2025-06-27,106954.9219,107088.4297,107088.4297,45353692675
2025-06-28,107090.5469,107327.7031,107327.7031,30037708335
2025-06-29,107327.8203,108385.5703,108385.5703,35534874438
2025-06-30,108383.4375,107135.3359,107135.3359,42064804590
2025-07-01,107144.3828,105698.2812,105698.2812,44110692247
2025-07-02,105703.1016,108859.3203,108859.3203,56248657737
2025-07-03,108845.0156,109647.9766,109647.9766,50494742270
2025-07-04,109635.6562,108034.3359,108034.3359,42616442656
2025-07-05,108015.8359,108231.1797,108231.1797,30615537520
2025-07-06,108231.1875,109232.0703,109232.0703,36746020463
2025-07-07,109235.3281,108299.8516,108299.8516,45415696597
2025-07-08,108298.2266,108950.2734,108950.2734,44282204127
2025-07-09,108950.2734,111326.5547,111326.5547,57927418065
2025-07-10,111329.1953,115987.2031,115987.2031,95911605728
2025-07-11,115986.2344,117516.9922,117516.9922,86928361085
2025-07-12,117530.7109,117435.2266,117435.2266,45524560304
2025-07-13,117432.2031,119116.1172,119116.1172,49021091807
2025-07-14,119115.7891,119849.7031,119849.7031,181746419401
2025-07-15,119853.8516,117777.1875,117777.1875,98321661181
2025-07-16,117777.1875,118738.5078,118738.5078,72162029070
2025-07-17,118738.5078,119289.8438,119289.8438,72363841798
2025-07-18,119284.1094,118003.2266,118003.2266,77945799785
2025-07-19,117998.125,117939.9766,117939.9766,47564562765
2025-07-20,117944.1094,117300.7891,117300.7891,57515447231
2025-07-21,117306.4688,117439.5391,117439.5391,69820091744
2025-07-22,117426.5,119995.4141,119995.4141,79217583118
2025-07-23,119997.4453,118754.9609,118754.9609,66608604537
2025-07-24,118770.9844,118368.0,118368.0,72627318560
2025-07-25,118368.0,117635.8828,117635.8828,104857024569
2025-07-26,117644.8438,117947.3672,117947.3672,48508954046
2025-07-27,117944.7266,119448.4922,119448.4922,54683390892
2025-07-28,119457.5234,117924.4766,117924.4766,64822943193
2025-07-29,117938.5859,117922.1484,117922.1484,68463107433
2025-07-30,117921.9922,117831.1875,117831.1875,68896148592
2025-07-31,117833.6328,115758.2031,115758.2031,69370346018
2025-08-01,115738.9531,113320.0859,113320.0859,91294530181
2025-08-02,113320.3906,112526.9141,112526.9141,56870866000
2025-08-03,112525.8047,114217.6719,114217.6719,48099615826
2025-08-04,114223.9219,115071.8828,115071.8828,35783028986
2025-08-05,115072.1875,114141.4453,114141.4453,61039182286
2025-08-06,114140.9141,115028.0,115028.0,56379133510
2025-08-07,115030.0547,117496.8984,117496.8984,64051649681
2025-08-08,117505.5,116688.7266,116688.7266,59713005166
2025-08-09,116678.2734,116500.3594,116500.3594,54004312429
2025-08-10,116497.7188,119306.7578,119306.7578,64755458694
2025-08-11,119306.8125,118731.4453,118731.4453,90528784177
2025-08-12,118717.6641,120172.9062,120172.9062,72803657984
2025-08-13,120168.9766,123344.0625,123344.0625,90904808795
2025-08-14,123339.3984,118359.5781,118359.5781,104055627395
2025-08-15,118365.7812,117398.3516,117398.3516,68665353159
2025-08-16,117398.4219,117491.3516,117491.3516,48036922378
2025-08-17,117492.7891,117453.0625,117453.0625,45852169525
2025-08-18,117453.9062,116252.3125,116252.3125,72787808090
2025-08-19,116241.8594,112831.1797,112831.1797,71657600353
2025-08-20,112828.0234,114274.7422,114274.7422,67993811526
2025-08-21,114275.6875,112419.0312,112419.0312,57817883700
2025-08-22,112433.7344,116874.0859,116874.0859,82528088240
2025-08-23,116866.3672,115374.3281,115374.3281,55377142586
2025-08-24,115387.3906,113458.4297,113458.4297,73961489632
2025-08-25,113456.8984,110124.3516,110124.3516,85706860190
2025-08-26,110124.1016,111802.6562,111802.6562,69396320317
2025-08-27,111795.7109,111222.0625,111222.0625,62137056409
2025-08-28,111219.0547,112544.8047,112544.8047,58860155962
2025-08-29,112550.5234,108410.8359,108410.8359,77843379644
2025-08-30,108409.4062,108808.0703,108808.0703,51486264208
2025-08-31,108818.4609,108236.7109,108236.7109,47986191770
2025-09-01,108228.75,109250.5938,109250.5938,66870372995
2025-09-02,109243.0703,111200.5859,111200.5859,74776999491
2025-09-03,111190.6953,111723.2109,111723.2109,61119643565
2025-09-04,111718.1484,110723.6016,110723.6016,60131132901
2025-09-05,110723.0156,110650.9844,110650.9844,60241647677
2025-09-06,110650.5703,110224.6953,110224.6953,21500719036
2025-09-07,110221.3281,111167.6172,111167.6172,24618007520
2025-09-08,111163.0156,112071.4297,112071.4297,40212813407
2025-09-09,112077.5781,111530.5469,111530.5469,45984480722
2025-09-10,111531.25,113955.3594,113955.3594,56377473784
2025-09-11,113961.4297,115507.5391,115507.5391,45685065332
2025-09-12,115507.7891,116101.5781,116101.5781,54785725894
2025-09-13,116093.5625,115950.5078,115950.5078,34549454947
2025-09-14,115950.2891,115407.6562,115407.6562,32798036057
2025-09-15,115399.6328,115444.875,115444.875,52937859416
2025-09-16,115423.7578,116843.1875,116843.1875,45781744593
2025-09-17,116840.5078,116468.5078,116468.5078,60528025996
2025-09-18,116461.2656,117137.2031,117137.2031,49457272032
2025-09-19,117137.6719,115688.8594,115688.8594,38828473971
2025-09-20,115691.125,115721.9609,115721.9609,22864449614
2025-09-21,115730.2266,115306.0938,115306.0938,22495852193
2025-09-22,115309.2188,112748.5078,112748.5078,70684158591
2025-09-23,112757.4766,112014.5,112014.5,47211853279
2025-09-24,112007.6641,113328.6328,113328.6328,48044595085
2025-09-25,113330.1641,109049.2891,109049.2891,75528654284
2025-09-26,109041.2969,109712.8281,109712.8281,57738288949
2025-09-27,109707.1406,109681.9453,109681.9453,26308042910
2025-09-28,109681.9453,112122.6406,112122.6406,33371048505
2025-09-29,112117.875,114400.3828,114400.3828,60000147466
2025-09-30,114396.5234,114056.0859,114056.0859,58986330258
2025-10-01,114057.5938,118648.9297,118648.9297,71328680132
2025-10-02,118652.3828,120681.2578,120681.2578,71415163912
2025-10-03,120656.9844,122266.5312,122266.5312,83941392228
2025-10-04,122267.4688,122425.4297,122425.4297,36769171735
2025-10-05,122419.6719,123513.4766,123513.4766,73689317763
2025-10-06,123510.4531,124752.5312,124752.5312,72568881188
2025-10-07,124752.1406,121451.3828,121451.3828,76149412513
2025-10-08,121448.3516,123354.8672,123354.8672,65354305286
2025-10-09,123337.0703,121705.5859,121705.5859,74653009425
2025-10-10,121704.7422,113214.3672,113214.3672,153125018868
2025-10-11,113236.4297,110807.8828,110807.8828,110236934340
2025-10-12,110811.5156,115169.7656,115169.7656,93710414091
2025-10-13,115161.6797,115271.0781,115271.0781,71582026739
2025-10-14,115264.8828,113118.6641,113118.6641,92212917403
2025-10-15,113113.9688,110783.1641,110783.1641,72574132855
2025-10-16,110782.1719,108186.0391,108186.0391,87306423067
2025-10-17,108179.1328,106467.7891,106467.7891,99703051669
2025-10-18,106483.7344,107198.2656,107198.2656,37779905278
2025-10-19,107204.3125,108666.7109,108666.7109,47657008953
2025-10-20,108667.4453,110588.9297,110588.9297,63507793085
2025-10-21,110587.6328,108476.8906,108476.8906,101194375480
2025-10-22,108491.5312,107688.5859,107688.5859,80807013218
2025-10-23,107679.4375,110069.7266,110069.7266,54944076060
2025-10-24,110069.3516,111033.9219,111033.9219,48160816980
2025-10-25,111032.6172,111641.7266,111641.7266,24707667305
2025-10-26,111639.0547,114472.4453,114472.4453,41708524143
2025-10-27,114479.8516,114119.3281,114119.3281,61761358733
2025-10-28,114129.0859,112956.1641,112956.1641,64528066504
2025-10-29,112921.3281,110055.3047,110055.3047,62192043469
2025-10-30,110059.1953,108305.5469,108305.5469,69673964814
2025-10-31,108304.4141,109556.1641,109556.1641,60090359560
2025-11-01,109558.625,110064.0156,110064.0156,25871668762
2025-11-02,110064.4297,110639.625,110639.625,34284209459
2025-11-03,110646.9062,106547.5234,106547.5234,72852006359
2025-11-04,106541.4219,101590.5234,101590.5234,110967184773
2025-11-05,101579.2344,103891.8359,103891.8359,77584934804
2025-11-06,103893.6641,101301.2891,101301.2891,63932752861
2025-11-07,101286.2422,103372.4062,103372.4062,92168030081
2025-11-08,103371.7031,102282.1172,102282.1172,51446691095
2025-11-09,102278.9844,104719.6406,104719.6406,59679243013
2025-11-10,104723.7734,105996.5938,105996.5938,69585887229
2025-11-11,105996.8594,102997.4688,102997.4688,71130078574
2025-11-12,103011.4375,101663.1875,101663.1875,64347179408
2025-11-13,101674.1484,99697.4922,99697.4922,101546815416
2025-11-14,99694.7031,94397.7891,94397.7891,114346441890
2025-11-15,94420.4688,95549.1484,95549.1484,38500716654
2025-11-16,95556.8672,94177.0781,94177.0781,71086235862
2025-11-17,94180.875,92093.875,92093.875,94186165724
2025-11-18,92094.5312,92948.875,92948.875,101333569062
2025-11-19,92946.1641,91465.9922,91465.9922,80350354656
2025-11-20,91459.3516,86631.8984,86631.8984,97970645638
2025-11-21,86528.7734,85090.6875,85090.6875,129157506112
2025-11-22,85098.5625,84648.3594,84648.3594,40793099246
2025-11-23,84648.6094,86805.0078,86805.0078,58083435576
2025-11-24,86798.7734,88270.5625,88270.5625,74433896110
2025-11-25,88269.9609,87341.8906,87341.8906,64837343545
2025-11-26,87345.5859,90518.3672,90518.3672,66496301869
2025-11-27,90517.7656,91285.375,91285.375,57040622845
2025-11-28,91285.3828,90919.2656,90919.2656,60895830289
2025-11-29,90918.7422,90851.7578,90851.7578,37921773455
2025-11-30,90838.2109,90394.3125,90394.3125,38497902869
2025-12-01,90389.1094,86321.5703,86321.5703,87962894424
2025-12-02,86322.5391,91350.2031,91350.2031,78546798211
2025-12-03,91345.0938,93527.8047,93527.8047,77650204986
2025-12-04,93454.2578,92141.625,92141.625,64538402681
2025-12-05,92133.6484,89387.7578,89387.7578,63256398633
2025-12-06,89389.3594,89272.375,89272.375,37994042405
2025-12-07,89277.8125,90405.6406,90405.6406,47394898960
2025-12-08,90424.5859,90640.2031,90640.2031,57394099056
2025-12-09,90639.7031,92691.7109,92691.7109,66861721440
2025-12-10,92695.2344,92020.9453,92020.9453,65420694513
2025-12-11,92011.3047,92511.3359,92511.3359,64532834621
2025-12-12,92513.6641,90270.4141,90270.4141,80275884583
2025-12-13,90257.7969,90298.7109,90298.7109,64237748110
2025-12-14,90296.4375,88175.1797,88175.1797,50465972205
2025-12-15,88171.0781,86419.7812,86419.7812,45559514323
2025-12-16,86424.4062,87843.9844,87843.9844,41262178223
2025-12-17,87847.6172,86143.7578,86143.7578,44243392914
2025-12-18,86144.3672,85462.5078,85462.5078,52667115348
2025-12-19,85476.1328,88103.3828,88103.3828,46733310561
2025-12-20,88101.6719,88344.0,88344.0,14688196659
2025-12-21,88344.7031,88621.75,88621.75,19845522660
2025-12-22,88621.3984,88490.0156,88490.0156,38047472118
2025-12-23,88490.0312,87414.0,87414.0,43683011533
2025-12-24,87404.3203,87611.9609,87611.9609,25550297986
2025-12-25,87608.3203,87234.7422,87234.7422,19953216347
2025-12-26,87235.5078,87301.4297,87301.4297,42455674908
2025-12-27,87301.4297,87802.1562,87802.1562,13741199310
2025-12-28,87799.3438,87835.8359,87835.8359,15156557929
2025-12-29,87835.7891,87138.1406,87138.1406,48411625849
2025-12-30,87134.3516,88430.1328,88430.1328,35586356225
2025-12-31,88429.5859,87508.8281,87508.8281,33830210616
2026-01-01,87508.0469,88731.9844,88731.9844,18849043990
2026-01-02,88733.0625,89944.6953,89944.6953,46398906171
2026-01-03,89945.0547,90603.1875,90603.1875,20774828592
2026-01-04,90603.0,91413.4922,91413.4922,26770491368
2026-01-05,91414.625,93882.5547,93882.5547,53376407252
2026-01-06,93876.9453,93729.0312,93729.0312,52430605257
2026-01-07,93727.4688,91308.0547,91308.0547,43461295053
2026-01-08,91309.6406,91027.125,91027.125,42386697030
2026-01-09,91026.2734,90513.1016,90513.1016,38305906684
2026-01-10,90510.1016,90386.6484,90386.6484,12385895282
2026-01-11,90385.3594,90827.4609,90827.4609,17165568977
2026-01-12,90825.8594,91192.9922,91192.9922,41346275358
2026-01-13,91185.3359,95321.7812,95321.7812,54980674354
2026-01-14,95322.9062,96929.3281,96929.3281,60592490863
2026-01-15,96931.2891,95551.1875,95551.1875,53086363027
2026-01-16,95554.1016,95525.1172,95525.1172,33248170537
2026-01-17,95525.1562,95099.9219,95099.9219,16021715122
2026-01-18,95101.1797,93634.4297,93634.4297,20809781232
2026-01-19,93655.6719,92553.5938,92553.5938,39195241508
2026-01-20,92553.6016,88310.9062,88310.9062,53072968031
2026-01-21,88326.5078,89376.9609,89376.9609,56330422434
2026-01-22,89378.5234,89462.4531,89462.4531,35549685694
2026-01-23,89462.0469,89503.875,89503.875,38997586037
2026-01-24,89506.1484,89110.7344,89110.7344,14558687712
2026-01-25,89104.7656,86572.2188,86572.2188,36124986722
2026-01-26,86566.5234,88267.1406,88267.1406,45329286974
2026-01-27,88257.4766,89102.5703,89102.5703,38744942267
2026-01-28,89104.0469,89184.5703,89184.5703,39807419296
2026-01-29,89169.8516,84561.5859,84561.5859,64653083162
2026-01-30,84562.7266,84128.6562,84128.6562,72083816087
2026-01-31,84126.5,78621.1172,78621.1172,70479259159
2026-02-01,78626.125,76974.4453,76974.4453,53372509744
2026-02-02,76968.875,78688.7656,78688.7656,75140589684
2026-02-03,78693.5078,75633.5469,75633.5469,68249110822
2026-02-04,75640.0938,73019.7031,73019.7031,67215363944
2026-02-05,73016.375,62702.0977,62702.0977,125509410908
2026-02-06,62704.4531,70555.3906,70555.3906,114674259489
2026-02-07,70553.7969,69281.9688,69281.9688,62347107663
2026-02-08,69283.7266,70264.7266,70264.7266,39721722619
2026-02-09,70243.3281,70120.7812,70120.7812,52081598792
2026-02-10,70137.3906,68793.9609,68793.9609,40593063077
2026-02-11,68791.8594,66991.9688,66991.9688,49671946030
2026-02-12,66992.1953,66221.8438,66221.8438,44651071271
2026-02-13,66213.375,68857.8438,68857.8438,40820775886
2026-02-14,68856.9844,69767.625,69767.625,36012397645
2026-02-15,69764.9531,68788.1875,68788.1875,40191152750
2026-02-16,68782.3984,68843.1562,68843.1562,33618145426
2026-02-17,68843.0938,67494.2188,67494.2188,34866936040
2026-02-18,67488.0234,66425.3203,66425.3203,33094301643
2026-02-19,66425.625,66957.5234,66957.5234,31492987019
2026-02-20,66958.5781,68005.4219,68005.4219,47507867304
2026-02-21,68000.25,68003.7656,68003.7656,18357635642
2026-02-22,67998.8281,67659.3906,67659.3906,17893536012
2026-02-23,67668.4297,64616.7383,64616.7383,50953457309
2026-02-24,64616.0156,64080.043,64080.043,40849331086
2026-02-25,64077.7695,67960.125,67960.125,53629234355
2026-02-26,67954.8672,67453.7734,67453.7734,42988597523
2026-02-27,67456.5156,65881.7969,65881.7969,40283655942
2026-02-28,65878.9297,66995.8594,66995.8594,42041497112
2026-03-01,67005.8828,65738.1016,65738.1016,40733141929
2026-03-02,65734.0781,68775.8516,68775.8516,56698092052
2026-03-03,68785.0781,68293.6484,68293.6484,47947999049
2026-03-04,68290.5625,72710.5781,72710.5781,75073101274
2026-03-05,72712.6562,70841.125,70841.125,51172841727
2026-03-06,70842.1562,68136.4922,68136.4922,43776962871
2026-03-07,68136.6875,67272.5938,67272.5938,23258701211
2026-03-08,67272.5,65969.7812,65969.7812,33195080116
2026-03-09,65969.5859,68402.3828,68402.3828,49499875378
2026-03-10,68402.7188,69926.9219,69926.9219,54003996096
2026-03-11,69931.25,70204.8828,70204.8828,45236859848
2026-03-12,70209.7656,70493.4609,70493.4609,40871848129
2026-03-13,70497.0469,70968.2656,70968.2656,61167226505
2026-03-14,70965.3828,71214.625,71214.625,22283546496
2026-03-15,71213.6797,72789.9141,72789.9141,27991268669
2026-03-16,72798.1719,74861.0859,74861.0859,55572438409
2026-03-17,74855.2969,73922.4766,73922.4766,49500721728
2026-03-18,73936.8516,71245.5781,71245.5781,46229011155
2026-03-19,71250.3516,69912.7891,69912.7891,44631433398
2026-03-20,69911.5312,70522.5859,70522.5859,38299078407
2026-03-21,70522.4688,68711.5234,68711.5234,21109354718
2026-03-22,68737.4453,67845.2109,67845.2109,30108051508
2026-03-23,67843.0,70914.8594,70914.8594,51508669357
2026-03-24,70912.6719,70517.8594,70517.8594,40181522399
2026-03-25,70520.0469,71309.8828,71309.8828,35409791747
2026-03-26,71310.1172,68791.625,68791.625,38962070215
2026-03-27,68790.8359,66338.375,66338.375,46483453594
2026-03-28,66338.5,66319.6953,66319.6953,20924883455
2026-03-29,66319.6953,65954.9219,65954.9219,21645889785
2026-03-30,65958.3516,66691.4453,66691.4453,37694994180
2026-03-31,66694.5859,68233.3125,68233.3125,42997691338
2026-04-01,68232.8906,68078.5547,68078.5547,36465393617
2026-04-02,68077.8984,66888.5703,66888.5703,39323384518
2026-04-03,66889.0156,66931.1016,66931.1016,22815543346
2026-04-04,66938.6484,67290.5156,67290.5156,15878814963
2026-04-05,67291.1953,68981.8984,68981.8984,22972648674
2026-04-06,68982.9141,68859.8281,68859.8281,39542143229
2026-04-07,68859.375,71940.7031,71940.7031,44650511480
2026-04-08,71950.1484,71123.3594,71123.3594,42444631703
2026-04-09,71120.5703,71767.8281,71767.8281,38799581473
2026-04-10,71774.3672,72979.0469,72979.0469,37722595732
2026-04-11,72976.125,73054.2734,73054.2734,23287073965
2026-04-12,73056.0469,70753.4062,70753.4062,29882740487
2026-04-13,70757.6172,74484.6406,74484.6406,52278211554
2026-04-14,74478.3984,74181.6094,74181.6094,53540826530
2026-04-15,74182.0234,74805.0781,74805.0781,38090174312
2026-04-16,74810.875,75152.1328,75152.1328,41312783855
2026-04-17,75164.0391,77126.875,77126.875,54137194839
2026-04-18,77136.0469,75726.2109,75726.2109,26014416776
2026-04-19,75723.6953,73856.3516,73856.3516,30931515195
2026-04-20,73854.25,75872.5234,75872.5234,39674447916
2026-04-21,75872.8281,76352.7734,76352.7734,36453522626
2026-04-22,76354.2188,78203.1016,78203.1016,48336654537
2026-04-23,78203.875,78268.9531,78268.9531,40354900916
2026-04-24,78263.8203,77455.3125,77455.3125,32784213526
2026-04-25,77457.2109,77612.0156,77612.0156,16702933134
2026-04-26,77613.1172,78657.5391,78657.5391,21482934750
2026-04-27,78661.0156,77366.625,77366.625,38135631927
2026-04-28,77368.1172,76350.6719,76350.6719,32056900880
2026-04-29,76350.6875,75776.1328,75776.1328,41460907886
2026-04-30,75778.6328,76304.3203,76304.3203,29497862305
2026-05-01,76305.0547,78179.0,78179.0,39164328894
2026-05-02,78177.75,78657.25,78657.25,16761531851
2026-05-03,78656.7266,78538.2266,78538.2266,20544392639
2026-05-04,78540.2891,79827.9062,79827.9062,54325085296
2026-05-05,79823.5312,80927.0547,80927.0547,39700107376
2026-05-06,80930.7344,81427.5312,81427.5312,41751540000
2026-05-07,81428.8516,80009.9922,80009.9922,36931193154
2026-05-08,80009.625,80186.7656,80186.7656,33789351540
2026-05-09,80187.7422,80664.3672,80664.3672,18102086996
2026-05-10,80665.6094,82138.9297,82138.9297,26965971077
2026-05-11,82139.0469,81728.2969,81728.2969,32409774919
2026-05-12,81725.3516,80477.4922,80477.4922,32186688600
2026-05-13,80476.7891,79277.1172,79277.1172,34075428359
2026-05-14,79276.9453,81051.25,81051.25,43731663431
2026-05-15,81046.8672,79065.6797,79065.6797,38183347368
2026-05-16,79066.0,78131.4375,78131.4375,25895799905
2026-05-17,78133.5859,77429.3516,77429.3516,20900166465
2026-05-18,77426.3438,76954.1719,76954.1719,41520471808
2026-05-19,76954.75,76750.9062,76750.9062,26031898332
2026-05-20,76749.4531,77457.7734,77457.7734,26668360936
2026-05-21,77462.5078,77539.1719,77539.1719,27141485404
2026-05-22,77538.1172,75488.2422,75488.2422,27859040109
2026-05-23,75488.3125,76673.3672,76673.3672,29973220002
2026-05-24,76670.6562,76981.125,76981.125,20572738918
2026-05-25,76981.125,77279.9297,77279.9297,19808387601
2026-05-26,77280.125,75825.7344,75825.7344,35999475458
2026-05-27,75825.3047,74344.7031,74344.7031,33802172927
2026-05-28,74339.5703,73536.5547,73536.5547,40148145327
2026-05-29,73537.0312,73372.5234,73372.5234,34457929250
2026-05-30,73370.8516,73754.8359,73754.8359,19563589191
2026-05-31,73753.75,73579.6875,73579.6875,17445435650
2026-06-01,73580.2109,71319.7734,71319.7734,43378836121
2026-06-02,71321.0312,66703.6562,66703.6562,54990073882
2026-06-03,66694.0078,64014.3672,64014.3672,47411556213
2026-06-04,64020.0703,63801.5742,63801.5742,63800151780
2026-06-05,63807.6914,60922.668,60922.668,71465606706
2026-06-06,60924.4766,60867.4141,60867.4141,30898464957
2026-06-07,60866.9414,63239.5195,63239.5195,36006496194
2026-06-08,63244.0859,63090.5898,63090.5898,34133252457
2026-06-09,63092.8906,61643.7812,61643.7812,40144449754
2026-06-10,61643.207,61449.2891,61449.2891,27493506779
2026-06-11,61448.8789,63561.0547,63561.0547,29316677897
2026-06-12,63547.4414,63543.1992,63543.1992,26881868307
2026-06-13,63541.5156,64421.3242,64421.3242,16956245530
2026-06-14,64420.168,65710.3984,65710.3984,21572226975
2026-06-15,65711.1094,66289.5,66289.5,32927321950
2026-06-16,66289.4609,65600.6406,65600.6406,25063963967
2026-06-17,65600.4297,64418.4453,64418.4453,31288885189
2026-06-18,64419.6445,62896.4727,62896.4727,30432454936
2026-06-19,62897.5156,63540.8359,63540.8359,22361931660
2026-06-20,63535.8086,64239.6758,64239.6758,17486384117
2026-06-21,64242.3242,63237.5391,63237.5391,15739619591
2026-06-22,63240.7891,63952.1055,63952.1055,26561496819
2026-06-23,63952.793,62668.0195,62668.0195,29608942370
2026-06-24,62663.0312,60995.1328,60995.1328,42644106535
2026-06-25,60992.0703,59721.6758,59721.6758,40625024718
2026-06-26,59712.0547,60016.4297,60016.4297,41502864671
2026-06-27,60016.3125,59940.0977,59940.0977,15099836554
2026-06-28,59953.443344011124,59953.443344011124,59953.443344011124,16056335655
2026-06-29,59494.606386317784,59494.606386317784,59494.606386317784,17361816169
2026-06-30,60152.35872063589,60152.35872063589,60152.35872063589,32075473636
2026-07-01,58566.091991843154,58566.091991843154,58566.091991843154,32381442094
2026-07-02,59967.685041718134,59967.685041718134,59967.685041718134,39101214529
2026-07-03,61490.21448471664,61490.21448471664,61490.21448471664,40481809940
2026-07-04,62553.61289177051,62553.61289177051,62553.61289177051,26816869526
2026-07-05,63088.406753852214,63088.406753852214,63088.406753852214,19151546833
2026-07-06,63586.102141021256,63586.102141021256,63586.102141021256,18666512398
2026-07-07,64001.23542391328,64001.23542391328,64001.23542391328,36365921502
2026-07-08,63335.30929080668,63335.30929080668,63335.30929080668,31452448064
2026-07-09,62247.1304822092,62247.1304822092,62247.1304822092,27882580909
2026-07-10,63192.8789720319,63192.8789720319,63192.8789720319,26707343178
2026-07-11,64110.97482196822,64110.97482196822,64110.97482196822,27782860991
2026-07-12,63791.35305345348,63791.35305345348,63791.35305345348,14235365169
2026-07-13,63746.65595793199,63746.65595793199,63746.65595793199,19015013213
2026-07-14,62278.96301585648,62278.96301585648,62278.96301585648,31361911542
2026-07-15,64983.51907427709,64983.51907427709,64983.51907427709,32016409409
2026-07-16,64717.168891130066,64717.168891130066,64717.168891130066,28397592354
2026-07-17,63792.28742743447,63792.28742743447,63792.28742743447,27825917044
2026-07-18,63904.954014943025,63904.954014943025,63904.954014943025,28871351366
2026-07-19,64795.70382303786,64795.70382303786,64795.70382303786,15451966881
2026-07-20,64670.40117470696,64670.40117470696,64670.40117470696,16372745607
2026-07-21,65184.92144270268,65184.92144270268,65184.92144270268,32520098295
2026-07-22,66520.98164575922,66520.98164575922,66520.98164575922,30875118859
2026-07-23,66077.05646514206,66077.05646514206,66077.05646514206,28939202566
2026-07-24,65033.02206215462,65033.02206215462,65033.02206215462,25467017655
2026-07-25,64099.00415642356,64099.00415642356,64099.00415642356,26959674488
2026-07-26,64316.36420628235,64316.36420628235,64316.36420628235,14459472244
2026-07-27,65310.39342889224,65310.39342889224,65310.39342889224,14672396643
2026-07-28,63673.70583727069,63673.70583727069,63673.70583727069,25805685046
2026-07-29,63957.0445311038,63957.0445311038,63957.0445311038,24575144136
2026-07-30,63934.10397135411,63934.10397135411,63934.10397135411,28002713066
2026-07-31,64776.94132457678,64776.94132457678,64776.94132457678,26365207307
2026-08-01,62896.51265124351,62896.51265124351,62896.51265124351,29778777500
2026-08-02,62802.63461583794,62802.63461583794,62802.63461583794,13831032855
2026-08-03,63466.47029088457,63466.47029088457,63466.47029088457,15937183806
2026-08-04,63472.83055254542,63472.83055254542,63472.83055254542,25451832922
2026-08-05,64039.40942040227,64039.40942040227,64039.40942040227,22989090893
2026-08-06,64574.31265301755,64574.31265301755,64574.31265301755,23395298979
2026-08-07,64289.46264979674,64289.46264979674,64289.46264979674,18516907386
2026-08-08,64872.60073274102,64872.60073274102,64872.60073274102,21662714670
2026-08-09,64916.00547973986,64916.00547973986,64916.00547973986,12371853387
2026-08-10,64860.52128247015,64860.52128247015,64860.52128247015,12944797303
2026-08-11,63878.87956325003,63878.87956325003,63878.87956325003,20566694380
2026-08-12,63527.054189503135,63527.054189503135,63527.054189503135,20127816436
2026-08-13,63408.625697113624,63408.625697113624,63408.625697113624,22071166502
2026-08-14,63417.394499802336,63417.394499802336,63417.394499802336,18880823922
2026-08-15,62996.3976329567,62996.3976329567,62996.3976329567,20041539781
2026-08-16,63017.0734035797,63017.0734035797,63017.0734035797,10381002955
2026-08-17,62852.86351172356,62852.86351172356,62852.86351172356,9668707026
2026-08-18,64455.380294477756,64455.380294477756,64455.380294477756,21662577408
2026-08-19,64664.42993991489,64664.42993991489,64664.42993991489,18102727107
2026-08-20,69418.43799253453,69418.43799253453,69418.43799253453,44185832285
2026-08-21,73097.54507565373,73097.54507565373,73097.54507565373,54451086059
2026-08-22,78424.6246326062,78424.6246326062,78424.6246326062,71386488850
2026-08-23,77109.15882797632,77109.15882797632,77109.15882797632,36602175901
2026-08-24,77677.9934025395,77677.9934025395,77677.9934025395,29673293587
2026-08-25,78940.29243672009,78940.29243672009,78940.29243672009,51346818296
2026-08-26,78511.2331116067,78511.2331116067,78511.2331116067,42844457202
