date,open_price_usd,close_price_usd,adj_close_price_usd,total_volume_usd
2015-01-02,178.65,177.94,177.94,4997200
2015-01-05,177.06,174.84,174.84,6700200
2015-01-06,175.1,173.39,173.39,10131400
2015-01-07,174.85,175.59,175.59,5547000
2015-01-08,177.26,178.76,178.76,7166700
2015-01-09,178.98,177.22,177.22,6646600
2015-01-12,177.44,176.24,176.24,4305300
2015-01-13,177.72,175.98,175.98,9913500
2015-01-14,173.44,174.06,174.06,11090600
2015-01-15,174.74,173.06,173.06,9293700
2015-01-16,172.57,174.67,174.67,8721900
2015-01-20,175.23,174.9,174.9,7224100
2015-01-21,174.25,175.35,175.35,6259300
2015-01-22,175.92,177.92,177.92,9565100
2015-01-23,177.71,176.41,176.41,4795300
2015-01-26,176.16,176.5,176.5,3730400
2015-01-27,173.5,173.59,173.59,11565100
2015-01-28,174.55,171.72,171.72,9673200
2015-01-29,172.16,173.9,173.9,9615200
2015-01-30,173.2,171.45,171.45,11138500
2015-02-02,171.95,173.27,173.27,9437900
2015-02-03,174.13,176.33,176.33,7543400
2015-02-04,175.8,176.53,176.53,5935900
2015-02-05,177.28,178.55,178.55,6037800
2015-02-06,178.82,178.09,178.09,7211900
2015-02-09,177.18,177.09,177.09,3723100
2015-02-10,178.17,178.51,178.51,3572700
2015-02-11,178.09,178.7,178.7,5174500
2015-02-12,179.27,179.84,179.84,3742700
2015-02-13,180.0,180.34,180.34,3998200
2015-02-17,180.06,180.57,180.57,2850900
2015-02-18,180.18,180.47,180.47,2724800
2015-02-19,179.87,180.09,180.09,2663500
2015-02-20,179.15,181.14,181.14,8914600
2015-02-23,180.71,180.92,180.92,2738600
2015-02-24,181.03,181.91,181.91,4228700
2015-02-25,181.81,181.96,181.96,2822900
2015-02-26,181.92,182.01,182.01,3045800
2015-02-27,181.93,181.19,181.19,3161300
2015-03-02,181.37,182.68,182.68,3213100
2015-03-03,182.23,181.87,181.87,2825800
2015-03-04,181.41,180.78,180.78,3820200
2015-03-05,181.25,181.17,181.17,2410700
2015-03-06,180.12,178.4,178.4,7297400
2015-03-09,178.53,179.8,179.8,3844900
2015-03-10,178.38,176.69,176.69,6070100
2015-03-11,176.98,176.35,176.35,5584600
2015-03-12,177.24,178.97,178.97,4024300
2015-03-13,178.39,177.56,177.56,6833900
2015-03-16,178.25,179.78,179.78,5550100
2015-03-17,178.79,178.5,178.5,5392900
2015-03-18,177.91,180.73,180.73,11294400
2015-03-19,180.18,179.66,179.66,6229200
2015-03-20,180.46,180.96,180.96,5999200
2015-03-23,181.05,180.85,180.85,3593900
2015-03-24,180.65,179.83,179.83,4692100
2015-03-25,179.95,176.92,176.92,8474700
2015-03-26,176.15,176.48,176.48,6604500
2015-03-27,176.33,176.81,176.81,3971800
2015-03-30,178.31,179.39,179.39,5399300
2015-03-31,178.52,177.58,177.58,4633800
2015-04-01,177.54,176.74,176.74,7440500
2015-04-02,176.7,177.33,177.33,3223600
2015-04-06,176.32,178.59,178.59,6284900
2015-04-07,178.77,178.42,178.42,6011600
2015-04-08,178.6,178.75,178.75,4738500
2015-04-09,178.66,179.4,179.4,4483800
2015-04-10,179.67,180.37,180.37,3463600
2015-04-13,180.17,179.64,179.64,3358200
2015-04-14,179.58,180.18,180.18,4811400
2015-04-15,180.83,180.88,180.88,4377800
2015-04-16,180.67,180.91,180.91,3873900
2015-04-17,179.27,177.94,177.94,8683500
2015-04-20,179.31,180.03,180.03,5355800
2015-04-21,180.7,179.26,179.26,3596600
2015-04-22,179.65,180.06,180.06,5575200
2015-04-23,179.44,180.37,180.37,4893000
2015-04-24,180.5,180.54,180.54,4010000
2015-04-27,181.46,180.17,180.17,4969100
2015-04-28,180.36,180.84,180.84,4534200
2015-04-29,179.8,180.07,180.07,6559400
2015-04-30,179.7,178.18,178.18,8564600
2015-05-01,179.21,179.9,179.9,3895700
2015-05-04,180.34,180.44,180.44,3256900
2015-05-05,180.23,179.01,179.01,5316300
2015-05-06,179.87,178.39,178.39,7534200
2015-05-07,178.12,179.28,179.28,4142800
2015-05-08,181.14,181.85,181.85,5529600
2015-05-11,181.77,181.08,181.08,3753600
2015-05-12,180.1,180.72,180.72,4742800
2015-05-13,180.85,180.75,180.75,3851400
2015-05-14,181.81,182.54,182.54,4921400
2015-05-15,182.24,182.48,182.48,4522200
2015-05-18,182.43,182.68,182.68,2890500
2015-05-19,182.92,182.93,182.93,2766600
2015-05-20,183.23,182.71,182.71,5080800
2015-05-21,182.62,182.79,182.79,2724200
2015-05-22,182.51,182.26,182.26,2357000
2015-05-26,181.93,180.37,180.37,5529700
2015-05-27,180.77,181.52,181.52,3588200
2015-05-28,181.11,181.29,181.29,3660900
2015-05-29,181.17,180.11,180.11,4923700
2015-06-01,181.0,180.4,180.4,4349000
2015-06-02,180.08,180.15,180.15,5106200
2015-06-03,180.85,180.88,180.88,5481500
2015-06-04,180.18,179.21,179.21,7312500
2015-06-05,179.08,178.5,178.5,5228700
2015-06-08,178.51,177.81,177.81,4380500
2015-06-09,177.82,177.71,177.71,4722400
2015-06-10,178.38,180.06,180.06,5480900
2015-06-11,180.69,180.64,180.64,3714800
2015-06-12,179.86,179.13,179.13,4566800
2015-06-15,177.89,178.1,178.1,5502700
2015-06-16,178.07,179.21,179.21,3276900
2015-06-17,179.66,179.48,179.48,3650900
2015-06-18,180.21,181.33,181.33,6542800
2015-06-19,180.64,179.76,179.76,3964000
2015-06-22,181.03,180.92,180.92,4048300
2015-06-23,181.12,181.12,181.12,3116800
2015-06-24,180.56,179.41,179.41,4328900
2015-06-25,180.05,178.65,178.65,3602700
2015-06-26,179.21,179.13,179.13,4855500
2015-06-29,177.6,175.64,175.64,8888700
2015-06-30,177.0,175.82,175.82,9149800
2015-07-01,177.57,177.4,177.4,4135100
2015-07-02,177.79,177.05,177.05,4008600
2015-07-06,175.59,176.68,176.68,3748700
2015-07-07,176.88,177.63,177.63,7783800
2015-07-08,176.11,175.0,175.0,6849400
2015-07-09,177.15,175.26,175.26,4581400
2015-07-10,177.22,177.41,177.41,4504400
2015-07-13,178.83,179.6,179.6,3873800
2015-07-14,179.45,180.33,180.33,2757100
2015-07-15,180.32,180.34,180.34,3407900
2015-07-16,181.2,181.07,181.07,2495100
2015-07-17,180.49,180.54,180.54,2762300
2015-07-20,180.95,180.69,180.69,2961600
2015-07-21,179.69,178.97,178.97,5026700
2015-07-22,178.43,178.3,178.3,3811500
2015-07-23,178.33,177.16,177.16,4968600
2015-07-24,177.23,175.52,175.52,4591300
2015-07-27,174.47,174.23,174.23,5370200
2015-07-28,174.86,176.11,176.11,5625900
2015-07-29,176.33,177.26,177.26,4175900
2015-07-30,177.04,177.22,177.22,3659000
2015-07-31,177.67,176.68,176.68,4483800
2015-08-03,176.82,175.75,175.75,4530500
2015-08-04,175.79,175.32,175.32,4055700
2015-08-05,175.84,175.36,175.36,4565500
2015-08-06,175.48,174.22,174.22,5374100
2015-08-07,173.89,173.84,173.84,6158400
2015-08-10,174.8,176.19,176.19,4504000
2015-08-11,174.59,174.11,174.11,6761100
2015-08-12,172.83,174.21,174.21,8825600
2015-08-13,173.99,174.31,174.31,6562700
2015-08-14,174.17,174.9,174.9,3512200
2015-08-17,174.24,175.7,175.7,4055400
2015-08-18,175.28,175.33,175.33,4050400
2015-08-19,174.33,173.74,173.74,10988700
2015-08-20,172.25,170.22,170.22,12317200
2015-08-21,167.79,164.41,164.41,18858700
2015-08-24,155.9,158.38,158.38,35102400
2015-08-25,163.33,156.49,156.49,19357000
2015-08-26,160.39,162.66,162.66,19884300
2015-08-27,164.86,166.45,166.45,15223700
2015-08-28,165.72,166.33,166.33,8115700
2015-08-31,165.35,165.18,165.18,6363700
2015-09-01,161.4,160.46,160.46,14266900
2015-09-02,162.93,163.46,163.46,8260600
2015-09-03,164.33,163.67,163.67,8023700
2015-09-04,161.42,160.97,160.97,8651100
2015-09-08,163.81,164.91,164.91,6821700
2015-09-09,166.53,162.52,162.52,7865700
2015-09-10,162.54,163.39,163.39,8327000
2015-09-11,162.9,164.39,164.39,6202300
2015-09-14,164.46,163.77,163.77,4595600
2015-09-15,164.36,166.11,166.11,6516100
2015-09-16,166.46,167.51,167.51,5511700
2015-09-17,167.42,166.81,166.81,14270000
2015-09-18,164.0,163.54,163.54,10400500
2015-09-21,164.67,164.9,164.9,7762600
2015-09-22,162.62,163.0,163.0,8979600
2015-09-23,163.26,162.59,162.59,4554900
2015-09-24,161.12,161.87,161.87,8451800
2015-09-25,163.84,162.88,162.88,10474600
2015-09-28,162.04,159.79,159.79,10013100
2015-09-29,159.98,160.23,160.23,9906200
2015-09-30,162.04,162.62,162.62,7621400
2015-10-01,163.01,162.49,162.49,6862800
2015-10-02,160.35,164.58,164.58,11877500
2015-10-05,165.74,167.58,167.58,6342100
2015-10-06,167.74,167.69,167.69,6661000
2015-10-07,168.6,168.95,168.95,8832800
2015-10-08,168.67,170.37,170.37,8160300
2015-10-09,170.62,170.76,170.76,5006100
2015-10-12,170.73,171.17,171.17,2835800
2015-10-13,170.25,170.64,170.64,5909300
2015-10-14,170.5,169.07,169.07,5424000
2015-10-15,169.4,171.32,171.32,9637200
2015-10-16,171.44,171.88,171.88,8353700
2015-10-19,171.28,172.12,172.12,4859800
2015-10-20,171.59,172.01,172.01,4140900
2015-10-21,172.44,171.48,171.48,5801400
2015-10-22,172.56,174.8,174.8,8553100
2015-10-23,176.0,176.37,176.37,7642900
2015-10-26,176.24,176.02,176.02,3795900
2015-10-27,175.33,175.67,175.67,4696100
2015-10-28,176.01,177.68,177.68,7348500
2015-10-29,177.03,177.38,177.38,4726900
2015-10-30,177.64,176.49,176.49,6527500
2015-11-02,176.87,178.12,178.12,4178300
2015-11-03,177.92,179.07,179.07,4284900
2015-11-04,179.57,178.65,178.65,6870400
2015-11-05,178.75,178.64,178.64,5008100
2015-11-06,178.49,179.14,179.14,7642800
2015-11-09,178.5,177.42,177.42,7962300
2015-11-10,176.98,177.78,177.78,4837700
2015-11-11,178.17,177.21,177.21,2860300
2015-11-12,176.09,174.67,174.67,6164400
2015-11-13,174.07,172.61,172.61,8011100
2015-11-16,172.5,175.02,175.02,5012900
2015-11-17,175.6,175.16,175.16,6612200
2015-11-18,175.68,177.73,177.73,6254400
2015-11-19,177.18,177.66,177.66,5457300
2015-11-20,178.17,178.06,178.06,7730000
2015-11-23,177.88,177.74,177.74,2597000
2015-11-24,176.67,177.98,177.98,4369900
2015-11-25,178.01,177.93,177.93,2227400
2015-11-27,177.8,177.9,177.9,2878200
2015-11-30,178.13,177.23,177.23,3578500
2015-12-01,177.92,178.81,178.81,6058300
2015-12-02,178.64,177.29,177.29,7427100
2015-12-03,177.66,174.83,174.83,7005500
2015-12-04,175.25,178.42,178.42,6251600
2015-12-07,178.02,177.34,177.34,5647000
2015-12-08,175.68,175.77,175.77,6890200
2015-12-09,175.44,174.99,174.99,9545800
2015-12-10,175.18,175.88,175.88,5613800
2015-12-11,173.65,172.73,172.73,8895600
2015-12-14,172.97,173.9,173.9,12321600
2015-12-15,174.91,175.46,175.46,8039800
2015-12-16,176.43,177.64,177.64,11286600
2015-12-17,178.15,175.1,175.1,8504100
2015-12-18,173.84,171.0,171.0,10946100
2015-12-21,172.28,172.25,172.25,6466700
2015-12-22,173.1,174.01,174.01,6003700
2015-12-23,175.22,175.81,175.81,6456600
2015-12-24,175.66,175.22,175.22,1765100
2015-12-28,174.49,174.98,174.98,2932200
2015-12-29,176.19,176.98,176.98,6145700
2015-12-30,176.57,175.8,175.8,2910000
2015-12-31,175.09,173.99,173.99,5773400
2016-01-04,171.05,171.29,171.29,14350800
2016-01-05,171.69,171.39,171.39,9413000
2016-01-06,168.92,168.94,168.94,8713600
2016-01-07,165.96,164.96,164.96,15400600
2016-01-08,165.96,163.24,163.24,12512400
2016-01-11,164.16,163.83,163.83,12353700
2016-01-12,165.19,164.95,164.95,10250300
2016-01-13,165.54,161.35,161.35,16369400
2016-01-14,162.02,163.59,163.59,14749500
2016-01-15,159.26,159.68,159.68,19969100
2016-01-19,161.45,160.02,160.02,10233800
2016-01-20,157.25,157.61,157.61,16436000
2016-01-21,157.81,158.6,158.6,16782400
2016-01-22,160.91,160.79,160.79,7390600
2016-01-25,160.41,158.7,158.7,5782500
2016-01-26,159.5,161.54,161.54,5945200
2016-01-27,160.57,159.3,159.3,10121900
2016-01-28,160.68,160.51,160.51,8613400
2016-01-29,161.61,164.37,164.37,6182800
2016-02-01,163.39,164.34,164.34,6977300
2016-02-02,162.7,161.41,161.41,7901000
2016-02-03,162.42,163.2,163.2,14249300
2016-02-04,162.82,164.14,164.14,11715800
2016-02-05,163.87,161.94,161.94,8292500
2016-02-08,160.11,160.35,160.35,13377600
2016-02-09,158.54,160.24,160.24,11449200
2016-02-10,160.98,159.39,159.39,8205700
2016-02-11,156.8,156.8,156.8,14806700
2016-02-12,158.16,159.98,159.98,7073000
2016-02-16,161.76,162.2,162.2,5451200
2016-02-17,163.43,164.93,164.93,5584200
2016-02-18,165.33,164.52,164.52,5187600
2016-02-19,163.18,163.7,163.7,4660600
2016-02-22,165.35,165.94,165.94,3450700
2016-02-23,165.61,164.15,164.15,6052800
2016-02-24,162.6,164.67,164.67,8003800
2016-02-25,165.03,166.84,166.84,5266900
2016-02-26,167.84,166.28,166.28,3798000
2016-02-29,166.16,164.96,164.96,3485000
2016-03-01,166.01,168.52,168.52,3914300
2016-03-02,168.02,168.89,168.89,3106200
2016-03-03,168.73,169.35,169.35,2968200
2016-03-04,169.53,170.02,170.02,3524900
2016-03-07,169.37,170.62,170.62,3236000
2016-03-08,169.8,169.62,169.62,2832700
2016-03-09,170.41,170.02,170.02,3584000
2016-03-10,170.67,170.06,170.06,4862300
2016-03-11,171.47,172.23,172.23,3674200
2016-03-14,171.7,172.41,172.41,2658400
2016-03-15,171.61,172.64,172.64,2431600
2016-03-16,172.21,173.47,173.47,3556200
2016-03-17,173.46,174.94,174.94,4070500
2016-03-18,175.27,175.69,175.69,5112000
2016-03-21,175.62,176.01,176.01,2884900
2016-03-22,175.3,175.7,175.7,3980100
2016-03-23,175.22,174.81,174.81,5039200
2016-03-24,173.85,174.94,174.94,5104900
2016-03-28,175.13,175.12,175.12,3098800
2016-03-29,174.49,176.07,176.07,5584100
2016-03-30,177.11,176.89,176.89,3858000
2016-03-31,176.93,176.64,176.64,3155400
2016-04-01,175.71,177.72,177.72,4035200
2016-04-04,177.63,177.12,177.12,2318900
2016-04-05,176.08,175.82,175.82,5439600
2016-04-06,175.86,177.04,177.04,4086700
2016-04-07,175.78,175.29,175.29,5251900
2016-04-08,176.25,175.66,175.66,2565300
2016-04-11,176.12,175.44,175.44,3237700
2016-04-12,175.73,177.09,177.09,3588400
2016-04-13,178.0,178.92,178.92,5400200
2016-04-14,179.03,179.11,179.11,3689700
2016-04-15,178.99,178.68,178.68,3799900
2016-04-18,178.13,179.78,179.78,2573700
2016-04-19,180.14,180.32,180.32,2992100
2016-04-20,180.0,180.75,180.75,2628900
2016-04-21,180.64,179.7,179.7,2760300
2016-04-22,179.61,179.9,179.9,2410500
2016-04-25,179.23,179.54,179.54,2485500
2016-04-26,179.84,179.64,179.64,2241000
2016-04-27,179.12,180.25,180.25,3569300
2016-04-28,179.06,178.2,178.2,3550700
2016-04-29,177.4,177.59,177.59,5496000
2016-05-02,178.08,178.7,178.7,2463100
2016-05-03,177.48,177.3,177.3,4643200
2016-05-04,176.38,176.32,176.32,3446000
2016-05-05,176.83,176.44,176.44,1778800
2016-05-06,175.69,177.34,177.34,2940800
2016-05-09,177.25,176.98,176.98,1921700
2016-05-10,177.72,179.2,179.2,2867200
2016-05-11,178.7,177.3,177.3,2697200
2016-05-12,177.81,177.42,177.42,2534900
2016-05-13,176.9,175.48,175.48,3336800
2016-05-16,175.69,177.26,177.26,2393500
2016-05-17,176.91,175.56,175.56,3349500
2016-05-18,175.08,175.63,175.63,4097800
2016-05-19,174.95,174.68,174.68,5090900
2016-05-20,174.72,174.76,174.76,2749700
2016-05-23,174.84,174.78,174.78,1736000
2016-05-24,175.76,176.86,176.86,2797000
2016-05-25,177.5,178.28,178.28,2711900
2016-05-26,178.49,178.08,178.08,2263200
2016-05-27,178.22,178.5,178.5,1628300
2016-05-31,178.98,177.65,177.65,2395400
2016-06-01,176.98,177.73,177.73,2481200
2016-06-02,177.3,178.28,178.28,1965900
2016-06-03,177.87,178.06,178.06,4367200
2016-06-06,178.49,179.18,179.18,2720300
2016-06-07,179.46,179.38,179.38,1572300
2016-06-08,179.67,180.06,180.06,1713500
2016-06-09,179.37,179.88,179.88,2141800
2016-06-10,178.7,178.71,178.71,4126600
2016-06-13,178.0,177.36,177.36,5111300
2016-06-14,177.0,176.81,176.81,3643400
2016-06-15,177.25,176.57,176.57,2470100
2016-06-16,175.73,177.46,177.46,5573700
2016-06-17,177.15,176.52,176.52,2748000
2016-06-20,178.4,177.8,177.8,2958400
2016-06-21,178.12,178.06,178.06,1854700
2016-06-22,178.23,177.57,177.57,2966200
2016-06-23,179.02,179.81,179.81,2949100
2016-06-24,174.55,173.62,173.62,11377900
2016-06-27,172.48,171.2,171.2,7683900
2016-06-28,172.85,173.82,173.82,5642800
2016-06-29,175.16,176.64,176.64,5578200
2016-06-30,177.05,179.0,179.0,5069000
2016-07-01,178.78,179.31,179.31,3998200
2016-07-05,178.58,178.21,178.21,3233100
2016-07-06,177.61,178.98,178.98,5395400
2016-07-07,179.15,178.79,178.79,2343300
2016-07-08,180.01,181.3,181.3,5177300
2016-07-11,181.86,182.12,182.12,2358700
2016-07-12,183.01,183.39,183.39,3128000
2016-07-13,183.68,183.6,183.6,2390500
2016-07-14,185.06,184.96,184.96,3354700
2016-07-15,185.35,184.88,184.88,3837200
2016-07-18,184.83,185.08,185.08,2134900
2016-07-19,185.01,185.42,185.42,2046300
2016-07-20,185.9,185.78,185.78,2159500
2016-07-21,185.54,184.98,184.98,2837700
2016-07-22,185.0,185.51,185.51,3078300
2016-07-25,185.27,184.81,184.81,2316600
2016-07-26,184.61,184.6,184.6,4744400
2016-07-27,185.14,184.58,184.58,4146700
2016-07-28,184.28,184.38,184.38,2906300
2016-07-29,183.85,184.13,184.13,4207300
2016-08-01,184.35,183.87,183.87,3295900
2016-08-02,183.7,182.97,182.97,5139500
2016-08-03,182.85,183.36,183.36,3008200
2016-08-04,183.5,183.45,183.45,2368900
2016-08-05,184.4,185.26,185.26,4187700
2016-08-08,185.5,185.28,185.28,2076700
2016-08-09,185.38,185.35,185.35,1903800
2016-08-10,185.4,185.12,185.12,1618300
2016-08-11,185.7,186.3,186.3,2188700
2016-08-12,186.14,185.9,185.9,2514300
2016-08-15,186.4,186.52,186.52,1561500
2016-08-16,186.17,185.76,185.76,1614100
2016-08-17,185.77,186.1,186.1,2952000
2016-08-18,185.97,186.34,186.34,2571800
2016-08-19,185.3,185.32,185.32,2368500
2016-08-22,184.95,185.12,185.12,3152400
2016-08-23,185.7,185.3,185.3,1647900
2016-08-24,185.06,184.66,184.66,1882900
2016-08-25,184.28,184.37,184.37,2034900
2016-08-26,184.62,183.82,183.82,3403500
2016-08-29,183.83,184.83,184.83,2229800
2016-08-30,184.93,184.51,184.51,1866700
2016-08-31,184.25,183.94,183.94,1876400
2016-09-01,183.73,184.1,184.1,3003500
2016-09-02,184.94,184.86,184.86,2652800
2016-09-06,185.11,185.32,185.32,2152300
2016-09-07,185.37,185.32,185.32,1803600
2016-09-08,184.68,184.82,184.82,2229900
2016-09-09,183.57,180.91,180.91,8242600
2016-09-12,180.09,183.3,183.3,7056100
2016-09-13,182.06,180.8,180.8,7477500
2016-09-14,180.84,180.43,180.43,2990400
2016-09-15,180.37,182.26,182.26,3932400
2016-09-16,181.5,180.97,180.97,2844300
2016-09-19,181.88,180.98,180.98,2260400
2016-09-20,181.81,181.05,181.05,1997800
2016-09-21,181.66,182.66,182.66,4496500
2016-09-22,183.66,183.66,183.66,2323500
2016-09-23,183.41,182.42,182.42,1741500
2016-09-26,181.51,180.75,180.75,2639800
2016-09-27,180.58,182.0,182.0,3717300
2016-09-28,182.36,183.1,183.1,6413000
2016-09-29,182.82,181.22,181.22,3376400
2016-09-30,182.13,182.78,182.78,4583000
2016-10-03,182.31,182.32,182.32,1987600
2016-10-04,182.62,181.48,181.48,2811200
2016-10-05,182.16,182.66,182.66,1818200
2016-10-06,182.34,182.52,182.52,2368100
2016-10-07,182.8,182.22,182.22,2527700
2016-10-10,182.22,183.12,183.12,1879100
2016-10-11,182.86,181.2,181.2,3949800
2016-10-12,181.0,181.37,181.37,1920200
2016-10-13,180.13,180.84,180.84,3460100
2016-10-14,182.0,181.29,181.29,2698100
2016-10-17,181.17,180.72,180.72,1801800
2016-10-18,181.94,181.37,181.37,1720700
2016-10-19,181.85,182.0,182.0,1503700
2016-10-20,181.72,181.54,181.54,2359600
2016-10-21,180.6,181.22,181.22,5607600
2016-10-24,182.36,181.96,181.96,1905700
2016-10-25,181.82,181.48,181.48,3351100
2016-10-26,180.6,181.77,181.77,5375400
2016-10-27,182.3,181.53,181.53,2027100
2016-10-28,181.82,181.36,181.36,3726600
2016-10-31,181.58,181.17,181.17,1415600
2016-11-01,181.52,180.12,180.12,3622300
2016-11-02,179.66,179.35,179.35,3552700
2016-11-03,179.7,179.11,179.11,1966900
2016-11-04,179.11,178.71,178.71,4337500
2016-11-07,181.17,182.36,182.36,3402400
2016-11-08,182.2,183.38,183.38,3437500
2016-11-09,181.93,185.96,185.96,8363900
2016-11-10,186.83,188.13,188.13,8748100
2016-11-11,187.95,188.47,188.47,5003800
2016-11-14,189.11,188.77,188.77,4796400
2016-11-15,188.76,189.34,189.34,3750000
2016-11-16,188.79,188.98,188.98,3459100
2016-11-17,189.09,189.3,189.3,4211200
2016-11-18,188.9,188.46,188.46,4359200
2016-11-21,188.88,189.34,189.34,2999100
2016-11-22,189.92,190.02,190.02,2756300
2016-11-23,189.93,190.59,190.59,2465900
2016-11-25,191.09,191.3,191.3,1547100
2016-11-28,190.93,190.78,190.78,3159600
2016-11-29,190.83,191.19,191.19,2264900
2016-11-30,191.97,191.4,191.4,4774600
2016-12-01,191.84,191.9,191.9,8323900
2016-12-02,191.91,191.74,191.74,2773600
2016-12-05,192.48,192.22,192.22,2925600
2016-12-06,192.16,192.49,192.49,2669400
2016-12-07,192.47,195.48,195.48,7241300
2016-12-08,195.83,196.28,196.28,7032100
2016-12-09,196.44,197.69,197.69,4392300
2016-12-12,197.84,198.08,198.08,3791700
2016-12-13,198.96,199.23,199.23,5357500
2016-12-14,198.97,198.14,198.14,7456100
2016-12-15,198.54,198.66,198.66,6033000
2016-12-16,198.7,198.19,198.19,4467700
2016-12-19,198.3,198.6,198.6,2729400
2016-12-20,199.16,199.42,199.42,3062600
2016-12-21,199.43,199.16,199.16,2523500
2016-12-22,199.1,198.97,198.97,2250900
2016-12-23,198.96,199.05,199.05,1374200
2016-12-27,199.16,199.21,199.21,2340700
2016-12-28,199.52,198.08,198.08,3818100
2016-12-29,197.99,197.99,197.99,3018700
2016-12-30,198.25,197.51,197.51,4277400
2017-01-03,198.91,198.42,198.42,6669800
2017-01-04,198.76,199.15,199.15,4823200
2017-01-05,198.95,198.75,198.75,4124500
2017-01-06,198.73,199.51,199.51,4322600
2017-01-09,199.09,198.76,198.76,2303500
2017-01-10,198.72,198.4,198.4,3029200
2017-01-11,198.63,199.33,199.33,5209800
2017-01-12,198.88,198.75,198.75,3865200
2017-01-13,198.91,198.7,198.7,3468900
2017-01-17,198.27,198.09,198.09,3329800
2017-01-18,198.08,197.95,197.95,4634800
2017-01-19,198.03,197.28,197.28,3050900
2017-01-20,197.53,197.96,197.96,6999000
2017-01-23,197.86,197.78,197.78,3249700
2017-01-24,197.79,198.84,198.84,5205800
2017-01-25,200.01,200.42,200.42,4880800
2017-01-26,200.6,200.72,200.72,3999700
2017-01-27,200.69,200.63,200.63,3576500
2017-01-30,199.83,199.38,199.38,4718000
2017-01-31,198.72,198.36,198.36,4628100
2017-02-01,199.13,198.63,198.63,3676900
2017-02-02,198.16,198.61,198.61,2640600
2017-02-03,199.58,200.38,200.38,4857300
2017-02-06,200.03,200.28,200.28,2770900
2017-02-07,200.89,200.58,200.58,2606300
2017-02-08,200.5,200.51,200.51,2291500
2017-02-09,200.82,201.72,201.72,3487600
2017-02-10,202.3,202.74,202.74,2880300
2017-02-13,203.32,204.2,204.2,2637400
2017-02-14,204.06,205.17,205.17,3586600
2017-02-15,205.39,206.38,206.38,3646000
2017-02-16,206.55,206.48,206.48,4589600
2017-02-17,205.03,205.88,205.88,5747700
2017-02-21,206.56,207.07,207.07,3076400
2017-02-22,206.73,207.45,207.45,2254400
2017-02-23,208.06,207.82,207.82,3179900
2017-02-24,207.08,207.93,207.93,3703900
2017-02-27,207.73,208.29,208.29,3433700
2017-02-28,208.11,207.98,207.98,2821900
2017-03-01,209.92,211.02,211.02,7846100
2017-03-02,211.19,209.89,209.89,3336900
2017-03-03,210.06,209.91,209.91,2589000
2017-03-06,209.26,209.48,209.48,2524700
2017-03-07,209.21,209.17,209.17,2741000
2017-03-08,209.58,208.61,208.61,3173100
2017-03-09,208.74,208.67,208.67,4430100
2017-03-10,209.69,209.15,209.15,3004000
2017-03-13,209.13,208.94,208.94,2261800
2017-03-14,208.57,208.54,208.54,4433000
2017-03-15,208.83,209.58,209.58,5737000
2017-03-16,210.17,209.44,209.44,3018400
2017-03-17,209.53,208.86,208.86,2873200
2017-03-20,208.85,208.81,208.81,3308600
2017-03-21,209.33,206.35,206.35,6192400
2017-03-22,205.96,206.41,206.41,3898500
2017-03-23,206.03,206.31,206.31,3840000
2017-03-24,206.58,205.75,205.75,4052700
2017-03-27,204.18,205.23,205.23,4559600
2017-03-28,205.08,206.75,206.75,3538000
2017-03-29,206.53,206.31,206.31,2323900
2017-03-30,206.3,206.96,206.96,2849200
2017-03-31,206.72,206.34,206.34,4179600
2017-04-03,206.52,206.25,206.25,4436100
2017-04-04,206.02,206.65,206.65,2555400
2017-04-05,207.59,206.26,206.26,4110400
2017-04-06,206.45,206.45,206.45,3186900
2017-04-07,206.19,206.38,206.38,2609300
2017-04-10,206.49,206.39,206.39,2395200
2017-04-11,206.22,206.33,206.33,3511500
2017-04-12,206.3,205.67,205.67,2181700
2017-04-13,205.34,204.37,204.37,3605200
2017-04-17,204.93,206.17,206.17,2260900
2017-04-18,205.36,205.08,205.08,2497900
2017-04-19,205.26,203.85,203.85,3606400
2017-04-20,204.35,205.7,205.7,3873700
2017-04-21,205.51,205.25,205.25,3034800
2017-04-24,207.33,207.38,207.38,3220200
2017-04-25,208.95,209.68,209.68,3483600
2017-04-26,209.81,209.47,209.47,2865300
2017-04-27,209.73,209.56,209.56,1951700
2017-04-28,209.63,209.08,209.08,1934000
2017-05-01,209.49,208.92,208.92,1886000
2017-05-02,209.1,209.13,209.13,1359700
2017-05-03,209.13,209.22,209.22,1829400
2017-05-04,209.65,209.19,209.19,2640100
2017-05-05,209.07,209.77,209.77,1673800
2017-05-08,209.7,209.92,209.92,2311000
2017-05-09,210.14,209.62,209.62,1570100
2017-05-10,209.19,209.48,209.48,1394300
2017-05-11,209.14,209.28,209.28,3093700
2017-05-12,208.97,209.01,209.01,1575100
2017-05-15,209.4,209.93,209.93,1818500
2017-05-16,210.32,209.95,209.95,1746600
2017-05-17,208.12,206.47,206.47,5717400
2017-05-18,206.03,206.96,206.96,6653800
2017-05-19,206.75,207.77,207.77,4892800
2017-05-22,208.32,208.65,208.65,2246200
2017-05-23,209.1,209.12,209.12,3457500
2017-05-24,209.32,209.82,209.82,3479500
2017-05-25,210.52,210.58,210.58,2198200
2017-05-26,210.54,210.54,210.54,1152200
2017-05-30,210.21,210.21,210.21,1066600
2017-05-31,210.41,210.0,210.0,1577500
2017-06-01,210.27,211.4,211.4,1827900
2017-06-02,211.45,211.91,211.91,2314000
2017-06-05,211.86,211.86,211.86,1923000
2017-06-06,211.33,211.37,211.37,2094800
2017-06-07,211.69,211.72,211.72,1545800
2017-06-08,211.62,211.86,211.86,2030300
2017-06-09,212.15,212.67,212.67,4271100
2017-06-12,212.46,212.4,212.4,3682300
2017-06-13,212.8,213.37,213.37,2426500
2017-06-14,213.78,213.84,213.84,5423100
2017-06-15,212.89,213.69,213.69,2571800
2017-06-16,213.33,213.56,213.56,2372000
2017-06-19,214.36,214.92,214.92,2103300
2017-06-20,214.89,214.4,214.4,1762100
2017-06-21,214.65,213.89,213.89,2129400
2017-06-22,214.08,213.73,213.73,2697100
2017-06-23,213.44,213.74,213.74,1346800
2017-06-26,214.29,213.87,213.87,1940400
2017-06-27,213.71,212.93,212.93,1981600
2017-06-28,212.93,214.24,214.24,4693700
2017-06-29,214.52,212.61,212.61,4372600
2017-06-30,213.15,213.24,213.24,2216600
2017-07-03,213.95,214.49,214.49,2134700
2017-07-05,214.74,214.58,214.58,1799000
2017-07-06,214.09,213.14,213.14,2297500
2017-07-07,213.54,214.05,214.05,1326500
2017-07-10,213.68,213.99,213.99,1156300
2017-07-11,213.91,213.98,213.98,1577600
2017-07-12,214.98,215.23,215.23,2103300
2017-07-13,215.3,215.46,215.46,1587400
2017-07-14,215.3,216.26,216.26,2395500
2017-07-17,216.32,216.22,216.22,2291000
2017-07-18,215.66,215.7,215.7,2247500
2017-07-19,215.89,216.32,216.32,1785800
2017-07-20,216.57,216.19,216.19,1372000
2017-07-21,215.19,215.53,215.53,2217300
2017-07-24,215.51,215.09,215.09,1459600
2017-07-25,216.5,215.86,215.86,1924200
2017-07-26,216.81,216.81,216.81,2041000
2017-07-27,217.28,217.72,217.72,3202400
2017-07-28,217.53,218.02,218.02,2305000
2017-07-31,218.65,218.7,218.7,1765000
2017-08-01,219.74,219.37,219.37,2307100
2017-08-02,219.83,219.89,219.89,3063300
2017-08-03,219.93,220.06,220.06,2496400
2017-08-04,220.64,220.57,220.57,1877700
2017-08-07,220.75,220.85,220.85,1902800
2017-08-08,220.8,220.69,220.69,3623900
2017-08-09,220.33,220.5,220.5,3555800
2017-08-10,219.81,218.6,218.6,7832600
2017-08-11,218.76,218.7,218.7,4944500
2017-08-14,219.88,219.97,219.97,2605000
2017-08-15,220.58,220.16,220.16,1835700
2017-08-16,220.7,220.47,220.47,2476100
2017-08-17,220.0,217.81,217.81,3535800
2017-08-18,216.99,216.53,216.53,4468500
2017-08-21,216.46,216.74,216.74,3467200
2017-08-22,217.41,218.69,218.69,2423200
2017-08-23,218.01,217.92,217.92,3660200
2017-08-24,218.55,217.66,217.66,1934400
2017-08-25,218.26,218.04,218.04,2373300
2017-08-28,218.5,217.94,217.94,1425000
2017-08-29,216.68,218.59,218.59,2013300
2017-08-30,218.75,218.93,218.93,1804100
2017-08-31,219.53,219.52,219.52,2173000
2017-09-01,220.13,219.92,219.92,2150200
2017-09-05,219.53,217.67,217.67,3828600
2017-09-06,218.54,218.25,218.25,1915500
2017-09-07,218.47,218.11,218.11,1982800
2017-09-08,217.61,218.24,218.24,2135800
2017-09-11,219.58,220.76,220.76,3019300
2017-09-12,221.33,221.42,221.42,2072900
2017-09-13,221.35,221.76,221.76,1720800
2017-09-14,221.65,222.32,222.32,1893700
2017-09-15,222.13,222.45,222.45,2377700
2017-09-18,222.92,223.16,223.16,1827300
2017-09-19,223.37,223.58,223.58,2042800
2017-09-20,223.57,223.9,223.9,1819900
2017-09-21,223.9,223.47,223.47,1741400
2017-09-22,223.22,223.2,223.2,2448400
2017-09-25,223.11,222.82,222.82,2844300
2017-09-26,223.06,222.69,222.69,1314500
2017-09-27,223.4,223.12,223.12,2381500
2017-09-28,222.97,223.6,223.6,1462800
2017-09-29,223.39,223.82,223.82,2415800
2017-10-02,224.19,225.24,225.24,2611200
2017-10-03,225.74,226.24,226.24,2510000
2017-10-04,226.39,226.41,226.41,1746900
2017-10-05,226.61,227.64,227.64,2258500
2017-10-06,227.34,227.55,227.55,2090300
2017-10-09,227.89,227.53,227.53,1006800
2017-10-10,228.21,228.26,228.26,1417700
2017-10-11,228.32,228.61,228.61,1423600
2017-10-12,228.49,228.33,228.33,1307300
2017-10-13,228.71,228.73,228.73,1744300
2017-10-16,229.07,229.45,229.45,2373400
2017-10-17,229.71,229.85,229.85,1838000
2017-10-18,231.0,231.46,231.46,2720500
2017-10-19,230.84,231.65,231.65,2305400
2017-10-20,232.47,233.13,233.13,3275700
2017-10-23,233.58,232.65,232.65,2325100
2017-10-24,234.11,234.29,234.29,3300500
2017-10-25,234.45,233.16,233.16,3813300
2017-10-26,233.91,233.85,233.85,2581500
2017-10-27,233.95,234.17,234.17,2944200
2017-10-30,233.52,233.33,233.33,2672500
2017-10-31,233.64,233.63,233.63,1772000
2017-11-01,234.6,234.19,234.19,2675700
2017-11-02,234.21,234.96,234.96,2459400
2017-11-03,235.36,235.18,235.18,2574400
2017-11-06,235.23,235.41,235.41,2549900
2017-11-07,235.7,235.42,235.42,2390700
2017-11-08,235.37,235.46,235.46,1531900
2017-11-09,234.49,234.72,234.72,4225200
2017-11-10,234.45,234.43,234.43,2506600
2017-11-13,233.66,234.66,234.66,2452400
2017-11-14,233.97,234.28,234.28,2566500
2017-11-15,233.16,232.96,232.96,2823600
2017-11-16,234.22,234.91,234.91,2933400
2017-11-17,233.77,233.39,233.39,3483300
2017-11-20,233.66,234.15,234.15,2056600
2017-11-21,235.17,235.73,235.73,2749900
2017-11-22,236.06,235.17,235.17,2860800
2017-11-24,235.56,235.47,235.47,1435500
2017-11-27,235.5,235.73,235.73,2329500
2017-11-28,236.32,238.34,238.34,4844500
2017-11-29,239.15,239.42,239.42,3376100
2017-11-30,240.68,242.84,242.84,6586400
2017-12-01,243.14,242.45,242.45,9772700
2017-12-04,245.01,243.11,243.11,6565800
2017-12-05,243.78,242.01,242.01,4925600
2017-12-06,241.72,241.62,241.62,3976100
2017-12-07,241.21,242.36,242.36,2718300
2017-12-08,243.19,243.62,243.62,2704300
2017-12-11,243.77,244.17,244.17,1857800
2017-12-12,244.93,245.44,245.44,3282400
2017-12-13,245.69,246.3,246.3,3748700
2017-12-14,246.89,245.57,245.57,4713300
2017-12-15,246.21,246.25,246.25,5862800
2017-12-18,248.01,247.79,247.79,3285700
2017-12-19,248.31,247.4,247.4,2773600
2017-12-20,248.33,247.07,247.07,2401400
2017-12-21,247.73,247.66,247.66,2446700
2017-12-22,247.58,247.4,247.4,1847000
2017-12-26,246.94,247.25,247.25,2156700
2017-12-27,247.15,247.48,247.48,2930300
2017-12-28,247.94,248.13,248.13,2743300
2017-12-29,248.57,247.38,247.38,2951800
2018-01-02,248.34,248.02,248.02,4454900
2018-01-03,248.32,248.95,248.95,5528600
2018-01-04,249.96,250.6,250.6,4932900
2018-01-05,251.38,252.72,252.72,3349200
2018-01-08,252.75,252.59,252.59,3847500
2018-01-09,253.2,253.82,253.82,5031400
2018-01-10,253.17,253.62,253.62,2357600
2018-01-11,254.0,255.61,255.61,2760400
2018-01-12,256.63,257.91,257.91,3678400
2018-01-16,260.27,257.81,257.81,8102900
2018-01-17,259.26,261.08,261.08,6144400
2018-01-18,261.24,260.16,260.16,4860200
2018-01-19,260.05,260.54,260.54,4057600
2018-01-22,259.7,261.98,261.98,3359900
2018-01-23,261.83,261.87,261.87,3483300
2018-01-24,263.0,262.57,262.57,7106400
2018-01-25,263.58,263.75,263.75,5918900
2018-01-26,264.32,265.91,265.91,3861700
2018-01-29,265.56,264.16,264.16,4605600
2018-01-30,261.48,260.62,260.62,9409500
2018-01-31,263.0,261.44,261.44,5360500
2018-02-01,259.95,261.62,261.62,5182000
2018-02-02,259.61,254.93,254.93,9486600
2018-02-05,252.22,243.27,243.27,19888200
2018-02-06,238.32,248.96,248.96,20493100
2018-02-07,248.24,248.76,248.76,12657100
2018-02-08,248.96,238.67,238.67,15829100
2018-02-09,241.41,242.03,242.03,19858000
2018-02-12,244.03,246.17,246.17,10458400
2018-02-13,244.72,246.57,246.57,6234000
2018-02-14,245.17,249.3,249.3,5764000
2018-02-15,251.62,252.5,252.5,6111500
2018-02-16,251.43,251.96,251.96,6399000
2018-02-20,250.44,249.35,249.35,8685200
2018-02-21,249.6,247.72,247.72,5894800
2018-02-22,248.63,249.49,249.49,6342300
2018-02-23,250.79,252.91,252.91,5119000
2018-02-26,254.32,256.92,256.92,6120900
2018-02-27,257.1,253.96,253.96,7219200
2018-02-28,255.18,250.2,250.2,5299300
2018-03-01,250.21,245.98,245.98,8144800
2018-03-02,243.55,245.35,245.35,6393400
2018-03-05,243.84,248.84,248.84,4891000
2018-03-06,250.18,248.84,248.84,4408500
2018-03-07,245.86,248.11,248.11,5362600
2018-03-08,249.13,249.14,249.14,5846600
2018-03-09,250.94,253.56,253.56,3904000
2018-03-12,254.05,251.96,251.96,5512800
2018-03-13,253.1,250.22,250.22,6100900
2018-03-14,251.41,247.88,247.88,6222800
2018-03-15,248.84,249.0,249.0,5069600
2018-03-16,248.57,249.1,249.1,3430100
2018-03-19,248.3,245.91,245.91,5739500
2018-03-20,246.49,247.1,247.1,3258400
2018-03-21,247.14,246.62,246.62,4341400
2018-03-22,244.09,239.36,239.36,7449700
2018-03-23,239.98,235.13,235.13,7598700
2018-03-26,239.03,241.82,241.82,6589700
2018-03-27,243.05,238.29,238.29,6513100
2018-03-28,239.04,238.28,238.28,7983700
2018-03-29,239.57,241.4,241.4,6614500
2018-04-02,240.33,236.15,236.15,9217400
2018-04-03,237.38,240.15,240.15,9874500
2018-04-04,235.05,242.46,242.46,6437500
2018-04-05,243.8,244.91,244.91,4786400
2018-04-06,242.3,239.13,239.13,6985500
2018-04-09,241.16,239.73,239.73,5052000
2018-04-10,243.35,244.01,244.01,5977500
2018-04-11,242.13,241.88,241.88,4733100
2018-04-12,243.66,244.81,244.81,4742400
2018-04-13,246.42,243.58,243.58,5222500
2018-04-16,245.12,245.62,245.62,4018400
2018-04-17,248.15,247.8,247.8,3821900
2018-04-18,247.88,247.38,247.38,3645600
2018-04-19,246.92,246.57,246.57,3721800
2018-04-20,246.37,244.48,244.48,3396500
2018-04-23,245.06,244.35,244.35,2491000
2018-04-24,245.39,240.09,240.09,7088900
2018-04-25,240.29,240.7,240.7,5269200
2018-04-26,241.43,243.12,243.12,3845800
2018-04-27,242.97,242.95,242.95,3209800
2018-04-30,244.1,241.54,241.54,3475700
2018-05-01,240.69,240.76,240.76,4396600
2018-05-02,240.61,239.11,239.11,2729400
2018-05-03,237.92,239.1,239.1,6177500
2018-05-04,238.11,242.52,242.52,3600900
2018-05-07,243.5,243.42,243.42,2983800
2018-05-08,243.17,243.42,243.42,2927200
2018-05-09,244.23,245.4,245.4,3670500
2018-05-10,246.0,247.46,247.46,3877800
2018-05-11,247.7,248.54,248.54,3293500
2018-05-14,249.41,249.27,249.27,4286300
2018-05-15,248.07,247.31,247.31,4755900
2018-05-16,247.18,247.97,247.97,2034400
2018-05-17,247.8,247.74,247.74,2058200
2018-05-18,246.97,247.0,247.0,2408800
2018-05-21,249.22,249.94,249.94,4060300
2018-05-22,250.37,248.18,248.18,2329300
2018-05-23,246.83,248.63,248.63,3489400
2018-05-24,248.13,247.91,247.91,3448100
2018-05-25,247.41,247.37,247.37,4207000
2018-05-29,245.38,243.45,243.45,6439600
2018-05-30,245.17,246.7,246.7,4185900
2018-05-31,246.0,244.18,244.18,5357800
2018-06-01,246.14,246.36,246.36,3565300
2018-06-04,247.72,248.2,248.2,3062500
2018-06-05,248.16,248.15,248.15,2816400
2018-06-06,249.24,251.52,251.52,4102500
2018-06-07,252.22,252.53,252.53,4286800
2018-06-08,251.96,253.27,253.27,4451000
2018-06-11,253.62,253.39,253.39,4200200
2018-06-12,253.74,253.3,253.3,6531000
2018-06-13,253.42,252.18,252.18,3819000
2018-06-14,253.16,251.99,251.99,5007000
2018-06-15,250.27,250.74,250.74,6340800
2018-06-18,248.8,249.73,249.73,4075500
2018-06-19,246.6,246.88,246.88,5511100
2018-06-20,247.96,246.46,246.46,4711700
2018-06-21,245.83,244.5,244.5,4676600
2018-06-22,245.92,245.69,245.69,3584900
2018-06-25,244.18,242.31,242.31,9536000
2018-06-26,242.92,242.67,242.67,3829900
2018-06-27,243.27,241.12,241.12,6149300
2018-06-28,240.47,242.08,242.08,5524000
2018-06-29,243.48,242.73,242.73,3966200
2018-07-02,240.92,242.73,242.73,5700300
2018-07-03,244.06,241.66,241.66,3143800
2018-07-05,243.13,243.55,243.55,3294600
2018-07-06,243.31,244.6,244.6,3546000
2018-07-09,245.78,247.84,247.84,3679300
2018-07-10,248.52,249.23,249.23,3474700
2018-07-11,247.34,247.08,247.08,4409800
2018-07-12,249.07,249.3,249.3,3175400
2018-07-13,249.24,250.2,250.2,3018100
2018-07-16,250.39,250.67,250.67,1881400
2018-07-17,250.55,251.28,251.28,2960100
2018-07-18,251.39,252.03,252.03,2119600
2018-07-19,251.22,250.79,250.79,2537400
2018-07-20,249.82,250.44,250.44,2687800
2018-07-23,250.21,250.26,250.26,1792000
2018-07-24,251.26,252.21,252.21,5485300
2018-07-25,251.57,254.02,254.02,4687600
2018-07-26,254.52,255.12,255.12,4175000
2018-07-27,255.11,254.26,254.26,5852900
2018-07-30,254.53,252.87,252.87,4484200
2018-07-31,253.69,254.17,254.17,3743100
2018-08-01,253.9,253.11,253.11,3159000
2018-08-02,251.45,253.1,253.1,4132600
2018-08-03,253.04,254.39,254.39,2469400
2018-08-06,254.22,254.85,254.85,2305400
2018-08-07,255.98,256.12,256.12,2394500
2018-08-08,255.97,255.62,255.62,1876800
2018-08-09,255.76,255.16,255.16,1677300
2018-08-10,253.68,253.3,253.3,4796900
2018-08-13,253.57,252.04,252.04,3686700
2018-08-14,252.76,253.21,253.21,2815800
2018-08-15,251.84,251.76,251.76,5804000
2018-08-16,254.37,255.94,255.94,7919200
2018-08-17,255.23,256.51,256.51,3902500
2018-08-20,257.11,257.43,257.43,2930700
2018-08-21,257.93,258.07,258.07,3290900
2018-08-22,258.0,257.18,257.18,3850600
2018-08-23,256.8,256.49,256.49,2811900
2018-08-24,257.24,257.85,257.85,3631500
2018-08-27,259.25,260.58,260.58,4111600
2018-08-28,261.3,260.64,260.64,2713600
2018-08-29,260.8,261.33,261.33,2433900
2018-08-30,260.74,260.01,260.01,3867200
2018-08-31,259.59,259.85,259.85,3081800
2018-09-04,259.22,259.73,259.73,2945000
2018-09-05,259.22,259.92,259.92,3282400
2018-09-06,260.14,260.29,260.29,3878500
2018-09-07,259.33,259.54,259.54,3796400
2018-09-10,260.52,258.94,258.94,2247600
2018-09-11,258.1,260.03,260.03,3072900
2018-09-12,260.15,260.25,260.25,4971200
2018-09-13,261.42,261.78,261.78,2472300
2018-09-14,262.01,261.89,261.89,3077700
2018-09-17,261.72,260.98,260.98,2473500
2018-09-18,261.25,262.91,262.91,2998900
2018-09-19,263.1,264.42,264.42,4001000
2018-09-20,266.0,267.04,267.04,5247100
2018-09-21,267.55,267.12,267.12,3944500
2018-09-24,266.68,265.42,265.42,3778600
2018-09-25,266.03,264.73,264.73,1820400
2018-09-26,264.81,263.78,263.78,3365900
2018-09-27,264.25,264.25,264.25,2440100
2018-09-28,263.56,264.4,264.4,3288800
2018-10-01,266.1,266.73,266.73,5828100
2018-10-02,266.11,267.57,267.57,4553400
2018-10-03,268.77,267.95,267.95,5827700
2018-10-04,267.69,266.25,266.25,8720900
2018-10-05,266.34,264.32,264.32,7477100
2018-10-08,263.25,264.83,264.83,6236400
2018-10-09,264.38,264.23,264.23,4559100
2018-10-10,264.04,256.06,256.06,12292000
2018-10-11,254.73,250.27,250.27,15270300
2018-10-12,254.36,253.3,253.3,8634400
2018-10-15,252.87,252.34,252.34,5500900
2018-10-16,254.62,257.92,257.92,7099800
2018-10-17,256.92,256.97,256.97,6822400
2018-10-18,256.11,253.68,253.68,8694600
2018-10-19,254.23,254.32,254.32,6618300
2018-10-22,255.07,253.04,253.04,4662600
2018-10-23,249.04,251.67,251.67,7360500
2018-10-24,252.4,245.64,245.64,7624300
2018-10-25,247.33,249.77,249.77,5920200
2018-10-26,247.38,246.53,246.53,5882900
2018-10-29,248.72,244.47,244.47,6833300
2018-10-30,244.44,248.7,248.7,6151100
2018-10-31,250.94,251.19,251.19,5376400
2018-11-01,252.15,253.73,253.73,3267900
2018-11-02,255.38,252.46,252.46,6413400
2018-11-05,252.84,254.48,254.48,2833700
2018-11-06,254.53,256.23,256.23,2193300
2018-11-07,258.46,261.78,261.78,4462300
2018-11-08,261.53,262.1,262.1,4023400
2018-11-09,261.16,260.09,260.09,4386500
2018-11-12,259.7,254.22,254.22,10153000
2018-11-13,253.83,253.06,253.06,3937900
2018-11-14,255.02,250.91,250.91,5610300
2018-11-15,250.2,253.22,253.22,5667000
2018-11-16,251.79,254.05,254.05,4529500
2018-11-19,253.61,249.86,249.86,4249600
2018-11-20,246.36,244.5,244.5,7341100
2018-11-21,245.84,244.65,244.65,4257600
2018-11-23,243.25,242.81,242.81,1928000
2018-11-26,244.87,246.39,246.39,3435500
2018-11-27,245.18,247.5,247.5,2932000
2018-11-28,249.12,253.84,253.84,5132500
2018-11-29,253.6,253.59,253.59,3471100
2018-11-30,253.1,255.51,255.51,2991800
2018-12-03,260.17,258.73,258.73,9544200
2018-12-04,257.64,250.73,250.73,5376900
2018-12-06,246.36,249.72,249.72,8232800
2018-12-07,249.66,244.31,244.31,5963700
2018-12-10,243.94,244.71,244.71,6021000
2018-12-11,248.44,244.23,244.23,5646500
2018-12-12,247.39,245.88,245.88,3734800
2018-12-13,246.42,246.27,246.27,4455300
2018-12-14,244.06,241.42,241.42,6591200
2018-12-17,240.04,236.43,236.43,7036700
2018-12-18,238.44,237.36,237.36,5349600
2018-12-19,237.55,233.42,233.42,9545700
2018-12-20,232.59,228.89,228.89,11912800
2018-12-21,229.01,224.09,224.09,10242700
2018-12-24,222.5,218.1,218.1,7024000
2018-12-26,219.19,228.71,228.71,9761100
2018-12-27,225.54,231.26,231.26,7952000
2018-12-28,232.71,230.48,230.48,7266800
2018-12-31,232.33,233.2,233.2,5079600
2019-01-02,229.27,233.36,233.36,5319500
2019-01-03,231.25,226.72,226.72,7350200
2019-01-04,230.0,234.28,234.28,7343700
2019-01-07,234.84,235.36,235.36,5101600
2019-01-08,237.94,237.92,237.92,4845800
2019-01-09,238.93,238.92,238.92,4872000
2019-01-10,237.64,240.0,240.0,3052200
2019-01-11,238.87,239.88,239.88,2047200
2019-01-14,237.93,238.94,238.94,2330700
2019-01-15,238.94,240.64,240.64,3940300
2019-01-16,241.36,241.86,241.86,3718500
2019-01-17,241.23,243.8,243.8,4108400
2019-01-18,245.65,247.05,247.05,5393200
2019-01-22,245.35,244.0,244.0,5218500
2019-01-23,246.15,245.72,245.72,4330300
2019-01-24,245.47,245.47,245.47,2840400
2019-01-25,247.39,247.39,247.39,4110600
2019-01-28,244.73,245.1,245.1,3560300
2019-01-29,245.35,245.71,245.71,2432900
2019-01-30,248.41,250.18,250.18,5686200
2019-01-31,248.95,250.12,250.12,5649600
2019-02-01,250.67,250.48,250.48,3971400
2019-02-04,250.43,252.32,252.32,2576100
2019-02-05,253.36,253.96,253.96,3090500
2019-02-06,253.63,253.87,253.87,1913500
2019-02-07,252.4,251.9,251.9,3884800
2019-02-08,250.51,251.32,251.32,2942300
2019-02-11,252.12,250.94,250.94,2677600
2019-02-12,252.72,254.53,254.53,3080600
2019-02-13,255.53,255.8,255.8,2918200
2019-02-14,254.54,255.16,255.16,3811000
2019-02-15,256.17,258.65,258.65,4751100
2019-02-19,257.96,258.81,258.81,2744500
2019-02-20,258.82,259.5,259.5,2454000
2019-02-21,258.94,258.53,258.53,3197200
2019-02-22,259.26,260.17,260.17,3938500
2019-02-25,261.85,260.89,260.89,3585000
2019-02-26,259.96,260.54,260.54,3080200
2019-02-27,259.82,259.87,259.87,2777200
2019-02-28,259.86,259.28,259.28,2772900
2019-03-01,261.15,260.42,260.42,3676900
2019-03-04,261.5,258.28,258.28,4823900
2019-03-05,258.22,258.19,258.19,2107200
2019-03-06,258.24,256.87,256.87,3222000
2019-03-07,256.4,254.81,254.81,4104600
2019-03-08,252.88,254.71,254.71,5495800
2019-03-11,252.85,256.76,256.76,5469400
2019-03-12,256.24,255.86,255.86,6570500
2019-03-13,256.84,257.35,257.35,5272800
2019-03-14,257.33,257.54,257.54,3409600
2019-03-15,257.58,258.34,258.34,4225100
2019-03-18,257.94,258.99,258.99,2786200
2019-03-19,260.11,258.88,258.88,4761400
2019-03-20,258.46,257.29,257.29,4382600
2019-03-21,256.38,259.58,259.58,3800000
2019-03-22,257.92,254.96,254.96,6226500
2019-03-25,254.69,255.07,255.07,4982500
2019-03-26,257.05,256.46,256.46,3278700
2019-03-27,256.63,256.11,256.11,3166200
2019-03-28,256.92,257.08,257.08,2434400
2019-03-29,258.58,259.13,259.13,4255900
2019-04-01,261.23,262.39,262.39,6051700
2019-04-02,262.0,261.69,261.69,2320000
2019-04-03,262.58,262.0,262.0,3265500
2019-04-04,262.22,263.78,263.78,4397000
2019-04-05,264.56,264.16,264.16,3112700
2019-04-08,262.83,263.22,263.22,3231700
2019-04-09,262.12,261.51,261.51,4161200
2019-04-10,261.9,261.6,261.6,3602600
2019-04-11,261.92,261.4,261.4,2731700
2019-04-12,263.87,264.07,264.07,3395200
2019-04-15,264.02,263.81,263.81,2190300
2019-04-16,265.28,264.53,264.53,2536000
2019-04-17,265.1,264.53,264.53,2873600
2019-04-18,264.98,265.56,265.56,3469200
2019-04-22,264.6,265.07,265.07,1604200
2019-04-23,265.45,266.48,266.48,3399200
2019-04-24,266.38,265.92,265.92,1899800
2019-04-25,264.06,264.53,264.53,2333800
2019-04-26,264.42,265.34,265.34,1883100
2019-04-29,265.32,265.44,265.44,1522500
2019-04-30,266.01,265.79,265.79,2259200
2019-05-01,266.47,264.15,264.15,2902500
2019-05-02,263.76,262.88,262.88,3660200
2019-05-03,264.32,264.97,264.97,2161600
2019-05-06,260.35,264.27,264.27,3282600
2019-05-07,261.98,259.52,259.52,6758100
2019-05-08,259.41,259.66,259.66,4115200
2019-05-09,257.74,258.44,258.44,7175400
2019-05-10,257.58,259.92,259.92,5456100
2019-05-13,254.67,253.47,253.47,6326000
2019-05-14,254.4,255.81,255.81,4308800
2019-05-15,254.17,256.92,256.92,4151400
2019-05-16,258.0,259.16,259.16,3889400
2019-05-17,256.36,257.44,257.44,3652900
2019-05-20,256.21,256.67,256.67,2613300
2019-05-21,258.2,258.77,258.77,2376700
2019-05-22,257.91,257.6,257.6,2942600
2019-05-23,255.32,254.76,254.76,4616900
2019-05-24,256.21,256.12,256.12,2258900
2019-05-28,256.12,253.47,253.47,4580100
2019-05-29,252.08,251.27,251.27,5192100
2019-05-30,251.77,251.87,251.87,3454700
2019-05-31,249.39,248.22,248.22,4891100
2019-06-03,248.34,248.5,248.5,5479600
2019-06-04,250.73,253.65,253.65,3796100
2019-06-05,255.22,255.73,255.73,2792400
2019-06-06,256.12,257.72,257.72,2796200
2019-06-07,258.46,260.25,260.25,3124900
2019-06-10,261.88,260.99,260.99,3495900
2019-06-11,262.66,260.88,260.88,2792100
2019-06-12,260.8,260.45,260.45,1725500
2019-06-13,261.34,261.56,261.56,1882700
2019-06-14,261.24,261.51,261.51,2260900
2019-06-17,261.64,261.68,261.68,1319500
2019-06-18,263.23,265.33,265.33,6147700
2019-06-19,265.4,265.56,265.56,3920800
2019-06-20,268.05,268.08,268.08,3471800
2019-06-21,267.29,267.1,267.1,4446800
2019-06-24,267.33,267.17,267.17,1654200
2019-06-25,267.39,265.26,265.26,7240300
2019-06-26,266.12,265.22,265.22,2141400
2019-06-27,265.45,265.15,265.15,1991500
2019-06-28,265.94,265.85,265.85,2176200
2019-07-01,268.45,266.97,266.97,3970200
2019-07-02,266.84,267.66,267.66,2775300
2019-07-03,268.34,269.56,269.56,1262900
2019-07-05,268.71,269.27,269.27,2157000
2019-07-08,267.9,268.06,268.06,1423400
2019-07-09,266.72,267.86,267.86,1407000
2019-07-10,268.84,268.69,268.69,1978600
2019-07-11,269.66,270.92,270.92,2238500
2019-07-12,271.66,273.39,273.39,2411200
2019-07-15,273.55,273.6,273.6,2624500
2019-07-16,273.62,273.42,273.42,1780400
2019-07-17,273.34,272.28,272.28,1550800
2019-07-18,271.66,272.27,272.27,2119000
2019-07-19,273.18,271.45,271.45,2364300
2019-07-22,271.77,271.65,271.65,1623500
2019-07-23,272.79,273.35,273.35,1722900
2019-07-24,272.25,272.61,272.61,2355400
2019-07-25,272.48,271.39,271.39,2348600
2019-07-26,271.65,271.86,271.86,1731300
2019-07-29,271.86,272.13,272.13,1346000
2019-07-30,271.09,271.91,271.91,1670600
2019-07-31,272.3,268.52,268.52,5058800
2019-08-01,268.82,265.76,265.76,7225300
2019-08-02,265.21,264.81,264.81,5691500
2019-08-05,260.99,257.1,257.1,6608200
2019-08-06,258.55,260.29,260.29,4991000
2019-08-07,257.13,260.24,260.24,5089500
2019-08-08,261.46,264.13,264.13,3637100
2019-08-09,263.44,263.18,263.18,3773000
2019-08-12,261.42,259.4,259.4,3072700
2019-08-13,259.07,263.17,263.17,4326300
2019-08-14,259.18,255.08,255.08,6148000
2019-08-15,256.24,256.36,256.36,4034800
2019-08-16,257.39,258.88,258.88,2743200
2019-08-19,262.04,261.34,261.34,1971800
2019-08-20,261.01,259.69,259.69,1975200
2019-08-21,261.83,262.03,262.03,2156300
2019-08-22,262.71,262.56,262.56,2329200
2019-08-23,261.27,256.29,256.29,6293900
2019-08-26,259.0,259.1,259.1,3145200
2019-08-27,260.51,257.8,257.8,3077200
2019-08-28,257.02,260.39,260.39,2741700
2019-08-29,262.94,263.9,263.9,3740600
2019-08-30,265.27,264.13,264.13,2442400
2019-09-03,262.07,261.42,261.42,3082900
2019-09-04,263.58,263.93,263.93,1963100
2019-09-05,266.73,267.68,267.68,3614800
2019-09-06,268.07,268.32,268.32,2470100
2019-09-09,268.85,268.8,268.8,2243400
2019-09-10,268.48,269.39,269.39,2654300
2019-09-11,269.72,271.69,271.69,1899800
2019-09-12,272.62,272.32,272.32,3272200
2019-09-13,273.02,272.6,272.6,2182700
2019-09-16,271.6,271.17,271.17,4077500
2019-09-17,270.59,271.56,271.56,1756200
2019-09-18,271.24,271.97,271.97,3052600
2019-09-19,272.47,271.42,271.42,2965600
2019-09-20,271.39,269.25,269.25,4076900
2019-09-23,268.25,269.36,269.36,1898300
2019-09-24,270.42,267.97,267.97,3733300
2019-09-25,268.4,269.58,269.58,3391800
2019-09-26,270.01,268.88,268.88,2401100
2019-09-27,269.58,267.99,267.99,3171000
2019-09-30,268.51,269.18,269.18,2128800
2019-10-01,269.76,265.5,265.5,3558400
2019-10-02,264.06,260.72,260.72,6690100
2019-10-03,260.31,262.01,262.01,5610300
2019-10-04,262.88,265.66,265.66,2937500
2019-10-07,264.92,264.74,264.74,2104200
2019-10-08,262.64,261.58,261.58,3505200
2019-10-09,263.44,263.43,263.43,2020800
2019-10-10,263.23,265.01,265.01,2100800
2019-10-11,267.77,268.16,268.16,4177000
2019-10-14,267.6,267.86,267.86,1194600
2019-10-15,269.12,270.22,270.22,3168900
2019-10-16,269.79,270.08,270.08,2415000
2019-10-17,270.67,270.38,270.38,1883400
2019-10-18,269.61,267.64,267.64,2232400
2019-10-21,268.06,268.21,268.21,1379600
2019-10-22,268.48,267.82,267.82,2534300
2019-10-23,268.12,268.24,268.24,1693400
2019-10-24,269.02,267.98,267.98,1843700
2019-10-25,267.72,269.6,269.6,1825200
2019-10-28,270.78,270.81,270.81,1809600
2019-10-29,270.47,270.87,270.87,2884600
2019-10-30,270.87,271.74,271.74,2144700
2019-10-31,271.57,270.48,270.48,3021000
2019-11-01,271.86,273.34,273.34,2989400
2019-11-04,274.73,274.55,274.55,1543200
2019-11-05,275.08,274.81,274.81,1706300
2019-11-06,275.02,274.8,274.8,1605900
2019-11-07,276.56,277.05,277.05,3023800
2019-11-08,277.16,277.07,277.07,1512000
2019-11-11,275.79,277.16,277.16,1729000
2019-11-12,277.43,277.29,277.29,1694000
2019-11-13,276.34,278.05,278.05,2595600
2019-11-14,277.88,278.23,278.23,1582600
2019-11-15,278.87,279.94,279.94,2363300
2019-11-18,279.76,280.27,280.27,1790500
2019-11-19,280.83,279.33,279.33,1928300
2019-11-20,278.64,278.2,278.2,2463600
2019-11-21,278.33,277.72,277.72,1382100
2019-11-22,278.38,278.86,278.86,1419300
2019-11-25,279.68,280.8,280.8,1811100
2019-11-26,281.07,281.36,281.36,1300300
2019-11-27,281.61,281.91,281.91,1786300
2019-11-29,281.3,280.95,280.95,811900
2019-12-02,281.45,278.2,278.2,2544300
2019-12-03,275.43,275.51,275.51,3834300
2019-12-04,277.0,277.05,277.05,1928500
2019-12-05,277.86,277.36,277.36,1453000
2019-12-06,279.45,280.7,280.7,2686400
2019-12-09,280.44,279.76,279.76,1206100
2019-12-10,279.69,279.46,279.46,1406900
2019-12-11,279.13,279.72,279.72,1921700
2019-12-12,279.52,281.95,281.95,3768600
2019-12-13,281.93,282.11,282.11,3065500
2019-12-16,282.93,283.07,283.07,2117200
2019-12-17,283.19,283.4,283.4,1697900
2019-12-18,283.79,283.21,283.21,1592600
2019-12-19,283.65,284.46,284.46,1815100
2019-12-20,284.76,284.46,284.46,3637000
2019-12-23,285.34,285.33,285.33,2564700
2019-12-24,285.63,285.01,285.01,611600
2019-12-26,285.23,286.06,286.06,931600
2019-12-27,286.83,286.33,286.33,1930200
2019-12-30,286.34,284.53,284.53,2552900
2019-12-31,283.91,285.1,285.1,1341300
2020-01-02,286.44,288.62,288.62,3865500
2020-01-03,285.34,286.32,286.32,3296700
2020-01-06,284.29,286.98,286.98,1645100
2020-01-07,286.3,285.74,285.74,1413000
2020-01-08,285.32,287.4,287.4,3136700
2020-01-09,288.95,289.56,289.56,1783100
2020-01-10,289.96,288.24,288.24,2989600
2020-01-13,288.79,289.02,289.02,1463300
2020-01-14,288.87,289.22,289.22,2198500
2020-01-15,289.01,290.35,290.35,2195100
2020-01-16,291.63,292.93,292.93,2522000
2020-01-17,293.52,293.27,293.27,2147400
2020-01-21,292.44,291.83,291.83,4476900
2020-01-22,292.5,291.81,291.81,2077000
2020-01-23,290.75,291.54,291.54,1872600
2020-01-24,292.54,289.8,289.8,3612500
2020-01-27,284.85,285.36,285.36,4129100
2020-01-28,286.22,287.29,287.29,2999200
2020-01-29,288.99,287.29,287.29,2126300
2020-01-30,285.67,288.54,288.54,3433200
2020-01-31,286.96,282.42,282.42,4885700
2020-02-03,283.69,283.98,283.98,3157400
2020-02-04,287.68,288.04,288.04,3004100
2020-02-05,290.76,292.86,292.86,3305900
2020-02-06,294.02,293.74,293.74,2857200
2020-02-07,292.76,291.19,291.19,3839300
2020-02-10,290.2,292.95,292.95,2877700
2020-02-11,294.35,292.94,292.94,1994500
2020-02-12,294.63,295.72,295.72,2804400
2020-02-13,294.39,294.82,294.82,2638000
2020-02-14,294.97,294.54,294.54,1861700
2020-02-18,293.15,292.95,292.95,2397800
2020-02-19,293.77,294.1,294.1,1474400
2020-02-20,293.56,292.78,292.78,3493900
2020-02-21,290.8,289.74,289.74,3271800
2020-02-24,280.33,279.56,279.56,6595200
2020-02-25,280.8,270.7,270.7,9903700
2020-02-26,271.99,269.74,269.74,7477600
2020-02-27,264.86,257.5,257.5,11188900
2020-02-28,250.52,254.56,254.56,17541400
2020-03-02,256.71,267.03,267.03,8544500
2020-03-03,267.8,259.3,259.3,11482600
2020-03-04,265.45,270.89,270.89,5408100
2020-03-05,264.27,261.46,261.46,5872900
2020-03-06,253.67,258.85,258.85,7372400
2020-03-09,241.5,238.72,238.72,10406900
2020-03-10,247.29,250.47,250.47,9407100
2020-03-11,243.54,235.84,235.84,7687200
2020-03-12,220.5,212.11,212.11,17322600
2020-03-13,225.65,232.11,232.11,13676000
2020-03-16,206.5,202.49,202.49,12407000
2020-03-17,207.01,213.47,213.47,16128100
2020-03-18,199.07,199.39,199.39,13369800
2020-03-19,198.37,201.31,201.31,13532100
2020-03-20,203.29,191.9,191.9,12206000
2020-03-23,190.13,186.13,186.13,15712300
2020-03-24,196.27,206.64,206.64,14123600
2020-03-25,210.57,212.06,212.06,17556100
2020-03-26,214.43,225.07,225.07,16071900
2020-03-27,217.61,216.35,216.35,10545600
2020-03-30,217.36,223.1,223.1,7691800
2020-03-31,221.95,219.23,219.23,8426600
2020-04-01,210.65,209.38,209.38,8570300
2020-04-02,208.31,213.96,213.96,8231900
2020-04-03,212.73,210.6,210.6,6664500
2020-04-06,218.95,226.53,226.53,10322500
2020-04-07,235.46,226.6,226.6,10857700
2020-04-08,229.14,234.33,234.33,7010200
2020-04-09,237.84,237.14,237.14,9393200
2020-04-13,236.41,233.96,233.96,6761900
2020-04-14,238.7,239.68,239.68,5391900
2020-04-15,234.48,235.08,235.08,6828000
2020-04-16,235.7,235.34,235.34,6126400
2020-04-17,241.6,242.43,242.43,5924500
2020-04-20,238.24,236.64,236.64,7357400
2020-04-21,231.33,230.22,230.22,6571400
2020-04-22,234.4,234.77,234.77,4318000
2020-04-23,235.51,235.07,235.07,6364800
2020-04-24,236.61,237.83,237.83,3568500
2020-04-27,239.12,241.32,241.32,3632500
2020-04-28,245.01,241.09,241.09,4709900
2020-04-29,245.48,246.45,246.45,5015300
2020-04-30,244.2,243.22,243.22,4928900
2020-05-01,239.58,237.28,237.28,4723500
2020-05-04,235.21,237.42,237.42,3845500
2020-05-05,240.02,238.8,238.8,3143500
2020-05-06,240.34,236.86,236.86,3082300
2020-05-07,239.24,238.91,238.91,3411500
2020-05-08,242.27,243.62,243.62,3894800
2020-05-11,241.68,242.56,242.56,2743000
2020-05-12,243.81,238.08,238.08,6433900
2020-05-13,236.96,232.82,232.82,7531300
2020-05-14,230.08,236.75,236.75,6964500
2020-05-15,234.16,236.91,236.91,4811100
2020-05-18,243.51,245.93,245.93,5207700
2020-05-19,245.45,242.22,242.22,4404700
2020-05-20,245.4,245.73,245.73,3280600
2020-05-21,245.55,245.02,245.02,3378200
2020-05-22,244.91,244.88,244.88,2521100
2020-05-26,250.84,250.25,250.25,4872300
2020-05-27,253.73,255.77,255.77,5326100
2020-05-28,257.87,254.35,254.35,4957600
2020-05-29,253.27,254.29,254.29,5082300
2020-06-01,253.78,255.27,255.27,2060800
2020-06-02,256.55,257.85,257.85,3045800
2020-06-03,260.35,263.17,263.17,5184500
2020-06-04,262.37,263.33,263.33,3937100
2020-06-05,270.4,271.54,271.54,7866800
2020-06-08,272.9,276.28,276.28,4667600
2020-06-09,273.24,273.38,273.38,4632600
2020-06-10,273.2,270.46,270.46,6531200
2020-06-11,262.14,252.03,252.03,14257800
2020-06-12,259.0,256.74,256.74,9817200
2020-06-15,250.29,258.35,258.35,7421300
2020-06-16,267.09,263.82,263.82,9238000
2020-06-17,264.61,261.82,261.82,3669300
2020-06-18,260.04,261.45,261.45,3268700
2020-06-19,264.21,258.8,258.8,5852600
2020-06-22,257.88,260.32,260.32,2823500
2020-06-23,262.83,261.5,261.5,2948000
2020-06-24,259.22,254.63,254.63,5903500
2020-06-25,253.34,257.44,257.44,4312300
2020-06-26,255.65,250.38,250.38,5331400
2020-06-29,252.18,255.91,255.91,3759000
2020-06-30,255.07,257.87,257.87,3667900
2020-07-01,258.87,257.31,257.31,3575300
2020-07-02,261.15,258.42,258.42,3830000
2020-07-06,262.16,263.0,263.0,2989100
2020-07-07,261.1,259.04,259.04,2828700
2020-07-08,259.64,260.72,260.72,2837800
2020-07-09,260.87,257.24,257.24,3995600
2020-07-10,257.2,260.82,260.82,3110100
2020-07-13,263.06,261.04,261.04,4876000
2020-07-14,260.54,266.59,266.59,7614300
2020-07-15,270.47,268.91,268.91,5220600
2020-07-16,267.16,267.47,267.47,2478100
2020-07-17,267.95,266.74,266.74,3415100
2020-07-20,266.39,266.82,266.82,4017400
2020-07-21,268.82,268.34,268.34,3173200
2020-07-22,267.82,269.98,269.98,2039300
2020-07-23,269.64,266.69,266.69,2838000
2020-07-24,265.15,264.69,264.69,2637700
2020-07-27,264.77,265.95,265.95,2637900
2020-07-28,264.92,263.93,263.93,1989300
2020-07-29,264.19,265.5,265.5,1917900
2020-07-30,262.48,263.28,263.28,3055600
2020-07-31,263.76,264.35,264.35,3306800
2020-08-03,265.67,266.72,266.72,2569300
2020-08-04,266.29,268.41,268.41,1909800
2020-08-05,269.99,272.0,272.0,2122900
2020-08-06,271.63,273.9,273.9,1948100
2020-08-07,273.23,274.62,274.62,2311300
2020-08-10,275.51,278.14,278.14,2313900
2020-08-11,280.9,277.19,277.19,4546400
2020-08-12,279.84,280.04,280.04,2641600
2020-08-13,279.13,279.42,279.42,1668300
2020-08-14,278.23,279.8,279.8,2247000
2020-08-17,280.14,278.95,278.95,2436900
2020-08-18,279.1,278.2,278.2,1678300
2020-08-19,278.68,277.43,277.43,3374300
2020-08-20,276.04,277.87,277.87,2063700
2020-08-21,277.04,279.29,279.29,2601200
2020-08-24,281.72,283.18,283.18,2622800
2020-08-25,284.23,282.62,282.62,3346000
2020-08-26,282.61,283.43,283.43,2647500
2020-08-27,284.44,285.04,285.04,3432800
2020-08-28,286.23,286.7,286.7,2715500
2020-08-31,286.26,284.28,284.28,4070100
2020-09-01,283.73,286.79,286.79,3023600
2020-09-02,288.08,291.21,291.21,3464300
2020-09-03,290.97,283.34,283.34,6118500
2020-09-04,284.91,281.77,281.77,7145800
2020-09-08,278.82,275.42,275.42,4780100
2020-09-09,278.09,279.85,279.85,3488900
2020-09-10,281.13,275.79,275.79,3455800
2020-09-11,276.95,277.09,277.09,2787500
2020-09-14,278.92,280.53,280.53,2371700
2020-09-15,282.42,280.58,280.58,2331800
2020-09-16,281.54,281.03,281.03,2651800
2020-09-17,277.69,279.57,279.57,3305300
2020-09-18,279.02,276.52,276.52,3156700
2020-09-21,271.58,271.44,271.44,5936900
2020-09-22,271.67,272.81,272.81,3169800
2020-09-23,274.18,267.58,267.58,3575900
2020-09-24,266.86,268.1,268.1,4432100
2020-09-25,266.76,271.7,271.7,3606800
2020-09-28,275.26,275.9,275.9,2790200
2020-09-29,275.6,274.42,274.42,1971100
2020-09-30,275.0,277.5,277.5,4028500
2020-10-01,279.33,278.14,278.14,2968000
2020-10-02,274.17,276.8,276.8,4771600
2020-10-05,278.79,281.51,281.51,1862500
2020-10-06,282.54,277.72,277.72,4364400
2020-10-07,280.28,282.92,282.92,2422600
2020-10-08,284.52,284.29,284.29,2148000
2020-10-09,285.61,285.93,285.93,2549100
2020-10-12,286.95,288.46,288.46,2534800
2020-10-13,287.66,286.74,286.74,2430600
2020-10-14,287.22,285.13,285.13,2264000
2020-10-15,282.03,285.04,285.04,3128000
2020-10-16,286.24,285.97,285.97,2409300
2020-10-19,286.64,282.03,282.03,2837600
2020-10-20,283.16,282.95,282.95,3339000
2020-10-21,282.54,281.97,281.97,2907100
2020-10-22,282.1,283.65,283.65,2324200
2020-10-23,284.45,283.34,283.34,2161000
2020-10-26,280.14,277.0,277.0,5140600
2020-10-27,276.95,274.66,274.66,3029800
2020-10-28,269.0,265.48,265.48,5815200
2020-10-29,265.13,266.59,266.59,5479400
2020-10-30,265.03,265.06,265.06,5271200
2020-11-02,268.9,269.2,269.2,5062900
2020-11-03,272.66,274.65,274.65,4343000
2020-11-04,275.9,278.51,278.51,6766400
2020-11-05,282.29,283.91,283.91,4316200
2020-11-06,283.95,283.22,283.22,3078200
2020-11-09,298.61,291.72,291.72,10839300
2020-11-10,293.3,294.51,294.51,4354500
2020-11-11,296.07,294.11,294.11,2910400
2020-11-12,292.22,291.05,291.05,4361900
2020-11-13,292.97,295.15,295.15,3090400
2020-11-16,299.28,299.98,299.98,4615000
2020-11-17,297.31,298.31,298.31,4049200
2020-11-18,299.2,294.76,294.76,3566400
2020-11-19,294.06,295.33,295.33,3266600
2020-11-20,294.22,292.53,292.53,3090200
2020-11-23,294.26,295.89,295.89,2855600
2020-11-24,298.94,300.43,300.43,4022700
2020-11-25,299.95,298.74,298.74,2629200
2020-11-27,299.44,299.24,299.24,1518000
2020-11-30,297.52,296.62,296.62,4159300
2020-12-01,299.73,298.44,298.44,2841100
2020-12-02,297.1,299.18,299.18,2481700
2020-12-03,299.38,300.06,300.06,3140900
2020-12-04,300.74,302.59,302.59,2747300
2020-12-07,301.77,301.1,301.1,2589900
2020-12-08,300.01,302.2,302.2,2205400
2020-12-09,303.22,300.88,300.88,3074500
2020-12-10,299.99,300.54,300.54,2413000
2020-12-11,299.43,300.93,300.93,2454300
2020-12-14,303.02,299.1,299.1,3646100
2020-12-15,300.95,302.62,302.62,4211500
2020-12-16,302.54,302.15,302.15,1977300
2020-12-17,303.22,303.49,303.49,3002900
2020-12-18,303.07,301.9,301.9,4442100
2020-12-21,298.79,302.14,302.14,6340800
2020-12-22,301.84,300.07,300.07,2698200
2020-12-23,301.2,301.28,301.28,2714400
2020-12-24,301.66,302.02,302.02,1955700
2020-12-28,303.69,304.0,304.0,2382400
2020-12-29,305.43,303.46,303.46,2319600
2020-12-30,304.11,304.13,304.13,2081300
2020-12-31,304.0,305.79,305.79,2797000
2021-01-04,306.59,302.32,302.32,5106600
2021-01-05,301.93,303.84,303.84,3355200
2021-01-06,303.75,308.21,308.21,7290300
2021-01-07,309.72,310.5,310.5,4107900
2021-01-08,311.25,311.04,311.04,3234900
2021-01-11,308.49,310.17,310.17,2811400
2021-01-12,310.18,310.74,310.74,2290900
2021-01-13,310.63,310.63,310.63,1854400
2021-01-14,311.59,310.05,310.05,3232400
2021-01-15,308.01,308.12,308.12,4009100
2021-01-19,310.36,309.32,309.32,2781700
2021-01-20,310.43,311.77,311.77,2398400
2021-01-21,312.01,311.87,311.87,1930000
2021-01-22,309.86,309.97,309.97,2049700
2021-01-25,308.99,309.65,309.65,4546400
2021-01-26,310.54,309.39,309.39,2256100
2021-01-27,306.54,303.26,303.26,5743100
2021-01-28,304.98,306.07,306.07,6392100
2021-01-29,303.92,299.81,299.81,5929900
2021-02-01,302.28,302.02,302.02,3138600
2021-02-02,304.54,306.82,306.82,3090500
2021-02-03,306.1,307.26,307.26,2087800
2021-02-04,307.85,310.67,310.67,2638800
2021-02-05,312.36,311.54,311.54,1955600
2021-02-08,312.7,313.89,313.89,1690000
2021-02-09,313.26,313.92,313.92,1798700
2021-02-10,315.17,314.5,314.5,3048000
2021-02-11,315.09,314.68,314.68,1937100
2021-02-12,314.28,315.04,315.04,2479500
2021-02-16,316.33,315.58,315.58,1836300
2021-02-17,314.69,316.6,316.6,2007400
2021-02-18,314.75,315.56,315.56,2609600
2021-02-19,315.61,314.92,314.92,2314900
2021-02-22,312.9,315.21,315.21,2978000
2021-02-23,314.77,315.39,315.39,5723400
2021-02-24,314.68,319.53,319.53,4290300
2021-02-25,319.71,313.98,313.98,7648600
2021-02-26,314.42,309.45,309.45,7925600
2021-03-01,313.48,315.59,315.59,4749700
2021-03-02,315.72,314.19,314.19,4075700
2021-03-03,313.94,312.99,312.99,5148100
2021-03-04,313.19,309.58,309.58,8577600
2021-03-05,312.5,315.24,315.24,7016100
2021-03-08,316.75,318.25,318.25,8230700
2021-03-09,319.47,318.61,318.61,5829900
2021-03-10,320.53,323.33,323.33,6472200
2021-03-11,324.71,325.33,325.33,5745900
2021-03-12,325.67,328.31,328.31,4257200
2021-03-15,329.18,330.09,330.09,4456000
2021-03-16,329.85,328.86,328.86,3270600
2021-03-17,329.21,330.77,330.77,4338200
2021-03-18,330.3,329.36,329.36,5376500
2021-03-19,328.09,326.01,326.01,5628800
2021-03-22,325.55,327.24,327.24,3807600
2021-03-23,326.32,324.06,324.06,5068400
2021-03-24,325.28,324.08,324.08,6099000
2021-03-25,322.71,326.19,326.19,5557900
2021-03-26,327.6,330.61,330.61,4956600
2021-03-29,329.29,331.66,331.66,5200900
2021-03-30,331.05,330.82,330.82,4568800
2021-03-31,330.61,330.18,330.18,3763700
2021-04-01,330.78,331.45,331.45,5936100
2021-04-05,333.94,335.2,335.2,5632700
2021-04-06,334.69,334.37,334.37,2987500
2021-04-07,334.14,334.37,334.37,2658500
2021-04-08,334.3,335.13,335.13,2665000
2021-04-09,335.72,337.86,337.86,3034700
2021-04-12,337.26,337.55,337.55,2951500
2021-04-13,336.63,336.79,336.79,3391700
2021-04-14,336.81,337.53,337.53,3966800
2021-04-15,338.83,340.44,340.44,3881800
2021-04-16,341.73,341.86,341.86,3748900
2021-04-19,341.07,340.75,340.75,3222800
2021-04-20,339.4,338.12,338.12,3762900
2021-04-21,337.63,341.3,341.3,4191200
2021-04-22,341.12,338.12,338.12,4962500
2021-04-23,337.75,340.43,340.43,3613900
2021-04-26,341.15,339.87,339.87,2090900
2021-04-27,339.6,339.83,339.83,2732700
2021-04-28,339.23,338.37,338.37,3025100
2021-04-29,339.89,340.57,340.57,3688400
2021-04-30,338.92,338.94,338.94,2909600
2021-05-03,340.79,341.11,341.11,2698400
2021-05-04,339.99,341.49,341.49,4478300
2021-05-05,342.25,342.28,342.28,3506100
2021-05-06,342.93,345.51,345.51,4276700
2021-05-07,345.17,347.88,347.88,3526500
2021-05-10,349.26,347.74,347.74,6092500
2021-05-11,344.99,342.91,342.91,8396400
2021-05-12,341.55,336.0,336.0,7034100
2021-05-13,336.3,340.45,340.45,5741300
2021-05-14,342.31,344.26,344.26,4677300
2021-05-17,343.33,343.65,343.65,3262200
2021-05-18,343.85,341.11,341.11,3462300
2021-05-19,337.56,339.44,339.44,7223900
2021-05-20,339.74,341.52,341.52,4532800
2021-05-21,342.29,342.04,342.04,4481000
2021-05-24,343.37,343.96,343.96,2531800
2021-05-25,344.68,343.18,343.18,2623200
2021-05-26,343.56,343.27,343.27,2064500
2021-05-27,345.35,344.6,344.6,3026200
2021-05-28,346.38,345.64,345.64,2641400
2021-06-01,348.54,345.87,345.87,2584300
2021-06-02,346.75,346.36,346.36,2576700
2021-06-03,344.61,346.02,346.02,4436400
2021-06-04,347.07,347.9,347.9,2594200
2021-06-07,348.5,346.59,346.59,2224300
2021-06-08,346.69,346.34,346.34,2748700
2021-06-09,346.54,344.79,344.79,2591200
2021-06-10,346.54,344.98,344.98,3089400
2021-06-11,346.03,345.12,345.12,3003000
2021-06-14,344.83,344.3,344.3,2527000
2021-06-15,344.51,343.41,343.41,2138500
2021-06-16,343.41,340.76,340.76,4032000
2021-06-17,340.56,338.65,338.65,5169100
2021-06-18,334.35,332.96,332.96,7126600
2021-06-21,335.26,338.78,338.78,5435700
2021-06-22,338.73,339.45,339.45,4042100
2021-06-23,339.59,338.78,338.78,3082700
2021-06-24,340.67,341.98,341.98,3704700
2021-06-25,343.69,344.45,344.45,3638000
2021-06-28,344.33,342.8,342.8,3606300
2021-06-29,343.98,342.86,342.86,2375800
2021-06-30,342.38,344.95,344.95,3778900
2021-07-01,345.78,346.36,346.36,3606900
2021-07-02,347.04,347.94,347.94,3013500
2021-07-06,347.75,345.82,345.82,3910600
2021-07-07,345.65,346.92,346.92,3347000
2021-07-08,342.56,344.38,344.38,6379900
2021-07-09,346.57,348.73,348.73,5063100
2021-07-12,348.01,350.03,350.03,3999800
2021-07-13,349.53,349.0,349.0,3310200
2021-07-14,350.19,349.41,349.41,3933300
2021-07-15,347.9,349.94,349.94,5082600
2021-07-16,350.72,346.74,346.74,5710400
2021-07-19,341.79,339.88,339.88,9715300
2021-07-20,340.29,345.08,345.08,5802200
2021-07-21,346.97,347.99,347.99,3056800
2021-07-22,347.77,348.26,348.26,2429300
2021-07-23,350.0,350.57,350.57,4142300
2021-07-26,350.0,351.41,351.41,2466600
2021-07-27,350.02,350.62,350.62,3902600
2021-07-28,351.02,349.36,349.36,3697700
2021-07-29,350.95,350.82,350.82,2425700
2021-07-30,349.88,349.48,349.48,3576700
2021-08-02,350.45,348.35,348.35,2827100
2021-08-03,349.09,351.09,351.09,3819300
2021-08-04,349.59,347.99,347.99,3118500
2021-08-05,348.85,350.61,350.61,2261400
2021-08-06,351.62,352.09,352.09,2123700
2021-08-09,351.6,351.15,351.15,2322500
2021-08-10,351.41,352.73,352.73,2841000
2021-08-11,353.94,354.94,354.94,3422500
2021-08-12,355.19,355.23,355.23,3118600
2021-08-13,355.85,355.39,355.39,2414900
2021-08-16,354.41,356.57,356.57,3634600
2021-08-17,353.91,353.83,353.83,5019600
2021-08-18,352.62,350.12,350.12,4038000
2021-08-19,347.33,349.48,349.48,5442200
2021-08-20,348.98,351.16,351.16,3394800
2021-08-23,352.96,353.45,353.45,3569200
2021-08-24,354.08,353.74,353.74,1981400
2021-08-25,353.78,354.18,354.18,2434700
2021-08-26,354.47,352.16,352.16,3008900
2021-08-27,352.65,354.57,354.57,3163700
2021-08-30,354.96,354.08,354.08,2482000
2021-08-31,353.8,353.92,353.92,2913800
2021-09-01,354.29,353.55,353.55,2739200
2021-09-02,354.78,354.87,354.87,2390000
2021-09-03,353.68,354.14,354.14,2465400
2021-09-07,353.64,351.44,351.44,3168500
2021-09-08,350.82,350.73,350.73,3075700
2021-09-09,350.56,349.31,349.31,3484700
2021-09-10,351.25,346.7,346.7,4539000
2021-09-13,348.91,349.3,349.3,5439700
2021-09-14,350.4,346.47,346.47,3902200
2021-09-15,346.41,348.82,348.82,3267300
2021-09-16,348.91,348.18,348.18,3646000
2021-09-17,346.85,345.64,345.64,5380900
2021-09-20,340.22,339.4,339.4,10010600
2021-09-21,341.41,339.11,339.11,6071100
2021-09-22,341.16,342.5,342.5,6862700
2021-09-23,344.81,347.56,347.56,5592200
2021-09-24,346.5,347.87,347.87,3121600
2021-09-27,348.29,348.61,348.61,3426000
2021-09-28,347.31,342.92,342.92,7493800
2021-09-29,343.87,343.77,343.77,4116600
2021-09-30,345.08,338.29,338.29,7926000
2021-10-01,340.03,343.18,343.18,6219800
2021-10-04,342.61,340.01,340.01,7037700
2021-10-05,341.13,343.13,343.13,3826100
2021-10-06,340.48,344.12,344.12,6276300
2021-10-07,346.87,347.63,347.63,5310400
2021-10-08,347.92,347.53,347.53,3658300
2021-10-11,347.66,344.98,344.98,4098400
2021-10-12,345.49,343.78,343.78,5100300
2021-10-13,343.95,343.89,343.89,4189100
2021-10-14,347.21,349.13,349.13,4473900
2021-10-15,351.65,352.85,352.85,4206800
2021-10-18,351.34,352.5,352.5,3310600
2021-10-19,353.67,354.46,354.46,2380900
2021-10-20,354.51,356.03,356.03,2873800
2021-10-21,355.39,355.96,355.96,2243800
2021-10-22,355.97,356.74,356.74,3872300
2021-10-25,357.36,357.55,357.55,2518200
2021-10-26,358.56,357.5,357.5,3182200
2021-10-27,358.09,354.98,354.98,3542100
2021-10-28,355.75,357.3,357.3,2490500
2021-10-29,356.65,358.23,358.23,2979600
2021-11-01,359.45,359.13,359.13,2548400
2021-11-02,359.41,360.57,360.57,2629000
2021-11-03,359.91,361.56,361.56,3557400
2021-11-04,361.34,361.35,361.35,3870900
2021-11-05,362.96,363.3,363.3,4489000
2021-11-08,365.06,364.32,364.32,3056000
2021-11-09,364.19,363.28,363.28,3680600
2021-11-10,362.52,361.07,361.07,3529000
2021-11-11,361.19,359.46,359.46,2461200
2021-11-12,360.69,361.28,361.28,3099800
2021-11-15,362.6,361.24,361.24,2555000
2021-11-16,361.82,361.93,361.93,2728600
2021-11-17,361.44,359.85,359.85,2976000
2021-11-18,360.03,359.35,359.35,3438100
2021-11-19,357.89,355.91,355.91,3542200
2021-11-22,357.48,356.2,356.2,4929200
2021-11-23,356.28,358.02,358.02,5789300
2021-11-24,356.06,358.03,358.03,4246700
2021-11-26,350.33,349.02,349.02,9075000
2021-11-29,352.59,351.19,351.19,5243000
2021-11-30,348.7,344.9,344.9,9543500
2021-12-01,348.04,340.46,340.46,8415000
2021-12-02,341.81,346.61,346.61,8326400
2021-12-03,347.86,346.24,346.24,11365300
2021-12-06,349.26,352.82,352.82,7026500
2021-12-07,355.93,357.74,357.74,5271500
2021-12-08,358.17,357.99,357.99,3355600
2021-12-09,356.75,358.11,358.11,3774500
2021-12-10,359.59,360.23,360.23,3855200
2021-12-13,359.43,357.04,357.04,4563000
2021-12-14,355.71,356.17,356.17,4079700
2021-12-15,355.83,359.81,359.81,9274900
2021-12-16,361.27,359.44,359.44,9493700
2021-12-17,356.3,353.63,353.63,10638300
2021-12-20,349.38,349.27,349.27,7303400
2021-12-21,352.16,354.91,354.91,4693300
2021-12-22,354.95,357.39,357.39,2999500
2021-12-23,358.39,359.36,359.36,2655000
2021-12-27,360.06,362.92,362.92,2594300
2021-12-28,363.11,363.99,363.99,3048500
2021-12-29,363.9,364.84,364.84,3012200
2021-12-30,365.69,364.07,364.07,2863200
2021-12-31,363.51,363.32,363.32,3133800
2022-01-03,364.34,365.68,365.68,5624100
2022-01-04,367.34,367.87,367.87,5462200
2022-01-05,367.71,364.09,364.09,7638000
2022-01-06,364.11,362.39,362.39,7019800
2022-01-07,361.89,362.31,362.31,5806300
2022-01-10,361.07,360.79,360.79,8091800
2022-01-11,360.69,362.54,362.54,7310900
2022-01-12,363.73,362.95,362.95,4493200
2022-01-13,364.21,361.2,361.2,6418100
2022-01-14,358.21,359.14,359.14,8575400
2022-01-18,355.33,353.85,353.85,8166100
2022-01-19,354.91,350.35,350.35,7386500
2022-01-20,351.48,347.33,347.33,8968700
2022-01-21,347.09,342.35,342.35,16301600
2022-01-24,338.43,343.81,343.81,29707000
2022-01-25,340.26,342.96,342.96,18657900
2022-01-26,346.04,341.46,341.46,19047300
2022-01-27,344.4,341.55,341.55,12854100
2022-01-28,341.86,347.11,347.11,12008900
2022-01-31,345.78,351.08,351.08,8379100
2022-02-01,351.66,353.94,353.94,7636000
2022-02-02,353.59,356.03,356.03,8856400
2022-02-03,354.82,350.98,350.98,9339900
2022-02-04,350.4,350.87,350.87,8532300
2022-02-07,351.26,350.9,350.9,4746200
2022-02-08,351.6,354.54,354.54,4568400
2022-02-09,357.35,357.67,357.67,4781700
2022-02-10,354.78,352.55,352.55,10298500
2022-02-11,352.46,347.29,347.29,8211500
2022-02-14,346.72,345.89,345.89,7315100
2022-02-15,348.93,350.22,350.22,4932200
2022-02-16,348.76,349.67,349.67,4496500
2022-02-17,347.43,343.68,343.68,4433500
2022-02-18,342.9,340.98,340.98,6193700
2022-02-22,338.79,336.01,336.01,7942700
2022-02-23,338.16,331.52,331.52,5732600
2022-02-24,322.82,332.34,332.34,14167100
2022-02-25,333.68,340.54,340.54,9496300
2022-02-28,335.95,339.34,339.34,8217300
2022-03-01,337.27,333.16,333.16,8532900
2022-03-02,335.27,339.0,339.0,6836200
2022-03-03,340.71,338.13,338.13,7790700
2022-03-04,334.61,336.47,336.47,6025000
2022-03-07,335.2,328.47,328.47,6590800
2022-03-08,328.49,326.53,326.53,8209800
2022-03-09,333.12,333.4,333.4,4669200
2022-03-10,329.32,332.11,332.11,3317400
2022-03-11,334.1,330.02,330.02,6923400
2022-03-14,331.75,330.07,330.07,5640600
2022-03-15,332.0,336.19,336.19,6648500
2022-03-16,339.19,341.36,341.36,9577100
2022-03-17,339.94,345.45,345.45,6032900
2022-03-18,343.62,347.19,347.19,5903900
2022-03-21,346.61,345.44,345.44,4329900
2022-03-22,347.12,348.14,348.14,4430800
2022-03-23,345.75,343.41,343.41,4098700
2022-03-24,344.49,347.06,347.06,3550000
2022-03-25,347.8,348.54,348.54,3206200
2022-03-28,347.75,349.49,349.49,2962400
2022-03-29,352.66,352.97,352.97,4711800
2022-03-30,352.15,352.12,352.12,3909800
2022-03-31,351.07,346.83,346.83,3978900
2022-04-01,348.15,348.01,348.01,3560200
2022-04-04,347.64,349.24,349.24,3829900
2022-04-05,347.82,346.34,346.34,4331700
2022-04-06,343.59,344.75,344.75,5431300
2022-04-07,343.77,345.97,345.97,4599900
2022-04-08,345.71,347.37,347.37,4535900
2022-04-11,345.36,343.2,343.2,5344400
2022-04-12,344.41,342.22,342.22,4501400
2022-04-13,341.69,345.76,345.76,3605000
2022-04-14,346.71,344.29,344.29,4179600
2022-04-18,343.87,344.1,344.1,3939000
2022-04-19,344.29,349.12,349.12,4261200
2022-04-20,351.06,351.53,351.53,5677000
2022-04-21,353.96,347.71,347.71,5369600
2022-04-22,346.34,338.27,338.27,6855100
2022-04-25,336.45,340.56,340.56,6806600
2022-04-26,338.03,332.45,332.45,7619800
2022-04-27,333.88,333.03,333.03,6894400
2022-04-28,335.24,339.29,339.29,5976600
2022-04-29,337.62,329.69,329.69,6495600
2022-05-02,330.35,330.74,330.74,9221700
2022-05-03,331.18,331.25,331.25,6051000
2022-05-04,331.8,340.59,340.59,10569700
2022-05-05,337.83,330.24,330.24,9101200
2022-05-06,327.74,329.07,329.07,10644200
2022-05-09,324.98,322.6,322.6,7817200
2022-05-10,326.5,321.83,321.83,7716500
2022-05-11,321.74,318.46,318.46,9374700
2022-05-12,316.6,317.64,317.64,6790800
2022-05-13,320.33,322.23,322.23,4236700
2022-05-16,321.71,322.78,322.78,3692600
2022-05-17,326.83,327.1,327.1,3316800
2022-05-18,324.21,315.55,315.55,3659000
2022-05-19,312.12,313.18,313.18,3836700
2022-05-20,314.79,312.42,312.42,4654000
2022-05-23,315.32,318.84,318.84,4484600
2022-05-24,316.57,319.39,319.39,5260500
2022-05-25,317.98,321.28,321.28,4612800
2022-05-26,322.95,326.45,326.45,3270200
2022-05-27,327.05,332.07,332.07,2773100
2022-05-31,330.17,330.2,330.2,4354000
2022-06-01,332.41,328.36,328.36,3721400
2022-06-02,328.55,332.77,332.77,3718800
2022-06-03,329.87,329.35,329.35,4150900
2022-06-06,331.59,329.45,329.45,1957600
2022-06-07,326.82,332.17,332.17,2424000
2022-06-08,330.56,329.38,329.38,2032900
2022-06-09,328.16,323.0,323.0,2591500
2022-06-10,318.31,314.37,314.37,4484700
2022-06-13,307.5,305.58,305.58,6317200
2022-06-14,306.61,304.3,304.3,3724000
2022-06-15,306.4,307.23,307.23,7060900
2022-06-16,301.37,299.9,299.9,4943500
2022-06-17,298.27,298.72,298.72,4738000
2022-06-21,303.08,305.29,305.29,3246500
2022-06-22,301.53,304.61,304.61,6361200
2022-06-23,305.67,306.74,306.74,3582600
2022-06-24,309.2,315.02,315.02,3314800
2022-06-27,315.4,314.36,314.36,1896500
2022-06-28,316.0,309.34,309.34,3025900
2022-06-29,310.4,310.05,310.05,2462800
2022-06-30,306.75,307.82,307.82,4117800
2022-07-01,307.4,310.85,310.85,3315000
2022-07-05,306.6,309.71,309.71,3767700
2022-07-06,310.0,310.41,310.41,2493300
2022-07-07,312.54,313.95,313.95,2267500
2022-07-08,313.5,313.46,313.46,2094300
2022-07-11,311.66,311.7,311.7,2633200
2022-07-12,310.56,309.97,309.97,2806000
2022-07-13,306.19,307.75,307.75,3481200
2022-07-14,302.66,306.4,306.4,2893100
2022-07-15,310.81,312.66,312.66,3027500
2022-07-18,315.76,310.65,310.65,2344900
2022-07-19,313.07,318.11,318.11,3004900
2022-07-20,318.24,318.74,318.74,3243000
2022-07-21,317.63,320.41,320.41,2159800
2022-07-22,321.76,319.06,319.06,3264100
2022-07-25,320.07,319.96,319.96,4002500
2022-07-26,318.89,317.54,317.54,2101700
2022-07-27,318.88,322.01,322.01,3338100
2022-07-28,322.45,325.23,325.23,2688400
2022-07-29,325.52,328.66,328.66,3225600
2022-08-01,326.91,328.04,328.04,2745500
2022-08-02,326.97,324.04,324.04,5394600
2022-08-03,325.7,328.16,328.16,2564600
2022-08-04,327.69,327.36,327.36,2426400
2022-08-05,325.07,327.97,327.97,2672400
2022-08-08,329.81,328.42,328.42,2528800
2022-08-09,328.28,327.91,327.91,1655100
2022-08-10,332.6,333.2,333.2,2934400
2022-08-11,335.82,333.71,333.71,2401600
2022-08-12,334.8,337.83,337.83,2606900
2022-08-15,336.11,339.37,339.37,1936500
2022-08-16,338.82,341.74,341.74,3897100
2022-08-17,339.67,340.2,340.2,2960300
2022-08-18,340.2,340.58,340.58,1850900
2022-08-19,338.35,337.04,337.04,2010300
2022-08-22,333.11,330.76,330.76,2684500
2022-08-23,330.31,329.11,329.11,2897200
2022-08-24,328.93,329.86,329.86,2581700
2022-08-25,330.09,333.15,333.15,2498900
2022-08-26,333.49,322.93,322.93,4191000
2022-08-29,320.54,321.1,321.1,2896900
2022-08-30,322.09,318.04,318.04,2926300
2022-08-31,318.46,315.65,315.65,2981600
2022-09-01,314.29,317.06,317.06,3228000
2022-09-02,319.77,313.76,313.76,3826200
2022-09-06,314.55,312.2,312.2,3320400
2022-09-07,311.64,316.33,316.33,2520200
2022-09-08,314.69,318.24,318.24,3301100
2022-09-09,320.08,322.28,322.28,2479300
2022-09-12,323.29,324.57,324.57,2486900
2022-09-13,318.8,311.73,311.73,4301200
2022-09-14,312.36,312.06,312.06,2868800
2022-09-15,311.63,310.36,310.36,3294600
2022-09-16,305.96,308.05,308.05,4071000
2022-09-19,305.37,310.15,310.15,2730000
2022-09-20,307.69,307.02,307.02,2822800
2022-09-21,308.52,301.81,301.81,5110700
2022-09-22,301.56,300.52,300.52,3492500
2022-09-23,297.82,295.86,295.86,4949300
2022-09-26,294.6,292.72,292.72,4143400
2022-09-27,294.78,291.3,291.3,3681000
2022-09-28,292.35,296.73,296.73,3995700
2022-09-29,294.77,292.21,292.21,3351100
2022-09-30,291.21,287.3,287.3,3827200
2022-10-03,290.56,294.79,294.79,3457600
2022-10-04,298.61,303.14,303.14,4163800
2022-10-05,299.73,302.79,302.79,2746900
2022-10-06,301.47,299.23,299.23,3081700
2022-10-07,296.73,292.97,292.97,3029300
2022-10-10,294.28,291.96,291.96,3154500
2022-10-11,291.18,292.29,292.29,3849900
2022-10-12,292.46,292.16,292.16,4378700
2022-10-13,287.14,300.56,300.56,7389600
2022-10-14,302.54,296.82,296.82,5519400
2022-10-17,300.89,302.06,302.06,3555700
2022-10-18,308.26,305.47,305.47,4685500
2022-10-19,304.34,304.35,304.35,2939800
2022-10-20,304.83,303.31,303.31,3574700
2022-10-21,303.08,310.88,310.88,5357200
2022-10-24,312.53,315.05,315.05,4331700
2022-10-25,314.35,318.49,318.49,6024800
2022-10-26,317.98,318.38,318.38,4991800
2022-10-27,321.56,320.46,320.46,4262200
2022-10-28,321.77,328.58,328.58,5251400
2022-10-31,326.92,327.42,327.42,5128200
2022-11-01,329.37,326.41,326.41,4376400
2022-11-02,325.46,321.36,321.36,7110300
2022-11-03,319.35,319.87,319.87,4112700
2022-11-04,323.61,324.14,324.14,6263700
2022-11-07,325.14,328.42,328.42,4518300
2022-11-08,329.47,331.71,331.71,6349000
2022-11-09,329.71,325.34,325.34,4799200
2022-11-10,334.22,337.26,337.26,6002300
2022-11-11,337.9,337.79,337.79,5190700
2022-11-14,336.71,335.77,335.77,3303300
2022-11-15,338.49,336.21,336.21,4824100
2022-11-16,335.67,336.07,336.07,3085500
2022-11-17,332.73,336.1,336.1,3606500
2022-11-18,337.46,337.37,337.37,3659100
2022-11-21,337.66,337.05,337.05,2304100
2022-11-22,338.89,340.96,340.96,4389400
2022-11-23,340.61,341.95,341.95,3108500
2022-11-25,342.09,343.52,343.52,1498300
2022-11-28,341.69,338.49,338.49,3089800
2022-11-29,337.93,338.48,338.48,2943600
2022-11-30,338.65,346.15,346.15,6940400
2022-12-01,346.75,344.41,344.41,5325900
2022-12-02,340.86,344.74,344.74,3736500
2022-12-05,342.45,340.03,340.03,3827200
2022-12-06,339.77,336.46,336.46,5516300
2022-12-07,336.14,336.44,336.44,3577100
2022-12-08,337.74,338.46,338.46,3278400
2022-12-09,337.67,335.37,335.37,3815500
2022-12-12,336.14,340.62,340.62,5017300
2022-12-13,348.18,341.81,341.81,5274300
2022-12-14,341.78,340.22,340.22,5498400
2022-12-15,336.58,332.8,332.8,5865600
2022-12-16,329.29,328.97,328.97,6672200
2022-12-19,328.87,327.38,327.38,3709600
2022-12-20,327.59,328.38,328.38,4721700
2022-12-21,331.54,333.6,333.6,5086800
2022-12-22,331.5,330.26,330.26,4876900
2022-12-23,329.62,331.93,331.93,3997900
2022-12-27,332.34,332.37,332.37,3098900
2022-12-28,332.69,328.57,328.57,3102400
2022-12-29,330.53,332.06,332.06,2458800
2022-12-30,330.62,331.33,331.33,3881800
2023-01-03,332.42,331.22,331.22,3910700
2023-01-04,332.56,332.56,332.56,4137300
2023-01-05,330.97,329.22,329.22,4350100
2023-01-06,332.18,336.28,336.28,4800800
2023-01-09,337.69,335.29,335.29,3864000
2023-01-10,334.95,337.23,337.23,2277500
2023-01-11,338.4,339.76,339.76,3265800
2023-01-12,340.88,342.0,342.0,4332600
2023-01-13,339.16,343.04,343.04,3473400
2023-01-17,342.36,339.16,339.16,3929700
2023-01-18,339.57,332.97,332.97,5164300
2023-01-19,331.06,330.63,330.63,3454200
2023-01-20,330.82,333.67,333.67,4120200
2023-01-23,334.69,336.17,336.17,3985300
2023-01-24,334.96,337.1,337.1,3360900
2023-01-25,334.24,337.32,337.32,4318600
2023-01-26,338.45,339.36,339.36,2930900
2023-01-27,339.4,339.61,339.61,2907400
2023-01-30,338.46,337.06,337.06,3032700
2023-01-31,337.6,340.83,340.83,2593500
2023-02-01,339.12,340.87,340.87,6175400
2023-02-02,341.51,340.43,340.43,5169400
2023-02-03,338.77,338.98,338.98,6504300
2023-02-06,337.65,338.48,338.48,2708400
2023-02-07,336.95,341.52,341.52,4969600
2023-02-08,340.37,339.42,339.42,2769500
2023-02-09,341.75,337.08,337.08,3094700
2023-02-10,336.74,338.73,338.73,2523900
2023-02-13,338.88,342.55,342.55,2653900
2023-02-14,341.52,341.14,341.14,3501100
2023-02-15,339.46,341.66,341.66,1967700
2023-02-16,338.5,337.39,337.39,3229600
2023-02-17,335.72,338.29,338.29,3034200
2023-02-21,334.72,331.25,331.25,3142900
2023-02-22,331.75,330.52,330.52,2896400
2023-02-23,331.85,331.67,331.67,5999600
2023-02-24,327.83,328.12,328.12,3764700
2023-02-27,330.73,329.06,329.06,2887300
2023-02-28,328.87,326.57,326.57,3155300
2023-03-01,326.04,327.0,327.0,3317500
2023-03-02,327.57,330.44,330.44,3047500
2023-03-03,331.52,334.21,334.21,3033500
2023-03-06,334.63,334.68,334.68,2641700
2023-03-07,334.67,328.87,328.87,5009200
2023-03-08,328.92,328.49,328.49,3169600
2023-03-09,329.72,323.08,323.08,4760900
2023-03-10,322.54,319.73,319.73,7741600
2023-03-13,316.76,318.82,318.82,6831600
2023-03-14,322.21,322.19,322.19,4760500
2023-03-15,316.9,319.54,319.54,6518000
2023-03-16,317.66,323.25,323.25,6569900
2023-03-17,320.72,318.5,318.5,5314900
2023-03-20,319.33,322.3,322.3,4695000
2023-03-21,325.42,325.62,325.62,3527300
2023-03-22,325.65,320.18,320.18,4378700
2023-03-23,321.33,320.84,320.84,4772600
2023-03-24,319.45,322.32,322.32,4484900
2023-03-27,324.59,324.31,324.31,3550900
2023-03-28,323.99,323.81,323.81,2536500
2023-03-29,326.58,327.08,327.08,2531700
2023-03-30,328.88,328.48,328.48,2487000
2023-03-31,329.59,332.62,332.62,2837300
2023-04-03,333.59,335.91,335.91,3450700
2023-04-04,335.91,333.94,333.94,2449900
2023-04-05,334.0,334.82,334.82,2566600
2023-04-06,334.35,334.9,334.9,2333300
2023-04-10,334.0,335.96,335.96,2834200
2023-04-11,336.31,336.9,336.9,2343100
2023-04-12,338.61,336.61,336.61,3363800
2023-04-13,337.07,340.37,340.37,3040900
2023-04-14,339.94,338.84,338.84,3107900
2023-04-17,339.12,339.92,339.92,2226400
2023-04-18,339.94,339.8,339.8,2191100
2023-04-19,339.11,338.99,338.99,2854700
2023-04-20,337.43,337.95,337.95,2179300
2023-04-21,338.26,338.11,338.11,2470100
2023-04-24,337.91,338.75,338.75,2288800
2023-04-25,338.17,335.33,335.33,2745300
2023-04-26,335.6,332.95,332.95,3588400
2023-04-27,334.18,338.2,338.2,3066600
2023-04-28,337.19,341.03,341.03,3651100
2023-05-01,341.1,340.36,340.36,2296200
2023-05-02,339.94,336.87,336.87,3275800
2023-05-03,337.13,334.11,334.11,3924100
2023-05-04,333.28,331.33,331.33,3576800
2023-05-05,334.26,336.73,336.73,3542700
2023-05-08,337.17,336.22,336.22,1789900
2023-05-09,335.41,335.77,335.77,1924900
2023-05-10,337.4,335.49,335.49,3365500
2023-05-11,333.74,333.33,333.33,2744700
2023-05-12,334.42,333.2,333.2,2636400
2023-05-15,333.51,333.77,333.77,2171000
2023-05-16,332.71,330.35,330.35,2265200
2023-05-17,332.14,334.61,334.61,3068800
2023-05-18,333.9,336.06,336.06,3553500
2023-05-19,335.96,334.19,334.19,3706700
2023-05-22,334.12,332.9,332.9,2555100
2023-05-23,331.76,330.61,330.61,2526200
2023-05-24,330.0,328.01,328.01,2978300
2023-05-25,328.07,327.75,327.75,3499900
2023-05-26,328.13,330.84,330.84,3580000
2023-05-30,330.65,330.52,330.52,3474500
2023-05-31,329.45,329.52,329.52,3067600
2023-06-01,328.91,330.94,330.94,3081300
2023-06-02,333.24,338.07,338.07,5584700
2023-06-05,338.21,336.13,336.13,3415600
2023-06-06,336.03,336.17,336.17,2824900
2023-06-07,336.54,337.17,337.17,2739000
2023-06-08,337.23,338.81,338.81,2700300
2023-06-09,338.57,339.27,339.27,3162300
2023-06-12,339.74,341.17,341.17,2035500
2023-06-13,341.74,342.62,342.62,3259300
2023-06-14,341.39,340.42,340.42,3766000
2023-06-15,340.35,344.77,344.77,4722500
2023-06-16,345.35,342.95,342.95,5576800
2023-06-20,341.3,340.46,340.46,3387200
2023-06-21,339.62,339.43,339.43,3050700
2023-06-22,338.94,339.34,339.34,2605500
2023-06-23,337.12,337.16,337.16,3721600
2023-06-26,336.8,337.14,337.14,2301900
2023-06-27,337.1,339.23,339.23,1778800
2023-06-28,338.73,338.63,338.63,2305000
2023-06-29,338.41,341.16,341.16,2902700
2023-06-30,343.22,343.85,343.85,3027500
2023-07-03,343.0,344.07,344.07,1698400
2023-07-05,342.38,342.81,342.81,2717000
2023-07-06,340.24,339.23,339.23,3742400
2023-07-07,337.97,337.43,337.43,2852200
2023-07-10,337.4,339.58,339.58,2560200
2023-07-11,340.74,342.64,342.64,2477100
2023-07-12,344.91,343.63,343.63,4140200
2023-07-13,344.34,343.92,343.92,2472300
2023-07-14,345.71,345.17,345.17,3293400
2023-07-17,344.56,345.85,345.85,2860000
2023-07-18,345.65,349.58,349.58,4617200
2023-07-19,350.4,350.69,350.69,5864300
2023-07-20,351.45,352.43,352.43,4561300
2023-07-21,352.81,352.14,352.14,2971700
2023-07-24,352.71,354.07,354.07,3073700
2023-07-25,353.8,354.32,354.32,2548700
2023-07-26,353.14,355.25,355.25,3084700
2023-07-27,355.86,352.77,352.77,4771000
2023-07-28,354.51,354.48,354.48,3219000
2023-07-31,354.57,355.57,355.57,2201400
2023-08-01,355.27,356.2,356.2,2581900
2023-08-02,354.48,352.74,352.74,5061000
2023-08-03,351.6,351.99,351.99,3307000
2023-08-04,353.12,350.65,350.65,4269400
2023-08-07,352.04,354.62,354.62,2390800
2023-08-08,352.42,353.02,353.02,3033600
2023-08-09,352.87,351.28,351.28,2873300
2023-08-10,353.15,351.89,351.89,4133500
2023-08-11,351.19,353.0,353.0,2602600
2023-08-14,352.73,353.21,353.21,3134100
2023-08-15,351.67,349.61,349.61,2818700
2023-08-16,349.3,347.77,347.77,3586800
2023-08-17,348.95,345.06,345.06,4804100
2023-08-18,342.95,345.12,345.12,3525400
2023-08-21,345.3,344.67,344.67,3176500
2023-08-22,344.79,342.96,342.96,2816000
2023-08-23,343.53,344.83,344.83,2605400
2023-08-24,344.32,341.03,341.03,3840800
2023-08-25,342.46,343.5,343.5,3868500
2023-08-28,345.21,345.71,345.71,2382700
2023-08-29,345.56,348.62,348.62,3107700
2023-08-30,349.1,349.4,349.4,2792900
2023-08-31,350.92,347.81,347.81,2901400
2023-09-01,349.93,348.98,348.98,2533200
2023-09-05,349.08,346.98,346.98,1906900
2023-09-06,346.45,345.0,345.0,2748400
2023-09-07,344.46,345.69,345.69,2378600
2023-09-08,345.77,346.51,346.51,1665900
2023-09-11,348.02,347.37,347.37,1722900
2023-09-12,346.64,347.21,347.21,1813800
2023-09-13,347.56,346.55,346.55,2025200
2023-09-14,348.66,349.94,349.94,3489400
2023-09-15,348.26,346.14,346.14,3581700
2023-09-18,346.28,346.15,346.15,2122800
2023-09-19,345.47,345.07,345.07,2740900
2023-09-20,346.04,344.32,344.32,3411400
2023-09-21,343.17,340.58,340.58,3483700
2023-09-22,340.69,339.58,339.58,3376400
2023-09-25,338.73,339.98,339.98,3104700
2023-09-26,337.87,336.04,336.04,4657300
2023-09-27,336.88,335.43,335.43,4442200
2023-09-28,335.32,336.62,336.62,4053600
2023-09-29,338.78,334.95,334.95,3786500
2023-10-02,334.29,334.09,334.09,4192600
2023-10-03,332.84,329.98,329.98,4871100
2023-10-04,330.13,330.99,330.99,4877100
2023-10-05,330.82,331.17,331.17,3172200
2023-10-06,330.35,334.1,334.1,4491300
2023-10-09,332.95,336.09,336.09,3756300
2023-10-10,337.2,337.45,337.45,3769400
2023-10-11,338.19,338.03,338.03,2773900
2023-10-12,338.77,336.27,336.27,3315000
2023-10-13,337.48,336.68,336.68,5154600
2023-10-16,338.77,339.89,339.89,3969300
2023-10-17,338.33,339.99,339.99,3777800
2023-10-18,339.74,336.63,336.63,4141200
2023-10-19,336.69,334.12,334.12,5201800
2023-10-20,333.38,331.19,331.19,3960800
2023-10-23,329.9,329.32,329.32,3898300
2023-10-24,331.0,331.44,331.44,3583900
2023-10-25,332.22,330.35,330.35,3836300
2023-10-26,330.16,327.82,327.82,4882600
2023-10-27,327.84,324.19,324.19,4757300
2023-10-30,326.39,329.23,329.23,4617200
2023-10-31,329.18,330.48,330.48,3645800
2023-11-01,330.92,332.68,332.68,4546200
2023-11-02,334.78,338.39,338.39,5356300
2023-11-03,340.12,340.61,340.61,4046900
2023-11-06,340.86,341.04,341.04,2766000
2023-11-07,340.73,341.54,341.54,2793700
2023-11-08,342.1,341.12,341.12,2787900
2023-11-09,342.01,339.11,339.11,3940700
2023-11-10,340.81,343.01,343.01,3268600
2023-11-13,342.38,343.57,343.57,2624500
2023-11-14,347.52,348.42,348.42,4815500
2023-11-15,349.29,350.27,350.27,3149400
2023-11-16,349.58,350.02,350.02,3848000
2023-11-17,349.78,349.43,349.43,2059200
2023-11-20,349.1,351.52,351.52,2904300
2023-11-21,351.11,350.82,350.82,1849500
2023-11-22,351.89,352.56,352.56,3486200
2023-11-24,353.16,353.8,353.8,1245100
2023-11-27,353.63,353.32,353.32,2532400
2023-11-28,353.49,354.11,354.11,2759600
2023-11-29,354.97,354.65,354.65,2736300
2023-11-30,356.71,360.0,360.0,4094300
2023-12-01,360.02,363.05,363.05,5852500
2023-12-04,361.15,362.64,362.64,4211000
2023-12-05,361.86,361.91,361.91,5372700
2023-12-06,362.81,361.22,361.22,5583700
2023-12-07,361.96,361.83,361.83,3295600
2023-12-08,361.76,363.12,363.12,2930400
2023-12-11,363.6,364.69,364.69,3673200
2023-12-12,365.41,366.41,366.41,3239600
2023-12-13,366.6,371.74,371.74,4304800
2023-12-14,372.71,373.33,373.33,5507000
2023-12-15,371.74,372.63,372.63,6948400
2023-12-18,373.29,372.98,372.98,3403200
2023-12-19,373.24,375.5,375.5,3749200
2023-12-20,374.67,370.8,370.8,4564700
2023-12-21,372.89,373.88,373.88,3837500
2023-12-22,373.64,373.8,373.8,3330700
2023-12-26,373.68,375.35,375.35,2217800
2023-12-27,375.1,376.56,376.56,3061200
2023-12-28,376.52,377.03,377.03,2620400
2023-12-29,376.95,376.87,376.87,3364400
2024-01-02,374.8,377.09,377.09,5776300
2024-01-03,375.57,374.21,374.21,6393600
2024-01-04,374.84,374.54,374.54,4251900
2024-01-05,374.43,374.64,374.64,5381700
2024-01-08,373.4,376.84,376.84,4604900
2024-01-09,374.8,375.18,375.18,3230900
2024-01-10,375.55,376.95,376.95,2718700
2024-01-11,377.77,377.17,377.17,4095700
2024-01-12,377.48,375.91,375.91,3816700
2024-01-16,374.97,373.66,373.66,4471600
2024-01-17,371.75,372.72,372.72,4361000
2024-01-18,372.23,374.81,374.81,3953400
2024-01-19,375.78,378.6,378.6,5218600
2024-01-22,379.69,380.07,380.07,5433400
2024-01-23,379.36,379.04,379.04,3110100
2024-01-24,380.21,378.09,378.09,3967200
2024-01-25,379.07,380.48,380.48,3539100
2024-01-26,379.98,381.09,381.09,3221000
2024-01-29,381.0,383.31,383.31,2730900
2024-01-30,382.82,384.49,384.49,2747900
2024-01-31,385.21,381.37,381.37,4476600
2024-02-01,381.4,385.1,385.1,3652500
2024-02-02,383.99,386.42,386.42,3344800
2024-02-05,385.99,383.58,383.58,3761600
2024-02-06,383.92,385.08,385.08,2507800
2024-02-07,386.39,386.67,386.67,2797600
2024-02-08,387.47,387.35,387.35,2549800
2024-02-09,387.19,386.72,386.72,3526300
2024-02-12,386.49,388.11,388.11,2412200
2024-02-13,385.07,382.82,382.82,5325300
2024-02-14,384.0,384.29,384.29,3465200
2024-02-15,385.19,388.25,388.25,3497200
2024-02-16,387.17,386.19,386.19,3772300
2024-02-20,385.51,385.69,385.69,3295700
2024-02-21,384.96,386.05,386.05,3027600
2024-02-22,388.36,390.54,390.54,4990700
2024-02-23,391.77,391.28,391.28,3451600
2024-02-26,391.45,390.71,390.71,1914100
2024-02-27,390.36,389.66,389.66,2370900
2024-02-28,387.94,389.6,389.6,3313900
2024-02-29,390.69,389.95,389.95,3026900
2024-03-01,389.85,391.31,391.31,3857500
2024-03-04,389.35,390.23,390.23,3048500
2024-03-05,388.99,386.19,386.19,4132400
2024-03-06,388.49,387.18,387.18,3039100
2024-03-07,389.07,388.45,388.45,2965700
2024-03-08,388.24,387.99,387.99,4256900
2024-03-11,386.92,388.42,388.42,3396000
2024-03-12,389.24,390.79,390.79,3275800
2024-03-13,391.69,391.22,391.22,2788700
2024-03-14,392.17,390.07,390.07,4471900
2024-03-15,387.74,387.0,387.0,4372300
2024-03-18,388.35,387.73,387.73,2060600
2024-03-19,388.16,390.9,390.9,3303800
2024-03-20,390.15,394.99,394.99,4823900
2024-03-21,396.31,397.75,397.75,4348400
2024-03-22,397.76,394.53,394.53,3156100
2024-03-25,393.92,392.95,392.95,2535600
2024-03-26,393.68,392.85,392.85,3395400
2024-03-27,395.0,397.56,397.56,4427300
2024-03-28,398.06,397.76,397.76,3155000
2024-04-01,397.82,395.33,395.33,3825200
2024-04-02,391.97,391.63,391.63,4034900
2024-04-03,391.68,391.26,391.26,3547000
2024-04-04,394.03,386.02,386.02,5041200
2024-04-05,386.35,388.86,388.86,4423500
2024-04-08,389.05,389.1,389.1,2431300
2024-04-09,389.62,388.84,388.84,4003900
2024-04-10,384.92,384.51,384.51,5173100
2024-04-11,385.47,384.54,384.54,3972800
2024-04-12,382.31,379.87,379.87,5305100
2024-04-15,383.33,377.31,377.31,4870700
2024-04-16,379.74,377.98,377.98,4383500
2024-04-17,379.21,377.45,377.45,4584900
2024-04-18,379.05,377.84,377.84,4579200
2024-04-19,378.69,379.8,379.8,5078600
2024-04-22,381.73,382.37,382.37,4129000
2024-04-23,383.69,385.02,385.02,3126400
2024-04-24,384.87,384.44,384.44,3575800
2024-04-25,379.79,380.92,380.92,4682800
2024-04-26,380.75,382.31,382.31,4252400
2024-04-29,383.1,383.8,383.8,3265900
2024-04-30,382.46,378.13,378.13,3463600
2024-05-01,378.38,378.89,378.89,5731600
2024-05-02,381.15,382.23,382.23,3535600
2024-05-03,387.14,386.77,386.77,4471100
2024-05-06,388.32,388.45,388.45,2596100
2024-05-07,389.17,388.74,388.74,2428600
2024-05-08,388.34,390.48,390.48,2855100
2024-05-09,390.11,394.0,394.0,4141200
2024-05-10,395.25,395.18,395.18,3505600
2024-05-13,396.38,394.46,394.46,2635800
2024-05-14,394.54,395.58,395.58,2702700
2024-05-15,397.24,399.28,399.28,3421200
2024-05-16,399.75,399.21,399.21,2877200
2024-05-17,399.11,399.95,399.95,2702900
2024-05-20,399.77,398.1,398.1,2094800
2024-05-21,398.32,398.78,398.78,1618300
2024-05-22,397.95,396.66,396.66,2647200
2024-05-23,397.06,390.66,390.66,3361200
2024-05-24,391.22,390.64,390.64,2072200
2024-05-28,389.81,388.6,388.6,2176100
2024-05-29,385.31,384.58,384.58,2715000
2024-05-30,381.37,381.48,381.48,4063400
2024-05-31,381.98,387.53,387.53,4748400
2024-06-03,387.87,386.24,386.24,3614300
2024-06-04,385.0,387.51,387.51,2822500
2024-06-05,388.6,388.53,388.53,2181400
2024-06-06,388.81,389.33,389.33,2241900
2024-06-07,388.88,388.49,388.49,1952000
2024-06-10,388.03,389.29,389.29,1380600
2024-06-11,387.66,387.97,387.97,2522600
2024-06-12,391.58,387.69,387.69,3866700
2024-06-13,386.82,386.88,386.88,3136100
2024-06-14,384.62,386.46,386.46,2884300
2024-06-17,385.25,388.58,388.58,2025300
2024-06-18,388.91,389.14,389.14,1848700
2024-06-20,388.74,392.07,392.07,3588000
2024-06-21,391.67,391.34,391.34,2592100
2024-06-24,392.47,393.98,393.98,3096600
2024-06-25,393.56,391.02,391.02,2879100
2024-06-26,390.09,391.24,391.24,1501900
2024-06-27,390.61,391.56,391.56,1601100
2024-06-28,391.37,391.13,391.13,3624400
2024-07-01,392.08,391.46,391.46,2536500
2024-07-02,390.79,393.29,393.29,1711600
2024-07-03,393.73,392.83,392.83,2319100
2024-07-05,393.19,393.7,393.7,2011000
2024-07-08,394.41,393.46,393.46,3374500
2024-07-09,393.22,392.94,392.94,3821600
2024-07-10,392.94,397.26,397.26,4234300
2024-07-11,397.5,397.63,397.63,4020700
2024-07-12,398.86,400.32,400.32,4711800
2024-07-15,402.47,402.36,402.36,4433500
2024-07-16,403.86,409.66,409.66,6547600
2024-07-17,408.56,411.93,411.93,4490600
2024-07-18,410.68,406.72,406.72,4922200
2024-07-19,405.37,402.95,402.95,4284500
2024-07-22,404.04,404.15,404.15,2314000
2024-07-23,404.29,403.49,403.49,1693500
2024-07-24,401.73,398.67,398.67,3701300
2024-07-25,398.63,399.49,399.49,4179800
2024-07-26,401.81,405.97,405.97,2810600
2024-07-29,406.86,405.51,405.51,2039000
2024-07-30,405.87,407.41,407.41,2576400
2024-07-31,407.46,408.49,408.49,5634800
2024-08-01,409.7,403.23,403.23,5497900
2024-08-02,399.93,397.13,397.13,4844900
2024-08-05,386.52,386.81,386.81,8680200
2024-08-06,387.56,389.96,389.96,4058000
2024-08-07,392.63,387.77,387.77,3969400
2024-08-08,389.51,394.52,394.52,2993500
2024-08-09,394.18,395.15,395.15,3380200
2024-08-12,395.95,393.77,393.77,1902000
2024-08-13,395.07,397.79,397.79,3510800
2024-08-14,397.74,400.09,400.09,5230400
2024-08-15,404.74,405.88,405.88,3764100
2024-08-16,405.03,406.74,406.74,2789200
2024-08-19,407.36,409.11,409.11,2012400
2024-08-20,408.62,408.56,408.56,1999600
2024-08-21,409.32,408.99,408.99,1439000
2024-08-22,409.7,407.48,407.48,2353500
2024-08-23,409.29,411.83,411.83,3818300
2024-08-26,412.64,412.72,412.72,3145000
2024-08-27,412.29,412.89,412.89,1710200
2024-08-28,412.66,411.34,411.34,2732600
2024-08-29,414.37,413.91,413.91,5024800
2024-08-30,414.51,416.21,416.21,2283800
2024-09-03,414.19,410.25,410.25,3754700
2024-09-04,409.97,410.42,410.42,2131200
2024-09-05,411.34,408.46,408.46,2234700
2024-09-06,408.96,404.47,404.47,3351000
2024-09-09,407.36,409.05,409.05,3038200
2024-09-10,410.1,408.26,408.26,1970500
2024-09-11,407.15,409.27,409.27,3134600
2024-09-12,409.7,411.97,411.97,3131600
2024-09-13,412.59,414.94,414.94,5210300
2024-09-16,416.45,417.38,417.38,3881100
2024-09-17,418.29,417.26,417.26,2561700
2024-09-18,417.5,416.19,416.19,3173600
2024-09-19,421.98,421.41,421.41,4073000
2024-09-20,419.38,420.57,420.57,2902200
2024-09-23,421.12,421.11,421.11,2318700
2024-09-24,421.67,422.13,422.13,2790700
2024-09-25,422.44,419.12,419.12,2048000
2024-09-26,421.24,421.62,421.62,2703700
2024-09-27,422.59,422.95,422.95,3667700
2024-09-30,422.42,423.12,423.12,3819800
2024-10-01,422.42,421.5,421.5,5101300
2024-10-02,421.83,421.91,421.91,2599600
2024-10-03,420.34,419.98,419.98,2534400
2024-10-04,422.37,423.41,423.41,2520900
2024-10-07,422.11,419.61,419.61,2632600
2024-10-08,420.51,420.8,420.8,1872900
2024-10-09,420.89,425.05,425.05,3935100
2024-10-10,425.0,424.66,424.66,2179000
2024-10-11,425.28,428.73,428.73,3753500
2024-10-14,428.32,430.89,430.89,2180600
2024-10-15,429.33,427.54,427.54,3291200
2024-10-16,427.18,430.72,430.72,2583700
2024-10-17,432.54,432.45,432.45,3462800
2024-10-18,432.26,432.64,432.64,2303700
2024-10-21,432.43,429.37,429.37,2702600
2024-10-22,427.64,429.31,429.31,2306100
2024-10-23,427.03,425.16,425.16,4006500
2024-10-24,424.32,423.78,423.78,1936600
2024-10-25,425.45,421.14,421.14,2518800
2024-10-28,423.55,424.07,424.07,2912000
2024-10-29,422.23,422.5,422.5,2697700
2024-10-30,422.02,421.75,421.75,2933600
2024-10-31,419.23,417.67,417.67,4297100
2024-11-01,419.67,420.42,420.42,3856400
2024-11-04,419.84,418.05,418.05,3125400
2024-11-05,418.27,422.3,422.3,3093100
2024-11-06,434.66,437.23,437.23,7271800
2024-11-07,437.53,437.39,437.39,4267900
2024-11-08,438.3,440.11,440.11,5014300
2024-11-11,441.88,443.01,443.01,4065100
2024-11-12,443.58,439.39,439.39,3483000
2024-11-13,439.91,439.81,439.81,2631000
2024-11-14,440.59,437.7,437.7,2528300
2024-11-15,435.84,434.51,434.51,3486900
2024-11-18,434.17,434.19,434.19,2243000
2024-11-19,430.73,432.84,432.84,3202500
2024-11-20,433.55,434.29,434.29,3956000
2024-11-21,435.86,438.97,438.97,7558000
2024-11-22,439.59,443.16,443.16,5492800
2024-11-25,446.61,447.56,447.56,2976100
2024-11-26,446.56,448.88,448.88,4126500
2024-11-27,449.18,447.74,447.74,2985900
2024-11-29,448.3,450.09,450.09,3474100
2024-12-02,450.61,448.74,448.74,2661200
2024-12-03,449.15,447.89,447.89,1697400
2024-12-04,449.85,450.94,450.94,3694400
2024-12-05,450.48,448.67,448.67,1917600
2024-12-06,449.49,447.15,447.15,1973900
2024-12-09,447.65,445.08,445.08,1998600
2024-12-10,444.51,443.69,443.69,2461000
2024-12-11,444.11,442.51,442.51,2084300
2024-12-12,442.49,440.27,440.27,3585300
2024-12-13,440.86,439.37,439.37,2548400
2024-12-16,439.65,438.37,438.37,1987500
2024-12-17,436.18,435.57,435.57,3130300
2024-12-18,435.98,424.22,424.22,6135700
2024-12-19,427.51,424.53,424.53,4948000
2024-12-20,422.06,428.54,428.54,6069600
2024-12-23,427.3,428.89,428.89,2602700
2024-12-24,428.89,432.5,432.5,1431700
2024-12-26,430.97,433.21,433.21,1867400
2024-12-27,430.58,430.0,430.0,2429100
2024-12-30,425.47,425.77,425.77,3858300
2024-12-31,426.91,425.5,425.5,2442700
2025-01-02,428.34,423.8,423.8,4231500
2025-01-03,425.85,427.16,427.16,2203200
2025-01-06,428.86,427.13,427.13,3463300
2025-01-07,428.9,425.33,425.33,2053900
2025-01-08,425.41,426.13,426.13,2020200
2025-01-10,424.28,419.33,419.33,3415500
2025-01-13,418.76,422.96,422.96,2608100
2025-01-14,424.88,425.15,425.15,2643300
2025-01-15,431.56,432.24,432.24,4059800
2025-01-16,432.09,431.56,431.56,2532500
2025-01-17,434.54,434.72,434.72,2771000
2025-01-21,436.35,440.1,440.1,2113800
2025-01-22,441.49,441.28,441.28,3724100
2025-01-23,441.52,445.38,445.38,2352500
2025-01-24,444.8,444.12,444.12,2022000
2025-01-27,440.64,447.12,447.12,3822400
2025-01-28,447.2,448.41,448.41,2233500
2025-01-29,448.21,447.18,447.18,2225100
2025-01-30,446.54,448.82,448.82,2322600
2025-01-31,450.03,445.39,445.39,3085400
2025-02-03,439.61,444.27,444.27,4527700
2025-02-04,444.23,445.53,445.53,1890500
2025-02-05,445.72,448.67,448.67,2273400
2025-02-06,449.35,447.36,447.36,1867200
2025-02-07,447.78,443.12,443.12,2259200
2025-02-10,445.82,444.78,444.78,1858100
2025-02-11,443.34,446.11,446.11,1436200
2025-02-12,442.34,443.63,443.63,2444500
2025-02-13,445.33,447.26,447.26,2961500
2025-02-14,447.1,445.79,445.79,2005400
2025-02-18,445.28,445.92,445.92,2451200
2025-02-19,444.78,446.67,446.67,2239400
2025-02-20,445.27,442.39,442.39,2960000
2025-02-21,439.1,434.15,434.15,3842200
2025-02-24,435.83,434.53,434.53,3629300
2025-02-25,435.54,436.13,436.13,2953100
2025-02-26,436.44,434.34,434.34,2427800
2025-02-27,434.44,432.35,432.35,3296900
2025-02-28,433.06,438.37,438.37,3249900
2025-03-03,439.54,432.09,432.09,3925200
2025-03-04,429.68,425.57,425.57,3586900
2025-03-05,425.21,430.47,430.47,3018300
2025-03-06,426.17,425.9,425.9,2824100
2025-03-07,424.1,428.26,428.26,3719500
2025-03-10,423.39,419.49,419.49,3442800
2025-03-11,418.47,414.74,414.74,3893400
2025-03-12,416.96,413.95,413.95,2960500
2025-03-13,413.35,408.78,408.78,2557200
2025-03-14,410.83,415.36,415.36,2422700
2025-03-17,414.94,419.21,419.21,2141000
2025-03-18,418.42,416.53,416.53,1844100
2025-03-19,417.61,420.42,420.42,1813800
2025-03-20,417.92,420.12,420.12,1646500
2025-03-21,416.05,419.62,419.62,2485700
2025-03-24,423.35,425.49,425.49,2474900
2025-03-25,426.32,425.82,425.82,3997600
2025-03-26,426.33,424.23,424.23,2442100
2025-03-27,423.68,422.94,422.94,1646000
2025-03-28,421.98,415.62,415.62,2600600
2025-03-31,412.2,419.88,419.88,2985300
2025-04-01,418.41,419.59,419.59,2384800
2025-04-02,416.37,422.03,422.03,2299800
2025-04-03,410.92,405.22,405.22,7440100
2025-04-04,394.93,383.22,383.22,8667200
2025-04-07,371.38,379.57,379.57,12718200
2025-04-08,393.48,376.48,376.48,7283000
2025-04-09,372.04,406.08,406.08,9861100
2025-04-10,399.6,395.68,395.68,6624200
2025-04-11,394.44,401.91,401.91,3789900
2025-04-14,407.48,405.42,405.42,2286200
2025-04-15,405.79,403.71,403.71,2387300
2025-04-16,402.31,396.77,396.77,3004400
2025-04-17,391.48,391.36,391.36,4537500
2025-04-21,388.46,381.62,381.62,2881800
2025-04-22,386.07,391.87,391.87,3308100
2025-04-23,399.29,395.91,395.91,4049200
2025-04-24,395.51,400.98,400.98,4010500
2025-04-25,399.88,401.02,401.02,1790800
2025-04-28,401.8,402.27,402.27,1534700
2025-04-29,402.4,405.21,405.21,1888100
2025-04-30,402.43,406.34,406.34,2487400
2025-05-01,408.55,407.42,407.42,1917600
2025-05-02,411.78,413.04,413.04,2277700
2025-05-05,410.82,412.26,412.26,3866000
2025-05-06,408.47,408.24,408.24,1745600
2025-05-07,409.86,411.05,411.05,2420600
2025-05-08,413.1,413.88,413.88,2001000
2025-05-09,414.44,412.42,412.42,1789200
2025-05-12,422.96,424.23,424.23,2398600
2025-05-13,422.68,421.51,421.51,3018000
2025-05-14,422.08,420.55,420.55,3064800
2025-05-15,418.54,423.48,423.48,3927000
2025-05-16,423.74,426.55,426.55,2430300
2025-05-19,423.7,428.04,428.04,3121500
2025-05-20,427.4,426.97,426.97,1971000
2025-05-21,423.09,418.75,418.75,3624800
2025-05-22,417.87,418.82,418.82,2638600
2025-05-23,413.94,416.33,416.33,3117800
2025-05-27,420.7,423.85,423.85,3126600
2025-05-28,423.73,421.42,421.42,1790900
2025-05-29,422.46,422.46,422.46,2751400
2025-05-30,422.16,422.85,422.85,2957500
2025-06-02,421.31,423.71,423.71,2636100
2025-06-03,423.07,426.01,426.01,2332600
2025-06-04,426.38,424.94,424.94,2163300
2025-06-05,425.95,423.97,423.97,3018800
2025-06-06,427.78,428.38,428.38,3081100
2025-06-09,428.52,428.36,428.36,2680200
2025-06-10,428.27,429.61,429.61,2022600
2025-06-11,429.86,429.6,429.6,3025000
2025-06-12,428.2,430.49,430.49,2587700
2025-06-13,426.11,422.81,422.81,4826100
2025-06-16,425.05,426.28,426.28,3177100
2025-06-17,424.46,423.11,423.11,2450200
2025-06-18,423.67,422.84,422.84,2786700
2025-06-20,423.37,421.76,421.76,3810500
2025-06-23,422.0,425.72,425.72,4315000
2025-06-24,428.53,430.79,430.79,4958200
2025-06-25,430.75,429.86,429.86,3265500
2025-06-26,430.82,433.93,433.93,2444800
2025-06-27,435.15,438.0,438.0,3621000
2025-06-30,440.45,440.65,440.65,2827800
2025-07-01,440.19,444.89,444.89,4520300
2025-07-02,444.68,444.71,444.71,3141700
2025-07-03,445.67,448.09,448.09,2807100
2025-07-07,447.38,444.0,444.0,3657500
2025-07-08,443.69,442.38,442.38,3563200
2025-07-09,444.39,444.52,444.52,3251900
2025-07-10,444.38,446.5,446.5,2262600
2025-07-11,443.67,443.57,443.57,3345500
2025-07-14,443.11,444.58,444.58,2244700
2025-07-15,444.58,440.15,440.15,3810700
2025-07-16,441.86,442.36,442.36,4230300
2025-07-17,442.05,445.22,445.22,3790800
2025-07-18,445.73,443.26,443.26,3901900
2025-07-21,444.2,443.44,443.44,2548800
2025-07-22,442.86,444.96,444.96,3091600
2025-07-23,447.25,450.21,450.21,5486500
2025-07-24,447.01,447.11,447.11,5078300
2025-07-25,447.53,449.02,449.02,3710600
2025-07-28,448.66,448.34,448.34,2864200
2025-07-29,448.63,446.48,446.48,3146200
2025-07-30,446.71,444.76,444.76,3765000
2025-07-31,445.27,441.33,441.33,4223300
2025-08-01,437.75,435.72,435.72,5980000
2025-08-04,437.88,441.81,441.81,5065800
2025-08-05,441.8,441.14,441.14,4081600
2025-08-06,442.11,441.97,441.97,2975300
2025-08-07,444.27,439.72,439.72,5205100
2025-08-08,440.81,441.92,441.92,3684500
2025-08-11,442.33,440.01,440.01,3538100
2025-08-12,441.69,444.68,444.68,5012600
2025-08-13,446.44,449.42,449.42,6203200
2025-08-14,447.74,449.16,449.16,4553200
2025-08-15,451.9,449.53,449.53,5584400
2025-08-18,449.35,449.05,449.05,3809100
2025-08-19,449.85,449.29,449.29,5794900
2025-08-20,449.79,449.36,449.36,4731400
2025-08-21,447.72,447.95,447.95,3780700
2025-08-22,450.42,456.64,456.64,8534700
2025-08-25,455.64,453.07,453.07,3898200
2025-08-26,452.79,454.49,454.49,3190500
2025-08-27,454.28,456.03,456.03,2943900
2025-08-28,456.53,456.79,456.79,3576500
2025-08-29,456.12,456.09,456.09,3605900
2025-09-02,451.99,453.61,453.61,6009200
2025-09-03,452.88,453.26,453.26,3948200
2025-09-04,453.55,457.05,457.05,4524200
2025-09-05,457.12,454.99,454.99,5828200
2025-09-08,455.38,456.2,456.2,4395200
2025-09-09,455.96,458.01,458.01,5979400
2025-09-10,457.71,455.93,455.93,5412200
2025-09-11,456.85,461.92,461.92,6352100
2025-09-12,461.25,459.32,459.32,3784600
2025-09-15,460.01,460.07,460.07,4862200
2025-09-16,460.11,458.78,458.78,4526100
2025-09-17,459.79,461.26,461.26,5998000
2025-09-18,461.29,462.63,462.63,6681000
2025-09-19,462.72,462.94,462.94,5871400
2025-09-22,461.16,463.67,463.67,4074900
2025-09-23,464.22,462.87,462.87,5904600
2025-09-24,463.45,461.02,461.02,4588800
2025-09-25,459.9,459.43,459.43,4767200
2025-09-26,461.27,462.28,462.28,4167200
2025-09-29,463.76,463.04,463.04,3752700
2025-09-30,462.62,463.74,463.74,4253300
2025-10-01,462.57,464.26,464.26,4551600
2025-10-02,464.31,465.11,465.11,5458300
2025-10-03,465.79,467.51,467.51,9693900
2025-10-06,468.32,466.84,466.84,7405400
2025-10-07,467.55,465.97,465.97,7368700
2025-10-08,467.32,466.07,466.07,4621200
2025-10-09,466.17,463.5,463.5,5411000
2025-10-10,465.12,454.87,454.87,9309100
2025-10-13,458.23,460.68,460.68,6272500
2025-10-14,457.03,462.71,462.71,7827400
2025-10-15,464.67,462.71,462.71,6187100
2025-10-16,463.37,459.56,459.56,8149500
2025-10-17,459.3,461.78,461.78,8439900
2025-10-20,463.45,467.02,467.02,4556600
2025-10-21,467.07,469.22,469.22,5951600
2025-10-22,469.21,465.78,465.78,7604700
2025-10-23,465.55,467.29,467.29,5144200
2025-10-24,470.02,472.21,472.21,7228900
2025-10-27,474.76,475.35,475.35,4720200
2025-10-28,478.8,477.15,477.15,9435500
2025-10-29,478.65,476.37,476.37,10006500
2025-10-30,474.1,475.01,475.01,9338300
2025-10-31,475.86,475.67,475.67,7990900
2025-11-03,476.16,473.47,473.47,4858700
2025-11-04,470.42,470.9,470.9,6013300
2025-11-05,470.8,473.11,473.11,7030200
2025-11-06,472.09,469.28,469.28,7125200
2025-11-07,468.28,469.86,469.86,8604400
2025-11-10,471.9,473.82,473.82,5636600
2025-11-11,474.26,479.41,479.41,4839100
2025-11-12,480.49,482.76,482.76,7066900
2025-11-13,481.4,474.74,474.74,8722300
2025-11-14,471.38,471.8,471.8,10940200
2025-11-17,470.87,466.32,466.32,7599500
2025-11-18,462.17,461.3,461.3,12817500
2025-11-19,461.51,461.76,461.76,5833400
2025-11-20,466.64,458.1,458.1,13414200
2025-11-21,459.54,462.57,462.57,11821400
2025-11-24,463.75,464.44,464.44,6206800
2025-11-25,465.58,471.18,471.18,7203600
2025-11-26,472.2,474.35,474.35,5689100
2025-11-28,474.82,477.18,477.18,2281800
2025-12-01,474.34,473.32,473.32,4413900
2025-12-02,474.21,475.26,475.26,5233500
2025-12-03,474.83,479.41,479.41,5994200
2025-12-04,479.71,479.07,479.07,4003800
2025-12-05,479.48,480.03,480.03,4596600
2025-12-08,480.49,478.15,478.15,4427600
2025-12-09,478.07,476.42,476.42,4266900
2025-12-10,476.13,481.35,481.35,5476200
2025-12-11,482.2,487.87,487.87,6972300
2025-12-12,488.7,485.4,485.4,7089900
2025-12-15,487.58,485.17,485.17,4891300
2025-12-16,484.46,481.98,481.98,5373200
2025-12-17,482.81,479.8,479.8,6381600
2025-12-18,482.18,480.51,480.51,6422800
2025-12-19,480.62,481.15,481.15,6439100
2025-12-22,481.86,483.46,483.46,4162000
2025-12-23,482.18,484.23,484.23,3677800
2025-12-24,484.19,487.01,487.01,1544000
2025-12-26,486.84,487.03,487.03,2711500
2025-12-29,485.89,484.59,484.59,3390100
2025-12-30,484.62,483.59,483.59,3042700
2025-12-31,483.65,480.57,480.57,3441900
2026-01-02,481.85,483.63,483.63,7021100
2026-01-05,484.41,489.77,489.77,7574400
2026-01-06,489.33,494.61,494.61,6061400
2026-01-07,495.65,489.96,489.96,5603700
2026-01-08,487.81,492.53,492.53,6544800
2026-01-09,492.86,495.02,495.02,6004600
2026-01-12,492.33,495.9,495.9,5722400
2026-01-13,495.55,491.94,491.94,5966400
2026-01-14,490.66,491.58,491.58,6767800
2026-01-15,492.37,494.48,494.48,8519900
2026-01-16,494.5,493.42,493.42,5845500
2026-01-20,486.17,484.88,484.88,7416300
2026-01-21,485.67,490.8,490.8,6718600
2026-01-22,493.47,493.69,493.69,5087200
2026-01-23,491.82,490.93,490.93,4915700
2026-01-26,491.91,494.06,494.06,3722800
2026-01-27,490.69,490.06,490.06,5971400
2026-01-28,490.28,490.13,490.13,4726500
2026-01-29,490.08,490.21,490.21,9706500
2026-01-30,489.11,489.03,489.03,8112100
2026-02-02,488.87,494.03,494.03,5584500
2026-02-03,493.14,492.31,492.31,8799100
2026-02-04,493.92,494.75,494.75,8797100
2026-02-05,492.51,488.91,488.91,7767500
2026-02-06,492.37,501.03,501.03,10635300
2026-02-09,500.11,501.22,501.22,6414800
2026-02-10,502.34,501.9,501.9,8163100
2026-02-11,504.21,501.33,501.33,5743800
2026-02-12,503.13,494.67,494.67,9160300
2026-02-13,495.04,495.28,495.28,8378100
2026-02-17,495.33,495.85,495.85,6779400
2026-02-18,496.78,497.0,497.0,4454300
2026-02-19,495.56,494.38,494.38,4625400
2026-02-20,492.54,496.08,496.08,6086800
2026-02-23,494.5,488.01,488.01,8269200
2026-02-24,488.39,491.79,491.79,5335000
2026-02-25,493.63,494.82,494.82,4446200
2026-02-26,497.0,494.86,494.86,6467000
2026-02-27,489.63,489.66,489.66,7198400
2026-03-02,484.34,489.18,489.18,7218500
2026-03-03,480.16,485.52,485.52,11570700
2026-03-04,486.56,487.74,487.74,7590700
2026-03-05,483.82,479.84,479.84,8758600
2026-03-06,473.72,475.23,475.23,8206100
2026-03-09,470.88,477.88,477.88,10305600
2026-03-10,477.74,477.7,477.7,6265600
2026-03-11,477.4,474.81,474.81,6701700
2026-03-12,470.34,467.48,467.48,8000200
2026-03-13,469.94,466.41,466.41,7471700
2026-03-16,470.07,470.3,470.3,7059900
2026-03-17,473.38,470.9,470.9,6189400
2026-03-18,468.77,463.0,463.0,7090700
2026-03-19,459.97,461.06,461.06,7882800
2026-03-20,458.73,455.89,455.89,10543300
2026-03-23,463.3,461.97,461.97,9978100
2026-03-24,458.42,461.17,461.17,8188000
2026-03-25,465.73,464.14,464.14,7019700
2026-03-26,461.54,459.31,459.31,8284000
2026-03-27,457.36,451.39,451.39,6938500
2026-03-30,455.6,452.06,452.06,9181600
2026-03-31,456.81,463.19,463.19,11656300
2026-04-01,466.0,465.48,465.48,7790300
2026-04-02,460.16,465.06,465.06,3955900
2026-04-06,464.16,466.77,466.77,2905300
2026-04-07,465.75,465.88,465.88,3943200
2026-04-08,478.88,479.16,479.16,4697500
2026-04-09,477.49,481.9,481.9,4213700
2026-04-10,482.2,479.25,479.25,2659000
2026-04-13,476.1,482.13,482.13,3768700
2026-04-14,482.41,485.49,485.49,4217900
2026-04-15,486.51,484.72,484.72,3474500
2026-04-16,485.82,485.63,485.63,4111500
2026-04-17,490.67,494.22,494.22,10238700
2026-04-20,493.45,494.33,494.33,3764000
2026-04-21,497.24,491.36,491.36,4322200
2026-04-22,495.32,494.76,494.76,4022400
2026-04-23,492.55,493.0,493.0,4077300
2026-04-24,493.05,492.21,492.21,3372300
2026-04-27,491.6,491.83,491.83,2132100
2026-04-28,493.46,491.42,491.42,3057100
2026-04-29,490.95,488.67,488.67,3322300
2026-04-30,490.98,496.65,496.65,5352300
2026-05-01,498.84,495.02,495.02,4402600
2026-05-04,493.5,489.56,489.56,3310400
2026-05-05,491.89,492.96,492.96,3386200
2026-05-06,496.98,499.05,499.05,4317300
2026-05-07,500.51,495.91,495.91,4490500
2026-05-08,498.48,496.13,496.13,3495200
2026-05-11,495.8,497.11,497.11,4249100
2026-05-12,496.51,497.89,497.89,7445700
2026-05-13,496.16,497.14,497.14,3256800
2026-05-14,501.39,500.8,500.8,4920500
2026-05-15,497.32,495.37,495.37,5300700
2026-05-18,495.65,497.01,497.01,5496200
2026-05-19,494.83,493.98,493.98,5361300
2026-05-20,495.87,500.24,500.24,6516100
2026-05-21,498.78,503.11,503.11,6576000
2026-05-22,507.01,506.12,506.12,5172200
2026-05-26,507.57,505.25,505.25,3897800
2026-05-27,505.93,506.88,506.88,4247800
2026-05-28,505.34,507.05,507.05,3709600
2026-05-29,507.9,510.78,510.78,5346700
2026-06-01,509.85,511.44,511.44,4424800
2026-06-02,509.08,514.05,514.05,5078000
2026-06-03,511.17,508.26,508.26,4098000
2026-06-04,513.69,516.7,516.7,6390700
2026-06-05,517.71,509.7,509.7,6610700
2026-06-08,510.77,508.91,508.91,4825700
2026-06-09,511.48,509.41,509.41,6249400
2026-06-10,507.49,500.25,500.25,5153400
2026-06-11,503.19,509.36,509.36,6353900
2026-06-12,512.89,513.06,513.06,8384500
2026-06-15,519.23,518.44,518.44,5379400
2026-06-16,520.32,521.44,521.44,4812600
2026-06-17,521.26,516.3,516.3,6563500
2026-06-18,518.43,515.52,515.52,7134400
2026-06-22,516.84,517.08,517.08,6552200
2026-06-23,514.68,516.62,516.62,5039200
2026-06-24,516.19,518.52,518.52,4395900
2026-06-25,521.19,519.26,519.26,5357500
2026-06-26,517.0,517.75,517.75,3823600
2026-06-29,520.63,521.68,521.68,5733400
2026-06-30,522.35,522.39,522.39,3607900
2026-07-01,521.43,522.4,522.4,3438400
2026-07-02,525.49,527.88,527.88,3518700
2026-07-06,528.72,530.09,530.09,3236900
2026-07-07,532.51,528.45,528.45,4489200
2026-07-08,523.34,522.77,522.77,3575000
2026-07-09,523.65,524.19,524.19,3056400
2026-07-10,525.64,525.78,525.78,3469400
2026-07-13,525.84,524.47,524.47,2723800
2026-07-14,523.32,524.69,524.69,3664000
2026-07-15,525.9,525.95,525.95,3246900
2026-07-16,526.81,524.83,524.83,3173300
2026-07-17,519.64,520.81,520.81,4741300
2026-07-20,522.04,517.94,517.94,2336600
2026-07-21,519.63,521.51,521.51,3240700
2026-07-22,521.63,521.47,521.47,3204100
2026-07-23,515.07,516.26,516.26,4305100
2026-07-24,517.28,518.76,518.76,3328400
2026-07-27,524.7,521.26,521.26,3355200
2026-07-28,526.19,526.89,526.89,5157900
2026-07-29,522.46,515.41,515.41,7369400
2026-07-30,518.84,521.51,521.51,3225300
2026-07-31,524.08,524.32,524.32,3981100
2026-08-03,529.55,531.22,531.22,4328000
2026-08-04,537.9,540.43,540.43,6705400
2026-08-05,543.3,542.81,542.81,5256700
2026-08-06,543.8,538.19,538.19,3651800
2026-08-07,538.71,539.62,539.62,2230100
2026-08-10,538.7,538.99,538.99,3408900
2026-08-11,539.91,537.28,537.28,2826800
2026-08-12,539.01,537.15,537.15,3167600
2026-08-13,538.7,537.91,537.91,2033100
2026-08-14,537.41,536.8,536.8,2089100
2026-08-17,534.5,534.19,534.19,2668100
2026-08-18,533.38,532.91,532.91,3825700
2026-08-19,535.33,534.27,534.27,3062700
2026-08-20,530.35,527.51,527.51,2868500
2026-08-21,530.03,532.22,532.22,3034400
2026-08-24,531.83,533.65,533.65,4593526
2026-08-25,536.37,535.24,535.24,2444451
2026-08-26,535.34,534.23,534.23,1761334
2026-08-27,533.56,535.22,535.22,2508817
