date,open_price_usd,close_price_usd,adj_close_price_usd,total_volume_usd
2013-04-29,14712.55,14818.75,14818.75,97060000.0
2013-04-30,14818.75,14839.8,14839.8,148250000.0
2013-05-01,14839.8,14700.95,14700.95,112620000.0
2013-05-02,14700.95,14831.58,14831.58,91180000.0
2013-05-03,14831.58,14973.96,14973.96,119890000.0
2013-05-06,14973.96,14968.89,14968.89,116160000.0
2013-05-07,14968.89,15056.2,15056.2,117230000.0
2013-05-08,15056.2,15105.12,15105.12,113510000.0
2013-05-09,15105.12,15082.62,15082.62,97810000.0
2013-05-10,15082.62,15118.49,15118.49,98980000.0
2013-05-13,15113.42,15091.68,15091.68,94280000.0
2013-05-14,15091.68,15215.25,15215.25,124590000.0
2013-05-15,15211.87,15275.69,15275.69,124030000.0
2013-05-16,15273.92,15233.22,15233.22,145090000.0
2013-05-17,15234.75,15354.4,15354.4,175750000.0
2013-05-20,15348.33,15335.28,15335.28,116420000.0
2013-05-21,15334.97,15387.58,15387.58,122970000.0
2013-05-22,15387.12,15307.17,15307.17,171850000.0
2013-05-23,15300.57,15294.5,15294.5,148810000.0
2013-05-24,15290.74,15303.1,15303.1,105660000.0
2013-05-28,15307.33,15409.39,15409.39,130680000.0
2013-05-29,15399.94,15302.8,15302.8,114020000.0
2013-05-30,15306.02,15324.53,15324.53,121150000.0
2013-05-31,15322.22,15115.57,15115.57,208830000.0
2013-06-03,15123.55,15254.03,15254.03,147980000.0
2013-06-04,15255.22,15177.54,15177.54,134280000.0
2013-06-05,15168.1,14960.59,14960.59,141400000.0
2013-06-06,14955.45,15040.62,15040.62,140410000.0
2013-06-07,15044.46,15248.12,15248.12,137380000.0
2013-06-10,15247.81,15238.59,15238.59,94250000.0
2013-06-11,15231.38,15122.02,15122.02,101610000.0
2013-06-12,15130.39,14995.23,14995.23,105770000.0
2013-06-13,14992.54,15176.08,15176.08,104490000.0
2013-06-14,15178.08,15070.18,15070.18,107430000.0
2013-06-17,15078.71,15179.85,15179.85,139250000.0
2013-06-18,15186.3,15318.23,15318.23,99210000.0
2013-06-19,15315.47,15112.19,15112.19,111380000.0
2013-06-20,15105.51,14758.32,14758.32,172630000.0
2013-06-21,14760.62,14799.4,14799.4,420080000.0
2013-06-24,14795.79,14659.56,14659.56,158670000.0
2013-06-25,14669.69,14760.31,14760.31,135940000.0
2013-06-26,14769.99,14910.14,14910.14,133230000.0
2013-06-27,14921.28,15024.49,15024.49,113650000.0
2013-06-28,15016.58,14909.6,14909.6,230000000.0
2013-07-01,14911.6,14974.96,14974.96,120570000.0
2013-07-02,14974.96,14932.41,14932.41,116610000.0
2013-07-03,14923.73,14988.37,14988.37,61000000.0
2013-07-05,14995.46,15135.84,15135.84,94560000.0
2013-07-08,15137.22,15224.69,15224.69,136820000.0
2013-07-09,15228.46,15300.34,15300.34,109270000.0
2013-07-10,15298.03,15291.66,15291.66,105050000.0
2013-07-11,15298.0,15460.92,15460.92,124950000.0
2013-07-12,15460.69,15464.3,15464.3,130140000.0
2013-07-15,15459.69,15484.26,15484.26,99430000.0
2013-07-16,15485.03,15451.85,15451.85,105970000.0
2013-07-17,15456.92,15470.52,15470.52,126240000.0
2013-07-18,15465.91,15548.54,15548.54,136270000.0
2013-07-19,15524.27,15543.74,15543.74,229260000.0
2013-07-22,15543.97,15545.55,15545.55,180920000.0
2013-07-23,15547.0,15567.74,15567.74,98700000.0
2013-07-24,15576.69,15542.24,15542.24,99320000.0
2013-07-25,15539.17,15555.61,15555.61,103260000.0
2013-07-26,15547.85,15558.83,15558.83,94880000.0
2013-07-29,15557.14,15521.97,15521.97,87240000.0
2013-07-30,15534.49,15520.59,15520.59,117550000.0
2013-07-31,15528.57,15499.54,15499.54,145120000.0
2013-08-01,15503.85,15628.02,15628.02,111040000.0
2013-08-02,15627.56,15658.36,15658.36,104840000.0
2013-08-05,15651.98,15612.13,15612.13,76850000.0
2013-08-06,15608.44,15518.74,15518.74,87730000.0
2013-08-07,15516.21,15470.67,15470.67,88430000.0
2013-08-08,15477.27,15498.32,15498.32,90990000.0
2013-08-09,15496.63,15425.51,15425.51,81180000.0
2013-08-12,15415.22,15419.68,15419.68,78060000.0
2013-08-13,15420.68,15451.01,15451.01,84790000.0
2013-08-14,15447.71,15337.66,15337.66,91030000.0
2013-08-15,15332.71,15112.19,15112.19,128340000.0
2013-08-16,15112.57,15081.47,15081.47,151620000.0
2013-08-19,15076.79,15010.74,15010.74,111660000.0
2013-08-20,15011.82,15002.99,15002.99,102340000.0
2013-08-21,14993.81,14897.55,14897.55,98340000.0
2013-08-22,14908.6,14963.74,14963.74,153490000.0
2013-08-23,14988.78,15010.51,15010.51,131860000.0
2013-08-26,15014.58,14946.46,14946.46,102820000.0
2013-08-27,14939.25,14776.13,14776.13,118610000.0
2013-08-28,14770.99,14824.51,14824.51,104620000.0
2013-08-29,14817.91,14840.95,14840.95,93170000.0
2013-08-30,14844.1,14810.31,14810.31,135850000.0
2013-09-03,14801.55,14833.96,14833.96,142530000.0
2013-09-04,14832.42,14930.87,14930.87,122150000.0
2013-09-05,14929.49,14937.48,14937.48,101010000.0
2013-09-06,14941.55,14922.5,14922.5,108410000.0
2013-09-09,14927.19,15063.12,15063.12,90660000.0
2013-09-10,15067.23,15191.06,15191.06,103200000.0
2013-09-11,15194.13,15326.6,15326.6,102090000.0
2013-09-12,15327.14,15300.64,15300.64,99760000.0
2013-09-13,15312.86,15376.06,15376.06,90890000.0
2013-09-16,15381.36,15494.78,15494.78,105740000.0
2013-09-17,15503.15,15529.73,15529.73,104480000.0
2013-09-18,15533.03,15676.94,15676.94,145410000.0
2013-09-19,15677.86,15636.55,15636.55,116280000.0
2013-09-20,15635.09,15451.09,15451.09,379650000.0
2013-09-23,15452.31,15401.38,15401.38,94920000.0
2013-09-24,15402.54,15334.59,15334.59,85430000.0
2013-09-25,15339.02,15273.26,15273.26,81890000.0
2013-09-26,15274.42,15328.3,15328.3,79050000.0
2013-09-27,15317.45,15258.24,15258.24,95660000.0
2013-09-30,15249.82,15129.67,15129.67,122330000.0
2013-10-01,15132.49,15191.7,15191.7,82460000.0
2013-10-02,15182.65,15133.14,15133.14,86090000.0
2013-10-03,15127.23,14996.48,14996.48,91300000.0
2013-10-04,14994.68,15072.58,15072.58,75100000.0
2013-10-07,15069.3,14936.24,14936.24,79620000.0
2013-10-08,14938.04,14776.53,14776.53,102690000.0
2013-10-09,14778.19,14802.98,14802.98,103190000.0
2013-10-10,14806.39,15126.07,15126.07,106540000.0
2013-10-11,15126.52,15237.11,15237.11,85730000.0
2013-10-14,15231.33,15301.26,15301.26,81420000.0
2013-10-15,15300.3,15168.01,15168.01,91440000.0
2013-10-16,15170.7,15373.83,15373.83,92850000.0
2013-10-17,15369.46,15371.65,15371.65,108490000.0
2013-10-18,15371.71,15399.65,15399.65,156660000.0
2013-10-21,15401.32,15392.2,15392.2,93660000.0
2013-10-22,15394.22,15467.66,15467.66,107030000.0
2013-10-23,15465.34,15413.33,15413.33,90630000.0
2013-10-24,15414.87,15509.21,15509.21,89240000.0
2013-10-25,15523.72,15570.28,15570.28,109900000.0
2013-10-28,15569.19,15568.93,15568.93,92760000.0
2013-10-29,15572.21,15680.35,15680.35,86600000.0
2013-10-30,15680.74,15618.76,15618.76,79170000.0
2013-10-31,15619.92,15545.75,15545.75,114050000.0
2013-11-01,15558.01,15615.55,15615.55,101830000.0
2013-11-04,15621.2,15639.12,15639.12,71200000.0
2013-11-05,15631.22,15618.22,15618.22,91890000.0
2013-11-06,15628.72,15746.88,15746.88,109200000.0
2013-11-07,15751.31,15593.98,15593.98,103860000.0
2013-11-08,15591.54,15761.78,15761.78,101200000.0
2013-11-11,15759.28,15783.1,15783.1,58860000.0
2013-11-12,15773.15,15750.67,15750.67,79260000.0
2013-11-13,15739.5,15821.63,15821.63,92450000.0
2013-11-14,15806.22,15876.22,15876.22,123860000.0
2013-11-15,15876.16,15961.7,15961.7,126460000.0
2013-11-18,15962.72,15976.02,15976.02,94860000.0
2013-11-19,15974.06,15967.03,15967.03,84570000.0
2013-11-20,15971.2,15900.82,15900.82,84350000.0
2013-11-21,15908.07,16009.99,16009.99,79000000.0
2013-11-22,16008.71,16064.77,16064.77,81000000.0
2013-11-25,16072.09,16072.54,16072.54,94040000.0
2013-11-26,16070.93,16072.8,16072.8,107450000.0
2013-11-27,16073.37,16097.33,16097.33,65730000.0
2013-11-29,16105.16,16086.41,16086.41,69190000.0
2013-12-02,16087.12,16008.77,16008.77,92590000.0
2013-12-03,16004.72,15914.62,15914.62,103910000.0
2013-12-04,15910.51,15889.77,15889.77,111180000.0
2013-12-05,15886.5,15821.51,15821.51,128080000.0
2013-12-06,15825.55,16020.2,16020.2,98260000.0
2013-12-09,16019.49,16025.53,16025.53,91810000.0
2013-12-10,16024.12,15973.13,15973.13,79420000.0
2013-12-11,15970.75,15843.53,15843.53,107170000.0
2013-12-12,15844.82,15739.43,15739.43,105870000.0
2013-12-13,15745.66,15755.36,15755.36,83180000.0
2013-12-16,15759.6,15884.57,15884.57,101470000.0
2013-12-17,15884.06,15875.26,15875.26,101490000.0
2013-12-18,15876.57,16167.97,16167.97,129620000.0
2013-12-19,16162.51,16179.08,16179.08,94980000.0
2013-12-20,16178.57,16221.14,16221.14,285190000.0
2013-12-23,16225.25,16294.61,16294.61,78930000.0
2013-12-24,16295.7,16357.55,16357.55,33640000.0
2013-12-26,16370.97,16479.88,16479.88,50160000.0
2013-12-27,16486.37,16478.41,16478.41,47230000.0
2013-12-30,16484.51,16504.29,16504.29,54220000.0
2013-12-31,16512.38,16576.66,16576.66,78760000.0
2014-01-02,16572.17,16441.35,16441.35,80960000.0
2014-01-03,16456.89,16469.99,16469.99,72770000.0
2014-01-06,16474.04,16425.1,16425.1,89380000.0
2014-01-07,16429.02,16530.94,16530.94,81270000.0
2014-01-08,16527.66,16462.74,16462.74,103260000.0
2014-01-09,16471.41,16444.76,16444.76,83990000.0
2014-01-10,16453.62,16437.05,16437.05,85190000.0
2014-01-13,16434.03,16257.94,16257.94,111680000.0
2014-01-14,16261.99,16373.86,16373.86,98610000.0
2014-01-15,16378.03,16481.94,16481.94,101130000.0
2014-01-16,16477.7,16417.01,16417.01,87370000.0
2014-01-17,16408.02,16458.56,16458.56,184970000.0
2014-01-21,16459.27,16414.44,16414.44,111570000.0
2014-01-22,16420.48,16373.34,16373.34,87470000.0
2014-01-23,16371.99,16197.35,16197.35,100540000.0
2014-01-24,16203.29,15879.11,15879.11,141450000.0
2014-01-27,15879.05,15837.88,15837.88,127540000.0
2014-01-28,15840.84,15928.56,15928.56,89110000.0
2014-01-29,15927.08,15738.79,15738.79,109590000.0
2014-01-30,15743.03,15848.61,15848.61,92100000.0
2014-01-31,15847.19,15698.85,15698.85,137090000.0
2014-02-03,15697.69,15372.8,15372.8,151050000.0
2014-02-04,15372.93,15445.24,15445.24,124110000.0
2014-02-05,15443.0,15440.23,15440.23,105130000.0
2014-02-06,15443.83,15628.53,15628.53,106980000.0
2014-02-07,15630.64,15794.08,15794.08,105780000.0
2014-02-10,15793.63,15801.79,15801.79,84110000.0
2014-02-11,15804.17,15994.77,15994.77,95930000.0
2014-02-12,15993.04,15963.94,15963.94,77310000.0
2014-02-13,15946.99,16027.59,16027.59,99470000.0
2014-02-14,16018.08,16154.39,16154.39,84060000.0
2014-02-18,16153.97,16130.4,16130.4,91250000.0
2014-02-19,16126.23,16040.56,16040.56,80560000.0
2014-02-20,16044.15,16133.23,16133.23,77720000.0
2014-02-21,16135.92,16103.3,16103.3,126580000.0
2014-02-24,16102.27,16207.14,16207.14,244580000.0
2014-02-25,16207.34,16179.66,16179.66,99470000.0
2014-02-26,16180.36,16198.41,16198.41,93980000.0
2014-02-27,16197.7,16272.65,16272.65,97640000.0
2014-02-28,16273.23,16321.71,16321.71,122110000.0
2014-03-03,16321.71,16168.03,16168.03,92760000.0
2014-03-04,16169.32,16395.88,16395.88,96120000.0
2014-03-05,16395.88,16360.18,16360.18,73980000.0
2014-03-06,16360.56,16421.89,16421.89,75900000.0
2014-03-07,16424.53,16452.72,16452.72,80690000.0
2014-03-10,16453.1,16418.68,16418.68,68210000.0
2014-03-11,16419.39,16351.25,16351.25,78150000.0
2014-03-12,16350.67,16340.08,16340.08,77900000.0
2014-03-13,16341.55,16108.89,16108.89,86160000.0
2014-03-14,16106.32,16065.67,16065.67,85660000.0
2014-03-17,16066.37,16247.22,16247.22,88930000.0
2014-03-18,16245.93,16336.19,16336.19,79140000.0
2014-03-19,16335.71,16222.17,16222.17,90110000.0
2014-03-20,16221.98,16331.05,16331.05,91530000.0
2014-03-21,16332.69,16302.77,16302.77,353670000.0
2014-03-24,16303.28,16276.69,16276.69,110620000.0
2014-03-25,16279.2,16367.88,16367.88,89110000.0
2014-03-26,16370.71,16268.99,16268.99,92770000.0
2014-03-27,16268.67,16264.23,16264.23,93650000.0
2014-03-28,16267.77,16323.06,16323.06,86370000.0
2014-03-31,16324.22,16457.66,16457.66,104510000.0
2014-04-01,16458.05,16532.61,16532.61,88010000.0
2014-04-02,16532.8,16573.0,16573.0,78120000.0
2014-04-03,16572.36,16572.55,16572.55,77220000.0
2014-04-04,16576.02,16412.71,16412.71,104350000.0
2014-04-07,16414.15,16245.87,16245.87,116540000.0
2014-04-08,16245.16,16256.14,16256.14,98510000.0
2014-04-09,16256.37,16437.18,16437.18,91550000.0
2014-04-10,16437.24,16170.22,16170.22,112550000.0
2014-04-11,16168.87,16026.75,16026.75,119550000.0
2014-04-14,16028.29,16173.24,16173.24,90020000.0
2014-04-15,16173.49,16262.56,16262.56,97850000.0
2014-04-16,16266.23,16424.85,16424.85,94650000.0
2014-04-17,16424.14,16408.54,16408.54,136190000.0
2014-04-21,16408.92,16449.25,16449.25,79500000.0
2014-04-22,16449.38,16514.37,16514.37,84830000.0
2014-04-23,16513.73,16501.65,16501.65,76830000.0
2014-04-24,16503.39,16501.65,16501.65,80340000.0
2014-04-25,16503.26,16361.46,16361.46,90630000.0
2014-04-28,16363.2,16448.74,16448.74,105510000.0
2014-04-29,16451.18,16535.37,16535.37,71240000.0
2014-04-30,16534.86,16580.84,16580.84,92970000.0
2014-05-01,16580.26,16558.87,16558.87,75630000.0
2014-05-02,16562.34,16512.89,16512.89,78910000.0
2014-05-05,16509.75,16530.55,16530.55,70320000.0
2014-05-06,16529.85,16401.02,16401.02,74340000.0
2014-05-07,16401.66,16518.54,16518.54,93870000.0
2014-05-08,16518.16,16550.97,16550.97,75620000.0
2014-05-09,16551.23,16583.34,16583.34,74980000.0
2014-05-12,16584.82,16695.47,16695.47,71550000.0
2014-05-13,16695.92,16715.44,16715.44,71340000.0
2014-05-14,16716.08,16613.97,16613.97,71970000.0
2014-05-15,16613.52,16446.81,16446.81,106610000.0
2014-05-16,16447.32,16491.31,16491.31,119330000.0
2014-05-19,16490.35,16511.86,16511.86,82180000.0
2014-05-20,16511.22,16374.31,16374.31,75150000.0
2014-05-21,16376.17,16533.06,16533.06,76730000.0
2014-05-22,16532.74,16543.08,16543.08,59250000.0
2014-05-23,16544.49,16606.27,16606.27,61340000.0
2014-05-27,16607.42,16675.5,16675.5,80870000.0
2014-05-28,16674.98,16633.18,16633.18,62480000.0
2014-05-29,16637.74,16698.74,16698.74,55500000.0
2014-05-30,16697.33,16717.17,16717.17,105190000.0
2014-06-02,16716.85,16743.63,16743.63,57560000.0
2014-06-03,16736.7,16722.34,16722.34,67830000.0
2014-06-04,16720.0,16737.53,16737.53,65570000.0
2014-06-05,16739.14,16836.11,16836.11,70460000.0
2014-06-06,16839.64,16924.28,16924.28,80530000.0
2014-06-09,16926.08,16943.1,16943.1,67130000.0
2014-06-10,16940.4,16945.92,16945.92,64560000.0
2014-06-11,16943.16,16843.88,16843.88,61860000.0
2014-06-12,16840.48,16734.19,16734.19,72560000.0
2014-06-13,16734.64,16775.74,16775.74,95220000.0
2014-06-16,16765.56,16781.01,16781.01,77900000.0
2014-06-17,16779.21,16808.49,16808.49,63530000.0
2014-06-18,16806.12,16906.62,16906.62,73720000.0
2014-06-19,16909.9,16921.46,16921.46,80220000.0
2014-06-20,16920.62,16947.08,16947.08,247350000.0
2014-06-23,16946.5,16937.26,16937.26,63640000.0
2014-06-24,16934.62,16818.13,16818.13,80220000.0
2014-06-25,16817.68,16867.51,16867.51,73920000.0
2014-06-26,16866.81,16846.13,16846.13,63650000.0
2014-06-27,16846.9,16851.84,16851.84,137690000.0
2014-06-30,16852.49,16826.6,16826.6,90360000.0
2014-07-01,16828.53,16956.07,16956.07,74050000.0
2014-07-02,16949.71,16976.24,16976.24,57840000.0
2014-07-03,16979.0,17068.26,17068.26,66800000.0
2014-07-07,17063.83,17024.21,17024.21,61480000.0
2014-07-08,17022.09,16906.62,16906.62,75250000.0
2014-07-09,16916.83,16985.61,16985.61,67120000.0
2014-07-10,16980.35,16915.07,16915.07,67510000.0
2014-07-11,16918.31,16943.81,16943.81,61000000.0
2014-07-14,16950.93,17055.42,17055.42,60570000.0
2014-07-15,17055.03,17060.68,17060.68,101730000.0
2014-07-16,17061.91,17138.2,17138.2,111500000.0
2014-07-17,17133.45,16976.81,16976.81,99240000.0
2014-07-18,16978.16,17100.18,17100.18,112530000.0
2014-07-21,17095.11,17051.73,17051.73,67590000.0
2014-07-22,17054.97,17113.54,17113.54,77960000.0
2014-07-23,17117.01,17086.63,17086.63,73440000.0
2014-07-24,17092.02,17083.8,17083.8,66390000.0
2014-07-25,17079.5,16960.57,16960.57,67290000.0
2014-07-28,16956.91,16982.59,16982.59,66190000.0
2014-07-29,16984.33,16912.11,16912.11,75980000.0
2014-07-30,16920.11,16880.36,16880.36,77750000.0
2014-07-31,16869.63,16563.3,16563.3,101670000.0
2014-08-01,16561.7,16493.37,16493.37,84860000.0
2014-08-04,16493.72,16569.28,16569.28,76260000.0
2014-08-05,16559.97,16429.47,16429.47,76630000.0
2014-08-06,16425.1,16443.34,16443.34,78600000.0
2014-08-07,16448.29,16368.27,16368.27,80430000.0
2014-08-08,16369.68,16553.93,16553.93,82420000.0
2014-08-11,16557.27,16569.98,16569.98,65560000.0
2014-08-12,16565.55,16560.54,16560.54,62770000.0
2014-08-13,16567.54,16651.8,16651.8,66020000.0
2014-08-14,16657.32,16713.58,16713.58,62370000.0
2014-08-15,16717.01,16662.91,16662.91,109180000.0
2014-08-18,16664.45,16838.74,16838.74,75670000.0
2014-08-19,16839.06,16919.59,16919.59,67220000.0
2014-08-20,16910.03,16979.13,16979.13,61960000.0
2014-08-21,16983.88,17039.49,17039.49,65160000.0
2014-08-22,17038.27,17001.22,17001.22,64330000.0
2014-08-25,17011.81,17076.87,17076.87,57400000.0
2014-08-26,17079.57,17106.7,17106.7,50710000.0
2014-08-27,17111.03,17122.01,17122.01,61690000.0
2014-08-28,17119.06,17079.57,17079.57,51860000.0
2014-08-29,17083.42,17098.45,17098.45,81500000.0
2014-09-02,17097.42,17067.56,17067.56,64820000.0
2014-09-03,17067.24,17078.28,17078.28,62770000.0
2014-09-04,17083.61,17069.58,17069.58,68120000.0
2014-09-05,17065.89,17137.36,17137.36,76630000.0
2014-09-08,17131.71,17111.42,17111.42,65640000.0
2014-09-09,17110.39,17013.87,17013.87,69030000.0
2014-09-10,17016.05,17068.71,17068.71,76780000.0
2014-09-11,17057.41,17049.0,17049.0,63650000.0
2014-09-12,17044.05,16987.51,16987.51,82820000.0
2014-09-15,16988.76,17031.14,17031.14,71740000.0
2014-09-16,17027.16,17131.97,17131.97,73200000.0
2014-09-17,17131.01,17156.85,17156.85,87810000.0
2014-09-18,17163.73,17265.99,17265.99,85300000.0
2014-09-19,17267.21,17279.74,17279.74,349620000.0
2014-09-22,17271.71,17172.68,17172.68,74300000.0
2014-09-23,17165.91,17055.87,17055.87,77090000.0
2014-09-24,17056.64,17210.06,17210.06,80530000.0
2014-09-25,17204.86,16945.8,16945.8,93520000.0
2014-09-26,16948.62,17113.15,17113.15,74670000.0
2014-09-29,17107.69,17071.22,17071.22,70220000.0
2014-09-30,17070.45,17042.9,17042.9,102290000.0
2014-10-01,17040.46,16804.71,16804.71,104240000.0
2014-10-02,16808.27,16801.05,16801.05,75490000.0
2014-10-03,16802.2,17009.69,17009.69,87940000.0
2014-10-06,17010.34,16991.91,16991.91,655450000.0
2014-10-07,16988.25,16719.39,16719.39,79420000.0
2014-10-08,16718.65,16994.22,16994.22,106930000.0
2014-10-09,16989.37,16659.25,16659.25,93210000.0
2014-10-10,16654.88,16544.1,16544.1,136370000.0
2014-10-13,16535.43,16321.07,16321.07,107830000.0
2014-10-14,16321.9,16315.19,16315.19,110410000.0
2014-10-15,16313.3,16141.74,16141.74,160380000.0
2014-10-16,16137.14,16117.24,16117.24,131670000.0
2014-10-17,16118.39,16380.41,16380.41,137910000.0
2014-10-20,16373.15,16399.67,16399.67,94320000.0
2014-10-21,16406.03,16614.81,16614.81,105110000.0
2014-10-22,16615.26,16461.32,16461.32,92050000.0
2014-10-23,16468.07,16677.9,16677.9,99420000.0
2014-10-24,16677.04,16805.41,16805.41,90400000.0
2014-10-27,16796.1,16817.94,16817.94,72580000.0
2014-10-28,16825.19,17005.75,17005.75,83870000.0
2014-10-29,17005.07,16974.31,16974.31,76450000.0
2014-10-30,16968.14,17195.42,17195.42,80180000.0
2014-10-31,17208.78,17390.52,17390.52,121610000.0
2014-11-03,17390.9,17366.24,17366.24,80030000.0
2014-11-04,17368.81,17383.84,17383.84,81390000.0
2014-11-05,17385.76,17484.53,17484.53,76030000.0
2014-11-06,17491.66,17554.47,17554.47,70670000.0
2014-11-07,17558.58,17573.93,17573.93,82860000.0
2014-11-10,17568.98,17613.74,17613.74,71430000.0
2014-11-11,17615.64,17614.9,17614.9,52880000.0
2014-11-12,17604.75,17612.2,17612.2,75980000.0
2014-11-13,17618.69,17652.79,17652.79,80540000.0
2014-11-14,17653.11,17634.74,17634.74,72850000.0
2014-11-17,17631.85,17647.75,17647.75,70330000.0
2014-11-18,17643.09,17687.82,17687.82,87420000.0
2014-11-19,17685.51,17685.73,17685.73,73780000.0
2014-11-20,17677.32,17719.0,17719.0,77740000.0
2014-11-21,17721.02,17810.06,17810.06,140940000.0
2014-11-24,17812.63,17817.9,17817.9,85510000.0
2014-11-25,17819.05,17814.94,17814.94,88190000.0
2014-11-26,17812.25,17827.75,17827.75,67450000.0
2014-11-28,17830.55,17828.24,17828.24,80470000.0
2014-12-01,17827.27,17776.8,17776.8,86390000.0
2014-12-02,17778.85,17879.55,17879.55,81970000.0
2014-12-03,17880.9,17912.62,17912.62,99400000.0
2014-12-04,17910.02,17900.1,17900.1,76270000.0
2014-12-05,17903.05,17958.79,17958.79,79110000.0
2014-12-08,17954.94,17852.48,17852.48,88680000.0
2014-12-09,17847.37,17801.2,17801.2,100400000.0
2014-12-10,17797.99,17533.15,17533.15,115100000.0
2014-12-11,17534.3,17596.34,17596.34,90100000.0
2014-12-12,17590.05,17280.83,17280.83,121950000.0
2014-12-15,17285.74,17180.84,17180.84,114050000.0
2014-12-16,17173.07,17068.87,17068.87,116640000.0
2014-12-17,17069.16,17356.87,17356.87,118220000.0
2014-12-18,17367.85,17778.15,17778.15,123940000.0
2014-12-19,17778.02,17804.8,17804.8,343690000.0
2014-12-22,17812.25,17959.44,17959.44,98460000.0
2014-12-23,17971.51,18024.17,18024.17,82890000.0
2014-12-24,18035.73,18030.21,18030.21,42870000.0
2014-12-26,18038.3,18053.71,18053.71,52570000.0
2014-12-29,18046.58,18038.23,18038.23,53870000.0
2014-12-30,18035.02,17983.07,17983.07,47490000.0
2014-12-31,17987.66,17823.07,17823.07,82840000.0
2015-01-02,17823.07,17832.99,17832.99,76270000.0
2015-01-05,17821.3,17501.65,17501.65,116160000.0
2015-01-06,17504.18,17371.64,17371.64,101870000.0
2015-01-07,17374.78,17584.52,17584.52,91030000.0
2015-01-08,17591.97,17907.87,17907.87,114890000.0
2015-01-09,17911.02,17737.37,17737.37,93390000.0
2015-01-12,17742.05,17640.84,17640.84,92500000.0
2015-01-13,17645.02,17613.68,17613.68,99360000.0
2015-01-14,17609.06,17427.09,17427.09,109180000.0
2015-01-15,17436.3,17320.71,17320.71,94520000.0
2015-01-16,17320.0,17511.57,17511.57,140480000.0
2015-01-20,17516.96,17515.23,17515.23,119600000.0
2015-01-21,17509.96,17554.28,17554.28,95530000.0
2015-01-22,17557.29,17813.98,17813.98,111980000.0
2015-01-23,17812.5,17672.6,17672.6,97110000.0
2015-01-26,17668.11,17678.7,17678.7,87220000.0
2015-01-27,17638.53,17387.21,17387.21,135940000.0
2015-01-28,17402.91,17191.37,17191.37,115980000.0
2015-01-29,17195.29,17416.85,17416.85,111690000.0
2015-01-30,17416.85,17164.95,17164.95,168560000.0
2015-02-02,17169.99,17361.04,17361.04,108090000.0
2015-02-03,17369.97,17666.4,17666.4,112860000.0
2015-02-04,17664.99,17673.02,17673.02,102560000.0
2015-02-05,17677.26,17884.88,17884.88,79890000.0
2015-02-06,17881.54,17824.29,17824.29,93610000.0
2015-02-09,17821.49,17729.21,17729.21,81590000.0
2015-02-10,17736.15,17868.76,17868.76,89930000.0
2015-02-11,17867.86,17862.14,17862.14,89890000.0
2015-02-12,17862.14,17972.38,17972.38,117160000.0
2015-02-13,17968.65,18019.35,18019.35,85230000.0
2015-02-17,18019.8,18047.58,18047.58,98760000.0
2015-02-18,18045.72,18029.85,18029.85,75090000.0
2015-02-19,18028.67,17985.77,17985.77,79130000.0
2015-02-20,17985.77,18140.44,18140.44,111390000.0
2015-02-23,18140.76,18116.84,18116.84,83670000.0
2015-02-24,18112.57,18209.19,18209.19,79310000.0
2015-02-25,18208.67,18224.57,18224.57,80480000.0
2015-02-26,18224.41,18214.42,18214.42,81500000.0
2015-02-27,18213.26,18132.7,18132.7,101110000.0
2015-03-02,18134.05,18288.63,18288.63,89790000.0
2015-03-03,18281.95,18203.37,18203.37,83830000.0
2015-03-04,18203.37,18096.9,18096.9,80900000.0
2015-03-05,18096.9,18135.72,18135.72,75840000.0
2015-03-06,18135.72,17856.78,17856.78,113350000.0
2015-03-09,17856.56,17995.72,17995.72,85820000.0
2015-03-10,17989.56,17662.94,17662.94,120450000.0
2015-03-11,17662.94,17635.39,17635.39,102120000.0
2015-03-12,17626.84,17895.22,17895.22,111550000.0
2015-03-13,17889.05,17749.31,17749.31,113620000.0
2015-03-16,17751.24,17977.42,17977.42,101760000.0
2015-03-17,17972.22,17849.08,17849.08,82560000.0
2015-03-18,17846.8,18076.19,18076.19,130950000.0
2015-03-19,18072.58,17959.03,17959.03,107820000.0
2015-03-20,17961.13,18127.65,18127.65,333870000.0
2015-03-23,18136.73,18116.04,18116.04,98030000.0
2015-03-24,18110.87,18011.14,18011.14,87190000.0
2015-03-25,18012.61,17718.54,17718.54,106560000.0
2015-03-26,17716.27,17678.23,17678.23,117740000.0
2015-03-27,17673.63,17712.66,17712.66,103220000.0
2015-03-30,17727.48,17976.31,17976.31,104040000.0
2015-03-31,17965.37,17776.12,17776.12,119470000.0
2015-04-01,17778.52,17698.18,17698.18,103360000.0
2015-04-02,17699.52,17763.24,17763.24,87370000.0
2015-04-06,17755.5,17880.85,17880.85,100850000.0
2015-04-07,17884.32,17875.42,17875.42,72150000.0
2015-04-08,17877.62,17902.51,17902.51,76820000.0
2015-04-09,17902.51,17958.73,17958.73,86740000.0
2015-04-10,17956.73,18057.65,18057.65,116410000.0
2015-04-13,18052.32,17977.04,17977.04,120090000.0
2015-04-14,17979.11,18036.7,18036.7,82830000.0
2015-04-15,18045.71,18112.61,18112.61,113610000.0
2015-04-16,18106.27,18105.77,18105.77,89520000.0
2015-04-17,18102.56,17826.3,17826.3,138860000.0
2015-04-20,17841.18,18034.93,18034.93,103160000.0
2015-04-21,18034.23,17949.59,17949.59,95180000.0
2015-04-22,17950.82,18038.27,18038.27,91260000.0
2015-04-23,18031.9,18058.69,18058.69,100240000.0
2015-04-24,18056.42,18080.14,18080.14,119130000.0
2015-04-27,18097.89,18037.97,18037.97,121110000.0
2015-04-28,18035.9,18110.14,18110.14,124930000.0
2015-04-29,18093.69,18035.53,18035.53,102080000.0
2015-04-30,18033.33,17840.52,17840.52,129180000.0
2015-05-01,17859.27,18024.06,18024.06,91700000.0
2015-05-04,18026.02,18070.4,18070.4,86010000.0
2015-05-05,18062.53,17928.2,17928.2,95340000.0
2015-05-06,17934.81,17841.98,17841.98,100430000.0
2015-05-07,17840.25,17924.06,17924.06,80920000.0
2015-05-08,17933.64,18191.11,18191.11,94960000.0
2015-05-11,18187.78,18105.17,18105.17,86050000.0
2015-05-12,18096.16,18068.23,18068.23,89270000.0
2015-05-13,18070.37,18060.49,18060.49,85180000.0
2015-05-14,18062.49,18252.24,18252.24,91580000.0
2015-05-15,18251.97,18272.56,18272.56,108220000.0
2015-05-18,18267.25,18298.88,18298.88,79080000.0
2015-05-19,18300.48,18312.39,18312.39,87200000.0
2015-05-20,18315.06,18285.4,18285.4,80190000.0
2015-05-21,18285.87,18285.74,18285.74,84270000.0
2015-05-22,18286.87,18232.02,18232.02,78890000.0
2015-05-26,18229.75,18041.54,18041.54,109440000.0
2015-05-27,18045.08,18162.99,18162.99,96400000.0
2015-05-28,18154.14,18126.12,18126.12,67510000.0
2015-05-29,18128.12,18010.68,18010.68,139810000.0
2015-06-01,18017.82,18040.37,18040.37,85640000.0
2015-06-02,18033.33,18011.94,18011.94,77550000.0
2015-06-03,18018.42,18076.27,18076.27,73120000.0
2015-06-04,18072.47,17905.58,17905.58,93470000.0
2015-06-05,17905.38,17849.46,17849.46,89140000.0
2015-06-08,17849.46,17766.55,17766.55,86300000.0
2015-06-09,17766.95,17764.04,17764.04,90550000.0
2015-06-10,17765.38,18000.4,18000.4,96980000.0
2015-06-11,18001.27,18039.37,18039.37,89490000.0
2015-06-12,18035.83,17898.84,17898.84,83760000.0
2015-06-15,17890.76,17791.17,17791.17,91920000.0
2015-06-16,17787.43,17904.48,17904.48,77510000.0
2015-06-17,17909.58,17935.74,17935.74,92410000.0
2015-06-18,17944.61,18115.84,18115.84,94460000.0
2015-06-19,18116.24,18015.95,18015.95,258300000.0
2015-06-22,18027.63,18119.78,18119.78,77780000.0
2015-06-23,18121.78,18144.07,18144.07,75970000.0
2015-06-24,18139.1,17966.07,17966.07,104980000.0
2015-06-25,17977.11,17890.36,17890.36,78990000.0
2015-06-26,17892.03,17946.68,17946.68,158120000.0
2015-06-29,17936.74,17596.35,17596.35,116340000.0
2015-06-30,17599.96,17619.51,17619.51,126460000.0
2015-07-01,17638.12,17757.91,17757.91,87010000.0
2015-07-02,17763.32,17730.11,17730.11,83080000.0
2015-07-06,17728.08,17683.58,17683.58,90130000.0
2015-07-07,17684.92,17776.91,17776.91,105840000.0
2015-07-08,17759.01,17515.42,17515.42,69830000.0
2015-07-09,17530.38,17548.62,17548.62,100520000.0
2015-07-10,17561.12,17760.41,17760.41,85800000.0
2015-07-13,17787.27,17977.68,17977.68,86380000.0
2015-07-14,17974.61,18053.58,18053.58,76740000.0
2015-07-15,18053.38,18050.17,18050.17,80460000.0
2015-07-16,18078.16,18120.25,18120.25,85030000.0
2015-07-17,18117.58,18086.45,18086.45,106510000.0
2015-07-20,18085.91,18100.41,18100.41,75060000.0
2015-07-21,18096.67,17919.29,17919.29,100170000.0
2015-07-22,17918.35,17851.04,17851.04,112370000.0
2015-07-23,17853.78,17731.92,17731.92,88600000.0
2015-07-24,17731.05,17568.53,17568.53,103470000.0
2015-07-27,17561.78,17440.59,17440.59,117860000.0
2015-07-28,17449.81,17630.27,17630.27,103450000.0
2015-07-29,17631.4,17751.39,17751.39,93140000.0
2015-07-30,17743.24,17745.98,17745.98,76650000.0
2015-07-31,17755.87,17689.86,17689.86,106120000.0
2015-08-03,17696.74,17598.2,17598.2,87880000.0
2015-08-04,17596.93,17550.69,17550.69,99060000.0
2015-08-05,17555.24,17540.47,17540.47,102450000.0
2015-08-06,17542.61,17419.75,17419.75,96170000.0
2015-08-07,17414.94,17373.38,17373.38,81800000.0
2015-08-10,17375.18,17615.17,17615.17,92430000.0
2015-08-11,17593.59,17402.84,17402.84,103010000.0
2015-08-12,17382.93,17402.51,17402.51,120400000.0
2015-08-13,17401.64,17408.25,17408.25,88550000.0
2015-08-14,17410.12,17477.4,17477.4,82120000.0
2015-08-17,17472.66,17545.18,17545.18,73380000.0
2015-08-18,17537.3,17511.34,17511.34,79900000.0
2015-08-19,17508.74,17348.73,17348.73,104720000.0
2015-08-20,17345.32,16990.69,16990.69,128530000.0
2015-08-21,16990.69,16459.75,16459.75,225170000.0
2015-08-24,16459.75,15871.35,15871.35,293920000.0
2015-08-25,15882.27,15666.44,15666.44,213220000.0
2015-08-26,15676.26,16285.51,16285.51,208420000.0
2015-08-27,16285.51,16654.77,16654.77,171980000.0
2015-08-28,16649.42,16643.01,16643.01,131790000.0
2015-08-31,16632.02,16528.03,16528.03,141440000.0
2015-09-01,16528.03,16058.35,16058.35,171390000.0
2015-09-02,16058.35,16351.38,16351.38,133480000.0
2015-09-03,16364.34,16374.76,16374.76,109730000.0
2015-09-04,16371.76,16102.38,16102.38,127270000.0
2015-09-08,16109.93,16492.68,16492.68,123870000.0
2015-09-09,16505.04,16253.57,16253.57,118790000.0
2015-09-10,16252.57,16330.4,16330.4,122690000.0
2015-09-11,16330.4,16433.09,16433.09,104630000.0
2015-09-14,16450.86,16370.96,16370.96,92660000.0
2015-09-15,16382.58,16599.85,16599.85,93050000.0
2015-09-16,16599.51,16739.95,16739.95,99620000.0
2015-09-17,16738.08,16674.74,16674.74,129600000.0
2015-09-18,16674.74,16384.58,16384.58,341690000.0
2015-09-21,16406.1,16510.19,16510.19,90730000.0
2015-09-22,16477.45,16330.47,16330.47,119010000.0
2015-09-23,16332.81,16279.89,16279.89,86030000.0
2015-09-24,16257.11,16201.32,16201.32,122220000.0
2015-09-25,16205.07,16314.67,16314.67,130790000.0
2015-09-28,16313.26,16001.89,16001.89,139930000.0
2015-09-29,16001.76,16049.13,16049.13,121160000.0
2015-09-30,16057.08,16284.7,16284.7,145740000.0
2015-10-01,16278.62,16272.01,16272.01,111420000.0
2015-10-02,16258.25,16472.37,16472.37,136870000.0
2015-10-05,16502.1,16776.43,16776.43,127660000.0
2015-10-06,16774.02,16790.19,16790.19,120010000.0
2015-10-07,16805.42,16912.29,16912.29,115690000.0
2015-10-08,16904.17,17050.75,17050.75,100730000.0
2015-10-09,17054.69,17084.49,17084.49,103730000.0
2015-10-12,17082.29,17131.86,17131.86,72500000.0
2015-10-13,17113.55,17081.89,17081.89,99400000.0
2015-10-14,17079.08,16924.75,16924.75,120110000.0
2015-10-15,16944.86,17141.75,17141.75,122960000.0
2015-10-16,17141.75,17215.97,17215.97,145880000.0
2015-10-19,17209.43,17230.54,17230.54,118430000.0
2015-10-20,17228.47,17217.11,17217.11,106670000.0
2015-10-21,17225.93,17168.61,17168.61,107100000.0
2015-10-22,17180.88,17489.16,17489.16,152420000.0
2015-10-23,17525.11,17646.7,17646.7,158090000.0
2015-10-26,17649.57,17623.05,17623.05,116660000.0
2015-10-27,17608.89,17581.43,17581.43,113960000.0
2015-10-28,17586.69,17779.52,17779.52,115630000.0
2015-10-29,17771.5,17755.8,17755.8,90300000.0
2015-10-30,17756.6,17663.54,17663.54,149250000.0
2015-11-02,17672.62,17828.76,17828.76,100840000.0
2015-11-03,17819.74,17918.15,17918.15,92290000.0
2015-11-04,17929.58,17867.58,17867.58,99890000.0
2015-11-05,17871.25,17863.43,17863.43,98910000.0
2015-11-06,17855.22,17910.33,17910.33,107450000.0
2015-11-09,17900.78,17730.48,17730.48,121210000.0
2015-11-10,17724.13,17758.21,17758.21,108640000.0
2015-11-11,17769.5,17702.22,17702.22,95230000.0
2015-11-12,17691.93,17448.07,17448.07,113660000.0
2015-11-13,17439.25,17245.24,17245.24,134640000.0
2015-11-16,17229.94,17483.01,17483.01,137590000.0
2015-11-17,17486.99,17489.5,17489.5,167190000.0
2015-11-18,17485.49,17737.16,17737.16,106810000.0
2015-11-19,17739.83,17732.75,17732.75,114630000.0
2015-11-20,17732.75,17823.81,17823.81,153140000.0
2015-11-23,17823.61,17792.68,17792.68,134680000.0
2015-11-24,17770.9,17812.19,17812.19,127170000.0
2015-11-25,17820.81,17813.39,17813.39,82540000.0
2015-11-27,17806.04,17813.39,17813.39,82540000.0
2015-11-30,17802.84,17719.92,17719.92,155560000.0
2015-12-01,17719.72,17888.35,17888.35,103880000.0
2015-12-02,17883.14,17729.68,17729.68,102860000.0
2015-12-03,17741.57,17477.67,17477.67,126990000.0
2015-12-04,17482.68,17847.63,17847.63,137650000.0
2015-12-07,17845.49,17730.51,17730.51,99670000.0
2015-12-08,17703.99,17568.0,17568.0,113720000.0
2015-12-09,17558.18,17492.3,17492.3,122020000.0
2015-12-10,17493.17,17574.75,17574.75,107310000.0
2015-12-11,17574.75,17265.21,17265.21,134510000.0
2015-12-14,17277.11,17368.5,17368.5,142540000.0
2015-12-15,17374.78,17524.91,17524.91,123430000.0
2015-12-16,17530.85,17749.09,17749.09,123790000.0
2015-12-17,17756.54,17495.84,17495.84,115780000.0
2015-12-18,17495.04,17128.55,17128.55,344560000.0
2015-12-21,17154.94,17251.62,17251.62,114910000.0
2015-12-22,17253.55,17417.27,17417.27,91570000.0
2015-12-23,17427.63,17602.61,17602.61,92820000.0
2015-12-24,17593.26,17552.17,17552.17,40350000.0
2015-12-28,17535.66,17528.27,17528.27,59770000.0
2015-12-29,17547.37,17720.98,17720.98,69860000.0
2015-12-30,17711.94,17603.87,17603.87,59760000.0
2015-12-31,17590.66,17425.03,17425.03,93690000.0
2016-01-04,17405.48,17148.94,17148.94,148060000.0
2016-01-05,17147.5,17158.66,17158.66,105750000.0
2016-01-06,17154.83,16906.51,16906.51,120250000.0
2016-01-07,16888.36,16514.1,16514.1,176240000.0
2016-01-08,16519.17,16346.45,16346.45,141850000.0
2016-01-11,16358.71,16398.57,16398.57,127790000.0
2016-01-12,16419.11,16516.22,16516.22,117480000.0
2016-01-13,16526.63,16151.41,16151.41,153530000.0
2016-01-14,16159.01,16379.05,16379.05,158830000.0
2016-01-15,16354.33,15988.08,15988.08,239210000.0
2016-01-19,16009.45,16016.02,16016.02,144360000.0
2016-01-20,15989.45,15766.74,15766.74,191870000.0
2016-01-21,15768.87,15882.68,15882.68,145140000.0
2016-01-22,15921.1,16093.51,16093.51,145850000.0
2016-01-25,16086.46,15885.22,15885.22,123250000.0
2016-01-26,15893.16,16167.23,16167.23,118210000.0
2016-01-27,16168.74,15944.46,15944.46,138350000.0
2016-01-28,15960.28,16069.64,16069.64,130120000.0
2016-01-29,16090.26,16466.3,16466.3,217940000.0
2016-02-01,16453.63,16449.18,16449.18,114450000.0
2016-02-02,16420.21,16153.54,16153.54,126210000.0
2016-02-03,16186.2,16336.66,16336.66,141870000.0
2016-02-04,16329.67,16416.58,16416.58,131490000.0
2016-02-05,16417.95,16204.97,16204.97,139010000.0
2016-02-08,16147.51,16027.05,16027.05,165880000.0
2016-02-09,16005.41,16014.38,16014.38,127740000.0
2016-02-10,16035.61,15914.74,15914.74,122290000.0
2016-02-11,15897.82,15660.18,15660.18,172070000.0
2016-02-12,15691.62,15973.84,15973.84,132550000.0
2016-02-16,16012.39,16196.41,16196.41,142030000.0
2016-02-17,16217.98,16453.83,16453.83,124080000.0
2016-02-18,16483.76,16413.43,16413.43,104950000.0
2016-02-19,16410.96,16391.99,16391.99,134340000.0
2016-02-22,16417.13,16620.66,16620.66,102240000.0
2016-02-23,16610.39,16431.78,16431.78,98170000.0
2016-02-24,16418.84,16484.99,16484.99,93620000.0
2016-02-25,16504.38,16697.29,16697.29,94120000.0
2016-02-26,16712.7,16639.97,16639.97,98480000.0
2016-02-29,16634.15,16516.5,16516.5,126220000.0
2016-03-01,16545.67,16865.08,16865.08,105050000.0
2016-03-02,16851.17,16899.32,16899.32,104470000.0
2016-03-03,16896.17,16943.9,16943.9,91110000.0
2016-03-04,16945.0,17006.77,17006.77,106910000.0
2016-03-07,16991.29,17073.95,17073.95,100290000.0
2016-03-08,17050.67,16964.1,16964.1,108380000.0
2016-03-09,16969.17,17000.36,17000.36,116690000.0
2016-03-10,17006.05,16995.13,16995.13,117570000.0
2016-03-11,17014.99,17213.31,17213.31,123420000.0
2016-03-14,17207.49,17229.13,17229.13,96350000.0
2016-03-15,17217.15,17251.53,17251.53,92830000.0
2016-03-16,17249.34,17325.76,17325.76,118710000.0
2016-03-17,17321.38,17481.49,17481.49,117990000.0
2016-03-18,17481.49,17602.3,17602.3,321230000.0
2016-03-21,17589.7,17623.87,17623.87,84410000.0
2016-03-22,17602.71,17582.57,17582.57,95450000.0
2016-03-23,17588.81,17502.59,17502.59,84240000.0
2016-03-24,17485.33,17515.73,17515.73,84100000.0
2016-03-28,17526.08,17535.39,17535.39,70460000.0
2016-03-29,17512.58,17633.11,17633.11,86160000.0
2016-03-30,17652.36,17716.66,17716.66,79330000.0
2016-03-31,17716.05,17685.09,17685.09,102600000.0
2016-04-01,17661.74,17792.75,17792.75,104890000.0
2016-04-04,17799.39,17737.0,17737.0,85230000.0
2016-04-05,17718.03,17603.32,17603.32,115230000.0
2016-04-06,17605.45,17716.05,17716.05,99410000.0
2016-04-07,17687.28,17541.96,17541.96,90120000.0
2016-04-08,17555.39,17576.96,17576.96,79990000.0
2016-04-11,17586.48,17556.41,17556.41,107100000.0
2016-04-12,17571.34,17721.25,17721.25,81020000.0
2016-04-13,17741.66,17908.28,17908.28,91710000.0
2016-04-14,17912.25,17926.43,17926.43,84510000.0
2016-04-15,17925.95,17897.46,17897.46,118160000.0
2016-04-18,17890.2,18004.16,18004.16,89390000.0
2016-04-19,18012.1,18053.6,18053.6,89820000.0
2016-04-20,18059.49,18096.27,18096.27,100210000.0
2016-04-21,18092.84,17982.52,17982.52,102720000.0
2016-04-22,17985.05,18003.75,18003.75,134120000.0
2016-04-25,17990.94,17977.24,17977.24,83770000.0
2016-04-26,17987.38,17990.32,17990.32,92570000.0
2016-04-27,17996.14,18041.55,18041.55,109090000.0
2016-04-28,18023.88,17830.76,17830.76,100920000.0
2016-04-29,17813.09,17773.64,17773.64,136670000.0
2016-05-02,17783.78,17891.16,17891.16,80100000.0
2016-05-03,17870.75,17750.91,17750.91,97060000.0
2016-05-04,17735.02,17651.26,17651.26,95020000.0
2016-05-05,17664.48,17660.71,17660.71,81530000.0
2016-05-06,17650.3,17740.63,17740.63,80020000.0
2016-05-09,17743.85,17705.91,17705.91,85590000.0
2016-05-10,17726.66,17928.35,17928.35,75790000.0
2016-05-11,17919.03,17711.12,17711.12,87390000.0
2016-05-12,17711.12,17720.5,17720.5,88560000.0
2016-05-13,17711.12,17535.32,17535.32,86640000.0
2016-05-16,17531.76,17710.71,17710.71,88440000.0
2016-05-17,17701.46,17529.98,17529.98,103260000.0
2016-05-18,17501.28,17526.62,17526.62,79120000.0
2016-05-19,17514.16,17435.4,17435.4,95530000.0
2016-05-20,17437.32,17500.94,17500.94,111990000.0
2016-05-23,17507.04,17492.93,17492.93,87790000.0
2016-05-24,17525.19,17706.05,17706.05,86480000.0
2016-05-25,17735.09,17851.51,17851.51,79180000.0
2016-05-26,17859.52,17828.29,17828.29,68940000.0
2016-05-27,17826.85,17873.22,17873.22,73190000.0
2016-05-31,17891.5,17787.2,17787.2,147390000.0
2016-06-01,17754.55,17789.67,17789.67,78530000.0
2016-06-02,17789.05,17838.56,17838.56,75560000.0
2016-06-03,17799.8,17807.06,17807.06,82270000.0
2016-06-06,17825.69,17920.33,17920.33,71870000.0
2016-06-07,17936.22,17938.28,17938.28,78750000.0
2016-06-08,17931.91,18005.05,18005.05,71260000.0
2016-06-09,17969.98,17985.19,17985.19,69690000.0
2016-06-10,17938.82,17865.34,17865.34,90540000.0
2016-06-13,17830.5,17732.48,17732.48,101690000.0
2016-06-14,17710.77,17674.82,17674.82,93740000.0
2016-06-15,17703.65,17640.17,17640.17,94130000.0
2016-06-16,17602.23,17733.1,17733.1,91950000.0
2016-06-17,17733.44,17675.16,17675.16,248680000.0
2016-06-20,17736.87,17804.87,17804.87,99380000.0
2016-06-21,17827.33,17829.73,17829.73,85130000.0
2016-06-22,17832.67,17780.83,17780.83,89440000.0
2016-06-23,17844.11,18011.07,18011.07,98070000.0
2016-06-24,17946.63,17400.75,17400.75,239000000.0
2016-06-27,17355.21,17140.24,17140.24,138740000.0
2016-06-28,17190.51,17409.72,17409.72,112190000.0
2016-06-29,17456.02,17694.68,17694.68,106380000.0
2016-06-30,17712.76,17929.99,17929.99,133030000.0
2016-07-01,17924.24,17949.37,17949.37,82160000.0
2016-07-05,17904.45,17840.62,17840.62,103650000.0
2016-07-06,17807.47,17918.62,17918.62,93000000.0
2016-07-07,17924.24,17895.88,17895.88,81570000.0
2016-07-08,17971.22,18146.74,18146.74,93460000.0
2016-07-11,18161.53,18226.93,18226.93,80880000.0
2016-07-12,18259.12,18347.67,18347.67,90170000.0
2016-07-13,18356.78,18372.12,18372.12,80920000.0
2016-07-14,18414.3,18506.41,18506.41,87050000.0
2016-07-15,18508.88,18516.55,18516.55,123690000.0
2016-07-18,18521.55,18533.05,18533.05,75540000.0
2016-07-19,18503.12,18559.01,18559.01,85840000.0
2016-07-20,18582.7,18595.03,18595.03,93230000.0
2016-07-21,18589.96,18517.23,18517.23,86800000.0
2016-07-22,18524.15,18570.85,18570.85,87710000.0
2016-07-25,18554.49,18493.06,18493.06,76810000.0
2016-07-26,18497.37,18473.75,18473.75,85370000.0
2016-07-27,18473.27,18472.17,18472.17,111370000.0
2016-07-28,18461.01,18456.35,18456.35,85750000.0
2016-07-29,18442.52,18432.24,18432.24,111550000.0
2016-08-01,18434.5,18404.51,18404.51,83470000.0
2016-08-02,18401.15,18313.77,18313.77,89680000.0
2016-08-03,18313.08,18355.0,18355.0,78550000.0
2016-08-04,18351.43,18352.05,18352.05,64500000.0
2016-08-05,18402.8,18543.53,18543.53,92420000.0
2016-08-08,18541.89,18529.29,18529.29,71810000.0
2016-08-09,18538.05,18533.05,18533.05,60090000.0
2016-08-10,18541.48,18495.66,18495.66,62780000.0
2016-08-11,18519.08,18613.52,18613.52,71470000.0
2016-08-12,18595.65,18576.47,18576.47,61580000.0
2016-08-15,18588.59,18636.05,18636.05,62350000.0
2016-08-16,18614.48,18552.02,18552.02,67570000.0
2016-08-17,18537.09,18573.94,18573.94,71000000.0
2016-08-18,18566.54,18597.7,18597.7,70740000.0
2016-08-19,18585.17,18552.57,18552.57,93170000.0
2016-08-22,18535.86,18529.42,18529.42,73450000.0
2016-08-23,18568.94,18547.3,18547.3,73990000.0
2016-08-24,18537.5,18481.48,18481.48,72270000.0
2016-08-25,18471.21,18448.41,18448.41,64480000.0
2016-08-26,18467.92,18395.4,18395.4,78730000.0
2016-08-29,18421.29,18502.99,18502.99,64480000.0
2016-08-30,18491.28,18454.3,18454.3,68920000.0
2016-08-31,18436.7,18400.88,18400.88,98250000.0
2016-09-01,18396.57,18419.3,18419.3,74780000.0
2016-09-02,18466.01,18491.96,18491.96,74350000.0
2016-09-06,18493.4,18538.12,18538.12,83710000.0
2016-09-07,18527.71,18526.14,18526.14,67570000.0
2016-09-08,18486.69,18479.91,18479.91,79060000.0
2016-09-09,18404.17,18085.45,18085.45,120670000.0
2016-09-12,18028.95,18325.07,18325.07,103260000.0
2016-09-13,18262.99,18066.75,18066.75,102830000.0
2016-09-14,18073.39,18034.77,18034.77,103360000.0
2016-09-15,18024.91,18212.48,18212.48,99550000.0
2016-09-16,18217.21,18123.8,18123.8,278510000.0
2016-09-19,18154.82,18120.17,18120.17,78090000.0
2016-09-20,18175.36,18129.96,18129.96,72450000.0
2016-09-21,18164.96,18293.7,18293.7,94090000.0
2016-09-22,18343.76,18392.46,18392.46,73030000.0
2016-09-23,18377.36,18261.45,18261.45,87170000.0
2016-09-26,18217.76,18094.83,18094.83,95510000.0
2016-09-27,18099.21,18228.3,18228.3,84130000.0
2016-09-28,18240.22,18339.24,18339.24,97650000.0
2016-09-29,18322.88,18143.45,18143.45,95880000.0
2016-09-30,18181.8,18308.15,18308.15,135470000.0
2016-10-03,18279.6,18253.85,18253.85,68520000.0
2016-10-04,18267.68,18168.45,18168.45,79710000.0
2016-10-05,18205.5,18281.03,18281.03,76190000.0
2016-10-06,18280.42,18268.5,18268.5,78660000.0
2016-10-07,18295.35,18240.49,18240.49,82680000.0
2016-10-10,18282.95,18329.04,18329.04,72110000.0
2016-10-11,18308.43,18128.66,18128.66,88610000.0
2016-10-12,18132.63,18144.2,18144.2,72230000.0
2016-10-13,18088.32,18098.94,18098.94,83160000.0
2016-10-14,18177.35,18138.38,18138.38,87050000.0
2016-10-17,18135.85,18086.4,18086.4,75960000.0
2016-10-18,18145.06,18161.94,18161.94,74600000.0
2016-10-19,18178.21,18202.62,18202.62,88040000.0
2016-10-20,18161.87,18162.35,18162.35,88830000.0
2016-10-21,18152.63,18145.71,18145.71,117810000.0
2016-10-24,18197.14,18223.03,18223.03,88540000.0
2016-10-25,18206.52,18169.27,18169.27,83190000.0
2016-10-26,18103.8,18199.33,18199.33,86340000.0
2016-10-27,18234.81,18169.68,18169.68,83530000.0
2016-10-28,18193.79,18161.19,18161.19,107850000.0
2016-10-31,18176.6,18142.42,18142.42,110080000.0
2016-11-01,18158.24,18037.1,18037.1,101280000.0
2016-11-02,18017.72,17959.64,17959.64,88610000.0
2016-11-03,17978.75,17930.67,17930.67,77860000.0
2016-11-04,17928.35,17888.28,17888.28,97760000.0
2016-11-07,17994.64,18259.6,18259.6,93450000.0
2016-11-08,18251.38,18332.74,18332.74,79820000.0
2016-11-09,18317.26,18589.69,18589.69,173110000.0
2016-11-10,18603.14,18807.88,18807.88,164390000.0
2016-11-11,18781.65,18847.66,18847.66,107300000.0
2016-11-14,18876.77,18868.69,18868.69,112250000.0
2016-11-15,18858.21,18923.06,18923.06,100660000.0
2016-11-16,18909.85,18868.14,18868.14,87320000.0
2016-11-17,18866.22,18903.82,18903.82,89940000.0
2016-11-18,18905.33,18867.93,18867.93,109880000.0
2016-11-21,18898.68,18956.69,18956.69,80520000.0
2016-11-22,18970.39,19023.87,19023.87,85310000.0
2016-11-23,19015.52,19083.18,19083.18,77880000.0
2016-11-25,19093.72,19152.14,19152.14,45890000.0
2016-11-28,19122.14,19097.9,19097.9,88460000.0
2016-11-29,19064.07,19121.6,19121.6,81510000.0
2016-11-30,19135.64,19123.58,19123.58,164570000.0
2016-12-01,19149.2,19191.93,19191.93,108800000.0
2016-12-02,19161.25,19170.42,19170.42,84920000.0
2016-12-05,19244.35,19216.24,19216.24,317800000.0
2016-12-06,19219.91,19251.78,19251.78,284960000.0
2016-12-07,19241.99,19549.62,19549.62,385200000.0
2016-12-08,19559.94,19614.81,19614.81,324570000.0
2016-12-09,19631.35,19756.85,19756.85,334470000.0
2016-12-12,19770.2,19796.43,19796.43,333660000.0
2016-12-13,19852.21,19911.21,19911.21,388420000.0
2016-12-14,19876.13,19792.53,19792.53,408430000.0
2016-12-15,19811.5,19852.24,19852.24,357350000.0
2016-12-16,19909.01,19843.41,19843.41,573470000.0
2016-12-19,19836.66,19883.06,19883.06,302310000.0
2016-12-20,19920.59,19974.62,19974.62,284080000.0
2016-12-21,19968.97,19941.96,19941.96,256640000.0
2016-12-22,19922.68,19918.88,19918.88,258290000.0
2016-12-23,19908.61,19933.81,19933.81,158260000.0
2016-12-27,19943.46,19945.04,19945.04,158540000.0
2016-12-28,19964.31,19833.68,19833.68,188350000.0
2016-12-29,19835.46,19819.78,19819.78,172040000.0
2016-12-30,19833.17,19762.6,19762.6,271910000.0
2017-01-03,19872.86,19881.76,19881.76,339180000.0
2017-01-04,19890.94,19942.16,19942.16,280010000.0
2017-01-05,19924.56,19899.29,19899.29,269920000.0
2017-01-06,19906.96,19963.8,19963.8,277700000.0
2017-01-09,19931.41,19887.38,19887.38,287510000.0
2017-01-10,19876.35,19855.53,19855.53,299410000.0
2017-01-11,19887.38,19954.28,19954.28,336150000.0
2017-01-12,19926.21,19891.0,19891.0,306290000.0
2017-01-13,19912.54,19885.73,19885.73,263780000.0
2017-01-17,19848.82,19826.77,19826.77,341900000.0
2017-01-18,19822.73,19804.72,19804.72,279760000.0
2017-01-19,19813.55,19732.4,19732.4,301750000.0
2017-01-20,19795.06,19827.25,19827.25,435260000.0
2017-01-23,19794.79,19799.85,19799.85,326690000.0
2017-01-24,19794.68,19912.71,19912.71,374460000.0
2017-01-25,19994.48,20068.51,20068.51,372240000.0
2017-01-26,20076.25,20100.91,20100.91,356730000.0
2017-01-27,20103.36,20093.78,20093.78,343130000.0
2017-01-30,20028.62,19971.13,19971.13,317280000.0
2017-01-31,19913.16,19864.09,19864.09,373750000.0
2017-02-01,19923.81,19890.94,19890.94,426670000.0
2017-02-02,19858.34,19884.91,19884.91,347220000.0
2017-02-03,19964.21,20071.46,20071.46,344220000.0
2017-02-06,20025.61,20052.42,20052.42,281720000.0
2017-02-07,20107.62,20090.29,20090.29,279670000.0
2017-02-08,20049.29,20054.34,20054.34,280410000.0
2017-02-09,20061.73,20172.4,20172.4,325310000.0
2017-02-10,20211.23,20269.37,20269.37,312230000.0
2017-02-13,20338.54,20412.16,20412.16,314620000.0
2017-02-14,20374.22,20504.41,20504.41,356580000.0
2017-02-15,20504.27,20611.86,20611.86,384380000.0
2017-02-16,20627.31,20619.77,20619.77,354120000.0
2017-02-17,20564.13,20624.05,20624.05,340620000.0
2017-02-21,20663.43,20743.0,20743.0,336880000.0
2017-02-22,20715.41,20775.6,20775.6,310530000.0
2017-02-23,20817.21,20810.32,20810.32,302110000.0
2017-02-24,20751.91,20821.76,20821.76,292540000.0
2017-02-27,20808.71,20837.44,20837.44,256540000.0
2017-02-28,20833.88,20812.24,20812.24,339210000.0
2017-03-01,20957.29,21115.55,21115.55,392820000.0
2017-03-02,21128.91,21002.97,21002.97,319910000.0
2017-03-03,21008.75,21005.71,21005.71,254420000.0
2017-03-06,20955.71,20954.34,20954.34,266620000.0
2017-03-07,20934.89,20924.76,20924.76,274630000.0
2017-03-08,20940.44,20855.73,20855.73,296780000.0
2017-03-09,20864.32,20858.19,20858.19,275960000.0
2017-03-10,20919.01,20902.98,20902.98,315430000.0
2017-03-13,20899.28,20881.48,20881.48,289260000.0
2017-03-14,20848.6,20837.37,20837.37,246820000.0
2017-03-15,20874.78,20950.1,20950.1,306590000.0
2017-03-16,20969.27,20934.55,20934.55,264360000.0
2017-03-17,20965.37,20914.62,20914.62,535280000.0
2017-03-20,20916.27,20905.86,20905.86,253610000.0
2017-03-21,20956.33,20668.01,20668.01,369320000.0
2017-03-22,20640.42,20661.3,20661.3,325090000.0
2017-03-23,20645.07,20656.58,20656.58,280050000.0
2017-03-24,20674.45,20596.72,20596.72,292980000.0
2017-03-27,20488.35,20550.98,20550.98,269380000.0
2017-03-28,20542.14,20701.5,20701.5,299670000.0
2017-03-29,20675.75,20659.32,20659.32,238320000.0
2017-03-30,20662.79,20728.49,20728.49,270900000.0
2017-03-31,20700.34,20663.22,20663.22,303770000.0
2017-04-03,20665.17,20650.21,20650.21,285670000.0
2017-04-04,20634.94,20689.24,20689.24,237390000.0
2017-04-05,20745.06,20648.15,20648.15,284980000.0
2017-04-06,20653.77,20662.95,20662.95,251720000.0
2017-04-07,20647.81,20656.1,20656.1,219730000.0
2017-04-10,20668.22,20658.02,20658.02,230480000.0
2017-04-11,20644.32,20651.3,20651.3,255120000.0
2017-04-12,20637.95,20591.86,20591.86,267670000.0
2017-04-13,20561.69,20453.25,20453.25,235810000.0
2017-04-17,20484.75,20636.92,20636.92,229240000.0
2017-04-18,20561.39,20523.28,20523.28,263180000.0
2017-04-19,20503.52,20404.49,20404.49,294790000.0
2017-04-20,20406.68,20578.71,20578.71,312440000.0
2017-04-21,20578.1,20547.76,20547.76,369600000.0
2017-04-24,20723.59,20763.89,20763.89,342400000.0
2017-04-25,20915.51,20996.12,20996.12,348180000.0
2017-04-26,21009.95,20975.09,20975.09,328550000.0
2017-04-27,20991.12,20981.33,20981.33,305690000.0
2017-04-28,20987.39,20940.51,20940.51,329990000.0
2017-05-01,20962.73,20913.46,20913.46,288160000.0
2017-05-02,20941.19,20949.89,20949.89,338810000.0
2017-05-03,20915.0,20957.9,20957.9,310920000.0
2017-05-04,20987.83,20951.47,20951.47,274720000.0
2017-05-05,20929.04,21006.94,21006.94,260960000.0
2017-05-08,20991.26,21012.28,21012.28,276150000.0
2017-05-09,21022.28,20975.78,20975.78,273000000.0
2017-05-10,20958.49,20943.11,20943.11,283340000.0
2017-05-11,20925.72,20919.42,20919.42,287680000.0
2017-05-12,20893.19,20896.61,20896.61,288500000.0
2017-05-15,20923.63,20981.94,20981.94,313170000.0
2017-05-16,20984.48,20979.75,20979.75,311580000.0
2017-05-17,20846.17,20606.93,20606.93,423200000.0
2017-05-18,20579.65,20663.02,20663.02,422590000.0
2017-05-19,20698.28,20804.84,20804.84,365180000.0
2017-05-22,20867.77,20894.83,20894.83,276120000.0
2017-05-23,20908.67,20937.91,20937.91,244950000.0
2017-05-24,20949.21,21012.42,21012.42,283180000.0
2017-05-25,21062.96,21082.95,21082.95,268970000.0
2017-05-26,21070.15,21080.28,21080.28,208000000.0
2017-05-30,21045.49,21029.47,21029.47,242810000.0
2017-05-31,21048.46,21008.65,21008.65,371580000.0
2017-06-01,21030.55,21144.18,21144.18,276730000.0
2017-06-02,21142.09,21206.29,21206.29,329700000.0
2017-06-05,21195.03,21184.04,21184.04,269790000.0
2017-06-06,21145.48,21136.23,21136.23,283550000.0
2017-06-07,21171.57,21173.69,21173.69,273400000.0
2017-06-08,21169.76,21182.53,21182.53,330330000.0
2017-06-09,21208.96,21271.97,21271.97,397200000.0
2017-06-12,21259.95,21235.67,21235.67,528080000.0
2017-06-13,21256.83,21328.47,21328.47,323510000.0
2017-06-14,21342.71,21374.56,21374.56,295090000.0
2017-06-15,21291.69,21359.9,21359.9,317200000.0
2017-06-16,21335.93,21384.28,21384.28,603260000.0
2017-06-19,21444.75,21528.99,21528.99,289400000.0
2017-06-20,21521.25,21467.14,21467.14,310200000.0
2017-06-21,21466.39,21410.03,21410.03,292500000.0
2017-06-22,21407.98,21397.29,21397.29,270680000.0
2017-06-23,21380.92,21394.76,21394.76,368400000.0
2017-06-26,21434.68,21409.55,21409.55,241880000.0
2017-06-27,21411.19,21310.66,21310.66,292170000.0
2017-06-28,21372.36,21454.61,21454.61,271510000.0
2017-06-29,21487.38,21287.03,21287.03,336750000.0
2017-06-30,21348.6,21349.63,21349.63,313260000.0
2017-07-03,21392.3,21479.27,21479.27,186810000.0
2017-07-05,21492.83,21478.17,21478.17,273690000.0
2017-07-06,21423.93,21320.04,21320.04,320450000.0
2017-07-07,21354.66,21414.34,21414.34,242240000.0
2017-07-10,21381.23,21408.52,21408.52,270340000.0
2017-07-11,21410.17,21409.07,21409.07,247570000.0
2017-07-12,21467.93,21532.14,21532.14,267870000.0
2017-07-13,21537.19,21553.09,21553.09,232270000.0
2017-07-14,21532.77,21637.74,21637.74,235590000.0
2017-07-17,21633.97,21629.72,21629.72,244780000.0
2017-07-18,21589.94,21574.73,21574.73,251110000.0
2017-07-19,21569.25,21640.75,21640.75,253040000.0
2017-07-20,21641.54,21611.78,21611.78,313950000.0
2017-07-21,21591.72,21580.07,21580.07,362830000.0
2017-07-24,21577.78,21513.17,21513.17,284080000.0
2017-07-25,21638.56,21613.43,21613.43,304300000.0
2017-07-26,21690.38,21711.01,21711.01,278240000.0
2017-07-27,21717.42,21796.55,21796.55,407320000.0
2017-07-28,21787.51,21830.31,21830.31,285630000.0
2017-07-31,21863.39,21891.12,21891.12,307610000.0
2017-08-01,21961.42,21963.92,21963.92,328410000.0
2017-08-02,22004.36,22016.24,22016.24,336820000.0
2017-08-03,22007.58,22026.1,22026.1,278730000.0
2017-08-04,22058.39,22092.81,22092.81,253640000.0
2017-08-07,22100.2,22118.42,22118.42,213010000.0
2017-08-08,22095.14,22085.34,22085.34,262000000.0
2017-08-09,22022.34,22048.7,22048.7,277800000.0
2017-08-10,21988.2,21844.01,21844.01,303310000.0
2017-08-11,21883.32,21858.32,21858.32,237790000.0
2017-08-14,21945.64,21993.71,21993.71,235030000.0
2017-08-15,22029.91,21998.99,21998.99,269070000.0
2017-08-16,22031.93,22024.87,22024.87,264920000.0
2017-08-17,21984.74,21750.73,21750.73,311030000.0
2017-08-18,21724.88,21674.51,21674.51,309070000.0
2017-08-21,21671.36,21703.75,21703.75,277880000.0
2017-08-22,21739.78,21899.89,21899.89,244980000.0
2017-08-23,21850.27,21812.09,21812.09,234810000.0
2017-08-24,21839.9,21783.4,21783.4,228480000.0
2017-08-25,21819.08,21813.67,21813.67,217570000.0
2017-08-28,21832.5,21808.4,21808.4,218740000.0
2017-08-29,21718.0,21865.37,21865.37,227340000.0
2017-08-30,21859.76,21892.43,21892.43,242840000.0
2017-08-31,21936.01,21948.1,21948.1,376790000.0
2017-09-01,21981.77,21987.56,21987.56,256240000.0
2017-09-05,21912.37,21753.31,21753.31,332840000.0
2017-09-06,21815.76,21807.64,21807.64,318760000.0
2017-09-07,21820.38,21784.78,21784.78,333810000.0
2017-09-08,21764.43,21797.79,21797.79,289400000.0
2017-09-11,21927.79,22057.37,22057.37,312770000.0
2017-09-12,22090.56,22118.86,22118.86,364580000.0
2017-09-13,22103.47,22158.18,22158.18,291890000.0
2017-09-14,22144.96,22203.48,22203.48,297780000.0
2017-09-15,22252.44,22268.34,22268.34,527540000.0
2017-09-18,22297.92,22331.35,22331.35,302740000.0
2017-09-19,22349.7,22370.8,22370.8,295570000.0
2017-09-20,22351.38,22412.59,22412.59,334560000.0
2017-09-21,22414.02,22359.23,22359.23,287390000.0
2017-09-22,22334.07,22349.59,22349.59,297140000.0
2017-09-25,22320.47,22296.09,22296.09,332430000.0
2017-09-26,22322.03,22284.32,22284.32,285990000.0
2017-09-27,22330.93,22340.71,22340.71,342900000.0
2017-09-28,22306.83,22381.2,22381.2,263010000.0
2017-09-29,22358.47,22405.09,22405.09,274790000.0
2017-10-02,22423.47,22557.6,22557.6,268530000.0
2017-10-03,22564.45,22641.67,22641.67,238830000.0
2017-10-04,22645.67,22661.64,22661.64,235730000.0
2017-10-05,22669.08,22775.39,22775.39,246400000.0
2017-10-06,22762.03,22773.67,22773.67,221450000.0
2017-10-09,22779.73,22761.07,22761.07,310770000.0
2017-10-10,22784.76,22830.68,22830.68,319270000.0
2017-10-11,22827.65,22872.89,22872.89,316000000.0
2017-10-12,22854.85,22841.01,22841.01,291790000.0
2017-10-13,22876.43,22871.72,22871.72,259560000.0
2017-10-16,22892.92,22956.96,22956.96,247180000.0
2017-10-17,22952.41,22997.44,22997.44,273090000.0
2017-10-18,23087.13,23157.6,23157.6,271870000.0
2017-10-19,23107.47,23163.04,23163.04,350400000.0
2017-10-20,23205.18,23328.63,23328.63,474380000.0
2017-10-23,23348.95,23273.96,23273.96,456830000.0
2017-10-24,23346.78,23441.76,23441.76,406850000.0
2017-10-25,23431.09,23329.46,23329.46,399560000.0
2017-10-26,23380.89,23400.86,23400.86,370600000.0
2017-10-27,23419.16,23434.19,23434.19,518870000.0
2017-10-30,23405.75,23348.74,23348.74,436900000.0
2017-10-31,23369.22,23377.24,23377.24,388050000.0
2017-11-01,23442.9,23435.01,23435.01,361260000.0
2017-11-02,23463.24,23516.26,23516.26,348040000.0
2017-11-03,23549.59,23539.19,23539.19,312250000.0
2017-11-06,23533.96,23548.42,23548.42,325190000.0
2017-11-07,23574.03,23557.23,23557.23,285080000.0
2017-11-08,23542.6,23563.36,23563.36,264670000.0
2017-11-09,23492.09,23461.94,23461.94,305440000.0
2017-11-10,23432.71,23422.21,23422.21,351280000.0
2017-11-13,23367.47,23439.7,23439.7,491260000.0
2017-11-14,23388.4,23409.47,23409.47,561330000.0
2017-11-15,23334.59,23271.28,23271.28,404300000.0
2017-11-16,23365.34,23458.36,23458.36,402020000.0
2017-11-17,23433.77,23358.24,23358.24,386000000.0
2017-11-20,23370.71,23430.33,23430.33,315330000.0
2017-11-21,23500.15,23590.83,23590.83,329650000.0
2017-11-22,23597.24,23526.18,23526.18,268760000.0
2017-11-24,23552.75,23557.99,23557.99,118610000.0
2017-11-27,23552.86,23580.78,23580.78,296320000.0
2017-11-28,23625.19,23836.71,23836.71,319240000.0
2017-11-29,23883.26,23940.68,23940.68,401410000.0
2017-11-30,24013.8,24272.35,24272.35,488200000.0
2017-12-01,24305.4,24231.59,24231.59,417910000.0
2017-12-04,24424.11,24290.05,24290.05,424250000.0
2017-12-05,24335.01,24180.64,24180.64,371190000.0
2017-12-06,24171.9,24140.91,24140.91,312720000.0
2017-12-07,24116.6,24211.48,24211.48,319060000.0
2017-12-08,24263.26,24329.16,24329.16,293590000.0
2017-12-11,24338.11,24386.03,24386.03,300580000.0
2017-12-12,24452.96,24504.8,24504.8,342220000.0
2017-12-13,24525.19,24585.43,24585.43,325280000.0
2017-12-14,24631.01,24508.66,24508.66,314780000.0
2017-12-15,24585.71,24651.74,24651.74,635740000.0
2017-12-18,24739.56,24792.2,24792.2,354880000.0
2017-12-19,24834.38,24754.75,24754.75,335330000.0
2017-12-20,24838.09,24726.65,24726.65,341790000.0
2017-12-21,24778.26,24782.29,24782.29,339530000.0
2017-12-22,24764.04,24754.06,24754.06,255140000.0
2017-12-26,24715.84,24746.21,24746.21,208290000.0
2017-12-27,24766.52,24774.3,24774.3,225890000.0
2017-12-28,24807.21,24837.51,24837.51,200960000.0
2017-12-29,24849.63,24719.22,24719.22,270760000.0
2018-01-02,24809.35,24824.01,24824.01,341130000.0
2018-01-03,24850.45,24922.68,24922.68,456790000.0
2018-01-04,24964.86,25075.13,25075.13,403280000.0
2018-01-05,25114.92,25295.87,25295.87,358020000.0
2018-01-08,25308.4,25283.0,25283.0,341390000.0
2018-01-09,25312.05,25385.8,25385.8,333490000.0
2018-01-10,25348.13,25369.13,25369.13,341470000.0
2018-01-11,25398.6,25574.73,25574.73,346830000.0
2018-01-12,25638.39,25803.19,25803.19,376390000.0
2018-01-16,25987.62,25792.86,25792.86,606520000.0
2018-01-17,25910.78,26115.65,26115.65,522720000.0
2018-01-18,26149.55,26017.81,26017.81,492780000.0
2018-01-19,25987.35,26071.72,26071.72,585000000.0
2018-01-22,26025.32,26214.6,26214.6,431200000.0
2018-01-23,26214.87,26210.81,26210.81,433490000.0
2018-01-24,26282.07,26252.12,26252.12,518790000.0
2018-01-25,26313.06,26392.79,26392.79,401390000.0
2018-01-26,26466.74,26616.71,26616.71,477780000.0
2018-01-29,26584.28,26439.48,26439.48,421000000.0
2018-01-30,26198.45,26076.89,26076.89,448330000.0
2018-01-31,26268.17,26149.39,26149.39,479130000.0
2018-02-01,26083.04,26186.71,26186.71,410620000.0
2018-02-02,26061.79,25520.96,25520.96,522880000.0
2018-02-05,25337.87,24345.75,24345.75,714450000.0
2018-02-06,24085.17,24912.77,24912.77,823940000.0
2018-02-07,24892.87,24893.35,24893.35,504620000.0
2018-02-08,24902.3,23860.46,23860.46,657500000.0
2018-02-09,23992.67,24190.9,24190.9,735030000.0
2018-02-12,24337.76,24601.27,24601.27,496610000.0
2018-02-13,24540.33,24640.45,24640.45,374410000.0
2018-02-14,24535.82,24893.49,24893.49,431160000.0
2018-02-15,25047.82,25200.37,25200.37,416780000.0
2018-02-16,25165.94,25219.38,25219.38,406730000.0
2018-02-20,25124.91,24964.75,24964.75,421510000.0
2018-02-21,24988.06,24797.78,24797.78,456070000.0
2018-02-22,24855.41,24962.48,24962.48,378900000.0
2018-02-23,25050.51,25309.99,25309.99,335420000.0
2018-02-26,25403.35,25709.27,25709.27,473360000.0
2018-02-27,25735.78,25410.03,25410.03,438390000.0
2018-02-28,25485.15,25029.2,25029.2,451870000.0
2018-03-01,25024.04,24608.98,24608.98,506280000.0
2018-03-02,24394.91,24538.06,24538.06,437130000.0
2018-03-05,24471.31,24874.76,24874.76,383910000.0
2018-03-06,24965.89,24884.12,24884.12,331770000.0
2018-03-07,24758.15,24801.36,24801.36,394070000.0
2018-03-08,24853.41,24895.21,24895.21,327300000.0
2018-03-09,25004.89,25335.74,25335.74,371570000.0
2018-03-12,25372.44,25178.61,25178.61,362580000.0
2018-03-13,25257.75,25007.03,25007.03,447880000.0
2018-03-14,25086.97,24758.12,24758.12,356830000.0
2018-03-15,24837.29,24873.66,24873.66,316310000.0
2018-03-16,24877.34,24946.51,24946.51,654240000.0
2018-03-19,24893.69,24610.91,24610.91,377990000.0
2018-03-20,24650.64,24727.27,24727.27,342510000.0
2018-03-21,24723.49,24682.31,24682.31,343230000.0
2018-03-22,24526.01,23957.89,23957.89,439280000.0
2018-03-23,23995.18,23533.2,23533.2,482550000.0
2018-03-26,23825.74,24202.6,24202.6,479540000.0
2018-03-27,24276.62,23857.71,23857.71,524480000.0
2018-03-28,23883.08,23848.42,23848.42,530040000.0
2018-03-29,23949.18,24103.11,24103.11,463550000.0
2018-04-02,24076.6,23644.19,23644.19,509820000.0
2018-04-03,23698.33,24033.36,24033.36,394130000.0
2018-04-04,23654.15,24264.3,24264.3,388540000.0
2018-04-05,24313.91,24505.22,24505.22,347790000.0
2018-04-06,24373.6,23932.76,23932.76,395990000.0
2018-04-09,24037.52,23979.1,23979.1,380790000.0
2018-04-10,24198.95,24408.0,24408.0,368590000.0
2018-04-11,24274.19,24189.45,24189.45,286360000.0
2018-04-12,24302.82,24483.05,24483.05,336130000.0
2018-04-13,24582.82,24360.14,24360.14,331890000.0
2018-04-16,24483.15,24573.04,24573.04,305070000.0
2018-04-17,24681.79,24786.63,24786.63,342410000.0
2018-04-18,24820.85,24748.07,24748.07,302030000.0
2018-04-19,24711.3,24664.89,24664.89,381110000.0
2018-04-20,24657.39,24462.94,24462.94,537770000.0
2018-04-23,24488.07,24448.69,24448.69,351030000.0
2018-04-24,24579.94,24024.13,24024.13,468180000.0
2018-04-25,24070.2,24083.83,24083.83,437100000.0
2018-04-26,24128.72,24322.34,24322.34,390360000.0
2018-04-27,24342.14,24311.19,24311.19,392810000.0
2018-04-30,24410.41,24163.15,24163.15,416650000.0
2018-05-01,24117.29,24099.05,24099.05,380070000.0
2018-05-02,24097.63,23924.98,23924.98,385350000.0
2018-05-03,23836.23,23930.15,23930.15,389240000.0
2018-05-04,23865.22,24262.51,24262.51,329480000.0
2018-05-07,24317.66,24357.32,24357.32,307670000.0
2018-05-08,24341.35,24360.21,24360.21,344940000.0
2018-05-09,24399.18,24542.54,24542.54,361580000.0
2018-05-10,24591.66,24739.53,24739.53,304210000.0
2018-05-11,24758.64,24831.17,24831.17,274150000.0
2018-05-14,24879.37,24899.41,24899.41,282860000.0
2018-05-15,24809.55,24706.41,24706.41,301900000.0
2018-05-16,24722.32,24768.93,24768.93,280810000.0
2018-05-17,24752.4,24713.98,24713.98,314650000.0
2018-05-18,24707.72,24715.09,24715.09,269700000.0
2018-05-21,24883.06,25013.29,25013.29,308920000.0
2018-05-22,25047.55,24834.41,24834.41,288200000.0
2018-05-23,24757.71,24886.81,24886.81,399610000.0
2018-05-24,24877.36,24811.76,24811.76,347050000.0
2018-05-25,24781.29,24753.09,24753.09,257210000.0
2018-05-29,24606.59,24361.45,24361.45,395810000.0
2018-05-30,24467.83,24667.78,24667.78,324870000.0
2018-05-31,24620.79,24415.84,24415.84,429740000.0
2018-06-01,24542.09,24635.21,24635.21,315710000.0
2018-06-04,24727.55,24813.69,24813.69,340400000.0
2018-06-05,24820.12,24799.98,24799.98,306340000.0
2018-06-06,24854.14,25146.39,25146.39,316090000.0
2018-06-07,25192.14,25241.41,25241.41,357680000.0
2018-06-08,25209.29,25316.53,25316.53,317510000.0
2018-06-11,25336.67,25322.31,25322.31,276740000.0
2018-06-12,25346.82,25320.73,25320.73,265750000.0
2018-06-13,25328.65,25201.2,25201.2,329700000.0
2018-06-14,25254.65,25175.31,25175.31,341170000.0
2018-06-15,25116.71,25090.48,25090.48,659370000.0
2018-06-18,24944.28,24987.47,24987.47,337070000.0
2018-06-19,24763.59,24700.21,24700.21,376380000.0
2018-06-20,24771.17,24657.8,24657.8,359520000.0
2018-06-21,24639.21,24461.7,24461.7,349570000.0
2018-06-22,24526.97,24580.89,24580.89,473970000.0
2018-06-25,24463.73,24252.8,24252.8,439130000.0
2018-06-26,24281.89,24283.11,24283.11,301130000.0
2018-06-27,24303.11,24117.59,24117.59,313790000.0
2018-06-28,24064.19,24216.05,24216.05,305020000.0
2018-06-29,24323.93,24271.41,24271.41,329070000.0
2018-07-02,24161.53,24307.18,24307.18,244110000.0
2018-07-03,24359.39,24174.82,24174.82,160960000.0
2018-07-05,24285.82,24356.74,24356.74,237670000.0
2018-07-06,24352.47,24456.48,24456.48,219450000.0
2018-07-09,24519.2,24776.59,24776.59,240580000.0
2018-07-10,24806.97,24919.66,24919.66,235040000.0
2018-07-11,24789.48,24700.45,24700.45,237370000.0
2018-07-12,24802.9,24924.89,24924.89,233150000.0
2018-07-13,24926.07,25019.41,25019.41,255520000.0
2018-07-16,25025.58,25064.36,25064.36,231270000.0
2018-07-17,25033.92,25119.89,25119.89,250450000.0
2018-07-18,25133.79,25199.29,25199.29,252870000.0
2018-07-19,25139.15,25064.5,25064.5,285760000.0
2018-07-20,25041.14,25058.12,25058.12,274080000.0
2018-07-23,25036.9,25044.29,25044.29,228820000.0
2018-07-24,25092.43,25241.94,25241.94,274940000.0
2018-07-25,25183.7,25414.1,25414.1,273670000.0
2018-07-26,25468.55,25527.07,25527.07,297530000.0
2018-07-27,25520.52,25451.06,25451.06,329680000.0
2018-07-30,25439.32,25306.83,25306.83,296880000.0
2018-07-31,25345.21,25415.19,25415.19,348700000.0
2018-08-01,25461.63,25333.82,25333.82,315880000.0
2018-08-02,25256.45,25326.16,25326.16,307700000.0
2018-08-03,25360.37,25462.58,25462.58,239020000.0
2018-08-06,25437.43,25502.18,25502.18,238990000.0
2018-08-07,25551.65,25628.91,25628.91,239910000.0
2018-08-08,25615.72,25583.75,25583.75,217770000.0
2018-08-09,25589.79,25509.23,25509.23,214970000.0
2018-08-10,25401.19,25313.14,25313.14,234480000.0
2018-08-13,25327.19,25187.7,25187.7,219990000.0
2018-08-14,25215.69,25299.92,25299.92,219210000.0
2018-08-15,25235.37,25162.41,25162.41,295810000.0
2018-08-16,25294.97,25558.73,25558.73,342430000.0
2018-08-17,25550.8,25669.32,25669.32,284160000.0
2018-08-20,25727.7,25758.69,25758.69,248570000.0
2018-08-21,25786.99,25822.29,25822.29,241620000.0
2018-08-22,25825.06,25733.6,25733.6,200480000.0
2018-08-23,25714.86,25656.98,25656.98,213270000.0
2018-08-24,25688.58,25790.35,25790.35,200330000.0
2018-08-27,25882.71,26049.64,26049.64,220510000.0
2018-08-28,26092.7,26064.02,26064.02,211470000.0
2018-08-29,26082.53,26124.57,26124.57,214960000.0
2018-08-30,26099.01,25986.92,25986.92,240440000.0
2018-08-31,25964.85,25964.82,25964.82,273440000.0
2018-09-04,25916.07,25952.48,25952.48,254600000.0
2018-09-05,25919.84,25974.99,25974.99,289210000.0
2018-09-06,25973.02,25995.87,25995.87,262380000.0
2018-09-07,25951.02,25916.54,25916.54,281350000.0
2018-09-10,25991.91,25857.07,25857.07,252170000.0
2018-09-11,25841.14,25971.06,25971.06,265960000.0
2018-09-12,25989.07,25998.92,25998.92,282770000.0
2018-09-13,26083.94,26145.99,26145.99,260800000.0
2018-09-14,26169.56,26154.67,26154.67,228640000.0
2018-09-17,26151.66,26062.12,26062.12,230230000.0
2018-09-18,26076.21,26246.96,26246.96,243000000.0
2018-09-19,26287.84,26405.76,26405.76,251330000.0
2018-09-20,26519.39,26656.98,26656.98,260480000.0
2018-09-21,26726.25,26743.5,26743.5,657620000.0
2018-09-24,26705.25,26562.05,26562.05,254850000.0
2018-09-25,26601.58,26492.21,26492.21,234110000.0
2018-09-26,26536.86,26385.28,26385.28,262620000.0
2018-09-27,26418.27,26439.93,26439.93,226350000.0
2018-09-28,26407.66,26458.31,26458.31,264030000.0
2018-10-01,26598.36,26651.21,26651.21,238320000.0
2018-10-02,26648.91,26773.94,26773.94,258290000.0
2018-10-03,26833.47,26828.39,26828.39,280130000.0
2018-10-04,26784.08,26627.48,26627.48,289600000.0
2018-10-05,26632.77,26447.05,26447.05,267100000.0
2018-10-08,26399.45,26486.78,26486.78,273020000.0
2018-10-09,26469.19,26430.57,26430.57,282560000.0
2018-10-10,26441.73,25598.74,25598.74,438200000.0
2018-10-11,25518.39,25052.83,25052.83,522880000.0
2018-10-12,25407.63,25339.99,25339.99,397510000.0
2018-10-15,25332.46,25250.55,25250.55,287320000.0
2018-10-16,25351.53,25798.42,25798.42,305800000.0
2018-10-17,25705.87,25706.68,25706.68,298210000.0
2018-10-18,25645.56,25379.45,25379.45,328020000.0
2018-10-19,25421.09,25444.34,25444.34,350810000.0
2018-10-22,25492.14,25317.41,25317.41,314940000.0
2018-10-23,25038.46,25191.43,25191.43,436430000.0
2018-10-24,25172.88,24583.42,24583.42,496400000.0
2018-10-25,24736.54,24984.55,24984.55,439670000.0
2018-10-26,24770.25,24688.31,24688.31,505310000.0
2018-10-29,24818.98,24442.92,24442.92,443850000.0
2018-10-30,24482.04,24874.64,24874.64,470050000.0
2018-10-31,25008.82,25115.76,25115.76,448930000.0
2018-11-01,25142.08,25380.74,25380.74,383970000.0
2018-11-02,25443.6,25270.83,25270.83,429480000.0
2018-11-05,25261.47,25461.7,25461.7,334740000.0
2018-11-06,25452.83,25635.01,25635.01,265450000.0
2018-11-07,25788.46,26180.3,26180.3,361780000.0
2018-11-08,26139.59,26191.22,26191.22,295650000.0
2018-11-09,26149.11,25989.3,25989.3,324450000.0
2018-11-12,25959.33,25387.18,25387.18,346910000.0
2018-11-13,25321.21,25286.49,25286.49,339690000.0
2018-11-14,25388.08,25080.5,25080.5,384240000.0
2018-11-15,25061.48,25289.27,25289.27,392750000.0
2018-11-16,25242.35,25413.22,25413.22,354460000.0
2018-11-19,25392.61,25017.44,25017.44,358090000.0
2018-11-20,24618.68,24465.64,24465.64,445920000.0
2018-11-21,24541.65,24464.69,24464.69,289370000.0
2018-11-23,24336.4,24285.95,24285.95,155940000.0
2018-11-26,24364.13,24640.24,24640.24,306280000.0
2018-11-27,24557.02,24748.73,24748.73,308250000.0
2018-11-28,24832.84,25366.43,25366.43,362160000.0
2018-11-29,25343.65,25338.84,25338.84,305110000.0
2018-11-30,25307.14,25538.46,25538.46,482250000.0
2018-12-03,25779.57,25826.43,25826.43,388480000.0
2018-12-04,25752.56,25027.07,25027.07,418900000.0
2018-12-06,24737.42,24947.67,24947.67,471690000.0
2018-12-07,24918.82,24388.95,24388.95,398230000.0
2018-12-10,24360.95,24423.26,24423.26,389690000.0
2018-12-11,24719.91,24370.24,24370.24,342960000.0
2018-12-12,24509.09,24527.27,24527.27,344330000.0
2018-12-13,24575.86,24597.38,24597.38,299970000.0
2018-12-14,24408.04,24100.51,24100.51,416940000.0
2018-12-17,23986.83,23592.98,23592.98,466740000.0
2018-12-18,23769.13,23675.64,23675.64,408070000.0
2018-12-19,23693.33,23323.66,23323.66,503550000.0
2018-12-20,23224.12,22859.6,22859.6,576700000.0
2018-12-21,22871.74,22445.37,22445.37,900510000.0
2018-12-24,22317.28,21792.2,21792.2,308420000.0
2018-12-26,21857.73,22878.45,22878.45,433080000.0
2018-12-27,22629.06,23138.82,23138.82,407940000.0
2018-12-28,23213.61,23062.4,23062.4,336510000.0
2018-12-31,23153.94,23327.46,23327.46,288830000.0
2019-01-02,23058.61,23346.24,23346.24,321570000.0
2019-01-03,23176.39,22686.22,22686.22,424240000.0
2019-01-04,22894.92,23433.16,23433.16,396020000.0
2019-01-07,23474.26,23531.35,23531.35,334200000.0
2019-01-08,23680.32,23787.45,23787.45,317420000.0
2019-01-09,23844.27,23879.12,23879.12,324570000.0
2019-01-10,23811.11,24001.92,24001.92,338150000.0
2019-01-11,23940.01,23995.95,23995.95,262650000.0
2019-01-14,23880.53,23909.84,23909.84,277560000.0
2019-01-15,23914.11,24065.59,24065.59,291570000.0
2019-01-16,24139.91,24207.16,24207.16,302830000.0
2019-01-17,24147.09,24370.1,24370.1,288590000.0
2019-01-18,24534.19,24706.35,24706.35,372970000.0
2019-01-22,24607.76,24404.48,24404.48,338480000.0
2019-01-23,24577.25,24575.62,24575.62,318600000.0
2019-01-24,24579.96,24553.24,24553.24,320170000.0
2019-01-25,24687.21,24737.2,24737.2,376890000.0
2019-01-28,24596.98,24528.22,24528.22,347170000.0
2019-01-29,24519.62,24579.96,24579.96,330870000.0
2019-01-30,24826.52,25014.86,25014.86,397330000.0
2019-01-31,24954.48,24999.67,24999.67,507350000.0
2019-02-01,25025.31,25063.89,25063.89,372090000.0
2019-02-04,25062.12,25239.37,25239.37,298540000.0
2019-02-05,25287.93,25411.52,25411.52,310650000.0
2019-02-06,25371.57,25390.3,25390.3,247590000.0
2019-02-07,25265.81,25169.53,25169.53,295460000.0
2019-02-08,25042.36,25106.33,25106.33,248210000.0
2019-02-11,25142.81,25053.11,25053.11,241700000.0
2019-02-12,25152.03,25425.76,25425.76,278110000.0
2019-02-13,25480.86,25543.27,25543.27,263330000.0
2019-02-14,25460.65,25439.39,25439.39,313010000.0
2019-02-15,25564.63,25883.25,25883.25,328530000.0
2019-02-19,25849.85,25891.32,25891.32,280620000.0
2019-02-20,25872.26,25954.44,25954.44,287880000.0
2019-02-21,25922.41,25850.63,25850.63,255710000.0
2019-02-22,25906.27,26031.81,26031.81,279760000.0
2019-02-25,26126.15,26091.95,26091.95,281600000.0
2019-02-26,26051.61,26057.98,26057.98,257850000.0
2019-02-27,25995.6,25985.16,25985.16,255380000.0
2019-02-28,25984.28,25916.0,25916.0,338520000.0
2019-03-01,26019.67,26026.32,26026.32,289890000.0
2019-03-04,26122.19,25819.65,25819.65,295510000.0
2019-03-05,25829.07,25806.63,25806.63,252260000.0
2019-03-06,25818.76,25673.46,25673.46,256250000.0
2019-03-07,25645.45,25473.23,25473.23,289140000.0
2019-03-08,25347.38,25450.24,25450.24,270500000.0
2019-03-11,25208.0,25650.88,25650.88,309790000.0
2019-03-12,25600.3,25554.66,25554.66,317730000.0
2019-03-13,25637.23,25702.89,25702.89,331410000.0
2019-03-14,25692.31,25709.94,25709.94,302790000.0
2019-03-15,25720.96,25848.87,25848.87,616910000.0
2019-03-18,25801.88,25914.1,25914.1,303170000.0
2019-03-19,25987.87,25887.38,25887.38,342250000.0
2019-03-20,25867.79,25745.67,25745.67,321980000.0
2019-03-21,25688.44,25962.51,25962.51,335250000.0
2019-03-22,25844.65,25502.32,25502.32,386510000.0
2019-03-25,25490.72,25516.83,25516.83,303120000.0
2019-03-26,25649.56,25657.73,25657.73,305110000.0
2019-03-27,25676.34,25625.59,25625.59,270340000.0
2019-03-28,25693.32,25717.46,25717.46,237170000.0
2019-03-29,25827.31,25928.68,25928.68,300620000.0
2019-04-01,26075.1,26258.42,26258.42,295570000.0
2019-04-02,26213.55,26179.13,26179.13,250940000.0
2019-04-03,26238.03,26218.13,26218.13,271980000.0
2019-04-04,26213.42,26384.63,26384.63,233040000.0
2019-04-05,26427.56,26424.99,26424.99,229550000.0
2019-04-08,26312.67,26341.02,26341.02,229380000.0
2019-04-09,26243.54,26150.58,26150.58,244410000.0
2019-04-10,26173.71,26157.16,26157.16,203130000.0
2019-04-11,26188.21,26143.05,26143.05,211680000.0
2019-04-12,26357.79,26412.3,26412.3,369910000.0
2019-04-15,26407.76,26384.77,26384.77,250620000.0
2019-04-16,26482.19,26452.66,26452.66,302340000.0
2019-04-17,26468.53,26449.54,26449.54,367780000.0
2019-04-18,26463.37,26559.54,26559.54,332850000.0
2019-04-22,26510.77,26511.05,26511.05,232570000.0
2019-04-23,26513.83,26656.39,26656.39,311690000.0
2019-04-24,26652.56,26597.05,26597.05,283370000.0
2019-04-25,26426.37,26462.08,26462.08,296730000.0
2019-04-26,26454.62,26543.33,26543.33,317290000.0
2019-04-29,26559.87,26554.39,26554.39,279450000.0
2019-04-30,26594.56,26592.91,26592.91,340320000.0
2019-05-01,26639.06,26430.14,26430.14,303850000.0
2019-05-02,26407.15,26307.79,26307.79,287610000.0
2019-05-03,26379.14,26504.95,26504.95,248900000.0
2019-05-06,26160.62,26438.48,26438.48,283020000.0
2019-05-07,26276.9,25965.09,25965.09,334960000.0
2019-05-08,25933.79,25967.33,25967.33,276420000.0
2019-05-09,25878.85,25828.36,25828.36,334760000.0
2019-05-10,25763.72,25942.37,25942.37,294580000.0
2019-05-13,25568.06,25324.99,25324.99,361240000.0
2019-05-14,25384.03,25532.05,25532.05,291570000.0
2019-05-15,25400.13,25648.02,25648.02,270720000.0
2019-05-16,25692.14,25862.68,25862.68,320960000.0
2019-05-17,25719.95,25764.0,25764.0,283760000.0
2019-05-20,25655.31,25679.9,25679.9,279560000.0
2019-05-21,25782.34,25877.33,25877.33,260870000.0
2019-05-22,25818.46,25776.61,25776.61,241760000.0
2019-05-23,25657.99,25490.47,25490.47,316940000.0
2019-05-24,25551.07,25585.69,25585.69,201370000.0
2019-05-28,25616.55,25347.77,25347.77,358980000.0
2019-05-29,25231.46,25126.41,25126.41,298930000.0
2019-05-30,25139.94,25169.88,25169.88,215240000.0
2019-05-31,25046.31,24815.04,24815.04,292230000.0
2019-06-03,24830.16,24819.78,24819.78,328240000.0
2019-06-04,24962.82,25332.18,25332.18,281690000.0
2019-06-05,25451.0,25539.57,25539.57,262660000.0
2019-06-06,25567.45,25720.66,25720.66,248070000.0
2019-06-07,25768.72,25983.94,25983.94,263010000.0
2019-06-10,26090.22,26062.68,26062.68,249280000.0
2019-06-11,26180.59,26048.51,26048.51,253490000.0
2019-06-12,26040.3,26004.83,26004.83,223690000.0
2019-06-13,26036.94,26106.77,26106.77,213400000.0
2019-06-14,26076.36,26089.61,26089.61,208020000.0
2019-06-17,26108.53,26112.53,26112.53,199500000.0
2019-06-18,26228.9,26465.54,26465.54,273490000.0
2019-06-19,26490.16,26504.0,26504.0,240950000.0
2019-06-20,26665.38,26753.17,26753.17,278170000.0
2019-06-21,26749.12,26719.13,26719.13,485560000.0
2019-06-24,26727.61,26727.54,26727.54,232390000.0
2019-06-25,26731.61,26548.22,26548.22,282160000.0
2019-06-26,26599.42,26536.82,26536.82,274340000.0
2019-06-27,26523.72,26526.58,26526.58,246930000.0
2019-06-28,26605.93,26599.96,26599.96,499350000.0
2019-07-01,26805.86,26717.43,26717.43,267670000.0
2019-07-02,26719.53,26786.68,26786.68,219270000.0
2019-07-03,26832.32,26966.0,26966.0,149840000.0
2019-07-05,26867.75,26922.12,26922.12,192170000.0
2019-07-08,26835.64,26806.14,26806.14,214290000.0
2019-07-09,26725.12,26783.49,26783.49,218330000.0
2019-07-10,26851.96,26860.2,26860.2,207990000.0
2019-07-11,26950.16,27088.08,27088.08,252300000.0
2019-07-12,27139.49,27332.03,27332.03,248390000.0
2019-07-15,27364.69,27359.16,27359.16,199730000.0
2019-07-16,27349.32,27335.63,27335.63,226000000.0
2019-07-17,27320.91,27219.85,27219.85,193930000.0
2019-07-18,27191.98,27222.97,27222.97,216070000.0
2019-07-19,27246.38,27154.2,27154.2,287690000.0
2019-07-22,27174.18,27171.9,27171.9,216310000.0
2019-07-23,27231.86,27349.19,27349.19,248850000.0
2019-07-24,27262.24,27269.97,27269.97,244320000.0
2019-07-25,27247.39,27140.98,27140.98,241420000.0
2019-07-26,27166.0,27192.45,27192.45,233650000.0
2019-07-29,27192.24,27221.35,27221.35,250850000.0
2019-07-30,27145.39,27198.02,27198.02,293250000.0
2019-07-31,27244.67,26864.27,26864.27,385150000.0
2019-08-01,26879.86,26583.42,26583.42,386320000.0
2019-08-02,26528.66,26485.01,26485.01,327640000.0
2019-08-05,26259.23,25717.74,25717.74,422240000.0
2019-08-06,25810.62,26029.52,26029.52,318160000.0
2019-08-07,25814.22,26007.07,26007.07,344790000.0
2019-08-08,26086.52,26378.19,26378.19,282530000.0
2019-08-09,26337.09,26287.44,26287.44,240260000.0
2019-08-12,26169.91,25896.44,25896.44,199390000.0
2019-08-13,25888.88,26279.91,26279.91,308900000.0
2019-08-14,26035.08,25479.42,25479.42,352250000.0
2019-08-15,25514.25,25579.39,25579.39,332600000.0
2019-08-16,25678.17,25886.01,25886.01,276210000.0
2019-08-19,26020.06,26135.79,26135.79,252640000.0
2019-08-20,26086.86,25962.44,25962.44,238100000.0
2019-08-21,26145.36,26202.73,26202.73,208790000.0
2019-08-22,26271.64,26252.24,26252.24,222810000.0
2019-08-23,26134.21,25628.9,25628.9,364260000.0
2019-08-26,25826.05,25898.83,25898.83,222780000.0
2019-08-27,26014.46,25777.9,25777.9,263530000.0
2019-08-28,25712.99,26036.1,26036.1,207070000.0
2019-08-29,26249.09,26362.25,26362.25,208650000.0
2019-08-30,26476.39,26403.28,26403.28,216160000.0
2019-09-03,26198.26,26118.02,26118.02,223210000.0
2019-09-04,26301.99,26355.47,26355.47,202710000.0
2019-09-05,26603.15,26728.15,26728.15,256670000.0
2019-09-06,26790.25,26797.46,26797.46,209700000.0
2019-09-09,26866.23,26835.51,26835.51,273120000.0
2019-09-10,26805.83,26909.43,26909.43,322340000.0
2019-09-11,26928.05,27137.04,27137.04,272590000.0
2019-09-12,27197.32,27182.45,27182.45,250010000.0
2019-09-13,27216.67,27219.52,27219.52,255260000.0
2019-09-16,27146.06,27076.82,27076.82,220620000.0
2019-09-17,27010.12,27110.8,27110.8,223580000.0
2019-09-18,27075.39,27147.08,27147.08,212860000.0
2019-09-19,27186.05,27094.79,27094.79,212360000.0
2019-09-20,27102.18,26935.07,26935.07,497640000.0
2019-09-23,26851.45,26949.99,26949.99,204240000.0
2019-09-24,27034.07,26807.77,26807.77,301750000.0
2019-09-25,26866.71,26970.71,26970.71,237220000.0
2019-09-26,27004.11,26891.12,26891.12,229180000.0
2019-09-27,26987.26,26820.25,26820.25,217780000.0
2019-09-30,26852.33,26916.83,26916.83,222680000.0
2019-10-01,26962.54,26573.04,26573.04,260110000.0
2019-10-02,26425.86,26078.62,26078.62,309640000.0
2019-10-03,26039.02,26201.04,26201.04,241610000.0
2019-10-04,26271.7,26573.72,26573.72,221310000.0
2019-10-07,26502.33,26478.02,26478.02,195200000.0
2019-10-08,26276.59,26164.04,26164.04,244590000.0
2019-10-09,26308.23,26346.01,26346.01,190060000.0
2019-10-10,26317.35,26496.67,26496.67,217680000.0
2019-10-11,26694.2,26816.59,26816.59,282080000.0
2019-10-14,26766.43,26787.36,26787.36,178620000.0
2019-10-15,26811.2,27024.8,27024.8,245510000.0
2019-10-16,26972.31,27001.98,27001.98,214660000.0
2019-10-17,27032.38,27025.88,27025.88,222540000.0
2019-10-18,27004.49,26770.2,26770.2,288970000.0
2019-10-21,26852.67,26827.64,26827.64,241030000.0
2019-10-22,26850.43,26788.1,26788.1,265510000.0
2019-10-23,26835.24,26833.95,26833.95,247680000.0
2019-10-24,26893.93,26805.53,26805.53,253590000.0
2019-10-25,26789.61,26958.06,26958.06,274610000.0
2019-10-28,27040.33,27090.72,27090.72,290770000.0
2019-10-29,27061.07,27071.46,27071.46,269610000.0
2019-10-30,27110.71,27186.69,27186.69,231750000.0
2019-10-31,27188.37,27046.23,27046.23,273830000.0
2019-11-01,27142.95,27347.36,27347.36,270870000.0
2019-11-04,27402.06,27462.11,27462.11,273030000.0
2019-11-05,27500.23,27492.63,27492.63,286350000.0
2019-11-06,27502.74,27492.56,27492.56,237910000.0
2019-11-07,27590.16,27674.8,27674.8,259020000.0
2019-11-08,27686.2,27681.24,27681.24,221440000.0
2019-11-11,27580.66,27691.49,27691.49,202350000.0
2019-11-12,27701.59,27691.49,27691.49,213670000.0
2019-11-13,27622.04,27783.59,27783.59,278390000.0
2019-11-14,27757.2,27781.96,27781.96,303970000.0
2019-11-15,27843.54,28004.89,28004.89,283720000.0
2019-11-18,27993.22,28036.22,28036.22,252320000.0
2019-11-19,28079.76,27934.02,27934.02,245890000.0
2019-11-20,27879.55,27821.09,27821.09,258140000.0
2019-11-21,27820.28,27766.29,27766.29,232020000.0
2019-11-22,27831.23,27875.62,27875.62,214780000.0
2019-11-25,27917.77,28066.47,28066.47,248420000.0
2019-11-26,28080.75,28121.68,28121.68,324050000.0
2019-11-27,28156.47,28164.0,28164.0,198210000.0
2019-11-29,28103.16,28051.41,28051.41,120630000.0
2019-12-02,28109.74,27783.04,27783.04,236610000.0
2019-12-03,27501.98,27502.81,27502.81,275350000.0
2019-12-04,27634.63,27649.78,27649.78,218200000.0
2019-12-05,27736.05,27677.79,27677.79,208600000.0
2019-12-06,27839.68,28015.06,28015.06,223310000.0
2019-12-09,27987.05,27909.6,27909.6,217000000.0
2019-12-10,27900.65,27881.72,27881.72,213250000.0
2019-12-11,27867.31,27911.3,27911.3,213510000.0
2019-12-12,27898.34,28132.05,28132.05,277740000.0
2019-12-13,28123.64,28135.38,28135.38,250660000.0
2019-12-16,28191.67,28235.89,28235.89,286770000.0
2019-12-17,28221.75,28267.16,28267.16,286770000.0
2019-12-18,28291.44,28239.28,28239.28,289890000.0
2019-12-19,28278.31,28376.96,28376.96,262570000.0
2019-12-20,28608.64,28455.09,28455.09,603780000.0
2019-12-23,28491.78,28551.53,28551.53,223530000.0
2019-12-24,28572.57,28515.45,28515.45,86150000.0
2019-12-26,28539.46,28621.39,28621.39,155970000.0
2019-12-27,28675.34,28645.26,28645.26,182280000.0
2019-12-30,28654.76,28462.14,28462.14,181600000.0
2019-12-31,28414.64,28538.44,28538.44,193340000.0
2020-01-02,28638.97,28868.8,28868.8,251820000.0
2020-01-03,28553.33,28634.88,28634.88,239590000.0
2020-01-06,28465.5,28703.38,28703.38,252760000.0
2020-01-07,28639.18,28583.68,28583.68,258900000.0
2020-01-08,28556.14,28745.09,28745.09,291750000.0
2020-01-09,28851.97,28956.9,28956.9,275060000.0
2020-01-10,28977.52,28823.77,28823.77,237830000.0
2020-01-13,28869.01,28907.05,28907.05,249830000.0
2020-01-14,28895.5,28939.67,28939.67,287440000.0
2020-01-15,28901.8,29030.22,29030.22,260270000.0
2020-01-16,29131.95,29297.64,29297.64,252110000.0
2020-01-17,29313.31,29348.1,29348.1,321820000.0
2020-01-21,29269.05,29196.04,29196.04,320640000.0
2020-01-22,29263.63,29186.27,29186.27,283440000.0
2020-01-23,29111.02,29160.09,29160.09,307060000.0
2020-01-24,29230.39,28989.73,28989.73,380010000.0
2020-01-27,28542.49,28535.8,28535.8,337270000.0
2020-01-28,28594.28,28722.85,28722.85,330140000.0
2020-01-29,28820.53,28734.45,28734.45,302290000.0
2020-01-30,28640.16,28859.44,28859.44,326850000.0
2020-01-31,28813.04,28256.03,28256.03,403890000.0
2020-02-03,28319.65,28399.81,28399.81,307910000.0
2020-02-04,28696.74,28807.63,28807.63,332750000.0
2020-02-05,29048.73,29290.85,29290.85,357540000.0
2020-02-06,29388.58,29379.77,29379.77,263700000.0
2020-02-07,29286.92,29102.51,29102.51,252860000.0
2020-02-10,28995.66,29276.82,29276.82,250510000.0
2020-02-11,29390.71,29276.34,29276.34,279540000.0
2020-02-12,29406.75,29551.42,29551.42,309530000.0
2020-02-13,29436.03,29423.31,29423.31,291150000.0
2020-02-14,29440.47,29398.08,29398.08,231000000.0
2020-02-18,29282.78,29232.19,29232.19,256600000.0
2020-02-19,29312.7,29348.03,29348.03,240640000.0
2020-02-20,29296.25,29219.98,29219.98,287780000.0
2020-02-21,29146.53,28992.41,28992.41,311210000.0
2020-02-24,28402.93,27960.8,27960.8,452580000.0
2020-02-25,28037.65,27081.36,27081.36,513270000.0
2020-02-26,27159.46,26957.59,26957.59,472450000.0
2020-02-27,26526.0,25766.64,25766.64,664980000.0
2020-02-28,25270.83,25409.36,25409.36,915990000.0
2020-03-02,25590.51,26703.32,26703.32,637200000.0
2020-03-03,26762.47,25917.41,25917.41,647080000.0
2020-03-04,26383.68,27090.86,27090.86,457590000.0
2020-03-05,26671.92,26121.28,26121.28,477370000.0
2020-03-06,25457.21,25864.78,25864.78,599780000.0
2020-03-09,24992.36,23851.02,23851.02,750430000.0
2020-03-10,24453.0,25018.16,25018.16,654860000.0
2020-03-11,24604.63,23553.22,23553.22,663960000.0
2020-03-12,22184.71,21200.62,21200.62,908260000.0
2020-03-13,21973.82,23185.62,23185.62,843080000.0
2020-03-16,20917.53,20188.52,20188.52,770130000.0
2020-03-17,20487.05,21237.38,21237.38,793060000.0
2020-03-18,20188.69,19898.92,19898.92,871360000.0
2020-03-19,19830.01,20087.19,20087.19,780300000.0
2020-03-20,20253.15,19173.98,19173.98,872290000.0
2020-03-23,19028.36,18591.93,18591.93,787970000.0
2020-03-24,19722.19,20704.91,20704.91,799340000.0
2020-03-25,21050.34,21200.55,21200.55,796320000.0
2020-03-26,21468.38,22552.17,22552.17,705180000.0
2020-03-27,21898.47,21636.78,21636.78,588830000.0
2020-03-30,21678.22,22327.48,22327.48,545540000.0
2020-03-31,22208.42,21917.16,21917.16,571210000.0
2020-04-01,21227.38,20943.51,20943.51,506680000.0
2020-04-02,20819.46,21413.44,21413.44,529540000.0
2020-04-03,21285.93,21052.53,21052.53,450010000.0
2020-04-06,21693.63,22679.99,22679.99,610760000.0
2020-04-07,23537.44,22653.86,22653.86,594660000.0
2020-04-08,22893.47,23433.57,23433.57,472740000.0
2020-04-09,23690.66,23719.37,23719.37,566400000.0
2020-04-13,23698.93,23390.77,23390.77,394320000.0
2020-04-14,23690.57,23949.76,23949.76,485910000.0
2020-04-15,23600.72,23504.35,23504.35,437630000.0
2020-04-16,23543.66,23537.68,23537.68,471050000.0
2020-04-17,23817.15,24242.49,24242.49,525950000.0
2020-04-20,24095.1,23650.44,23650.44,423410000.0
2020-04-21,23365.25,23018.88,23018.88,485140000.0
2020-04-22,23437.34,23475.82,23475.82,352880000.0
2020-04-23,23543.09,23515.26,23515.26,389290000.0
2020-04-24,23628.24,23775.27,23775.27,376020000.0
2020-04-27,23866.15,24133.78,24133.78,389390000.0
2020-04-28,24357.17,24101.55,24101.55,400250000.0
2020-04-29,24490.37,24633.86,24633.86,455290000.0
2020-04-30,24585.57,24345.72,24345.72,487840000.0
2020-05-01,24120.78,23723.69,23723.69,418160000.0
2020-05-04,23581.55,23749.76,23749.76,355360000.0
2020-05-05,23958.88,23883.09,23883.09,369710000.0
2020-05-06,23978.88,23664.64,23664.64,377450000.0
2020-05-07,23837.21,23875.89,23875.89,369890000.0
2020-05-08,24107.82,24331.32,24331.32,335760000.0
2020-05-11,24256.45,24221.99,24221.99,352400000.0
2020-05-12,24292.84,23764.78,23764.78,359480000.0
2020-05-13,23702.16,23247.97,23247.97,469950000.0
2020-05-14,23049.06,23625.34,23625.34,472700000.0
2020-05-15,23454.83,23685.42,23685.42,491510000.0
2020-05-18,24059.98,24597.37,24597.37,484190000.0
2020-05-19,24577.48,24206.86,24206.86,374100000.0
2020-05-20,24455.94,24575.9,24575.9,366510000.0
2020-05-21,24564.27,24474.12,24474.12,346770000.0
2020-05-22,24461.98,24465.16,24465.16,255660000.0
2020-05-26,24781.84,24995.11,24995.11,424380000.0
2020-05-27,25298.63,25548.27,25548.27,411230000.0
2020-05-28,25697.36,25400.64,25400.64,377800000.0
2020-05-29,25324.15,25383.11,25383.11,527620000.0
2020-06-01,25342.99,25475.02,25475.02,338310000.0
2020-06-02,25582.52,25742.65,25742.65,352610000.0
2020-06-03,25906.88,26269.89,26269.89,398790000.0
2020-06-04,26226.49,26281.82,26281.82,372190000.0
2020-06-05,26836.8,27110.98,27110.98,542310000.0
2020-06-08,27232.93,27572.44,27572.44,430200000.0
2020-06-09,27447.37,27272.3,27272.3,381430000.0
2020-06-10,27251.89,26989.99,26989.99,448930000.0
2020-06-11,26282.51,25128.17,25128.17,647780000.0
2020-06-12,25659.42,25605.54,25605.54,514440000.0
2020-06-15,25270.39,25763.16,25763.16,461230000.0
2020-06-16,26326.68,26289.98,26289.98,489500000.0
2020-06-17,26330.52,26119.61,26119.61,328830000.0
2020-06-18,26016.45,26080.1,26080.1,328390000.0
2020-06-19,26213.1,25871.46,25871.46,669390000.0
2020-06-22,25865.08,26024.96,26024.96,351780000.0
2020-06-23,26159.39,26156.1,26156.1,389980000.0
2020-06-24,25992.96,25445.94,25445.94,450120000.0
2020-06-25,25365.22,25745.6,25745.6,384560000.0
2020-06-26,25641.69,25015.55,25015.55,640860000.0
2020-06-29,25152.45,25595.8,25595.8,378070000.0
2020-06-30,25512.43,25812.88,25812.88,410780000.0
2020-07-01,25879.38,25734.97,25734.97,373180000.0
2020-07-02,25936.45,25827.36,25827.36,349130000.0
2020-07-06,25996.08,26287.03,26287.03,340690000.0
2020-07-07,26172.01,25890.18,25890.18,346820000.0
2020-07-08,25950.06,26067.28,26067.28,337300000.0
2020-07-09,26094.92,25706.09,25706.09,387610000.0
2020-07-10,25690.35,26075.3,26075.3,338170000.0
2020-07-13,26225.07,26085.8,26085.8,425320000.0
2020-07-14,26044.17,26642.59,26642.59,401640000.0
2020-07-15,27009.81,26870.1,26870.1,384900000.0
2020-07-16,26746.57,26734.71,26734.71,287330000.0
2020-07-17,26774.62,26671.95,26671.95,296460000.0
2020-07-20,26660.29,26680.87,26680.87,309390000.0
2020-07-21,26833.14,26840.4,26840.4,364930000.0
2020-07-22,26824.56,27005.84,27005.84,404340000.0
2020-07-23,26955.97,26652.33,26652.33,419800000.0
2020-07-24,26533.41,26469.89,26469.89,494170000.0
2020-07-27,26447.67,26584.77,26584.77,400930000.0
2020-07-28,26529.45,26379.28,26379.28,361090000.0
2020-07-29,26388.44,26539.57,26539.57,347580000.0
2020-07-30,26367.42,26313.65,26313.65,351540000.0
2020-07-31,26409.33,26428.32,26428.32,488050000.0
2020-08-03,26542.32,26664.4,26664.4,439380000.0
2020-08-04,26664.61,26828.47,26828.47,346350000.0
2020-08-05,26924.78,27201.52,27201.52,366000000.0
2020-08-06,27170.82,27386.98,27386.98,322460000.0
2020-08-07,27321.68,27433.48,27433.48,321170000.0
2020-08-10,27488.21,27791.44,27791.44,360340000.0
2020-08-11,27961.64,27686.91,27686.91,428220000.0
2020-08-12,27860.24,27976.84,27976.84,340210000.0
2020-08-13,27922.51,27896.72,27896.72,360160000.0
2020-08-14,27828.93,27931.02,27931.02,275540000.0
2020-08-17,27970.05,27844.91,27844.91,286860000.0
2020-08-18,27853.48,27778.07,27778.07,276170000.0
2020-08-19,27811.26,27692.88,27692.88,311460000.0
2020-08-20,27622.68,27739.73,27739.73,304550000.0
2020-08-21,27758.13,27930.33,27930.33,372720000.0
2020-08-24,28077.58,28308.46,28308.46,383880000.0
2020-08-25,28347.42,28248.44,28248.44,338420000.0
2020-08-26,28257.88,28331.92,28331.92,327070000.0
2020-08-27,28384.07,28492.27,28492.27,404340000.0
2020-08-28,28601.29,28653.87,28653.87,369740000.0
2020-08-31,28643.66,28430.05,28430.05,517320000.0
2020-09-01,28439.61,28645.66,28645.66,423410000.0
2020-09-02,28736.79,29100.5,29100.5,539510000.0
2020-09-03,29090.7,28292.73,28292.73,650080000.0
2020-09-04,28341.05,28133.31,28133.31,694640000.0
2020-09-08,27925.23,27500.89,27500.89,580860000.0
2020-09-09,27711.71,27940.47,27940.47,460590000.0
2020-09-10,28022.51,27534.58,27534.58,442850000.0
2020-09-11,27613.86,27665.64,27665.64,435330000.0
2020-09-14,27718.74,27993.33,27993.33,380750000.0
2020-09-15,28139.76,27995.6,27995.6,414520000.0
2020-09-16,28031.69,28032.38,28032.38,416650000.0
2020-09-17,27834.18,27901.98,27901.98,437230000.0
2020-09-18,27864.87,27657.42,27657.42,698710000.0
2020-09-21,27484.71,27147.7,27147.7,523660000.0
2020-09-22,27170.34,27288.18,27288.18,420720000.0
2020-09-23,27413.6,26763.13,26763.13,459470000.0
2020-09-24,26716.09,26815.44,26815.44,447810000.0
2020-09-25,26694.51,27173.96,27173.96,388900000.0
2020-09-28,27362.14,27584.06,27584.06,401860000.0
2020-09-29,27560.24,27452.66,27452.66,303820000.0
2020-09-30,27514.64,27781.7,27781.7,452550000.0
2020-10-01,27940.63,27816.9,27816.9,373450000.0
2020-10-02,27536.39,27682.81,27682.81,392770000.0
2020-10-05,27825.42,28148.64,28148.64,318210000.0
2020-10-06,28214.24,27772.76,27772.76,435030000.0
2020-10-07,27971.36,28303.46,28303.46,328750000.0
2020-10-08,28348.86,28425.51,28425.51,314750000.0
2020-10-09,28533.61,28586.9,28586.9,324050000.0
2020-10-12,28671.12,28837.52,28837.52,493680000.0
2020-10-13,28764.95,28679.81,28679.81,526110000.0
2020-10-14,28731.3,28514.0,28514.0,370800000.0
2020-10-15,28323.4,28494.2,28494.2,328940000.0
2020-10-16,28570.72,28606.31,28606.31,356140000.0
2020-10-19,28633.55,28195.42,28195.42,358700000.0
2020-10-20,28245.85,28308.79,28308.79,350220000.0
2020-10-21,28270.66,28210.82,28210.82,299420000.0
2020-10-22,28197.42,28363.66,28363.66,330320000.0
2020-10-23,28409.65,28335.57,28335.57,347300000.0
2020-10-26,28185.82,27685.38,27685.38,404150000.0
2020-10-27,27651.18,27463.19,27463.19,366400000.0
2020-10-28,27102.14,26519.95,26519.95,496150000.0
2020-10-29,26480.98,26659.11,26659.11,419770000.0
2020-10-30,26572.27,26501.6,26501.6,504820000.0
2020-11-02,26691.28,26925.05,26925.05,379990000.0
2020-11-03,27138.69,27480.03,27480.03,350980000.0
2020-11-04,27512.83,27847.66,27847.66,447860000.0
2020-11-05,28083.37,28390.18,28390.18,390140000.0
2020-11-06,28399.13,28323.4,28323.4,326710000.0
2020-11-09,29467.9,29157.97,29157.97,673310000.0
2020-11-10,29254.17,29420.92,29420.92,526980000.0
2020-11-11,29524.35,29397.63,29397.63,376700000.0
2020-11-12,29231.91,29080.17,29080.17,369320000.0
2020-11-13,29203.9,29479.81,29479.81,348810000.0
2020-11-16,29672.36,29950.44,29950.44,418290000.0
2020-11-17,29800.15,29783.35,29783.35,372380000.0
2020-11-18,29875.4,29438.42,29438.42,382850000.0
2020-11-19,29370.92,29483.23,29483.23,331330000.0
2020-11-20,29437.57,29263.48,29263.48,305350000.0
2020-11-23,29332.82,29591.27,29591.27,387200000.0
2020-11-24,29746.11,30046.24,30046.24,432760000.0
2020-11-25,30058.87,29872.47,29872.47,323030000.0
2020-11-27,29911.33,29910.37,29910.37,177040000.0
2020-11-30,29854.51,29638.64,29638.64,551350000.0
2020-12-01,29797.5,29823.92,29823.92,429510000.0
2020-12-02,29695.09,29883.79,29883.79,385280000.0
2020-12-03,29920.83,29969.52,29969.52,405680000.0
2020-12-04,29989.56,30218.26,30218.26,356590000.0
2020-12-07,30233.03,30069.79,30069.79,365810000.0
2020-12-08,29997.95,30173.88,30173.88,311190000.0
2020-12-09,30229.81,30068.81,30068.81,380520000.0
2020-12-10,30032.55,29999.26,29999.26,325550000.0
2020-12-11,29988.21,30046.37,30046.37,393870000.0
2020-12-14,30123.91,29861.55,29861.55,371980000.0
2020-12-15,29919.09,30199.31,30199.31,417770000.0
2020-12-16,30191.38,30154.54,30154.54,344590000.0
2020-12-17,30216.0,30303.37,30303.37,345530000.0
2020-12-18,30314.26,30179.05,30179.05,782070000.0
2020-12-21,30159.0,30216.45,30216.45,437480000.0
2020-12-22,30200.2,30015.51,30015.51,388810000.0
2020-12-23,30046.73,30129.83,30129.83,274050000.0
2020-12-24,30155.92,30199.87,30199.87,145570000.0
2020-12-28,30283.23,30403.97,30403.97,302490000.0
2020-12-29,30492.07,30335.67,30335.67,357610000.0
2020-12-30,30415.09,30409.56,30409.56,291890000.0
2020-12-31,30417.64,30606.48,30606.48,284470000.0
2021-01-04,30627.47,30223.89,30223.89,475080000.0
2021-01-05,30204.25,30391.6,30391.6,350910000.0
2021-01-06,30362.78,30829.4,30829.4,500430000.0
2021-01-07,30901.18,31041.13,31041.13,427810000.0
2021-01-08,31069.58,31097.97,31097.97,381150000.0
2021-01-11,31015.37,31008.69,31008.69,356540000.0
2021-01-12,31015.01,31068.69,31068.69,362620000.0
2021-01-13,31084.88,31060.47,31060.47,413250000.0
2021-01-14,31085.67,30991.52,30991.52,427810000.0
2021-01-15,30926.77,30814.26,30814.26,433000000.0
2021-01-19,30887.42,30930.52,30930.52,386400000.0
2021-01-20,31017.54,31188.38,31188.38,384980000.0
2021-01-21,31198.01,31176.01,31176.01,418780000.0
2021-01-22,31141.56,30996.98,30996.98,436040000.0
2021-01-25,30989.85,30960.0,30960.0,472890000.0
2021-01-26,30968.55,30937.04,30937.04,373150000.0
2021-01-27,30893.78,30303.17,30303.17,566470000.0
2021-01-28,30377.19,30603.36,30603.36,465140000.0
2021-01-29,30553.91,29982.62,29982.62,536320000.0
2021-02-01,30054.73,30211.91,30211.91,347060000.0
2021-02-02,30276.88,30687.48,30687.48,333160000.0
2021-02-03,30689.65,30723.6,30723.6,305590000.0
2021-02-04,30737.78,31055.86,31055.86,338330000.0
2021-02-05,31093.81,31148.24,31148.24,293550000.0
2021-02-08,31191.2,31385.76,31385.76,322250000.0
2021-02-09,31359.88,31375.83,31375.83,308210000.0
2021-02-10,31428.02,31437.8,31437.8,326450000.0
2021-02-11,31466.49,31430.7,31430.7,280320000.0
2021-02-12,31420.8,31458.4,31458.4,263090000.0
2021-02-16,31472.08,31522.75,31522.75,329210000.0
2021-02-17,31485.61,31613.02,31613.02,343510000.0
2021-02-18,31558.6,31493.34,31493.34,325990000.0
2021-02-19,31504.13,31494.32,31494.32,353070000.0
2021-02-22,31381.12,31521.69,31521.69,387210000.0
2021-02-23,31501.89,31537.35,31537.35,460410000.0
2021-02-24,31499.75,31961.86,31961.86,410150000.0
2021-02-25,31955.94,31402.01,31402.01,454110000.0
2021-02-26,31401.29,30932.37,30932.37,532250000.0
2021-03-01,31065.9,31535.51,31535.51,385670000.0
2021-03-02,31535.37,31391.52,31391.52,337270000.0
2021-03-03,31352.96,31270.09,31270.09,409660000.0
2021-03-04,31289.01,30924.14,30924.14,537850000.0
2021-03-05,31029.18,31496.3,31496.3,501810000.0
2021-03-08,31512.15,31802.44,31802.44,496980000.0
2021-03-09,31892.35,31832.74,31832.74,458690000.0
2021-03-10,31906.96,32297.02,32297.02,409110000.0
2021-03-11,32354.5,32485.59,32485.59,400020000.0
2021-03-12,32462.4,32778.64,32778.64,346400000.0
2021-03-15,32798.84,32953.46,32953.46,360080000.0
2021-03-16,32966.75,32825.95,32825.95,386370000.0
2021-03-17,32825.52,33015.37,33015.37,391200000.0
2021-03-18,32928.16,32862.3,32862.3,418480000.0
2021-03-19,32858.36,32627.97,32627.97,811890000.0
2021-03-22,32601.82,32731.2,32731.2,383500000.0
2021-03-23,32691.5,32423.15,32423.15,385840000.0
2021-03-24,32470.88,32420.06,32420.06,399390000.0
2021-03-25,32346.81,32619.48,32619.48,411990000.0
2021-03-26,32681.07,33072.88,33072.88,382170000.0
2021-03-29,33087.55,33171.37,33171.37,351610000.0
2021-03-30,33127.88,33066.96,33066.96,307510000.0
2021-03-31,33116.04,32981.55,32981.55,414140000.0
2021-04-01,33054.58,33153.21,33153.21,311880000.0
2021-04-05,33222.38,33527.19,33527.19,344270000.0
2021-04-06,33500.02,33430.24,33430.24,297940000.0
2021-04-07,33444.98,33446.26,33446.26,273440000.0
2021-04-08,33469.89,33503.57,33503.57,304040000.0
2021-04-09,33526.19,33800.6,33800.6,316410000.0
2021-04-12,33775.06,33745.4,33745.4,327370000.0
2021-04-13,33721.16,33677.27,33677.27,324480000.0
2021-04-14,33668.95,33730.89,33730.89,315330000.0
2021-04-15,33788.53,34035.99,34035.99,319680000.0
2021-04-16,34058.16,34200.67,34200.67,343760000.0
2021-04-19,34182.38,34077.63,34077.63,312540000.0
2021-04-20,34034.18,33821.3,33821.3,350960000.0
2021-04-21,33808.3,34137.31,34137.31,290300000.0
2021-04-22,34109.88,33815.9,33815.9,344470000.0
2021-04-23,33804.52,34043.49,34043.49,346380000.0
2021-04-26,34044.23,33981.57,33981.57,279300000.0
2021-04-27,33932.13,33984.93,33984.93,289030000.0
2021-04-28,33860.46,33820.38,33820.38,335820000.0
2021-04-29,33855.64,34060.36,34060.36,408450000.0
2021-04-30,33988.75,33874.85,33874.85,374890000.0
2021-05-03,33904.89,34113.23,34113.23,289770000.0
2021-05-04,34080.2,34133.03,34133.03,407860000.0
2021-05-05,34163.99,34230.34,34230.34,253180000.0
2021-05-06,34245.11,34548.53,34548.53,315430000.0
2021-05-07,34578.27,34777.76,34777.76,303400000.0
2021-05-10,34785.27,34742.82,34742.82,361620000.0
2021-05-11,34572.74,34269.16,34269.16,413180000.0
2021-05-12,34206.4,33587.66,33587.66,381350000.0
2021-05-13,33624.74,34021.45,34021.45,350820000.0
2021-05-14,34050.86,34382.13,34382.13,303230000.0
2021-05-17,34375.29,34327.79,34327.79,291910000.0
2021-05-18,34351.18,34060.66,34060.66,289590000.0
2021-05-19,33945.81,33896.04,33896.04,348480000.0
2021-05-20,33906.3,34084.15,34084.15,320150000.0
2021-05-21,34121.91,34207.84,34207.84,306360000.0
2021-05-24,34253.87,34393.98,34393.98,251010000.0
2021-05-25,34428.66,34312.46,34312.46,285760000.0
2021-05-26,34336.34,34323.05,34323.05,258780000.0
2021-05-27,34432.47,34464.64,34464.64,520630000.0
2021-05-28,34558.5,34529.45,34529.45,290850000.0
2021-06-01,34584.19,34575.31,34575.31,287700000.0
2021-06-02,34614.62,34600.38,34600.38,263810000.0
2021-06-03,34550.31,34577.04,34577.04,297380000.0
2021-06-04,34618.69,34756.39,34756.39,270050000.0
2021-06-07,34766.2,34630.24,34630.24,259120000.0
2021-06-08,34645.84,34599.82,34599.82,289440000.0
2021-06-09,34626.16,34447.14,34447.14,245100000.0
2021-06-10,34502.51,34466.24,34466.24,309310000.0
2021-06-11,34499.81,34479.6,34479.6,260840000.0
2021-06-14,34472.52,34393.75,34393.75,295530000.0
2021-06-15,34397.1,34299.33,34299.33,272430000.0
2021-06-16,34308.48,34033.67,34033.67,347150000.0
2021-06-17,34014.38,33823.45,33823.45,354690000.0
2021-06-18,33622.7,33290.08,33290.08,563920000.0
2021-06-21,33312.07,33876.97,33876.97,317260000.0
2021-06-22,33872.56,33945.58,33945.58,284130000.0
2021-06-23,33948.54,33874.24,33874.24,255280000.0
2021-06-24,33933.91,34196.82,34196.82,275870000.0
2021-06-25,34328.1,34433.84,34433.84,432550000.0
2021-06-28,34428.1,34283.27,34283.27,280280000.0
2021-06-29,34338.89,34292.29,34292.29,282360000.0
2021-06-30,34290.74,34502.51,34502.51,295560000.0
2021-07-01,34507.32,34633.53,34633.53,268280000.0
2021-07-02,34642.42,34786.35,34786.35,301860000.0
2021-07-06,34790.16,34577.37,34577.37,348430000.0
2021-07-07,34604.17,34681.79,34681.79,302700000.0
2021-07-08,34569.01,34421.93,34421.93,335690000.0
2021-07-09,34457.51,34870.16,34870.16,301750000.0
2021-07-12,34836.75,34996.18,34996.18,294800000.0
2021-07-13,34959.96,34888.79,34888.79,322430000.0
2021-07-14,34920.83,34933.23,34933.23,344340000.0
2021-07-15,34924.81,34987.02,34987.02,320450000.0
2021-07-16,35007.94,34687.85,34687.85,322980000.0
2021-07-19,34528.48,33962.04,33962.04,440440000.0
2021-07-20,33981.79,34511.99,34511.99,387020000.0
2021-07-21,34556.96,34798.0,34798.0,317090000.0
2021-07-22,34799.68,34823.35,34823.35,291610000.0
2021-07-23,34855.11,35061.55,35061.55,314040000.0
2021-07-26,35055.86,35144.31,35144.31,259790000.0
2021-07-27,35078.9,35058.52,35058.52,326610000.0
2021-07-28,35109.95,34930.93,34930.93,347170000.0
2021-07-29,34985.99,35084.53,35084.53,222680000.0
2021-07-30,35013.26,34935.47,34935.47,276410000.0
2021-08-02,34968.56,34838.16,34838.16,238620000.0
2021-08-03,34864.1,35116.4,35116.4,259820000.0
2021-08-04,35047.44,34792.67,34792.67,245300000.0
2021-08-05,34815.61,35064.25,35064.25,216580000.0
2021-08-06,35077.44,35208.51,35208.51,231570000.0
2021-08-09,35229.67,35101.85,35101.85,207850000.0
2021-08-10,35135.17,35264.67,35264.67,255040000.0
2021-08-11,35300.89,35484.97,35484.97,232800000.0
2021-08-12,35481.94,35499.85,35499.85,231600000.0
2021-08-13,35551.56,35515.38,35515.38,236790000.0
2021-08-16,35490.83,35625.4,35625.4,292590000.0
2021-08-17,35500.01,35343.28,35343.28,309410000.0
2021-08-18,35310.2,34960.69,34960.69,289800000.0
2021-08-19,34874.67,34894.12,34894.12,333550000.0
2021-08-20,34917.96,35120.08,35120.08,269320000.0
2021-08-23,35160.97,35335.71,35335.71,245760000.0
2021-08-24,35382.72,35366.26,35366.26,228710000.0
2021-08-25,35388.77,35405.5,35405.5,237230000.0
2021-08-26,35449.68,35213.12,35213.12,239740000.0
2021-08-27,35231.11,35455.8,35455.8,240990000.0
2021-08-30,35471.8,35399.84,35399.84,245390000.0
2021-08-31,35391.38,35360.73,35360.73,337240000.0
2021-09-01,35387.55,35312.53,35312.53,265520000.0
2021-09-02,35353.06,35443.82,35443.82,263370000.0
2021-09-03,35401.73,35369.09,35369.09,221370000.0
2021-09-07,35373.24,35100.0,35100.0,289830000.0
2021-09-08,35087.45,35031.07,35031.07,261880000.0
2021-09-09,35013.08,34879.38,34879.38,261330000.0
2021-09-10,34949.59,34607.72,34607.72,333230000.0
2021-09-13,34665.5,34869.63,34869.63,334190000.0
2021-09-14,34906.9,34577.57,34577.57,325140000.0
2021-09-15,34580.95,34814.39,34814.39,317490000.0
2021-09-16,34810.27,34751.32,34751.32,278270000.0
2021-09-17,34737.86,34584.88,34584.88,560630000.0
2021-09-20,34459.72,33970.47,33970.47,435780000.0
2021-09-21,34025.61,33919.84,33919.84,306970000.0
2021-09-22,34006.87,34258.32,34258.32,296590000.0
2021-09-23,34296.3,34764.82,34764.82,283890000.0
2021-09-24,34762.31,34798.0,34798.0,254310000.0
2021-09-27,34739.27,34869.37,34869.37,289480000.0
2021-09-28,34747.7,34299.99,34299.99,379020000.0
2021-09-29,34360.08,34390.72,34390.72,290350000.0
2021-09-30,34467.98,33843.92,33843.92,354830000.0
2021-10-01,33930.7,34326.46,34326.46,427580000.0
2021-10-04,34312.96,34002.92,34002.92,396860000.0
2021-10-05,34035.25,34314.67,34314.67,311520000.0
2021-10-06,34198.96,34416.99,34416.99,322170000.0
2021-10-07,34509.72,34754.94,34754.94,273290000.0
2021-10-08,34757.57,34746.25,34746.25,238080000.0
2021-10-11,34723.79,34496.06,34496.06,256820000.0
2021-10-12,34507.15,34378.34,34378.34,319010000.0
2021-10-13,34372.71,34377.81,34377.81,316220000.0
2021-10-14,34443.22,34912.56,34912.56,338540000.0
2021-10-15,35023.63,35294.76,35294.76,327870000.0
2021-10-18,35221.02,35258.61,35258.61,312640000.0
2021-10-19,35325.37,35457.31,35457.31,278510000.0
2021-10-20,35475.16,35609.34,35609.34,265750000.0
2021-10-21,35520.32,35603.08,35603.08,298390000.0
2021-10-22,35607.72,35677.02,35677.02,346290000.0
2021-10-25,35692.62,35741.15,35741.15,267220000.0
2021-10-26,35791.05,35756.88,35756.88,321910000.0
2021-10-27,35835.43,35490.69,35490.69,354180000.0
2021-10-28,35545.41,35730.48,35730.48,337400000.0
2021-10-29,35712.28,35819.56,35819.56,399400000.0
2021-11-01,35833.65,35913.84,35913.84,292880000.0
2021-11-02,35935.11,36052.63,36052.63,304510000.0
2021-11-03,36059.09,36157.58,36157.58,262540000.0
2021-11-04,36107.46,36124.23,36124.23,307640000.0
2021-11-05,36268.75,36327.95,36327.95,344600000.0
2021-11-08,36416.46,36432.22,36432.22,284400000.0
2021-11-09,36404.53,36319.98,36319.98,258020000.0
2021-11-10,36299.25,36079.94,36079.94,278390000.0
2021-11-11,36038.78,35921.23,35921.23,270320000.0
2021-11-12,35963.78,36100.31,36100.31,293180000.0
2021-11-15,36128.83,36087.45,36087.45,280660000.0
2021-11-16,36076.18,36142.22,36142.22,308290000.0
2021-11-17,36159.7,35931.05,35931.05,358310000.0
2021-11-18,35901.69,35870.95,35870.95,435080000.0
2021-11-19,35879.09,35601.98,35601.98,408840000.0
2021-11-22,35631.41,35619.25,35619.25,420810000.0
2021-11-23,35619.92,35813.8,35813.8,392520000.0
2021-11-24,35752.31,35804.38,35804.38,280960000.0
2021-11-26,35366.69,34899.34,34899.34,324580000.0
2021-11-29,35017.71,35135.94,35135.94,416040000.0
2021-11-30,35056.99,34483.72,34483.72,678800000.0
2021-12-01,34678.94,34022.04,34022.04,496000000.0
2021-12-02,34076.25,34639.79,34639.79,466900000.0
2021-12-03,34692.78,34580.08,34580.08,439550000.0
2021-12-06,34633.43,35227.03,35227.03,416720000.0
2021-12-07,35423.99,35719.43,35719.43,474940000.0
2021-12-08,35716.85,35754.75,35754.75,387650000.0
2021-12-09,35722.26,35754.69,35754.69,353020000.0
2021-12-10,35830.55,35970.99,35970.99,361200000.0
2021-12-13,35958.93,35650.95,35650.95,441110000.0
2021-12-14,35605.73,35544.18,35544.18,440900000.0
2021-12-15,35549.35,35927.43,35927.43,424720000.0
2021-12-16,36036.28,35897.64,35897.64,473620000.0
2021-12-17,35800.11,35365.44,35365.44,750480000.0
2021-12-20,35222.12,34932.16,34932.16,386590000.0
2021-12-21,35069.5,35492.7,35492.7,346080000.0
2021-12-22,35491.71,35753.89,35753.89,281930000.0
2021-12-23,35782.42,35950.56,35950.56,247420000.0
2021-12-27,35954.48,36302.38,36302.38,244350000.0
2021-12-28,36302.99,36398.21,36398.21,239090000.0
2021-12-29,36421.14,36488.63,36488.63,213480000.0
2021-12-30,36522.48,36398.08,36398.08,205620000.0
2021-12-31,36385.85,36338.3,36338.3,213200000.0
2022-01-03,36321.59,36585.06,36585.06,347930000.0
2022-01-04,36636.0,36799.65,36799.65,435080000.0
2022-01-05,36722.6,36407.11,36407.11,462040000.0
2022-01-06,36409.05,36236.47,36236.47,385890000.0
2022-01-07,36249.59,36231.66,36231.66,356110000.0
2022-01-10,36175.21,36068.87,36068.87,430680000.0
2022-01-11,36058.85,36252.02,36252.02,356850000.0
2022-01-12,36336.16,36290.32,36290.32,310180000.0
2022-01-13,36312.49,36113.62,36113.62,343640000.0
2022-01-14,35996.43,35911.81,35911.81,389200000.0
2022-01-18,35661.76,35368.47,35368.47,427260000.0
2022-01-19,35412.3,35028.65,35028.65,393080000.0
2022-01-20,35102.66,34715.39,34715.39,369070000.0
2022-01-21,34701.69,34265.37,34265.37,523880000.0
2022-01-24,34070.61,34364.5,34364.5,664010000.0
2022-01-25,34186.64,34297.73,34297.73,506430000.0
2022-01-26,34520.82,34168.09,34168.09,546330000.0
2022-01-27,34261.75,34160.78,34160.78,527780000.0
2022-01-28,34135.24,34725.47,34725.47,568440000.0
2022-01-31,34691.17,35131.86,35131.86,468070000.0
2022-02-01,35151.47,35405.24,35405.24,386080000.0
2022-02-02,35378.19,35629.33,35629.33,359540000.0
2022-02-03,35520.08,35111.16,35111.16,381020000.0
2022-02-04,35095.74,35089.74,35089.74,349880000.0
2022-02-07,35108.38,35091.13,35091.13,328910000.0
2022-02-08,35160.68,35462.78,35462.78,319190000.0
2022-02-09,35614.9,35768.06,35768.06,333610000.0
2022-02-10,35630.81,35241.59,35241.59,411620000.0
2022-02-11,35267.89,34738.06,34738.06,398860000.0
2022-02-14,34694.5,34566.17,34566.17,370320000.0
2022-02-15,34686.19,34988.84,34988.84,305670000.0
2022-02-16,34951.83,34934.27,34934.27,294410000.0
2022-02-17,34858.47,34312.03,34312.03,348720000.0
2022-02-18,34310.45,34079.18,34079.18,414080000.0
2022-02-22,33974.09,33596.61,33596.61,432090000.0
2022-02-23,33680.97,33131.76,33131.76,370600000.0
2022-02-24,32830.33,33223.83,33223.83,590850000.0
2022-02-25,33277.22,34058.75,34058.75,417630000.0
2022-02-28,33870.62,33892.6,33892.6,443460000.0
2022-03-01,33813.48,33294.95,33294.95,438730000.0
2022-03-02,33379.51,33891.35,33891.35,400920000.0
2022-03-03,33972.87,33794.66,33794.66,369740000.0
2022-03-04,33655.43,33614.8,33614.8,408390000.0
2022-03-07,33579.75,32817.38,32817.38,488400000.0
2022-03-08,32885.17,32632.64,32632.64,553750000.0
2022-03-09,32860.42,33286.25,33286.25,418670000.0
2022-03-10,33106.77,33174.07,33174.07,399480000.0
2022-03-11,33279.72,32944.19,32944.19,369480000.0
2022-03-14,33000.37,32945.24,32945.24,394940000.0
2022-03-15,32989.27,33544.34,33544.34,388810000.0
2022-03-16,33653.93,34063.1,34063.1,427400000.0
2022-03-17,33995.39,34480.76,34480.76,339470000.0
2022-03-18,34466.72,34754.93,34754.93,615420000.0
2022-03-21,34669.85,34552.99,34552.99,408490000.0
2022-03-22,34583.24,34807.46,34807.46,368550000.0
2022-03-23,34748.84,34358.5,34358.5,347880000.0
2022-03-24,34406.81,34707.94,34707.94,324870000.0
2022-03-25,34702.39,34861.24,34861.24,285440000.0
2022-03-28,34833.03,34955.89,34955.89,299790000.0
2022-03-29,35114.35,35294.19,35294.19,355050000.0
2022-03-30,35273.63,35228.81,35228.81,317320000.0
2022-03-31,35201.52,34678.35,34678.35,433400000.0
2022-04-01,34740.89,34818.27,34818.27,340400000.0
2022-04-04,34799.98,34921.88,34921.88,316570000.0
2022-04-05,34876.33,34641.18,34641.18,304010000.0
2022-04-06,34520.34,34496.51,34496.51,386250000.0
2022-04-07,34439.24,34583.57,34583.57,319870000.0
2022-04-08,34569.24,34721.12,34721.12,301750000.0
2022-04-11,34630.27,34308.08,34308.08,333290000.0
2022-04-12,34412.51,34220.36,34220.36,333510000.0
2022-04-13,34166.64,34564.59,34564.59,313630000.0
2022-04-14,34628.46,34451.23,34451.23,353680000.0
2022-04-18,34411.49,34411.69,34411.69,264110000.0
2022-04-19,34394.62,34911.2,34911.2,296350000.0
2022-04-20,34962.67,35160.79,35160.79,337620000.0
2022-04-21,35258.8,34792.76,34792.76,366390000.0
2022-04-22,34727.38,33811.4,33811.4,373280000.0
2022-04-25,33731.65,34049.46,34049.46,416900000.0
2022-04-26,33907.49,33240.18,33240.18,400020000.0
2022-04-27,33450.92,33301.93,33301.93,447230000.0
2022-04-28,33425.96,33916.39,33916.39,440380000.0
2022-04-29,33787.01,32977.21,32977.21,501560000.0
2022-05-02,32978.49,33061.5,33061.5,453390000.0
2022-05-03,33086.09,33128.79,33128.79,364420000.0
2022-05-04,33171.8,34061.06,34061.06,411060000.0
2022-05-05,33854.17,32997.97,32997.97,448420000.0
2022-05-06,32773.88,32899.37,32899.37,416520000.0
2022-05-09,32685.17,32245.7,32245.7,470770000.0
2022-05-10,32504.09,32160.74,32160.74,439290000.0
2022-05-11,32123.24,31834.11,31834.11,458460000.0
2022-05-12,31699.04,31730.3,31730.3,544240000.0
2022-05-13,31963.86,32196.66,32196.66,388520000.0
2022-05-16,32152.15,32223.42,32223.42,330030000.0
2022-05-17,32427.0,32654.59,32654.59,389310000.0
2022-05-18,32468.67,31490.07,31490.07,465060000.0
2022-05-19,31262.62,31253.13,31253.13,517190000.0
2022-05-20,31426.94,31261.9,31261.9,495510000.0
2022-05-23,31395.89,31880.24,31880.24,402010000.0
2022-05-24,31717.61,31928.62,31928.62,382950000.0
2022-05-25,31816.31,32120.28,32120.28,343460000.0
2022-05-26,32248.17,32637.19,32637.19,351220000.0
2022-05-27,32735.09,33212.96,33212.96,328770000.0
2022-05-31,33160.59,32990.12,32990.12,533560000.0
2022-06-01,33156.31,32813.23,32813.23,338210000.0
2022-06-02,32809.01,33248.28,33248.28,333210000.0
2022-06-03,32986.32,32899.7,32899.7,298570000.0
2022-06-06,33032.04,32915.78,32915.78,253010000.0
2022-06-07,32783.03,33180.14,33180.14,270750000.0
2022-06-08,33087.07,32910.9,32910.9,270470000.0
2022-06-09,32828.62,32272.79,32272.79,289710000.0
2022-06-10,32053.52,31392.79,31392.79,362300000.0
2022-06-13,31144.91,30516.74,30516.74,472290000.0
2022-06-14,30592.34,30364.83,30364.83,366800000.0
2022-06-15,30570.5,30668.53,30668.53,392670000.0
2022-06-16,30305.74,29927.07,29927.07,442910000.0
2022-06-17,29912.7,29888.78,29888.78,692830000.0
2022-06-21,30074.69,30530.25,30530.25,376900000.0
2022-06-22,30352.57,30483.13,30483.13,343490000.0
2022-06-23,30570.33,30677.36,30677.36,361420000.0
2022-06-24,30846.94,31500.68,31500.68,465480000.0
2022-06-27,31533.6,31438.26,31438.26,309910000.0
2022-06-28,31549.05,30946.99,30946.99,350780000.0
2022-06-29,31067.41,31029.31,31029.31,269390000.0
2022-06-30,30790.0,30775.43,30775.43,394070000.0
2022-07-01,30737.77,31097.26,31097.26,310440000.0
2022-07-05,30903.12,30967.82,30967.82,323080000.0
2022-07-06,30957.3,31037.68,31037.68,289800000.0
2022-07-07,31190.65,31384.55,31384.55,296620000.0
2022-07-08,31348.43,31338.15,31338.15,238120000.0
2022-07-11,31277.98,31173.84,31173.84,245020000.0
2022-07-12,31113.31,30981.33,30981.33,324190000.0
2022-07-13,30743.63,30772.79,30772.79,291830000.0
2022-07-14,30451.8,30630.17,30630.17,325130000.0
2022-07-15,30775.37,31288.26,31288.26,321570000.0
2022-07-18,31475.98,31072.61,31072.61,309960000.0
2022-07-19,31165.91,31827.05,31827.05,378720000.0
2022-07-20,31829.99,31874.84,31874.84,313520000.0
2022-07-21,31826.49,32036.9,32036.9,302320000.0
2022-07-22,32167.92,31899.29,31899.29,319880000.0
2022-07-25,31950.93,31990.04,31990.04,255450000.0
2022-07-26,31950.04,31761.54,31761.54,324930000.0
2022-07-27,31865.05,32197.59,32197.59,365480000.0
2022-07-28,32197.62,32529.63,32529.63,331110000.0
2022-07-29,32515.62,32845.13,32845.13,487360000.0
2022-08-01,32755.71,32798.4,32798.4,321180000.0
2022-08-02,32691.29,32396.17,32396.17,316740000.0
2022-08-03,32514.21,32812.5,32812.5,342160000.0
2022-08-04,32805.69,32726.82,32726.82,315590000.0
2022-08-05,32593.9,32803.47,32803.47,273010000.0
2022-08-08,32877.36,32832.54,32832.54,275350000.0
2022-08-09,32807.36,32774.41,32774.41,281080000.0
2022-08-10,33130.63,33309.51,33309.51,311740000.0
2022-08-11,33451.51,33336.67,33336.67,308030000.0
2022-08-12,33430.72,33761.05,33761.05,299140000.0
2022-08-15,33710.7,33912.44,33912.44,262670000.0
2022-08-16,33924.35,34152.01,34152.01,288670000.0
2022-08-17,34029.55,33980.32,33980.32,281390000.0
2022-08-18,33981.86,33999.04,33999.04,282550000.0
2022-08-19,33904.69,33706.74,33706.74,293990000.0
2022-08-22,33586.59,33063.61,33063.61,308900000.0
2022-08-23,33033.52,32909.59,32909.59,251870000.0
2022-08-24,32899.01,32969.23,32969.23,256900000.0
2022-08-25,33029.27,33291.78,33291.78,308530000.0
2022-08-26,33293.43,32283.4,32283.4,352850000.0
2022-08-29,32188.0,32098.99,32098.99,317820000.0
2022-08-30,32163.84,31790.87,31790.87,317150000.0
2022-08-31,31827.15,31510.43,31510.43,392780000.0
2022-09-01,31454.58,31656.42,31656.42,339360000.0
2022-09-02,31848.5,31318.44,31318.44,306180000.0
2022-09-06,31343.79,31145.3,31145.3,347320000.0
2022-09-07,31145.63,31581.28,31581.28,345080000.0
2022-09-08,31481.95,31774.52,31774.52,344340000.0
2022-09-09,31876.22,32151.71,32151.71,310980000.0
2022-09-12,32159.49,32381.34,32381.34,339250000.0
2022-09-13,32006.5,31104.97,31104.97,428930000.0
2022-09-14,31141.02,31135.09,31135.09,348670000.0
2022-09-15,31124.68,30961.82,30961.82,345500000.0
2022-09-16,30866.61,30822.42,30822.42,627920000.0
2022-09-19,30722.86,31019.68,31019.68,291200000.0
2022-09-20,30888.53,30706.23,30706.23,317970000.0
2022-09-21,30819.39,30183.78,30183.78,354960000.0
2022-09-22,30204.52,30076.68,30076.68,335270000.0
2022-09-23,29955.65,29590.41,29590.41,388200000.0
2022-09-26,29536.84,29260.81,29260.81,369450000.0
2022-09-27,29419.88,29134.99,29134.99,355460000.0
2022-09-28,29198.92,29683.74,29683.74,436040000.0
2022-09-29,29513.73,29225.61,29225.61,388820000.0
2022-09-30,29123.03,28725.51,28725.51,464260000.0
2022-10-03,28855.25,29490.89,29490.89,397830000.0
2022-10-04,29826.67,30316.32,30316.32,375640000.0
2022-10-05,30078.36,30273.87,30273.87,290610000.0
2022-10-06,30206.13,29926.94,29926.94,306840000.0
2022-10-07,29685.27,29296.79,29296.79,367950000.0
2022-10-10,29419.09,29202.88,29202.88,315410000.0
2022-10-11,29085.2,29239.19,29239.19,352920000.0
2022-10-12,29233.06,29210.85,29210.85,304420000.0
2022-10-13,28755.83,30038.72,30038.72,470260000.0
2022-10-14,30192.21,29634.83,29634.83,379090000.0
2022-10-17,30059.58,30185.82,30185.82,369820000.0
2022-10-18,30697.52,30523.8,30523.8,387130000.0
2022-10-19,30439.04,30423.81,30423.81,314030000.0
2022-10-20,30411.92,30333.59,30333.59,333190000.0
2022-10-21,30291.18,31082.56,31082.56,418190000.0
2022-10-24,31187.32,31499.62,31499.62,345040000.0
2022-10-25,31463.65,31836.74,31836.74,336930000.0
2022-10-26,31738.44,31839.11,31839.11,430400000.0
2022-10-27,32062.14,32033.28,32033.28,375720000.0
2022-10-28,32204.31,32861.8,32861.8,495830000.0
2022-10-31,32754.27,32732.95,32732.95,390890000.0
2022-11-01,32862.79,32653.2,32653.2,323210000.0
2022-11-02,32576.28,32147.76,32147.76,398430000.0
2022-11-03,31985.05,32001.25,32001.25,354440000.0
2022-11-04,32265.01,32403.22,32403.22,422370000.0
2022-11-07,32454.1,32827.0,32827.0,336300000.0
2022-11-08,32934.56,33160.83,33160.83,335340000.0
2022-11-09,33004.47,32513.94,32513.94,355200000.0
2022-11-10,33263.91,33715.37,33715.37,480130000.0
2022-11-11,33797.75,33747.86,33747.86,427790000.0
2022-11-14,33662.05,33536.7,33536.7,354340000.0
2022-11-15,33755.94,33592.92,33592.92,390610000.0
2022-11-16,33554.93,33553.83,33553.83,301560000.0
2022-11-17,33329.27,33546.32,33546.32,319210000.0
2022-11-18,33606.59,33745.69,33745.69,312950000.0
2022-11-21,33760.3,33700.28,33700.28,352960000.0
2022-11-22,33810.05,34098.1,34098.1,277070000.0
2022-11-23,34091.57,34194.06,34194.06,236820000.0
2022-11-25,34213.04,34347.03,34347.03,131660000.0
2022-11-28,34275.91,33849.46,33849.46,300330000.0
2022-11-29,33847.8,33852.53,33852.53,279750000.0
2022-11-30,33795.43,34589.77,34589.77,524440000.0
2022-12-01,34533.59,34395.01,34395.01,348720000.0
2022-12-02,34265.45,34429.88,34429.88,290580000.0
2022-12-05,34335.73,33947.1,33947.1,312960000.0
2022-12-06,33936.87,33596.34,33596.34,306220000.0
2022-12-07,33556.4,33597.92,33597.92,359980000.0
2022-12-08,33695.97,33781.48,33781.48,271830000.0
2022-12-09,33746.71,33476.46,33476.46,287630000.0
2022-12-12,33519.5,34005.04,34005.04,313440000.0
2022-12-13,34268.44,34108.64,34108.64,442650000.0
2022-12-14,34086.07,33966.35,33966.35,339090000.0
2022-12-15,33773.0,33202.22,33202.22,394290000.0
2022-12-16,33166.46,32920.46,32920.46,756310000.0
2022-12-19,32921.45,32757.54,32757.54,326430000.0
2022-12-20,32735.24,32849.74,32849.74,303970000.0
2022-12-21,33028.09,33376.48,33376.48,328020000.0
2022-12-22,33233.35,33027.49,33027.49,340640000.0
2022-12-23,32961.06,33203.93,33203.93,221050000.0
2022-12-27,33224.23,33241.56,33241.56,246010000.0
2022-12-28,33264.76,32875.71,32875.71,252260000.0
2022-12-29,33021.43,33220.8,33220.8,243060000.0
2022-12-30,33121.61,33147.25,33147.25,295500000.0
2023-01-03,33148.9,33136.37,33136.37,355930000.0
2023-01-04,33165.14,33269.77,33269.77,379400000.0
2023-01-05,33191.72,32930.08,32930.08,337920000.0
2023-01-06,33055.3,33630.61,33630.61,360740000.0
2023-01-09,33664.39,33517.65,33517.65,327840000.0
2023-01-10,33516.43,33704.1,33704.1,268260000.0
2023-01-11,33754.03,33973.01,33973.01,301650000.0
2023-01-12,34047.86,34189.97,34189.97,308190000.0
2023-01-13,34075.31,34302.61,34302.61,274110000.0
2023-01-17,34222.32,33910.85,33910.85,353050000.0
2023-01-18,33948.49,33296.96,33296.96,351670000.0
2023-01-19,33171.35,33044.56,33044.56,319770000.0
2023-01-20,33073.46,33375.49,33375.49,367330000.0
2023-01-23,33439.56,33629.56,33629.56,355220000.0
2023-01-24,33444.72,33733.96,33733.96,299310000.0
2023-01-25,33538.36,33743.84,33743.84,341720000.0
2023-01-26,33771.66,33949.41,33949.41,327000000.0
2023-01-27,33952.93,33978.08,33978.08,441260000.0
2023-01-30,33909.21,33717.09,33717.09,343920000.0
2023-01-31,33803.56,34086.04,34086.04,360240000.0
2023-02-01,34039.6,34092.96,34092.96,370120000.0
2023-02-02,34129.3,34053.94,34053.94,429910000.0
2023-02-03,33926.3,33926.01,33926.01,425150000.0
2023-02-06,33874.44,33891.02,33891.02,296400000.0
2023-02-07,33769.78,34156.69,34156.69,361620000.0
2023-02-08,34132.9,33949.01,33949.01,324090000.0
2023-02-09,34105.61,33699.88,33699.88,347520000.0
2023-02-10,33671.54,33869.27,33869.27,288150000.0
2023-02-13,33887.39,34245.93,34245.93,302600000.0
2023-02-14,34194.09,34089.27,34089.27,288820000.0
2023-02-15,34008.63,34128.05,34128.05,267530000.0
2023-02-16,33992.09,33696.85,33696.85,317530000.0
2023-02-17,33677.01,33826.69,33826.69,302900000.0
2023-02-21,33699.69,33129.59,33129.59,348320000.0
2023-02-22,33169.33,33045.09,33045.09,321910000.0
2023-02-23,33175.39,33153.91,33153.91,288120000.0
2023-02-24,32999.19,32816.92,32816.92,277120000.0
2023-02-27,32906.16,32889.09,32889.09,243660000.0
2023-02-28,32873.47,32656.7,32656.7,303760000.0
2023-03-01,32656.37,32661.84,32661.84,292810000.0
2023-03-02,32780.97,33003.57,33003.57,317450000.0
2023-03-03,33076.33,33390.97,33390.97,300050000.0
2023-03-06,33425.32,33431.44,33431.44,329190000.0
2023-03-07,33428.31,32856.46,32856.46,299400000.0
2023-03-08,32872.08,32798.4,32798.4,242750000.0
2023-03-09,32876.83,32254.86,32254.86,315860000.0
2023-03-10,32185.14,31909.64,31909.64,397790000.0
2023-03-13,31819.93,31819.14,31819.14,429090000.0
2023-03-14,32055.29,32155.4,32155.4,391760000.0
2023-03-15,31759.87,31874.57,31874.57,420910000.0
2023-03-16,31827.65,32246.55,32246.55,440940000.0
2023-03-17,32217.32,31861.98,31861.98,712100000.0
2023-03-20,31872.33,32244.58,32244.58,357210000.0
2023-03-21,32420.71,32560.6,32560.6,363190000.0
2023-03-22,32570.19,32030.11,32030.11,325990000.0
2023-03-23,32101.49,32105.25,32105.25,335430000.0
2023-03-24,32038.22,32237.53,32237.53,317070000.0
2023-03-27,32276.72,32432.08,32432.08,291560000.0
2023-03-28,32434.85,32394.25,32394.25,248560000.0
2023-03-29,32566.54,32717.6,32717.6,314110000.0
2023-03-30,32807.43,32859.03,32859.03,283380000.0
2023-03-31,32901.96,33274.15,33274.15,353740000.0
2023-04-03,33245.78,33601.15,33601.15,311890000.0
2023-04-04,33594.79,33402.38,33402.38,283360000.0
2023-04-05,33394.6,33482.72,33482.72,286660000.0
2023-04-06,33420.96,33485.29,33485.29,258680000.0
2023-04-10,33425.25,33586.52,33586.52,232920000.0
2023-04-11,33586.75,33684.79,33684.79,241430000.0
2023-04-12,33764.21,33646.5,33646.5,260300000.0
2023-04-13,33668.97,34029.69,34029.69,277230000.0
2023-04-14,33981.71,33886.47,33886.47,276720000.0
2023-04-17,33930.46,33987.18,33987.18,234530000.0
2023-04-18,33965.16,33976.63,33976.63,253570000.0
2023-04-19,33889.83,33897.01,33897.01,251490000.0
2023-04-20,33740.6,33786.62,33786.62,307910000.0
2023-04-21,33793.6,33808.96,33808.96,291080000.0
2023-04-24,33805.04,33875.4,33875.4,252020000.0
2023-04-25,33828.34,33530.83,33530.83,297880000.0
2023-04-26,33596.34,33301.87,33301.87,321170000.0
2023-04-27,33381.66,33826.16,33826.16,343240000.0
2023-04-28,33797.43,34098.16,34098.16,354310000.0
2023-05-01,34116.81,34051.7,34051.7,244190000.0
2023-05-02,34017.62,33684.53,33684.53,274460000.0
2023-05-03,33726.64,33414.24,33414.24,286900000.0
2023-05-04,33347.78,33127.74,33127.74,305160000.0
2023-05-05,33248.55,33674.38,33674.38,316350000.0
2023-05-08,33715.15,33618.69,33618.69,225680000.0
2023-05-09,33589.85,33561.81,33561.81,232940000.0
2023-05-10,33707.2,33531.33,33531.33,271180000.0
2023-05-11,33383.89,33309.51,33309.51,298000000.0
2023-05-12,33370.58,33300.62,33300.62,227570000.0
2023-05-15,33321.21,33348.6,33348.6,224020000.0
2023-05-16,33275.37,33012.14,33012.14,246680000.0
2023-05-17,33092.48,33420.77,33420.77,307130000.0
2023-05-18,33374.56,33535.91,33535.91,333070000.0
2023-05-19,33582.95,33426.63,33426.63,315210000.0
2023-05-22,33408.54,33286.58,33286.58,268900000.0
2023-05-23,33190.6,33055.51,33055.51,291550000.0
2023-05-24,33021.76,32799.92,32799.92,246180000.0
2023-05-25,32854.26,32764.65,32764.65,364670000.0
2023-05-26,32795.5,33093.34,33093.34,330290000.0
2023-05-30,33103.65,33042.78,33042.78,322700000.0
2023-05-31,32948.71,32908.27,32908.27,689990000.0
2023-06-01,32929.85,33061.57,33061.57,349460000.0
2023-06-02,33187.58,33762.76,33762.76,383590000.0
2023-06-05,33771.13,33562.86,33562.86,367170000.0
2023-06-06,33547.67,33573.28,33573.28,294070000.0
2023-06-07,33562.47,33665.02,33665.02,347400000.0
2023-06-08,33656.98,33833.61,33833.61,269160000.0
2023-06-09,33852.44,33876.78,33876.78,262310000.0
2023-06-12,33906.8,34066.33,34066.33,308130000.0
2023-06-13,34111.08,34212.12,34212.12,308790000.0
2023-06-14,34044.7,33979.33,33979.33,354910000.0
2023-06-15,33945.98,34408.06,34408.06,361400000.0
2023-06-16,34464.02,34299.12,34299.12,595230000.0
2023-06-20,34206.66,34053.87,34053.87,334810000.0
2023-06-21,33990.56,33951.52,33951.52,323690000.0
2023-06-22,33900.47,33946.71,33946.71,275600000.0
2023-06-23,33835.66,33727.43,33727.43,379800000.0
2023-06-26,33730.79,33714.71,33714.71,265330000.0
2023-06-27,33739.03,33926.74,33926.74,293210000.0
2023-06-28,33881.38,33852.66,33852.66,268050000.0
2023-06-29,33854.57,34122.42,34122.42,279940000.0
2023-06-30,34269.92,34407.6,34407.6,351060000.0
2023-07-03,34369.78,34418.47,34418.47,157590000.0
2023-07-05,34344.72,34288.64,34288.64,274570000.0
2023-07-06,34171.39,33922.26,33922.26,293840000.0
2023-07-07,33837.07,33734.88,33734.88,272730000.0
2023-07-10,33705.68,33944.4,33944.4,299200000.0
2023-07-11,34056.94,34261.42,34261.42,278940000.0
2023-07-12,34395.28,34347.43,34347.43,331410000.0
2023-07-13,34412.31,34395.14,34395.14,267180000.0
2023-07-14,34425.33,34509.03,34509.03,293540000.0
2023-07-17,34499.74,34585.35,34585.35,359780000.0
2023-07-18,34597.08,34951.93,34951.93,385940000.0
2023-07-19,34991.21,35061.21,35061.21,365130000.0
2023-07-20,35091.98,35225.18,35225.18,340880000.0
2023-07-21,35274.32,35227.69,35227.69,465270000.0
2023-07-24,35230.79,35411.24,35411.24,284460000.0
2023-07-25,35421.49,35438.07,35438.07,299530000.0
2023-07-26,35345.99,35520.12,35520.12,346240000.0
2023-07-27,35558.79,35282.72,35282.72,352230000.0
2023-07-28,35443.49,35459.29,35459.29,369000000.0
2023-07-31,35465.97,35559.53,35559.53,327410000.0
2023-08-01,35585.99,35630.68,35630.68,259490000.0
2023-08-02,35551.92,35282.52,35282.52,298570000.0
2023-08-03,35194.56,35215.89,35215.89,254960000.0
2023-08-04,35230.13,35065.62,35065.62,338290000.0
2023-08-07,35125.6,35473.13,35473.13,300150000.0
2023-08-08,35345.4,35314.49,35314.49,303840000.0
2023-08-09,35324.28,35123.36,35123.36,306680000.0
2023-08-10,35231.54,35176.15,35176.15,337110000.0
2023-08-11,35111.36,35281.4,35281.4,277840000.0
2023-08-14,35273.89,35307.63,35307.63,300250000.0
2023-08-15,35219.37,34946.39,34946.39,323920000.0
2023-08-16,34914.96,34765.74,34765.74,332310000.0
2023-08-17,34829.61,34474.83,34474.83,392850000.0
2023-08-18,34368.36,34500.66,34500.66,320680000.0
2023-08-21,34531.28,34463.69,34463.69,396490000.0
2023-08-22,34494.17,34288.83,34288.83,279200000.0
2023-08-23,34338.59,34472.98,34472.98,360610000.0
2023-08-24,34439.83,34099.42,34099.42,342520000.0
2023-08-25,34217.06,34346.9,34346.9,257440000.0
2023-08-28,34441.64,34559.98,34559.98,224640000.0
2023-08-29,34531.12,34852.67,34852.67,262550000.0
2023-08-30,34847.8,34890.24,34890.24,236070000.0
2023-08-31,34909.09,34721.91,34721.91,341900000.0
2023-09-01,34876.24,34837.71,34837.71,286370000.0
2023-09-05,34843.22,34641.97,34641.97,283540000.0
2023-09-06,34611.68,34443.19,34443.19,308900000.0
2023-09-07,34351.18,34500.73,34500.73,386980000.0
2023-09-08,34487.41,34576.59,34576.59,293990000.0
2023-09-11,34650.01,34663.72,34663.72,291720000.0
2023-09-12,34620.02,34645.99,34645.99,318670000.0
2023-09-13,34667.28,34575.53,34575.53,295480000.0
2023-09-14,34687.5,34907.11,34907.11,305180000.0
2023-09-15,34902.04,34618.24,34618.24,582160000.0
2023-09-18,34612.29,34624.3,34624.3,252700000.0
2023-09-19,34571.84,34517.73,34517.73,282830000.0
2023-09-20,34575.5,34440.88,34440.88,291650000.0
2023-09-21,34332.23,34070.42,34070.42,331930000.0
2023-09-22,34077.08,33963.84,33963.84,268760000.0
2023-09-25,33907.59,34006.88,34006.88,229450000.0
2023-09-26,33862.68,33618.88,33618.88,280100000.0
2023-09-27,33682.81,33550.27,33550.27,300330000.0
2023-09-28,33519.44,33666.34,33666.34,275610000.0
2023-09-29,33882.61,33507.5,33507.5,319830000.0
2023-10-02,33455.5,33433.35,33433.35,275630000.0
2023-10-03,33318.84,33002.38,33002.38,293450000.0
2023-10-04,33034.18,33129.55,33129.55,287030000.0
2023-10-05,33099.23,33119.57,33119.57,277250000.0
2023-10-06,33040.7,33407.58,33407.58,332990000.0
2023-10-09,33259.84,33604.65,33604.65,228760000.0
2023-10-10,33683.41,33739.3,33739.3,255640000.0
2023-10-11,33822.2,33804.87,33804.87,256560000.0
2023-10-12,33845.65,33631.14,33631.14,289160000.0
2023-10-13,33733.34,33670.29,33670.29,306340000.0
2023-10-16,33832.42,33984.54,33984.54,270060000.0
2023-10-17,33869.84,33997.65,33997.65,281010000.0
2023-10-18,33960.25,33665.08,33665.08,285410000.0
2023-10-19,33669.52,33414.17,33414.17,304320000.0
2023-10-20,33365.27,33127.28,33127.28,325530000.0
2023-10-23,32993.02,32936.41,32936.41,342500000.0
2023-10-24,33089.64,33141.38,33141.38,359230000.0
2023-10-25,33203.53,33035.93,33035.93,355690000.0
2023-10-26,33017.17,32784.3,32784.3,379880000.0
2023-10-27,32782.4,32417.59,32417.59,376970000.0
2023-10-30,32537.54,32928.96,32928.96,298640000.0
2023-10-31,33029.11,33052.87,33052.87,306950000.0
2023-11-01,33081.87,33274.58,33274.58,307570000.0
2023-11-02,33457.82,33839.08,33839.08,304350000.0
2023-11-03,33988.83,34061.32,34061.32,311000000.0
2023-11-06,34092.61,34095.86,34095.86,265570000.0
2023-11-07,34075.65,34152.6,34152.6,281790000.0
2023-11-08,34185.92,34112.27,34112.27,280330000.0
2023-11-09,34163.71,33891.94,33891.94,325400000.0
2023-11-10,34020.82,34283.1,34283.1,302460000.0
2023-11-13,34259.25,34337.87,34337.87,245090000.0
2023-11-14,34581.2,34827.7,34827.7,328050000.0
2023-11-15,34906.72,34991.21,34991.21,347790000.0
2023-11-16,34868.03,34945.47,34945.47,435540000.0
2023-11-17,34964.82,34947.28,34947.28,334820000.0
2023-11-20,34932.49,35151.04,35151.04,331050000.0
2023-11-21,35104.84,35088.29,35088.29,271120000.0
2023-11-22,35189.33,35273.03,35273.03,237290000.0
2023-11-24,35299.9,35390.15,35390.15,117040000.0
2023-11-27,35376.44,35333.47,35333.47,258340000.0
2023-11-28,35332.13,35416.98,35416.98,256210000.0
2023-11-29,35436.8,35430.42,35430.42,299330000.0
2023-11-30,35596.57,35950.89,35950.89,435540000.0
2023-12-01,35914.45,36245.5,36245.5,321840000.0
2023-12-04,36089.38,36204.44,36204.44,329450000.0
2023-12-05,36135.65,36124.56,36124.56,309250000.0
2023-12-06,36183.73,36054.43,36054.43,283240000.0
2023-12-07,36124.17,36117.38,36117.38,287280000.0
2023-12-08,36084.82,36247.87,36247.87,295180000.0
2023-12-11,36254.33,36404.93,36404.93,342490000.0
2023-12-12,36442.1,36577.94,36577.94,292770000.0
2023-12-13,36601.8,37090.24,37090.24,354790000.0
2023-12-14,37115.63,37248.35,37248.35,455820000.0
2023-12-15,37194.5,37305.16,37305.16,788160000.0
2023-12-18,37330.14,37306.02,37306.02,292120000.0
2023-12-19,37311.82,37557.92,37557.92,272740000.0
2023-12-20,37520.13,37609.92,37609.92,100601485.0
2023-12-21,37225.32,37404.35,37404.35,253120000.0
2023-12-22,37349.27,37385.97,37385.97,253103370.0
2023-12-26,37405.9,37529.53,37529.53,117657753.0
2023-12-27,37518.62,37656.52,37656.52,245530000.0
2023-12-28,37661.52,37768.64,37768.64,131583363.0
2023-12-29,37701.63,37714.33,37714.33,38031929.0
2024-01-02,37566.22,37715.04,37715.04,350280000.0
2024-01-03,37629.23,37430.19,37430.19,329145167.0
2024-01-04,37425.28,37440.34,37440.34,380222324.0
2024-01-05,37455.46,37466.11,37466.11,299480000.0
2024-01-08,37327.37,37683.01,37683.01,362200000.0
2024-01-09,37523.55,37525.16,37525.16,289860000.0
2024-01-10,37552.91,37695.73,37695.73,279540000.0
2024-01-11,37747.14,37711.02,37711.02,299540000.0
2024-01-12,37818.05,37592.98,37592.98,279250000.0
2024-01-16,37493.54,37361.12,37361.12,379974735.0
2024-01-17,37281.86,37266.67,37266.67,290880000.0
2024-01-18,37300.81,37468.61,37468.61,340620000.0
2024-01-19,37572.5,37612.06,37612.06,139767647.0
2024-01-22,37919.55,38001.81,38001.81,339560000.0
2024-01-23,37959.79,37936.37,37936.37,67859870.0
2024-01-24,37975.37,37983.32,37983.32,38760619.0
2024-01-25,37862.57,38049.13,38049.13,402970000.0
2024-01-26,38006.68,38109.43,38109.43,387000000.0
2024-01-29,38115.83,38106.8,38106.8,76926052.0
2024-01-30,38298.23,38467.31,38467.31,326640000.0
2024-01-31,38426.78,38501.48,38501.48,140183430.0
2024-02-01,38175.34,38212.27,38212.27,112507111.0
2024-02-02,38448.1,38473.85,38473.85,136414410.0
2024-02-05,38546.77,38380.12,38380.12,322290000.0
2024-02-06,38392.9,38521.36,38521.36,276140000.0
2024-02-07,38613.89,38677.36,38677.36,302210000.0
2024-02-08,38702.11,38555.98,38555.98,115436558.0
2024-02-09,38731.97,38593.66,38593.66,100966126.0
2024-02-12,38656.76,38797.38,38797.38,273020000.0
2024-02-13,38699.17,38272.75,38272.75,318462530.0
2024-02-14,38372.67,38424.27,38424.27,274610000.0
2024-02-15,38372.67,38611.54,38611.54,122570573.0
2024-02-16,38397.94,38707.02,38707.02,71375475.0
2024-02-20,38576.26,38563.8,38563.8,335990000.0
2024-02-21,38483.66,38612.24,38612.24,279510000.0
2024-02-22,38845.19,39069.11,39069.11,324630000.0
2024-02-23,39127.97,39131.53,39131.53,286910000.0
2024-02-26,39144.79,39069.23,39069.23,296930000.0
2024-02-27,39087.9,38972.41,38972.41,272860000.0
2024-02-28,38938.08,38949.02,38949.02,272563075.0
2024-02-29,39013.75,38996.39,38996.39,519690000.0
2024-03-01,38989.51,39087.38,39087.38,331030000.0
2024-03-04,38968.77,38995.93,38995.93,20207420.0
2024-03-05,38906.98,38585.19,38585.19,393750000.0
2024-03-06,38721.15,38661.05,38661.05,347900000.0
2024-03-07,38784.3,38791.35,38791.35,335580000.0
2024-03-08,38776.8,38722.69,38722.69,342030000.0
2024-03-11,38667.21,38564.68,38564.68,106072023.0
2024-03-12,38883.32,39005.49,39005.49,329090000.0
2024-03-13,39054.58,39043.32,39043.32,330930000.0
2024-03-14,39122.39,39007.21,39007.21,74009112.0
2024-03-15,38809.65,38714.77,38714.77,774360000.0
2024-03-18,38826.93,38852.87,38852.87,65955139.0
2024-03-19,38819.61,38886.63,38886.63,59807578.0
2024-03-20,39072.05,39512.13,39512.13,350050000.0
2024-03-21,39661.03,39781.37,39781.37,408990000.0
2024-03-22,39774.06,39475.9,39475.9,332340000.0
2024-03-25,39410.54,39313.64,39313.64,323670000.0
2024-03-26,39338.32,39282.33,39282.33,306940000.0
2024-03-27,39461.98,39760.08,39760.08,332206223.0
2024-03-28,39763.74,39807.37,39807.37,360970000.0
2024-04-01,39807.93,39566.85,39566.85,269470000.0
2024-04-02,39256.27,39170.24,39170.24,319590000.0
2024-04-03,39139.59,39127.14,39127.14,364180000.0
2024-04-04,39343.6,38596.98,38596.98,359292455.0
2024-04-05,38664.98,38904.04,38904.04,317110000.0
2024-04-08,38916.42,38936.62,38936.62,19084665.0
2024-04-09,38983.7,38841.18,38841.18,43647370.0
2024-04-10,38662.3,38426.02,38426.02,105827149.0
2024-04-11,38523.26,38459.08,38459.08,356640000.0
2024-04-12,38319.14,37983.24,37983.24,440910000.0
2024-04-15,38075.4,38148.9,38148.9,141391697.0
2024-04-16,37992.2,37843.02,37843.02,48126949.0
2024-04-17,37949.67,37753.31,37753.31,314650000.0
2024-04-18,37847.21,37775.38,37775.38,300230000.0
2024-04-19,37802.0,37931.07,37931.07,72510249.0
2024-04-22,38116.9,38149.69,38149.69,143638438.0
2024-04-23,38356.1,38512.26,38512.26,189953327.0
2024-04-24,38552.8,38460.92,38460.92,342887798.0
2024-04-25,38052.1,38007.65,38007.65,205067519.0
2024-04-26,38114.7,38239.66,38239.66,398680000.0
2024-04-29,38282.2,38329.36,38329.36,92119198.0
2024-04-30,38337.4,38063.36,38063.36,127441640.0
2024-05-01,37845.56,37903.29,37903.29,413540000.0
2024-05-02,38075.65,38225.66,38225.66,355910000.0
2024-05-03,38709.4,38675.68,38675.68,416040155.0
2024-05-06,38762.43,38852.27,38852.27,315550000.0
2024-05-07,38858.94,38884.26,38884.26,360930000.0
2024-05-08,38818.9,39056.39,39056.39,292340000.0
2024-05-09,39064.27,39079.22,39079.22,28688039.0
2024-05-10,39466.52,39512.84,39512.84,289480000.0
2024-05-13,39591.28,39431.51,39431.51,323370000.0
2024-05-14,39466.76,39558.11,39558.11,320860000.0
2024-05-15,39615.1,39908.0,39908.0,411190000.0
2024-05-16,39912.34,39869.38,39869.38,400560000.0
2024-05-17,39911.72,40003.59,40003.59,300260000.0
2024-05-20,39989.8,40040.65,40040.65,48281720.0
2024-05-21,39804.4,39854.7,39854.7,29737709.0
2024-05-22,39863.3,39671.04,39671.04,260936322.0
2024-05-23,39694.95,39592.17,39592.17,14133655.0
2024-05-24,39089.23,39069.59,39069.59,249810000.0
2024-05-28,39028.99,38852.86,38852.86,303340000.0
2024-05-29,38716.28,38468.39,38468.39,17032608.0
2024-05-30,38368.35,38117.89,38117.89,26758163.0
2024-05-31,38140.3,38686.32,38686.32,624927861.0
2024-06-03,38709.99,38571.03,38571.03,314010000.0
2024-06-04,38518.9,38579.0,38579.0,32447391.0
2024-06-05,38774.82,38807.33,38807.33,310970000.0
2024-06-06,38825.4,38886.17,38886.17,269000000.0
2024-06-07,38861.2,38933.84,38933.84,97224492.0
2024-06-10,38784.9,38868.04,38868.04,330580000.0
2024-06-11,38795.7,38747.42,38747.42,388661636.0
2024-06-12,38950.65,38712.21,38712.21,472280000.0
2024-06-13,38677.1,38510.8,38510.8,63717120.0
2024-06-14,38528.4,38589.16,38589.16,275111060.0
2024-06-17,38565.18,38778.1,38778.1,346190000.0
2024-06-18,38779.12,38834.86,38834.86,324260000.0
2024-06-20,38804.73,39134.76,39134.76,397010000.0
2024-06-21,39208.51,39150.33,39150.33,818670000.0
2024-06-24,39184.49,39411.21,39411.21,373940000.0
2024-06-25,39398.79,39340.59,39340.59,29171037.0
2024-06-26,39063.15,39127.8,39127.8,333100000.0
2024-06-27,39107.1,39164.06,39164.06,338010000.0
2024-06-28,39092.39,39118.86,39118.86,679630000.0
2024-07-01,39186.2,39169.52,39169.52,346210000.0
2024-07-02,39108.25,39331.85,39331.85,317380000.0
2024-07-03,39358.95,39308.0,39308.0,202070000.0
2024-07-05,39313.4,39375.87,39375.87,325230000.0
2024-07-08,39392.0,39303.18,39303.18,187470913.0
2024-07-09,39357.37,39291.97,39291.97,361410000.0
2024-07-10,39272.45,39721.36,39721.36,334180000.0
2024-07-11,39695.18,39753.75,39753.75,361530000.0
2024-07-12,39783.3,40000.9,40000.9,325821245.0
2024-07-15,40138.4,40211.72,40211.72,322332993.0
2024-07-16,40263.78,40954.48,40954.48,306390000.0
2024-07-17,40862.57,41198.08,41198.08,433450000.0
2024-07-18,41156.56,40665.02,40665.02,393450000.0
2024-07-19,40592.35,40287.53,40287.53,348530000.0
2024-07-22,40414.49,40415.44,40415.44,351670000.0
2024-07-23,40443.73,40358.09,40358.09,287390000.0
2024-07-24,40210.63,39853.87,39853.87,394210000.0
2024-07-25,39828.63,39935.07,39935.07,375790000.0
2024-07-26,40140.86,40589.34,40589.34,332070000.0
2024-07-29,40665.71,40539.93,40539.93,272200000.0
2024-07-30,40622.13,40743.33,40743.33,350910000.0
2024-07-31,40768.88,40842.79,40842.79,420090000.0
2024-08-01,40916.96,40347.97,40347.97,472030000.0
2024-08-02,40075.33,39737.26,39737.26,827820000.0
2024-08-05,39056.19,38703.27,38703.27,661280000.0
2024-08-06,38736.22,38997.66,38997.66,462650000.0
2024-08-07,39230.09,38763.45,38763.45,428250000.0
2024-08-08,38940.4,39280.94,39280.94,53833356.0
2024-08-09,39408.06,39497.54,39497.54,316320000.0
2024-08-12,39556.01,39357.01,39357.01,312380000.0
2024-08-13,39445.27,39765.64,39765.64,365560000.0
2024-08-14,39800.59,40008.39,40008.39,317800000.0
2024-08-15,40295.74,40563.06,40563.06,446850000.0
2024-08-16,40528.86,40659.76,40659.76,323210000.0
2024-08-19,40670.83,40896.53,40896.53,283890000.0
2024-08-20,40874.52,40834.97,40834.97,299380000.0
2024-08-21,40881.03,40890.49,40890.49,281462935.0
2024-08-22,40932.23,40712.78,40712.78,310470000.0
2024-08-23,40879.12,41175.08,41175.08,300080000.0
2024-08-26,41200.84,41240.52,41240.52,249307569.0
2024-08-27,41186.28,41250.5,41250.5,256164815.0
2024-08-28,41250.17,41091.42,41091.42,272170000.0
2024-08-29,41345.5,41335.05,41335.05,309820000.0
2024-08-30,41366.16,41563.08,41563.08,494900000.0
2024-09-03,41489.67,40936.93,40936.93,420530000.0
2024-09-04,40872.06,40974.97,40974.97,359380000.0
2024-09-05,41056.3,40755.75,40755.75,331259918.0
2024-09-06,40756.8,40345.41,40345.41,370443461.0
2024-09-09,40555.1,40829.59,40829.59,376722729.0
2024-09-10,40916.5,40736.96,40736.96,360950000.0
2024-09-11,40638.76,40861.71,40861.71,356040000.0
2024-09-12,40862.11,41096.77,41096.77,289300000.0
2024-09-13,41153.7,41393.78,41393.78,276800000.0
2024-09-16,41435.17,41622.08,41622.08,408670000.0
2024-09-17,41723.78,41606.18,41606.18,448610000.0
2024-09-18,41628.91,41503.1,41503.1,383600000.0
2024-09-19,41972.56,42025.19,42025.19,429760000.0
2024-09-20,41959.4,42063.36,42063.36,1218059219.0
2024-09-23,42060.4,42124.65,42124.65,455200000.0
2024-09-24,42234.99,42208.22,42208.22,401020000.0
2024-09-25,42236.09,41914.75,41914.75,374960000.0
2024-09-26,42113.42,42175.11,42175.11,353600000.0
2024-09-27,42227.95,42313.0,42313.0,329840000.0
2024-09-30,42289.8,42330.15,42330.15,354434160.0
2024-10-01,42262.97,42156.97,42156.97,380240000.0
2024-10-02,42125.14,42196.52,42196.52,301760000.0
2024-10-03,42099.53,42011.59,42011.59,267260000.0
2024-10-04,42248.26,42352.75,42352.75,296550000.0
2024-10-07,42289.51,41954.24,41954.24,307230000.0
2024-10-08,42022.65,42080.37,42080.37,284500000.0
2024-10-09,42070.32,42512.0,42512.0,267400000.0
2024-10-10,42511.37,42454.12,42454.12,245570000.0
2024-10-11,42507.53,42863.86,42863.86,265330000.0
2024-10-14,42800.89,43065.22,43065.22,240050000.0
2024-10-15,43240.17,42740.42,42740.42,360880000.0
2024-10-16,42706.49,43077.7,43077.7,297510000.0
2024-10-17,43119.81,43239.05,43239.05,267370000.0
2024-10-18,43187.1,43139.7,43139.7,85830948.0
2024-10-21,43222.21,42931.6,42931.6,273590000.0
2024-10-22,42876.84,42924.89,42924.89,335200000.0
2024-10-23,42834.4,42514.95,42514.95,356610000.0
2024-10-24,42522.55,42374.36,42374.36,282680000.0
2024-10-25,42477.51,42114.4,42114.4,314000000.0
2024-10-28,42264.54,42387.57,42387.57,284770000.0
2024-10-29,42323.48,42233.05,42233.05,373550000.0
2024-10-30,42249.81,42141.54,42141.54,377420000.0
2024-10-31,41956.34,41763.46,41763.46,497370000.0
2024-11-01,41869.82,42052.19,42052.19,531350000.0
2024-11-04,42004.66,41794.6,41794.6,341500000.0
2024-11-05,41835.49,42221.88,42221.88,283990000.0
2024-11-06,42850.4,43729.93,43729.93,550400000.0
2024-11-07,43718.92,43729.34,43729.34,437510000.0
2024-11-08,43768.53,43988.99,43988.99,454570000.0
2024-11-11,44057.65,44293.13,44293.13,451940000.0
2024-11-12,44359.21,43910.98,43910.98,482720000.0
2024-11-13,43880.5,43958.19,43958.19,518842039.0
2024-11-14,44032.38,43750.86,43750.86,545090000.0
2024-11-15,43587.93,43444.99,43444.99,664320000.0
2024-11-18,43431.89,43389.6,43389.6,527180000.0
2024-11-19,43243.27,43268.94,43268.94,497970000.0
2024-11-20,43296.05,43408.47,43408.47,559010000.0
2024-11-21,43538.7,43870.35,43870.35,712120000.0
2024-11-22,43871.63,44296.51,44296.51,533010000.0
2024-11-25,44385.49,44736.57,44736.57,826660000.0
2024-11-26,44614.89,44860.31,44860.31,476170000.0
2024-11-27,44837.75,44722.06,44722.06,451360000.0
2024-11-29,44760.05,44910.65,44910.65,319210000.0
2024-12-02,44925.86,44782.0,44782.0,439740000.0
2024-12-03,44769.58,44705.53,44705.53,429130000.0
2024-12-04,44941.05,45014.04,45014.04,554420000.0
2024-12-05,45038.4,44765.71,44765.71,457341023.0
2024-12-06,44824.29,44642.52,44642.52,466910000.0
2024-12-09,44637.97,44401.93,44401.93,503920000.0
2024-12-10,44291.57,44247.83,44247.83,482660000.0
2024-12-11,44300.41,44148.56,44148.56,512650000.0
2024-12-12,44168.66,43914.12,43914.12,396050000.0
2024-12-13,43929.15,43828.06,43828.06,455380000.0
2024-12-16,43825.76,43717.48,43717.48,579350000.0
2024-12-17,43656.47,43449.9,43449.9,593670000.0
2024-12-18,43459.72,42326.87,42326.87,627570000.0
2024-12-19,42464.13,42342.24,42342.24,560200000.0
2024-12-20,42296.26,42840.26,42840.26,1121300000.0
2024-12-23,42800.49,42906.95,42906.95,449390000.0
2024-12-24,42916.48,43297.03,43297.03,230410000.0
2024-12-26,43201.9,43325.8,43325.8,270359363.0
2024-12-27,43142.37,42992.21,42992.21,376960000.0
2024-12-30,42863.86,42573.73,42573.73,383300000.0
2024-12-31,42636.7,42544.22,42544.22,359210000.0
2025-01-02,42660.09,42392.27,42392.27,459850000.0
2025-01-03,42495.8,42732.13,42732.13,455815002.0
2025-01-06,42835.52,42706.56,42706.56,557040000.0
2025-01-07,42809.71,42528.36,42528.36,621630000.0
2025-01-08,42542.1,42635.2,42635.2,463430000.0
2025-01-10,42540.29,41938.45,41938.45,543810000.0
2025-01-13,41924.68,42297.12,42297.12,500190000.0
2025-01-14,42366.42,42518.28,42518.28,454650000.0
2025-01-15,42927.8,43221.55,43221.55,479115721.0
2025-01-16,43290.25,43153.13,43153.13,504270000.0
2025-01-17,43312.6,43598.52,43598.52,238758614.0
2025-01-21,43528.65,44025.81,44025.81,592210000.0
2025-01-22,44178.06,44156.73,44156.73,588430000.0
2025-01-23,44113.55,44565.07,44565.07,444180000.0
2025-01-24,44533.75,44424.25,44424.25,532230000.0
2025-01-27,44148.84,44713.58,44713.58,1230150000.0
2025-01-28,44756.36,44850.35,44850.35,915110000.0
2025-01-29,44819.55,44890.06,44890.06,46817008.0
2025-01-30,44548.69,44882.13,44882.13,714080000.0
2025-01-31,45054.4,44544.66,44544.66,768531737.0
2025-02-03,44268.1,44421.91,44421.91,712892630.0
2025-02-04,44469.5,44556.04,44556.04,561364946.0
2025-02-05,44563.63,44873.28,44873.28,552040000.0
2025-02-06,44949.2,44747.63,44747.63,542250738.0
2025-02-07,44762.57,44303.4,44303.4,552510000.0
2025-02-10,44396.92,44470.41,44470.41,494600000.0
2025-02-11,44401.4,44471.73,44471.73,213831576.0
2025-02-12,44357.7,44368.56,44368.56,444479769.0
2025-02-13,44425.9,44397.06,44397.06,68570670.0
2025-02-14,44720.99,44546.08,44546.08,474570000.0
2025-02-18,44583.91,44556.34,44556.34,551790000.0
2025-02-19,44478.12,44627.59,44627.59,438880000.0
2025-02-20,44561.11,44176.65,44176.65,448500000.0
2025-02-21,43820.13,43428.02,43428.02,622550000.0
2025-02-24,43493.12,43461.21,43461.21,615500000.0
2025-02-25,43509.74,43621.16,43621.16,641310000.0
2025-02-26,43635.42,43433.12,43433.12,590270000.0
2025-02-27,43516.44,43239.5,43239.5,739620000.0
2025-02-28,43259.84,43840.91,43840.91,782170000.0
2025-03-03,43900.49,43191.24,43191.24,731560000.0
2025-03-04,43040.3,42520.99,42520.99,815780000.0
2025-03-05,42518.37,43006.59,43006.59,582350000.0
2025-03-06,42848.49,42579.08,42579.08,643880000.0
2025-03-07,42503.07,42801.72,42801.72,763440000.0
2025-03-10,42507.65,41911.71,41911.71,840180000.0
2025-03-11,41837.95,41433.48,41433.48,828160000.0
2025-03-12,41577.5,41350.93,41350.93,712360000.0
2025-03-13,41280.05,40813.57,40813.57,646770000.0
2025-03-14,41057.57,41488.19,41488.19,600240000.0
2025-03-17,41460.22,41841.63,41841.63,564190000.0
2025-03-18,41772.91,41581.31,41581.31,569810000.0
2025-03-19,41613.19,41964.63,41964.63,577530000.0
2025-03-20,41795.26,41953.32,41953.32,545240000.0
2025-03-21,41763.4,41985.35,41985.35,1026600000.0
2025-03-24,42180.14,42583.32,42583.32,548840000.0
2025-03-25,42635.54,42587.5,42587.5,452200000.0
2025-03-26,42655.85,42454.79,42454.79,592650000.0
2025-03-27,42432.96,42299.7,42299.7,484540000.0
2025-03-28,42245.82,41583.9,41583.9,532360000.0
2025-03-31,41382.52,42001.76,42001.76,732220000.0
2025-04-01,41879.75,41989.96,41989.96,514610000.0
2025-04-02,41736.08,42225.32,42225.32,492050000.0
2025-04-03,40986.52,40545.93,40545.93,941940000.0
2025-04-04,40097.9,38314.86,38314.86,1290100000.0
2025-04-07,37879.65,37965.6,37965.6,1363960000.0
2025-04-08,38827.1,37645.59,37645.59,1051220000.0
2025-04-09,37387.91,40608.45,40608.45,1412960000.0
2025-04-10,39996.93,39593.66,39593.66,1023490000.0
2025-04-11,39493.42,40212.71,40212.71,742800000.0
2025-04-14,40546.15,40524.79,40524.79,667010000.0
2025-04-15,40527.82,40368.96,40368.96,529800000.0
2025-04-16,40179.49,39669.39,39669.39,737550000.0
2025-04-17,39745.58,39142.23,39142.23,657400000.0
2025-04-21,38906.04,38170.41,38170.41,604790000.0
2025-04-22,38516.23,39186.98,39186.98,582330000.0
2025-04-23,39815.01,39606.57,39606.57,642550000.0
2025-04-24,39531.05,40093.4,40093.4,558120000.0
2025-04-25,40045.73,40113.5,40113.5,559040000.0
2025-04-28,40171.74,40227.59,40227.59,475930000.0
2025-04-29,40234.0,40592.82,40592.82,294992861.0
2025-04-30,40290.41,40669.36,40669.36,599760000.0
2025-05-01,40918.04,40752.96,40752.96,597270000.0
2025-05-02,40960.42,41317.43,41317.43,589870000.0
2025-05-05,41173.38,41218.83,41218.83,413440000.0
2025-05-06,41000.19,40829.0,40829.0,416110000.0
2025-05-07,40956.08,41113.97,41113.97,533870000.0
2025-05-08,41312.57,41368.45,41368.45,514850000.0
2025-05-09,41405.48,41249.38,41249.38,373930000.0
2025-05-12,41899.05,42410.1,42410.1,653810000.0
2025-05-13,42507.33,42140.43,42140.43,729860000.0
2025-05-14,42150.09,42051.06,42051.06,660230000.0
2025-05-15,41777.98,42322.75,42322.75,736430000.0
2025-05-16,42356.2,42654.74,42654.74,621250000.0
2025-05-19,42542.8,42792.07,42792.07,536835049.0
2025-05-20,42735.11,42677.24,42677.24,441530000.0
2025-05-21,42354.5,41860.44,41860.44,607903375.0
2025-05-22,41763.68,41859.09,41859.09,476080000.0
2025-05-23,41525.7,41603.07,41603.07,497060000.0
2025-05-27,41849.04,42343.65,42343.65,501340000.0
2025-05-28,42361.63,42098.7,42098.7,518840000.0
2025-05-29,42190.02,42215.73,42215.73,665310000.0
2025-05-30,42192.35,42270.07,42270.07,796200000.0
2025-06-02,42199.94,42305.48,42305.48,454680000.0
2025-06-03,42304.5,42519.64,42519.64,504410000.0
2025-06-04,42574.1,42427.74,42427.74,409602242.0
2025-06-05,42487.89,42319.74,42319.74,532850000.0
2025-06-06,42631.82,42762.87,42762.87,414540000.0
2025-06-09,42786.19,42761.76,42761.76,485780000.0
2025-06-10,42738.27,42866.87,42866.87,446850000.0
2025-06-11,42882.86,42865.77,42865.77,467260000.0
2025-06-12,42737.36,42967.62,42967.62,455760000.0
2025-06-13,42579.48,42197.79,42197.79,485930000.0
2025-06-16,42300.13,42515.09,42515.09,467040000.0
2025-06-17,42358.62,42215.8,42215.8,423070000.0
2025-06-18,42236.03,42171.66,42171.66,485440000.0
2025-06-20,42291.09,42347.17,42347.17,139310039.0
2025-06-23,42178.55,42581.78,42581.78,496750000.0
2025-06-24,42807.13,43089.02,43089.02,516060000.0
2025-06-25,43130.33,42982.43,42982.43,527460000.0
2025-06-26,43084.07,43386.84,43386.84,536710000.0
2025-06-27,43505.6,43819.27,43819.27,921330000.0
2025-06-30,44020.66,44094.77,44094.77,623630000.0
2025-07-01,44061.49,44494.94,44494.94,593600000.0
2025-07-02,44455.66,44484.42,44484.42,499870000.0
2025-07-03,44565.75,44828.53,44828.53,346620000.0
2025-07-07,44803.36,44406.36,44406.36,442350000.0
2025-07-08,44378.6,44268.67,44268.67,163333758.0
2025-07-09,44327.13,44458.3,44458.3,531790000.0
2025-07-10,44427.75,44650.64,44650.64,452340000.0
2025-07-11,44480.77,44371.51,44371.51,474090000.0
2025-07-14,44346.15,44459.65,44459.65,410250000.0
2025-07-15,44459.84,44023.29,44023.29,496270000.0
2025-07-16,44152.74,44189.46,44189.46,30537957.0
2025-07-17,44229.88,44472.86,44472.86,58115218.0
2025-07-18,44571.68,44342.19,44342.19,497800000.0
2025-07-21,44368.4,44323.07,44323.07,446590000.0
2025-07-22,44338.62,44502.44,44502.44,483560000.0
2025-07-23,44661.12,45010.29,45010.29,446630000.0
2025-07-24,44776.41,44693.91,44693.91,453000000.0
2025-07-25,44757.28,44901.92,44901.92,369500000.0
2025-07-28,44946.98,44837.56,44837.56,416510000.0
2025-07-29,44833.74,44632.99,44632.99,488780000.0
2025-07-30,44677.9,44461.28,44461.28,456840000.0
2025-07-31,44665.82,44130.98,44130.98,689040000.0
2025-08-01,43781.77,43588.58,43588.58,705150000.0
2025-08-04,43724.02,44173.64,44173.64,514180000.0
2025-08-05,44200.07,44111.74,44111.74,455690000.0
2025-08-06,44196.61,44193.12,44193.12,518970000.0
2025-08-07,44430.09,43968.64,43968.64,492480000.0
2025-08-08,44044.95,44175.61,44175.61,452500000.0
2025-08-11,44184.36,43975.09,43975.09,431510000.0
2025-08-12,44050.53,44458.61,44458.61,442850000.0
2025-08-13,44571.53,44922.27,44922.27,521430000.0
2025-08-14,44890.84,44911.26,44911.26,453530000.0
2025-08-15,45159.91,44946.12,44946.12,547270000.0
2025-08-18,44963.17,44911.82,44911.82,416460000.0
2025-08-19,44952.36,44922.27,44922.27,466010000.0
2025-08-20,44922.7,44938.31,44938.31,512550000.0
2025-08-21,44808.21,44785.5,44785.5,407540000.0
2025-08-22,44952.88,45631.74,45631.74,484720000.0
2025-08-25,45605.25,45282.47,45282.47,393960000.0
2025-08-26,45236.83,45418.07,45418.07,490980000.0
2025-08-27,45417.46,45535.82,45535.82,47956741.0
2025-08-28,45581.03,45636.9,45636.9,540880000.0
2025-08-29,45590.96,45544.88,45544.88,494870000.0
2025-09-02,45287.73,45295.81,45295.81,533180000.0
2025-09-03,45309.43,45271.23,45271.23,479210000.0
2025-09-04,45204.87,45621.29,45621.29,457490000.0
2025-09-05,45656.49,45400.86,45400.86,558920000.0
2025-09-08,45430.61,45514.95,45514.95,472240000.0
2025-09-09,45547.62,45711.34,45711.34,449650000.0
2025-09-10,45731.5,45490.92,45490.92,579920000.0
2025-09-11,45577.09,46108.0,46108.0,448340000.0
2025-09-12,46077.14,45834.22,45834.22,421730000.0
2025-09-15,45848.39,45883.45,45883.45,401500000.0
2025-09-16,45919.54,45757.9,45757.9,443400000.0
2025-09-17,45778.4,46018.32,46018.32,509830000.0
2025-09-18,46056.55,46142.42,46142.42,489090000.0
2025-09-19,46211.16,46315.27,46315.27,972580000.0
2025-09-22,46206.69,46381.54,46381.54,627450000.0
2025-09-23,46364.11,46262.85,46262.85,360780492.0
2025-09-24,46368.94,46121.28,46121.28,421040000.0
2025-09-25,46097.43,45947.32,45947.32,509180000.0
2025-09-26,46101.45,46247.29,46247.29,434270000.0
2025-09-29,46306.34,46316.07,46316.07,479740000.0
2025-09-30,46282.63,46397.89,46397.89,584780000.0
2025-10-01,46366.78,46441.1,46441.1,554414027.0
2025-10-02,46461.11,46519.72,46519.72,442010000.0
2025-10-03,46583.95,46758.28,46758.28,425050000.0
2025-10-06,46776.04,46694.97,46694.97,500000000.0
2025-10-07,46700.9,46539.07,46539.07,256831079.0
2025-10-08,46649.32,46601.78,46601.78,423510000.0
2025-10-09,46622.31,46358.42,46358.42,493080000.0
2025-10-10,46394.9,45987.3,45987.3,202557885.0
2025-10-13,45698.46,46067.58,46067.58,414070000.0
2025-10-14,45871.89,46270.46,46270.46,515330000.0
2025-10-15,46375.17,46253.31,46253.31,488700000.0
2025-10-16,46289.1,46187.04,46187.04,196664215.0
2025-10-17,45862.4,46190.61,46190.61,492870000.0
2025-10-20,46312.88,46706.58,46706.58,444010000.0
2025-10-21,46707.08,46924.74,46924.74,430490000.0
2025-10-22,46941.56,46590.41,46590.41,458450000.0
2025-10-23,46519.13,46734.61,46734.61,407570000.0
2025-10-24,46811.51,47207.12,47207.12,403500000.0
2025-10-27,47412.8,47544.59,47544.59,426790000.0
2025-10-28,47752.35,47706.37,47706.37,603670000.0
2025-10-29,47746.79,47632.0,47632.0,683470000.0
2025-10-30,47446.88,47522.12,47522.12,593890000.0
2025-10-31,47659.96,47562.87,47562.87,704620000.0
2025-11-03,47697.33,47336.68,47336.68,571740000.0
2025-11-04,47148.04,47085.24,47085.24,514650000.0
2025-11-05,47097.31,47311.0,47311.0,469010000.0
2025-11-06,47255.12,46912.3,46912.3,552150000.0
2025-11-07,46797.03,46987.1,46987.1,591090000.0
2025-11-10,47095.06,47368.63,47368.63,490070000.0
2025-11-11,47384.51,47927.96,47927.96,454970000.0
2025-11-12,48015.79,48254.82,48254.82,497550000.0
2025-11-13,48173.92,47457.22,47457.22,608110000.0
2025-11-14,47222.38,47147.48,47147.48,552330000.0
2025-11-17,47068.06,46590.24,46590.24,503830000.0
2025-11-18,46382.92,46091.74,46091.74,596360000.0
2025-11-19,46138.68,46138.77,46138.77,555370000.0
2025-11-20,46567.51,45752.26,45752.26,721440000.0
2025-11-21,45808.65,46245.41,46245.41,790560000.0
2025-11-24,46351.93,46448.27,46448.27,743580000.0
2025-11-25,46482.36,47112.45,47112.45,648860000.0
2025-11-26,47196.15,47427.12,47427.12,454980000.0
2025-11-28,47482.25,47716.42,47716.42,266775097.0
2025-12-01,47580.85,47289.33,47289.33,482190000.0
2025-12-02,47416.91,47474.46,47474.46,510900000.0
2025-12-03,47371.62,47882.9,47882.9,490380000.0
2025-12-04,47888.16,47850.94,47850.94,498740000.0
2025-12-05,47879.6,47954.99,47954.99,456100000.0
2025-12-08,47971.51,47739.32,47739.32,505490000.0
2025-12-09,47724.52,47560.29,47560.29,425470000.0
2025-12-10,47573.96,48057.75,48057.75,545610000.0
2025-12-11,48082.9,48704.01,48704.01,493950000.0
2025-12-12,48714.75,48458.05,48458.05,498520190.0
2025-12-15,48594.36,48416.56,48416.56,516630000.0
2025-12-16,48380.17,48114.26,48114.26,457400000.0
2025-12-17,48128.05,47885.97,47885.97,534260000.0
2025-12-18,48101.18,47951.85,47951.85,521430000.0
2025-12-19,47974.82,48134.89,48134.89,1227520000.0
2025-12-22,48211.88,48362.68,48362.68,427050000.0
2025-12-23,48320.59,48442.41,48442.41,418920000.0
2025-12-24,48424.71,48731.16,48731.16,206740000.0
2025-12-26,48712.47,48710.97,48710.97,288770000.0
2025-12-29,48712.47,48436.1,48436.1,146679186.0
2025-12-30,48434.88,48365.67,48365.67,107170690.0
2025-12-31,48371.52,48063.29,48063.29,336060000.0
2026-01-02,48105.98,48382.39,48382.39,465060000.0
2026-01-05,48475.81,48977.18,48977.18,578580000.0
2026-01-06,48987.36,49462.08,49462.08,541220000.0
2026-01-07,49512.72,48996.08,48996.08,506140000.0
2026-01-08,48850.17,49266.11,49266.11,515075686.0
2026-01-09,49234.81,49504.07,49504.07,444480000.0
2026-01-12,49499.67,49590.2,49590.2,516430000.0
2026-01-13,49616.95,49191.99,49191.99,549950000.0
2026-01-14,49088.25,49149.63,49149.63,530670000.0
2026-01-15,49201.1,49442.44,49442.44,541520000.0
2026-01-16,49466.7,49359.33,49359.33,992970000.0
2026-01-20,49005.01,48488.59,48488.59,676030000.0
2026-01-21,48546.03,49077.23,49077.23,600840000.0
2026-01-22,49201.81,49384.01,49384.01,455130000.0
2026-01-23,49264.54,49098.71,49098.71,461030000.0
2026-01-26,49137.65,49412.4,49412.4,454370000.0
2026-01-27,49103.58,49003.41,49003.41,533780000.0
2026-01-28,49024.68,49015.6,49015.6,470990000.0
2026-01-29,48938.27,49071.56,49071.56,693040000.0
2026-01-30,48991.62,48892.47,48892.47,761991988.0
2026-02-02,48777.77,49407.66,49407.66,632100000.0
2026-02-03,49358.59,49240.99,49240.99,741310000.0
2026-02-04,49323.59,49501.3,49501.3,742920000.0
2026-02-05,49313.04,48908.72,48908.72,710270000.0
2026-02-06,49032.19,50115.67,50115.67,775490000.0
2026-02-09,50047.79,50135.87,50135.87,623640000.0
2026-02-10,50193.49,50188.14,50188.14,532700000.0
2026-02-11,50243.15,50121.4,50121.4,569380000.0
2026-02-12,50170.27,49451.98,49451.98,765340000.0
2026-02-13,49439.58,49500.93,49500.93,597100000.0
2026-02-17,49525.37,49533.19,49533.19,558570000.0
2026-02-18,49571.92,49662.66,49662.66,493390000.0
2026-02-19,49576.22,49395.16,49395.16,439980000.0
2026-02-20,49323.0,49625.97,49625.97,574810000.0
2026-02-23,49536.54,48804.06,48804.06,574610000.0
2026-02-24,48827.8,49174.5,49174.5,524270000.0
2026-02-25,49357.63,49501.58,49501.58,269963053.0
2026-02-26,49544.58,49499.2,49499.2,684630000.0
2026-02-27,49253.57,48977.92,48977.92,811800000.0
2026-03-02,48794.42,48904.78,48904.78,552340000.0
2026-03-03,48493.11,48501.27,48501.27,533540000.0
2026-03-04,48589.77,48770.38,48770.38,253157164.0
2026-03-05,48526.73,47954.74,47954.74,625110000.0
2026-03-06,47634.55,47501.55,47501.55,544887771.0
2026-03-09,47371.28,47740.8,47740.8,560020000.0
2026-03-10,47771.43,47706.51,47706.51,490360000.0
2026-03-11,47690.76,47417.27,47417.27,419500000.0
2026-03-12,47242.52,46677.85,46677.85,535900000.0
2026-03-13,46689.24,46558.47,46558.47,453256742.0
2026-03-16,46707.4,46946.41,46946.41,514985340.0
2026-03-17,47085.53,46993.26,46993.26,479900000.0
2026-03-18,46913.93,46225.15,46225.15,472020000.0
2026-03-19,46134.87,46021.43,46021.43,482890000.0
2026-03-20,45975.65,45577.47,45577.47,1068426541.0
2026-03-23,45803.82,46208.47,46208.47,530140000.0
2026-03-24,46099.86,46124.06,46124.06,474450000.0
2026-03-25,46314.24,46373.28,46373.28,209140015.0
2026-03-26,46344.64,45960.11,45960.11,505010000.0
2026-03-27,45904.25,45166.64,45166.64,555090000.0
2026-03-30,45283.06,45513.73,45513.73,165080489.0
2026-03-31,45541.76,46341.51,46341.51,639410000.0
2026-04-01,46396.12,46624.78,46624.78,119050334.0
2026-04-02,46469.36,46504.67,46504.67,446710000.0
2026-04-06,46472.2,46669.88,46669.88,339870000.0
2026-04-07,46744.76,46584.46,46584.46,450740000.0
2026-04-08,46978.17,47909.92,47909.92,523710000.0
2026-04-09,47840.63,48185.8,48185.8,445240000.0
2026-04-10,48199.39,47916.57,47916.57,477060000.0
2026-04-13,47718.21,48218.25,48218.25,455850000.0
2026-04-14,48272.03,48511.29,48511.29,216775555.0
2026-04-15,48549.14,48463.72,48463.72,529870000.0
2026-04-16,48557.82,48578.72,48578.72,456610000.0
2026-04-17,48788.81,49447.43,49447.43,585650000.0
2026-04-20,49422.37,49442.56,49442.56,411270000.0
2026-04-21,49688.37,49149.38,49149.38,476630000.0
2026-04-22,49271.5,49490.03,49490.03,426410000.0
2026-04-23,49284.85,49310.32,49310.32,455470000.0
2026-04-24,49320.29,49230.71,49230.71,536950000.0
2026-04-27,49112.2,49167.79,49167.79,514570000.0
2026-04-28,49276.8,49141.93,49141.93,508210000.0
2026-04-29,49163.78,48861.81,48861.81,453280000.0
2026-04-30,48762.93,49652.14,49652.14,733120000.0
2026-05-01,49832.57,49499.27,49499.27,465300000.0
2026-05-04,49416.66,48941.9,48941.9,439460000.0
2026-05-05,49037.12,49216.62,49216.62,200635409.0
