date,open_price_usd,close_price_usd,adj_close_price_usd,total_volume_usd
2013-04-29,400.2000,408.0000,408.0000,92376959.0
2013-04-30,408.0000,410.8000,410.8000,92613843.0
2013-05-01,410.0000,408.6000,408.6000,58418148.0
2013-05-02,408.6000,413.2000,413.2000,81034603.0
2013-05-03,417.0000,421.2000,421.2000,100880714.0
2013-05-06,422.6000,429.2000,429.2000,85973045.0
2013-05-07,429.8000,427.0000,427.0000,78653713.0
2013-05-08,426.8000,435.2000,435.2000,99102072.0
2013-05-09,433.8000,434.2000,434.2000,88353936.0
2013-05-10,436.0000,438.4000,438.4000,76192522.0
2013-05-13,437.8000,437.2000,437.2000,58157173.0
2013-05-14,437.2000,441.8000,441.8000,63408784.0
2013-05-15,446.0000,456.2000,456.2000,160033605.0
2013-05-16,457.8000,450.2000,450.2000,128865215.0
2013-05-17,453.4000,452.8000,452.8000,112098604.0
2013-05-20,450.8000,452.6000,452.6000,91248746.0
2013-05-21,452.4000,451.8000,451.8000,79617311.0
2013-05-22,449.6000,443.0000,443.0000,102807910.0
2013-05-23,436.8000,439.8000,439.8000,91345105.0
2013-05-24,436.0000,435.0000,435.0000,92216359.0
2013-05-28,440.2000,439.0000,439.0000,90638467.0
2013-05-29,436.2000,432.6000,432.6000,80837869.0
2013-05-30,433.4000,433.8000,433.8000,85145956.0
2013-05-31,432.4000,434.0000,434.0000,79071272.0
2013-06-03,434.8000,432.2000,432.2000,99399181.0
2013-06-04,432.4000,428.0000,428.0000,75024159.0
2013-06-05,429.6000,428.2000,428.2000,84587872.0
2013-06-06,430.6000,430.8000,430.8000,103550684.0
2013-06-07,433.6000,438.2000,438.2000,107385002.0
2013-06-10,439.4000,443.4000,443.4000,93862506.0
2013-06-11,440.4000,438.2000,438.2000,70567517.0
2013-06-12,441.0000,434.4000,434.4000,88522565.0
2013-06-13,432.8000,436.8000,436.8000,83106340.0
2013-06-14,438.4000,435.8000,435.8000,90136592.0
2013-06-17,438.0000,441.4000,441.4000,86173794.0
2013-06-18,442.6000,448.6000,448.6000,87000883.0
2013-06-19,449.0000,448.6000,448.6000,117073180.0
2013-06-20,445.4000,440.8000,440.8000,135385563.0
2013-06-21,442.6000,438.8000,438.8000,159889066.0
2013-06-24,434.4000,433.2000,433.2000,121128323.0
2013-06-25,437.0000,431.4000,431.4000,102510801.0
2013-06-26,435.2000,435.2000,435.2000,73530581.0
2013-06-27,437.8000,436.8000,436.8000,77348840.0
2013-06-28,435.8000,438.6000,438.6000,94324230.0
2013-07-01,441.6000,442.2000,442.2000,69250599.0
2013-07-02,443.4000,439.6000,439.6000,75943592.0
2013-07-03,438.4000,441.6000,441.6000,42036977.0
2013-07-05,443.4000,445.0000,445.0000,68331166.0
2013-07-08,448.0000,450.8000,450.8000,79075287.0
2013-07-09,453.8000,451.0000,451.0000,79472771.0
2013-07-10,450.0000,451.4000,451.4000,68592140.0
2013-07-11,454.8000,458.4000,458.4000,103755449.0
2013-07-12,458.2000,459.8000,459.8000,103113050.0
2013-07-15,460.4000,460.6000,460.6000,78713937.0
2013-07-16,461.8000,458.0000,458.0000,79617311.0
2013-07-17,458.8000,457.6000,457.6000,60469809.0
2013-07-18,457.8000,453.6000,453.6000,145924920.0
2013-07-19,441.6000,446.6000,446.6000,295475379.0
2013-07-22,449.4000,453.6000,453.6000,116563276.0
2013-07-23,453.6000,450.2000,450.2000,82134711.0
2013-07-24,452.0000,449.8000,449.8000,83451629.0
2013-07-25,445.2000,442.2000,442.2000,120493954.0
2013-07-26,441.8000,441.0000,441.0000,71374530.0
2013-07-29,440.8000,439.4000,439.4000,75959652.0
2013-07-30,441.0000,443.8000,443.8000,70487217.0
2013-07-31,444.8000,442.2000,442.2000,87265872.0
2013-08-01,445.8000,450.4000,450.4000,85856610.0
2013-08-02,450.0000,451.6000,451.6000,68812965.0
2013-08-05,451.0000,450.8000,450.8000,52584363.0
2013-08-06,450.6000,446.6000,446.6000,60469809.0
2013-08-07,445.8000,443.6000,443.6000,55374783.0
2013-08-08,446.0000,444.6000,444.6000,59743096.0
2013-08-09,443.6000,443.6000,443.6000,53146462.0
2013-08-12,441.8000,441.2000,441.2000,55286453.0
2013-08-13,441.8000,439.0000,439.0000,57004870.0
2013-08-14,437.6000,433.2000,433.2000,83600184.0
2013-08-15,430.6000,428.2000,428.2000,75048249.0
2013-08-16,429.0000,426.8000,426.8000,67255147.0
2013-08-19,427.2000,431.2000,431.2000,72707508.0
2013-08-20,432.6000,431.0000,431.0000,49504863.0
2013-08-21,433.6000,433.0000,433.0000,70555472.0
2013-08-22,434.8000,435.2000,435.2000,34926424.0
2013-08-23,437.2000,433.4000,433.4000,43245489.0
2013-08-26,433.4000,431.6000,431.6000,42257801.0
2013-08-27,428.2000,423.4000,423.4000,69623993.0
2013-08-28,423.6000,422.6000,422.6000,53395392.0
2013-08-29,423.0000,426.2000,426.2000,59361671.0
2013-08-30,426.2000,421.8000,421.8000,74743109.0
2013-09-03,425.6000,428.6000,428.6000,82210996.0
2013-09-04,428.6000,434.2000,434.2000,81954037.0
2013-09-05,435.2000,438.2000,438.2000,51845604.0
2013-09-06,439.6000,438.2000,438.2000,62698130.0
2013-09-09,440.2000,442.4000,442.4000,49569103.0
2013-09-10,443.4000,442.6000,442.6000,51697050.0
2013-09-11,442.6000,446.4000,446.4000,64665477.0
2013-09-12,447.0000,444.8000,444.8000,43984248.0
2013-09-13,445.6000,442.8000,442.8000,53214717.0
2013-09-16,446.4000,442.2000,442.2000,53660381.0
2013-09-17,442.0000,441.4000,441.4000,50564822.0
2013-09-18,441.6000,450.0000,450.0000,77678069.0
2013-09-19,451.4000,447.6000,447.6000,64155573.0
2013-09-20,447.6000,449.8000,449.8000,174463490.0
2013-09-23,446.4000,441.6000,441.6000,71362485.0
2013-09-24,441.6000,441.8000,441.8000,59694916.0
2013-09-25,441.6000,437.0000,437.0000,66207234.0
2013-09-26,437.6000,437.4000,437.4000,50584897.0
2013-09-27,435.8000,436.6000,436.6000,50540732.0
2013-09-30,433.0000,436.4000,436.4000,69154239.0
2013-10-01,438.4000,441.8000,441.8000,67644602.0
2013-10-02,439.8000,442.4000,442.4000,60036190.0
2013-10-03,442.4000,436.4000,436.4000,84997401.0
2013-10-04,435.8000,434.6000,434.6000,54523605.0
2013-10-07,432.2000,431.2000,431.2000,51937949.0
2013-10-08,431.0000,425.2000,425.2000,78039419.0
2013-10-09,426.6000,426.4000,426.4000,106449509.0
2013-10-10,430.4000,432.4000,432.4000,90550137.0
2013-10-11,431.4000,434.4000,434.4000,56567236.0
2013-10-14,431.8000,436.4000,436.4000,49930453.0
2013-10-15,436.2000,439.4000,439.4000,63914673.0
2013-10-16,441.2000,447.4000,447.4000,80604999.0
2013-10-17,444.8000,442.8000,442.8000,170902191.0
2013-10-18,486.4000,503.8000,503.8000,464390148.0
2013-10-21,503.8000,499.8000,499.8000,145675990.0
2013-10-22,500.6000,501.6000,501.6000,88675135.0
2013-10-23,498.6000,513.8000,513.8000,106927293.0
2013-10-24,514.0000,510.8000,510.8000,83997668.0
2013-10-25,512.4000,505.8000,505.8000,81524432.0
2013-10-28,505.8000,505.6000,505.6000,46521724.0
2013-10-29,507.6000,516.2000,516.2000,64440637.0
2013-10-30,516.8000,513.2000,513.2000,53162522.0
2013-10-31,512.6000,513.4000,513.4000,65845885.0
2013-11-01,514.0000,511.6000,511.6000,51524405.0
2013-11-04,513.8000,511.2000,511.2000,45722740.0
2013-11-05,508.2000,508.8000,508.8000,47433127.0
2013-11-06,510.8000,509.4000,509.4000,36652871.0
2013-11-07,509.4000,502.0000,502.0000,67435822.0
2013-11-08,502.4000,506.2000,506.2000,51825529.0
2013-11-11,502.8000,503.4000,503.4000,44670812.0
2013-11-12,502.0000,504.0000,504.0000,48906630.0
2013-11-13,501.4000,514.4000,514.4000,63412799.0
2013-11-14,515.0000,515.6000,515.6000,46842923.0
2013-11-15,515.6000,514.8000,514.8000,51243355.0
2013-11-18,516.0000,513.8000,513.8000,70651832.0
2013-11-19,514.0000,510.6000,510.6000,45433661.0
2013-11-20,513.0000,509.2000,509.2000,38692487.0
2013-11-21,511.6000,515.2000,515.2000,43835693.0
2013-11-22,514.8000,514.0000,514.0000,50356042.0
2013-11-25,516.6000,521.0000,521.0000,64761837.0
2013-11-26,522.4000,527.2000,527.2000,91794785.0
2013-11-27,529.0000,529.6000,529.6000,45112461.0
2013-11-29,529.0000,527.8000,527.8000,47890836.0
2013-12-02,529.8000,525.2000,525.2000,55133884.0
2013-12-03,523.6000,524.6000,524.6000,67295297.0
2013-12-04,523.8000,527.2000,527.2000,47842656.0
2013-12-05,526.6000,526.6000,526.6000,45517975.0
2013-12-06,532.8000,533.0000,533.0000,57366220.0
2013-12-09,533.4000,537.0000,537.0000,59526286.0
2013-12-10,536.0000,540.4000,540.4000,74433955.0
2013-12-11,541.6000,536.6000,536.6000,68728650.0
2013-12-12,537.8000,533.0000,533.0000,64099363.0
2013-12-13,535.6000,528.4000,528.4000,86820208.0
2013-12-16,530.0000,534.4000,534.4000,64320188.0
2013-12-17,534.4000,533.0000,533.0000,61658247.0
2013-12-18,534.0000,540.4000,540.4000,88743390.0
2013-12-19,538.4000,541.0000,541.0000,66877738.0
2013-12-20,542.2000,548.2000,548.2000,130953011.0
2013-12-23,551.8000,555.4000,555.4000,69122119.0
2013-12-24,555.4000,553.8000,553.8000,29478078.0
2013-12-26,555.0000,556.6000,556.6000,53712576.0
2013-12-27,558.0000,557.2000,557.2000,63023345.0
2013-12-30,558.0000,552.6000,552.6000,49629328.0
2013-12-31,554.0000,558.2000,558.2000,54519590.0
2014-01-02,555.6000,554.4000,554.4000,73129082.0
2014-01-03,555.4000,550.4000,550.4000,66917888.0
2014-01-06,554.4000,556.6000,556.6000,71037271.0
2014-01-07,560.4000,567.4000,567.4000,102486711.0
2014-01-08,570.8000,568.4000,568.4000,90036218.0
2014-01-09,569.6000,563.0000,563.0000,83692529.0
2014-01-10,567.4000,563.0000,563.0000,86061375.0
2014-01-13,561.2000,559.4000,559.4000,97118665.0
2014-01-14,566.8000,572.6000,572.6000,99676216.0
2014-01-15,574.4000,572.2000,572.2000,78300393.0
2014-01-16,572.4000,576.0000,576.0000,67608467.0
2014-01-17,576.2000,573.2000,573.2000,108457005.0
2014-01-21,578.2000,579.6000,579.6000,79492846.0
2014-01-22,581.2000,580.4000,580.4000,63091600.0
2014-01-23,577.8000,577.8000,577.8000,78256228.0
2014-01-24,573.4000,559.8000,559.8000,156283602.0
2014-01-27,561.0000,548.6000,548.6000,174796734.0
2014-01-28,553.0000,559.4000,559.4000,88739375.0
2014-01-29,557.4000,551.4000,551.4000,95552818.0
2014-01-30,570.4000,565.6000,565.6000,204419353.0
2014-01-31,583.4000,588.2000,588.2000,223486554.0
2014-02-03,587.4000,564.6000,564.6000,183449044.0
2014-02-04,566.8000,567.0000,567.0000,112897588.0
2014-02-05,569.6000,569.4000,569.4000,96139007.0
2014-02-06,573.4000,577.8000,577.8000,78155853.0
2014-02-07,581.6000,586.6000,586.6000,105843245.0
2014-02-10,583.8000,584.2000,584.2000,78099643.0
2014-02-11,587.8000,592.8000,592.8000,82339476.0
2014-02-12,592.2000,591.2000,591.2000,69238554.0
2014-02-13,588.2000,597.8000,597.8000,73731331.0
2014-02-14,595.6000,599.2000,599.2000,87795852.0
2014-02-18,598.4000,603.2000,603.2000,84672187.0
2014-02-19,600.4000,599.0000,599.0000,84459392.0
2014-02-20,599.4000,599.8000,599.8000,68287001.0
2014-02-21,601.6000,599.6000,599.6000,74771214.0
2014-02-24,600.4000,604.0000,604.0000,67223027.0
2014-02-25,605.6000,607.8000,607.8000,57763704.0
2014-02-26,609.8000,607.8000,607.8000,79585191.0
2014-02-27,607.0000,607.4000,607.4000,50588912.0
2014-02-28,607.8000,605.6000,605.6000,92890878.0
2014-03-03,601.2000,599.0000,599.0000,84507572.0
2014-03-04,605.2000,605.2000,605.2000,58928052.0
2014-03-05,605.2000,606.8000,606.8000,49597208.0
2014-03-06,608.8000,607.6000,607.6000,50914126.0
2014-03-07,611.2000,605.2000,605.2000,60831159.0
2014-03-10,605.6000,603.6000,603.6000,48766105.0
2014-03-11,604.6000,597.8000,597.8000,68776830.0
2014-03-12,596.0000,601.4000,601.4000,78866507.0
2014-03-13,601.8000,592.4000,592.4000,94175675.0
2014-03-14,588.8000,584.2000,584.2000,92099924.0
2014-03-17,587.4000,593.8000,593.8000,86808163.0
2014-03-18,595.2000,603.4000,603.4000,72872123.0
2014-03-19,603.6000,597.4000,597.4000,64757822.0
2014-03-20,597.8000,596.4000,596.4000,67640587.0
2014-03-21,601.0000,589.4000,589.4000,128821050.0
2014-03-24,589.8000,576.8000,576.8000,121939352.0
2014-03-25,580.8000,577.2000,577.2000,96769361.0
2014-03-26,578.8000,563.8000,563.8000,103586819.0
2014-03-27,566.4000,557.0000,557.0000,262719.0
2014-03-28,559.6000,558.4000,558.4000,824257.0
2014-03-31,565.4000,555.4000,555.4000,216593.0
2014-04-01,557.2000,565.6000,565.6000,158434.0
2014-04-02,598.4000,565.4000,565.4000,2942055.0
2014-04-03,568.2000,568.2000,568.2000,101983228.0
2014-04-04,573.0000,541.6000,541.6000,127386783.0
2014-04-07,539.2000,536.6000,536.6000,88033033.0
2014-04-08,541.2000,553.4000,553.4000,63024560.0
2014-04-09,558.0000,562.6000,562.6000,66616395.0
2014-04-10,563.4000,539.4000,539.4000,80737057.0
2014-04-11,531.0000,529.2000,529.2000,78496923.0
2014-04-14,536.8000,531.0000,531.0000,51501009.0
2014-04-15,535.4000,535.0000,535.0000,77101101.0
2014-04-16,541.6000,555.0000,555.0000,97865955.0
2014-04-17,547.4000,534.6000,534.6000,136190888.0
2014-04-21,534.6000,527.2000,527.2000,51334553.0
2014-04-22,527.2000,533.4000,533.4000,47307527.0
2014-04-23,532.4000,525.4000,525.4000,41046384.0
2014-04-24,528.6000,523.8000,523.8000,37663121.0
2014-04-25,521.0000,514.8000,514.8000,42007014.0
2014-04-28,515.8000,515.8000,515.8000,66710653.0
2014-04-29,515.4000,526.2000,526.2000,53981801.0
2014-04-30,526.2000,525.2000,525.2000,35023895.0
2014-05-01,525.6000,529.8000,529.8000,38110345.0
2014-05-02,532.2000,526.4000,526.4000,33770463.0
2014-05-05,523.4000,526.4000,526.4000,20482080.0
2014-05-06,523.8000,513.8000,513.8000,33780490.0
2014-05-07,514.4000,508.6000,508.6000,64486563.0
2014-05-08,507.0000,509.6000,509.6000,40426688.0
2014-05-09,509.4000,517.4000,517.4000,48789585.0
2014-05-12,522.0000,528.4000,528.4000,38250730.0
2014-05-13,529.4000,531.6000,531.6000,33068541.0
2014-05-14,531.6000,525.2000,525.2000,23835261.0
2014-05-15,524.2000,518.6000,518.6000,34087331.0
2014-05-16,520.0000,519.2000,519.2000,29705333.0
2014-05-19,518.2000,527.4000,527.4000,25555972.0
2014-05-20,528.2000,528.4000,528.4000,35695734.0
2014-05-21,531.4000,537.4000,537.4000,23925508.0
2014-05-22,539.6000,543.6000,543.6000,32316482.0
2014-05-23,545.8000,551.2000,551.2000,38643806.0
2014-05-27,554.4000,564.4000,564.4000,42083223.0
2014-05-28,563.0000,560.2000,560.2000,33040464.0
2014-05-29,561.8000,558.6000,558.6000,27082150.0
2014-05-30,559.2000,558.4000,558.4000,35422988.0
2014-06-02,559.2000,552.4000,552.4000,28700582.0
2014-06-03,549.4000,543.4000,543.4000,37332215.0
2014-06-04,540.0000,543.2000,543.2000,36329469.0
2014-06-05,545.0000,552.4000,552.4000,33782496.0
2014-06-06,556.6000,554.8000,554.8000,34735104.0
2014-06-09,555.6000,560.6000,560.6000,29350361.0
2014-06-10,559.0000,559.0000,559.0000,27034019.0
2014-06-11,556.4000,557.4000,557.4000,22002242.0
2014-06-12,555.8000,549.8000,549.8000,29169867.0
2014-06-13,550.8000,550.2000,550.2000,24410836.0
2014-06-16,547.8000,542.8000,542.8000,34051232.0
2014-06-17,542.8000,541.6000,541.6000,28891103.0
2014-06-18,543.4000,551.8000,551.8000,34835379.0
2014-06-19,552.8000,553.4000,553.4000,49136535.0
2014-06-20,555.4000,554.8000,554.8000,90166875.0
2014-06-23,553.6000,563.4000,563.4000,30736155.0
2014-06-24,563.6000,563.0000,563.0000,44142862.0
2014-06-25,563.8000,577.0000,577.0000,39387843.0
2014-06-26,579.4000,574.4000,574.4000,34839390.0
2014-06-27,575.6000,575.6000,575.6000,44738493.0
2014-06-30,577.0000,573.8000,573.8000,26275943.0
2014-07-01,576.8000,581.0000,581.0000,28959290.0
2014-07-02,581.8000,580.8000,580.8000,21127848.0
2014-07-03,581.8000,583.2000,583.2000,14283107.0
2014-07-07,582.2000,580.6000,580.6000,21292298.0
2014-07-08,576.0000,569.6000,569.6000,38190565.0
2014-07-09,570.0000,574.6000,574.6000,22335153.0
2014-07-10,564.4000,569.6000,569.6000,27134293.0
2014-07-11,570.4000,577.6000,577.6000,32434806.0
2014-07-14,581.0000,583.2000,583.2000,37081529.0
2014-07-15,584.2000,583.2000,583.2000,32460877.0
2014-07-16,586.4000,581.0000,581.0000,27942506.0
2014-07-17,578.0000,572.2000,572.2000,60331186.0
2014-07-18,591.4000,593.4000,593.4000,80283816.0
2014-07-21,590.2000,587.8000,587.8000,41242922.0
2014-07-22,589.2000,593.2000,593.2000,33983045.0
2014-07-23,591.6000,594.4000,594.4000,24663528.0
2014-07-24,594.8000,591.8000,591.8000,20702684.0
2014-07-25,588.8000,587.4000,587.4000,18649061.0
2014-07-28,586.4000,589.0000,589.0000,19736037.0
2014-07-29,587.2000,584.0000,584.0000,26997920.0
2014-07-30,585.0000,585.8000,585.8000,20329662.0
2014-07-31,579.0000,570.0000,570.0000,42055146.0
2014-08-01,568.8000,564.6000,564.6000,39105069.0
2014-08-04,567.4000,571.6000,571.6000,28546159.0
2014-08-05,568.4000,563.6000,563.6000,31024946.0
2014-08-06,560.2000,564.8000,564.8000,26687069.0
2014-08-07,566.4000,561.8000,561.8000,22218835.0
2014-08-08,562.0000,567.2000,567.2000,29895854.0
2014-08-11,568.4000,566.4000,566.4000,24294518.0
2014-08-12,563.0000,561.2000,561.2000,30840441.0
2014-08-13,565.8000,573.2000,573.2000,28784812.0
2014-08-14,574.6000,573.0000,573.0000,19709966.0
2014-08-15,576.2000,572.0000,572.0000,30383189.0
2014-08-18,574.6000,580.6000,580.6000,25682318.0
2014-08-19,583.4000,585.2000,585.2000,19573592.0
2014-08-20,584.2000,582.8000,582.8000,20734771.0
2014-08-21,582.2000,581.8000,581.8000,18296094.0
2014-08-22,582.0000,581.0000,581.0000,15781209.0
2014-08-25,583.2000,578.6000,578.6000,27228551.0
2014-08-26,579.6000,576.2000,576.2000,32793789.0
2014-08-27,575.6000,569.4000,569.4000,34067276.0
2014-08-28,568.0000,567.6000,567.6000,25858801.0
2014-08-29,569.8000,570.0000,570.0000,21675347.0
2014-09-02,570.2000,575.8000,575.8000,31568434.0
2014-09-03,578.4000,576.4000,576.4000,24302540.0
2014-09-04,578.4000,580.4000,580.4000,29163850.0
2014-09-05,582.4000,584.4000,584.4000,32647388.0
2014-09-08,585.0000,588.2000,588.2000,28620362.0
2014-09-09,587.2000,579.4000,579.4000,25744488.0
2014-09-10,580.0000,581.6000,581.6000,19547521.0
2014-09-11,578.8000,579.8000,579.8000,24420864.0
2014-09-12,579.4000,574.0000,574.0000,32033708.0
2014-09-15,571.4000,571.6000,571.6000,31951483.0
2014-09-16,571.2000,578.4000,578.4000,29607064.0
2014-09-17,578.4000,583.2000,583.2000,33856699.0
2014-09-18,585.4000,587.6000,587.6000,28891103.0
2014-09-19,589.8000,594.4000,594.4000,74732617.0
2014-09-22,592.2000,585.8000,585.8000,33790518.0
2014-09-23,585.2000,579.6000,579.6000,29428575.0
2014-09-24,579.8000,586.4000,586.4000,34562632.0
2014-09-25,586.0000,573.4000,573.4000,38519466.0
2014-09-26,574.4000,575.6000,575.6000,28873054.0
2014-09-29,570.2000,574.8000,574.8000,25648224.0
2014-09-30,575.4000,575.8000,575.8000,32434806.0
2014-10-01,574.4000,566.8000,566.8000,28909153.0
2014-10-02,565.8000,568.6000,568.6000,23568530.0
2014-10-03,571.4000,573.8000,573.8000,22834521.0
2014-10-06,577.2000,575.8000,575.8000,24292512.0
2014-10-07,572.8000,562.2000,562.2000,38226664.0
2014-10-08,564.0000,571.0000,571.0000,39817018.0
2014-10-09,569.6000,559.4000,559.4000,50496258.0
2014-10-10,556.2000,543.0000,543.0000,61638766.0
2014-10-13,543.4000,531.8000,531.8000,51633371.0
2014-10-14,537.4000,536.4000,536.4000,44451708.0
2014-10-15,529.6000,528.6000,528.6000,74387672.0
2014-10-16,517.6000,523.0000,523.0000,74171079.0
2014-10-17,525.8000,509.8000,509.8000,110787334.0
2014-10-20,508.0000,519.4000,519.4000,52150788.0
2014-10-21,523.8000,525.0000,525.0000,46725935.0
2014-10-22,528.4000,531.2000,531.2000,58385859.0
2014-10-23,537.8000,542.4000,542.4000,46976621.0
2014-10-24,542.8000,538.4000,538.4000,39462046.0
2014-10-27,535.6000,539.2000,539.2000,23706909.0
2014-10-28,541.6000,547.4000,547.4000,25419598.0
2014-10-29,548.4000,547.8000,547.8000,35410955.0
2014-10-30,547.4000,548.8000,548.8000,29113713.0
2014-10-31,557.8000,557.6000,557.6000,40701440.0
2014-11-03,554.0000,553.6000,553.6000,27645693.0
2014-11-04,551.4000,552.6000,552.6000,24884132.0
2014-11-05,555.2000,544.4000,544.4000,40645286.0
2014-11-06,544.0000,540.6000,540.6000,26665008.0
2014-11-07,544.8000,539.6000,539.6000,32675465.0
2014-11-10,540.0000,546.0000,546.0000,22692131.0
2014-11-11,547.0000,548.8000,548.8000,19310873.0
2014-11-12,548.8000,545.8000,545.8000,22593862.0
2014-11-13,548.2000,543.8000,543.8000,26787343.0
2014-11-14,545.2000,543.0000,543.0000,25790614.0
2014-11-17,542.0000,535.0000,535.0000,34520517.0
2014-11-18,536.0000,533.6000,533.6000,39253475.0
2014-11-19,533.6000,535.6000,535.6000,27844237.0
2014-11-20,529.8000,533.4000,533.4000,31267610.0
2014-11-21,540.2000,536.0000,536.0000,44485801.0
2014-11-24,536.2000,537.8000,537.8000,34127440.0
2014-11-25,537.6000,539.6000,539.6000,35798014.0
2014-11-26,539.4000,538.8000,538.8000,30459397.0
2014-11-28,539.2000,540.4000,540.4000,22966883.0
2014-12-01,537.4000,532.4000,532.4000,42307838.0
2014-12-02,532.0000,532.2000,532.2000,30533600.0
2014-12-03,530.0000,529.8000,529.8000,25559983.0
2014-12-04,529.8000,535.8000,535.8000,27842232.0
2014-12-05,529.6000,523.8000,523.8000,51312493.0
2014-12-08,525.6000,525.6000,525.6000,46587556.0
2014-12-09,520.8000,532.0000,532.0000,37426473.0
2014-12-10,531.6000,524.6000,524.6000,34245764.0
2014-12-11,526.4000,526.8000,526.8000,32216207.0
2014-12-12,522.0000,517.2000,517.2000,39891221.0
2014-12-15,521.4000,512.4000,512.4000,56268061.0
2014-12-16,510.2000,494.0000,494.0000,79285081.0
2014-12-17,495.6000,503.6000,503.6000,57663883.0
2014-12-18,511.6000,509.8000,509.8000,58534266.0
2014-12-19,510.2000,515.0000,515.0000,73804074.0
2014-12-22,514.6000,523.4000,523.4000,54475152.0
2014-12-23,525.6000,529.2000,529.2000,43952341.0
2014-12-24,529.0000,527.4000,527.4000,14118657.0
2014-12-26,527.4000,532.6000,532.6000,20810980.0
2014-12-29,530.8000,528.8000,528.8000,45570772.0
2014-12-30,526.6000,529.0000,529.0000,17525986.0
2014-12-31,529.8000,525.0000,525.0000,27364925.0
2015-01-02,527.6000,523.4000,523.4000,28951268.0
2015-01-05,521.8000,512.4000,512.4000,41196796.0
2015-01-06,513.6000,500.6000,500.6000,57998800.0
2015-01-07,505.6000,499.8000,499.8000,41301082.0
2015-01-08,496.6000,501.4000,501.4000,67071641.0
2015-01-09,503.4000,494.8000,494.8000,41427428.0
2015-01-12,493.6000,491.2000,491.2000,46535413.0
2015-01-13,497.4000,494.8000,494.8000,47409807.0
2015-01-14,493.2000,499.4000,499.4000,44714427.0
2015-01-15,504.2000,500.4000,500.4000,54316718.0
2015-01-16,498.6000,506.6000,506.6000,45965854.0
2015-01-20,509.6000,505.6000,505.6000,44640224.0
2015-01-21,505.8000,516.6000,516.6000,45374234.0
2015-01-22,520.0000,533.0000,533.0000,53538588.0
2015-01-23,534.2000,538.4000,538.4000,45634948.0
2015-01-26,537.0000,533.8000,533.8000,30874534.0
2015-01-27,528.6000,517.2000,517.2000,38080263.0
2015-01-28,521.4000,508.6000,508.6000,33676205.0
2015-01-29,509.6000,509.2000,509.2000,83727244.0
2015-01-30,514.4000,533.0000,533.0000,112127002.0
2015-02-02,530.2000,527.0000,527.0000,56996054.0
2015-02-03,526.6000,527.8000,527.8000,40773638.0
2015-02-04,527.8000,521.4000,521.4000,33273101.0
2015-02-05,522.4000,526.2000,526.2000,36995292.0
2015-02-06,526.2000,529.6000,529.6000,35270570.0
2015-02-09,526.6000,526.4000,526.4000,25355423.0
2015-02-10,527.8000,535.4000,535.4000,34997823.0
2015-02-11,533.8000,534.6000,534.6000,27555446.0
2015-02-12,535.8000,541.4000,541.4000,32404724.0
2015-02-13,541.8000,547.6000,547.6000,38006060.0
2015-02-17,545.4000,541.4000,541.4000,32336537.0
2015-02-18,540.0000,538.2000,538.2000,29061570.0
2015-02-19,536.6000,541.4000,541.4000,19782163.0
2015-02-20,541.6000,537.4000,537.4000,28887092.0
2015-02-23,534.6000,530.4000,530.4000,29157834.0
2015-02-24,528.6000,534.6000,534.6000,20101036.0
2015-02-25,534.4000,542.4000,542.4000,36519991.0
2015-02-26,541.8000,554.0000,554.0000,46230579.0
2015-02-27,552.8000,556.8000,556.8000,48203982.0
2015-03-02,559.0000,569.8000,569.8000,42592618.0
2015-03-03,568.8000,572.0000,572.0000,34095352.0
2015-03-04,570.4000,571.8000,571.8000,37536775.0
2015-03-05,573.4000,573.8000,573.8000,27792094.0
2015-03-06,573.4000,566.2000,566.2000,33182854.0
2015-03-09,565.4000,567.2000,567.2000,21242161.0
2015-03-10,562.8000,553.4000,553.4000,35846146.0
2015-03-11,553.6000,549.6000,549.6000,36415706.0
2015-03-12,552.0000,554.0000,554.0000,27792094.0
2015-03-13,552.0000,545.8000,545.8000,34071287.0
2015-03-16,549.4000,553.0000,553.0000,32819860.0
2015-03-17,550.2000,549.4000,549.4000,36110871.0
2015-03-18,551.0000,558.0000,558.0000,42690887.0
2015-03-19,557.8000,556.4000,556.4000,23945563.0
2015-03-20,560.2000,558.8000,558.8000,52337299.0
2015-03-23,558.8000,557.2000,557.2000,32876014.0
2015-03-24,561.0000,568.6000,568.6000,51665459.0
2015-03-25,569.0000,557.2000,557.2000,43045859.0
2015-03-26,556.0000,553.6000,553.6000,31452115.0
2015-03-27,551.4000,546.8000,546.8000,37949906.0
2015-03-30,550.2000,550.6000,550.6000,25750504.0
2015-03-31,548.4000,546.4000,546.4000,31760961.0
2015-04-01,547.0000,541.0000,541.0000,39261497.0
2015-04-02,539.4000,534.0000,534.0000,34327989.0
2015-04-06,530.8000,535.2000,535.2000,26488525.0
2015-04-07,536.6000,535.6000,535.6000,26057345.0
2015-04-08,537.0000,540.2000,540.2000,23570536.0
2015-04-09,539.6000,539.2000,539.2000,31157308.0
2015-04-10,540.8000,538.6000,538.6000,28189181.0
2015-04-13,537.0000,537.6000,537.6000,32906096.0
2015-04-14,534.8000,529.0000,529.0000,52082601.0
2015-04-15,527.2000,531.0000,531.0000,46376979.0
2015-04-16,528.4000,532.4000,532.4000,25997180.0
2015-04-17,527.2000,522.6000,522.6000,43037837.0
2015-04-20,524.2000,534.0000,534.0000,33585958.0
2015-04-21,536.0000,532.6000,532.6000,36895018.0
2015-04-22,533.0000,537.8000,537.8000,31871263.0
2015-04-23,539.6000,545.6000,545.6000,83697161.0
2015-04-24,564.6000,563.6000,563.6000,98650102.0
2015-04-27,563.4000,555.4000,555.4000,47960000.0
2015-04-28,554.6000,553.6000,553.6000,29820000.0
2015-04-29,550.4000,549.0000,549.0000,33976000.0
2015-04-30,547.8000,537.4000,537.4000,41644000.0
2015-05-01,538.4000,538.0000,538.0000,35364000.0
2015-05-04,538.6000,540.8000,540.8000,26160000.0
2015-05-05,538.2000,530.8000,530.8000,27662000.0
2015-05-06,531.2000,524.2000,524.2000,31340000.0
2015-05-07,524.0000,530.6000,530.6000,30926000.0
2015-05-08,536.6000,538.2000,538.2000,30552000.0
2015-05-11,538.4000,535.6000,535.6000,18106000.0
2015-05-12,531.6000,529.0000,529.0000,32684000.0
2015-05-13,530.6000,529.6000,529.6000,25046000.0
2015-05-14,533.8000,538.4000,538.4000,28078000.0
2015-05-15,539.2000,533.8000,533.8000,39426000.0
2015-05-18,532.0000,532.2000,532.2000,40068000.0
2015-05-19,534.0000,537.4000,537.4000,39338000.0
2015-05-20,538.4000,539.2000,539.2000,28616000.0
2015-05-21,538.0000,542.6000,542.6000,29254000.0
2015-05-22,540.2000,540.2000,540.2000,23524000.0
2015-05-26,538.2000,532.4000,532.4000,48130000.0
2015-05-27,532.8000,539.8000,539.8000,30500000.0
2015-05-28,538.0000,539.8000,539.8000,20596000.0
2015-05-29,537.4000,532.2000,532.2000,51948000.0
2015-06-01,536.8000,534.0000,534.0000,38086000.0
2015-06-02,533.0000,539.2000,539.2000,38780000.0
2015-06-03,540.0000,540.4000,540.4000,34340000.0
2015-06-04,537.8000,536.6000,536.6000,26966000.0
2015-06-05,536.4000,533.4000,533.4000,27764000.0
2015-06-08,533.4000,526.8000,526.8000,30412000.0
2015-06-09,527.6000,526.6000,526.6000,29106000.0
2015-06-10,529.4000,536.6000,536.6000,36300000.0
2015-06-11,538.4000,534.6000,534.6000,24350000.0
2015-06-12,531.6000,532.4000,532.4000,19116000.0
2015-06-15,528.0000,527.2000,527.2000,32654000.0
2015-06-16,528.4000,528.2000,528.2000,21436000.0
2015-06-17,529.4000,529.2000,529.2000,25884000.0
2015-06-18,531.0000,536.8000,536.8000,36662000.0
2015-06-19,537.2000,536.6000,536.6000,37870000.0
2015-06-22,539.6000,538.2000,538.2000,25006000.0
2015-06-23,539.6000,540.4000,540.4000,23950000.0
2015-06-24,540.0000,537.8000,537.8000,25732000.0
2015-06-25,538.8000,535.2000,535.2000,26714000.0
2015-06-26,537.2000,531.6000,531.6000,42182000.0
2015-06-29,525.0000,521.6000,521.6000,38756000.0
2015-06-30,526.0000,520.6000,520.6000,44344000.0
2015-07-01,524.8000,521.8000,521.8000,39220000.0
2015-07-02,521.0000,523.4000,523.4000,24718000.0
2015-07-06,519.6000,522.8000,522.8000,25610000.0
2015-07-07,523.2000,525.0000,525.0000,31944000.0
2015-07-08,521.0000,516.8000,516.8000,25934000.0
2015-07-09,523.2000,520.6000,520.6000,36846000.0
2015-07-10,526.2000,530.2000,530.2000,39134000.0
2015-07-13,532.8000,546.6000,546.6000,44130000.0
2015-07-14,546.8000,561.2000,561.2000,64882000.0
2015-07-15,560.2000,560.2000,560.2000,35692000.0
2015-07-16,565.2000,579.8000,579.8000,95366000.0
2015-07-17,649.0000,673.0000,673.0000,223298000.0
2015-07-20,659.2000,663.0000,663.0000,117218000.0
2015-07-21,655.2000,662.4000,662.4000,67544000.0
2015-07-22,660.8000,662.0000,662.0000,78586000.0
2015-07-23,661.2000,644.2000,644.2000,60582000.0
2015-07-24,647.0000,623.6000,623.6000,72514000.0
2015-07-27,621.0000,627.2000,627.2000,53508000.0
2015-07-28,632.8000,628.0000,628.0000,34546000.0
2015-07-29,628.8000,632.0000,632.0000,31502000.0
2015-07-30,630.0000,632.6000,632.6000,29484000.0
2015-07-31,631.4000,625.6000,625.6000,34122000.0
2015-08-03,625.4000,631.2000,631.2000,26090000.0
2015-08-04,628.4000,629.2000,629.2000,29818000.0
2015-08-05,634.4000,643.8000,643.8000,46686000.0
2015-08-06,645.0000,642.6000,642.6000,31452000.0
2015-08-07,640.2000,635.2000,635.2000,28078000.0
2015-08-10,639.4000,633.8000,633.8000,36184000.0
2015-08-11,669.2000,660.8000,660.8000,100584000.0
2015-08-12,663.0000,659.6000,659.6000,58734000.0
2015-08-13,659.4000,656.4000,656.4000,36214000.0
2015-08-14,655.0000,657.2000,657.2000,21442000.0
2015-08-17,656.8000,660.8000,660.8000,21034000.0
2015-08-18,662.0000,656.2000,656.2000,29122000.0
2015-08-19,656.6000,660.8000,660.8000,42682000.0
2015-08-20,655.4000,646.8000,646.8000,57106000.0
2015-08-21,639.8000,612.4000,612.4000,85304000.0
2015-08-24,573.0000,589.6000,589.6000,115406000.0
2015-08-25,615.0000,582.0000,582.0000,70760000.0
2015-08-26,610.4000,628.6000,628.6000,84718000.0
2015-08-27,639.4000,637.6000,637.6000,69826000.0
2015-08-28,632.8000,630.4000,630.4000,39574000.0
2015-08-31,627.6000,618.2000,618.2000,43534000.0
2015-09-01,602.4000,597.8000,597.8000,74042000.0
2015-09-02,605.6000,614.4000,614.4000,51512000.0
2015-09-03,617.0000,606.2000,606.2000,35192000.0
2015-09-04,600.0000,600.6000,600.6000,41780000.0
2015-09-08,612.4000,614.6000,614.6000,45590000.0
2015-09-09,621.2000,612.8000,612.8000,34042000.0
2015-09-10,613.2000,621.4000,621.4000,38106000.0
2015-09-11,619.8000,625.8000,625.8000,27470000.0
2015-09-14,625.6000,623.2000,623.2000,34046000.0
2015-09-15,626.6000,635.2000,635.2000,41688000.0
2015-09-16,635.4000,636.0000,636.0000,25730000.0
2015-09-17,637.8000,643.0000,643.0000,45494000.0
2015-09-18,636.8000,629.2000,629.2000,102668000.0
2015-09-21,634.4000,635.4000,635.4000,35770000.0
2015-09-22,627.0000,622.6000,622.6000,51258000.0
2015-09-23,622.0000,622.4000,622.4000,29418000.0
2015-09-24,616.6000,625.8000,625.8000,44802000.0
2015-09-25,629.8000,612.0000,612.0000,43480000.0
2015-09-28,610.4000,594.8000,594.8000,62554000.0
2015-09-29,597.2000,595.0000,595.0000,46190000.0
2015-09-30,603.2000,608.4000,608.4000,48268000.0
2015-10-01,608.4000,611.2000,611.2000,37352000.0
2015-10-02,607.2000,627.0000,627.0000,53696000.0
2015-10-05,632.0000,641.4000,641.4000,36072000.0
2015-10-06,638.8000,645.4000,645.4000,43326000.0
2015-10-07,649.2000,642.4000,642.4000,41854000.0
2015-10-08,641.4000,639.2000,639.2000,43642000.0
2015-10-09,640.0000,643.6000,643.6000,32974000.0
2015-10-12,642.0000,646.6000,646.6000,25504000.0
2015-10-13,643.2000,652.4000,652.4000,36154000.0
2015-10-14,653.2000,651.2000,651.2000,28310000.0
2015-10-15,654.6000,661.8000,661.8000,37714000.0
2015-10-16,664.2000,662.2000,662.2000,32222000.0
2015-10-19,661.2000,666.2000,666.2000,29546000.0
2015-10-20,664.0000,650.2000,650.2000,49964000.0
2015-10-21,654.2000,642.6000,642.6000,35822000.0
2015-10-22,646.6000,651.8000,651.8000,81420000.0
2015-10-23,727.6000,702.0000,702.0000,133078000.0
2015-10-26,701.6000,712.8000,712.8000,54332000.0
2015-10-27,707.4000,708.4000,708.4000,44916000.0
2015-10-28,707.4000,713.0000,713.0000,43578000.0
2015-10-29,710.6000,717.0000,717.0000,29120000.0
2015-10-30,715.8000,710.8000,710.8000,38176000.0
2015-11-02,711.0000,721.2000,721.2000,37726000.0
2015-11-03,718.8000,722.2000,722.2000,31308000.0
2015-11-04,722.0000,728.2000,728.2000,34134000.0
2015-11-05,729.4000,731.2000,731.2000,37232000.0
2015-11-06,731.6000,733.8000,733.8000,30232000.0
2015-11-09,730.2000,724.8000,724.8000,41396000.0
2015-11-10,724.4000,728.4000,728.4000,32160000.0
2015-11-11,732.4000,735.4000,735.4000,27328000.0
2015-11-12,731.0000,731.2000,731.2000,36744000.0
2015-11-13,729.2000,717.0000,717.0000,41510000.0
2015-11-16,715.6000,729.0000,729.0000,38118000.0
2015-11-17,729.2000,725.2000,725.2000,30218000.0
2015-11-18,727.6000,740.0000,740.0000,33686000.0
2015-11-19,738.8000,738.4000,738.4000,26542000.0
2015-11-20,746.6000,756.6000,756.6000,44246000.0
2015-11-23,757.4000,756.0000,756.0000,28290000.0
2015-11-24,752.0000,748.2000,748.2000,46662000.0
2015-11-25,748.2000,748.2000,748.2000,22442000.0
2015-11-27,748.4000,750.2000,750.2000,16770000.0
2015-11-30,748.8000,742.6000,742.6000,41952000.0
2015-12-01,747.2000,767.0000,767.0000,42692000.0
2015-12-02,768.8000,762.4000,762.4000,44608000.0
2015-12-03,766.0000,752.6000,752.6000,51812000.0
2015-12-04,753.0000,766.8000,766.8000,55146000.0
2015-12-07,767.8000,763.2000,763.2000,36246000.0
2015-12-08,757.8000,762.4000,762.4000,36590000.0
2015-12-09,759.2000,751.6000,751.6000,54000000.0
2015-12-10,752.8000,749.4000,749.4000,39768000.0
2015-12-11,741.2000,738.8000,738.8000,44488000.0
2015-12-14,741.8000,747.8000,747.8000,48250000.0
2015-12-15,753.0000,743.4000,743.4000,53324000.0
2015-12-16,750.0000,758.0000,758.0000,39866000.0
2015-12-17,762.4000,749.4000,749.4000,31068000.0
2015-12-18,746.6000,739.4000,739.4000,62974000.0
2015-12-21,746.2000,747.8000,747.8000,30514000.0
2015-12-22,751.6000,750.0000,750.0000,27308000.0
2015-12-23,753.4000,750.4000,750.4000,31318000.0
2015-12-24,749.6000,748.4000,748.4000,10544000.0
2015-12-28,753.0000,762.6000,762.6000,30306000.0
2015-12-29,766.6000,776.6000,776.6000,35300000.0
2015-12-30,776.6000,771.0000,771.0000,25866000.0
2015-12-31,769.4000,758.8000,758.8000,30018000.0
2016-01-04,743.0000,741.8000,741.8000,65456000.0
2016-01-05,746.4000,742.6000,742.6000,39014000.0
2016-01-06,730.0000,743.6000,743.6000,38940000.0
2016-01-07,730.4000,726.4000,726.4000,59274000.0
2016-01-08,731.4000,714.4000,714.4000,49018000.0
2016-01-11,716.6000,716.0000,716.0000,41812000.0
2016-01-12,721.6000,726.0000,726.0000,40490000.0
2016-01-13,730.8000,700.6000,700.6000,50034000.0
2016-01-14,705.4000,714.8000,714.8000,44516000.0
2016-01-15,692.2000,694.4000,694.4000,72162000.0
2016-01-19,703.4000,701.8000,701.8000,45362000.0
2016-01-20,688.6000,698.4000,698.4000,68900000.0
2016-01-21,702.2000,706.6000,706.6000,48244000.0
2016-01-22,723.6000,725.2000,725.2000,40236000.0
2016-01-25,723.6000,711.6000,711.6000,34234000.0
2016-01-26,713.8000,713.0000,713.0000,26634000.0
2016-01-27,713.6000,700.0000,700.0000,43884000.0
2016-01-28,722.2000,731.0000,731.0000,53528000.0
2016-01-29,731.6000,743.0000,743.0000,69486000.0
2016-02-01,750.4000,752.0000,752.0000,102784000.0
2016-02-02,784.4000,764.6000,764.6000,126962000.0
2016-02-03,770.2000,727.0000,727.0000,123420000.0
2016-02-04,722.8000,708.0000,708.0000,103374000.0
2016-02-05,703.8000,683.6000,683.6000,102114000.0
2016-02-08,667.8000,682.8000,682.8000,84948000.0
2016-02-09,672.4000,678.2000,678.2000,72178000.0
2016-02-10,686.8000,684.2000,684.2000,52760000.0
2016-02-11,675.0000,683.2000,683.2000,60480000.0
2016-02-12,690.2000,682.4000,682.4000,42828000.0
2016-02-16,693.0000,691.0000,691.0000,50400000.0
2016-02-17,698.0000,708.4000,708.4000,49852000.0
2016-02-18,710.0000,697.4000,697.4000,37664000.0
2016-02-19,695.0000,701.0000,701.0000,31786000.0
2016-02-22,707.4000,706.4000,706.4000,38996000.0
2016-02-23,701.4000,695.8000,695.8000,40186000.0
2016-02-24,689.0000,699.6000,699.6000,39272000.0
2016-02-25,700.0000,705.8000,705.8000,32844000.0
2016-02-26,708.6000,705.0000,705.0000,44870000.0
2016-02-29,700.4000,697.8000,697.8000,49622000.0
2016-03-01,703.6000,718.8000,718.8000,43028000.0
2016-03-02,719.0000,718.8000,718.8000,32580000.0
2016-03-03,718.6000,712.4000,712.4000,39160000.0
2016-03-04,715.0000,710.8000,710.8000,39442000.0
2016-03-07,707.0000,695.2000,695.2000,59702000.0
2016-03-08,688.6000,694.0000,694.0000,41526000.0
2016-03-09,698.4000,705.2000,705.2000,28430000.0
2016-03-10,708.2000,712.8000,712.8000,56670000.0
2016-03-11,720.0000,726.8000,726.8000,39416000.0
2016-03-14,726.8000,730.4000,730.4000,34366000.0
2016-03-15,727.0000,728.4000,728.4000,34420000.0
2016-03-16,726.4000,736.0000,736.0000,32488000.0
2016-03-17,736.4000,737.8000,737.8000,37216000.0
2016-03-18,741.8000,737.6000,737.6000,59614000.0
2016-03-21,736.6000,742.0000,742.0000,36730000.0
2016-03-22,737.4000,740.8000,740.8000,25394000.0
2016-03-23,742.4000,738.0000,738.0000,28642000.0
2016-03-24,732.0000,735.2000,735.2000,31898000.0
2016-03-28,736.8000,733.6000,733.6000,26026000.0
2016-03-29,734.6000,744.8000,744.8000,38076000.0
2016-03-30,750.2000,750.6000,750.6000,35648000.0
2016-03-31,749.2000,745.0000,745.0000,34376000.0
2016-04-01,738.6000,750.0000,750.0000,31534000.0
2016-04-04,750.0000,745.2000,745.2000,22684000.0
2016-04-05,738.0000,737.8000,737.8000,22646000.0
2016-04-06,735.8000,745.6000,745.6000,21074000.0
2016-04-07,745.4000,740.2000,740.2000,29064000.0
2016-04-08,744.0000,739.2000,739.2000,25816000.0
2016-04-11,743.0000,736.2000,736.2000,24402000.0
2016-04-12,738.0000,743.0000,743.0000,27060000.0
2016-04-13,749.2000,751.8000,751.8000,34142000.0
2016-04-14,754.0000,753.2000,753.2000,22706000.0
2016-04-15,754.0000,759.0000,759.0000,36186000.0
2016-04-18,760.4000,766.6000,766.6000,31176000.0
2016-04-19,769.6000,754.0000,754.0000,40610000.0
2016-04-20,758.0000,752.6000,752.6000,30584000.0
2016-04-21,755.4000,759.2000,759.2000,61210000.0
2016-04-22,726.2000,718.8000,718.8000,119038000.0
2016-04-25,716.2000,723.2000,723.2000,39184000.0
2016-04-26,725.4000,708.2000,708.2000,54892000.0
2016-04-27,707.2000,705.8000,705.8000,61972000.0
2016-04-28,708.2000,691.0000,691.0000,57346000.0
2016-04-29,690.6000,693.0000,693.0000,49754000.0
2016-05-02,697.6000,698.2000,698.2000,32906000.0
2016-05-03,696.8000,692.4000,692.4000,30876000.0
2016-05-04,690.4000,695.6000,695.6000,33870000.0
2016-05-05,697.6000,701.4000,701.4000,33670000.0
2016-05-06,698.4000,711.2000,711.2000,36586000.0
2016-05-09,712.0000,713.0000,713.0000,30206000.0
2016-05-10,716.8000,723.2000,723.2000,31392000.0
2016-05-11,723.4000,715.2000,715.2000,33842000.0
2016-05-12,717.0000,713.4000,713.4000,27214000.0
2016-05-13,712.0000,710.8000,710.8000,26290000.0
2016-05-16,709.2000,716.4000,716.4000,26342000.0
2016-05-17,716.0000,706.2000,706.2000,40024000.0
2016-05-18,703.6000,706.6000,706.6000,35336000.0
2016-05-19,702.4000,700.4000,700.4000,33404000.0
2016-05-20,701.6000,709.8000,709.8000,36568000.0
2016-05-23,706.6000,704.2000,704.2000,26614000.0
2016-05-24,706.8000,720.0000,720.0000,38590000.0
2016-05-25,720.8000,725.2000,725.2000,32584000.0
2016-05-26,722.8000,724.2000,724.2000,31526000.0
2016-05-27,724.0000,732.6000,732.6000,39500000.0
2016-05-31,731.8000,735.8000,735.8000,42590000.0
2016-06-01,734.6000,734.2000,734.2000,25072000.0
2016-06-02,732.6000,730.4000,730.4000,26836000.0
2016-06-03,729.2000,722.4000,722.4000,24526000.0
2016-06-06,725.0000,716.6000,716.6000,31306000.0
2016-06-07,719.8000,716.6000,716.6000,26724000.0
2016-06-08,724.0000,728.2000,728.2000,31674000.0
2016-06-09,722.8000,728.6000,728.6000,19778000.0
2016-06-10,719.4000,719.4000,719.4000,24328000.0
2016-06-13,716.6000,718.4000,718.4000,25178000.0
2016-06-14,716.4000,718.2000,718.2000,26122000.0
2016-06-15,719.0000,719.0000,719.0000,24290000.0
2016-06-16,715.0000,710.4000,710.4000,39650000.0
2016-06-17,708.6000,691.8000,691.8000,68048000.0
2016-06-20,698.8000,693.8000,693.8000,41650000.0
2016-06-21,698.4000,696.0000,696.0000,29312000.0
2016-06-22,699.0000,697.4000,697.4000,23686000.0
2016-06-23,697.4000,701.8000,701.8000,43428000.0
2016-06-24,675.2000,675.2000,675.2000,88980000.0
2016-06-27,671.0000,668.2000,668.2000,52580000.0
2016-06-28,679.0000,680.0000,680.0000,43476000.0
2016-06-29,683.0000,684.2000,684.2000,38652000.0
2016-06-30,685.4000,692.0000,692.0000,31954000.0
2016-07-01,692.2000,699.2000,699.2000,26894000.0
2016-07-05,696.0000,695.0000,695.0000,29252000.0
2016-07-06,690.0000,697.8000,697.8000,28238000.0
2016-07-07,698.0000,695.4000,695.4000,26084000.0
2016-07-08,699.4000,705.6000,705.6000,31504000.0
2016-07-11,708.0000,715.0000,715.0000,22236000.0
2016-07-12,719.2000,720.6000,720.6000,26738000.0
2016-07-13,723.6000,717.0000,717.0000,18718000.0
2016-07-14,721.6000,721.0000,721.0000,19004000.0
2016-07-15,725.8000,719.8000,719.8000,25586000.0
2016-07-18,722.8000,733.8000,733.8000,25910000.0
2016-07-19,729.8000,737.0000,737.0000,24550000.0
2016-07-20,737.4000,741.2000,741.2000,25794000.0
2016-07-21,740.4000,738.6000,738.6000,20526000.0
2016-07-22,741.8000,742.8000,742.8000,25196000.0
2016-07-25,740.6000,739.8000,739.8000,20648000.0
2016-07-26,739.0000,738.4000,738.4000,23734000.0
2016-07-27,738.2000,741.8000,741.8000,30250000.0
2016-07-28,747.0000,746.0000,746.0000,70604000.0
2016-07-29,772.8000,768.8000,768.8000,76830000.0
2016-08-01,761.0000,772.8000,772.8000,54010000.0
2016-08-02,768.6000,771.0000,771.0000,35690000.0
2016-08-03,767.2000,773.2000,773.2000,25748000.0
2016-08-04,772.2000,771.6000,771.6000,22806000.0
2016-08-05,773.8000,782.2000,782.2000,36024000.0
2016-08-08,782.0000,781.8000,781.8000,22158000.0
2016-08-09,781.2000,784.2000,784.2000,26378000.0
2016-08-10,783.8000,784.6000,784.6000,15728000.0
2016-08-11,785.0000,784.8000,784.8000,19502000.0
2016-08-12,781.6000,783.2000,783.2000,14810000.0
2016-08-15,783.8000,782.4000,782.4000,18764000.0
2016-08-16,780.2000,777.2000,777.2000,20560000.0
2016-08-17,777.4000,780.0000,780.0000,18484000.0
2016-08-18,780.0000,777.6000,777.6000,14388000.0
2016-08-19,775.0000,775.4000,775.4000,17230000.0
2016-08-22,773.2000,772.2000,772.2000,19028000.0
2016-08-23,775.4000,772.0000,772.0000,18564000.0
2016-08-24,770.6000,769.6000,769.6000,21440000.0
2016-08-25,767.0000,769.4000,769.4000,18538000.0
2016-08-26,769.0000,769.6000,769.6000,23334000.0
2016-08-29,768.8000,772.2000,772.2000,16952000.0
2016-08-30,769.4000,769.0000,769.0000,22600000.0
2016-08-31,767.0000,767.0000,767.0000,24972000.0
2016-09-01,769.2000,768.8000,768.8000,18502000.0
2016-09-02,773.0000,771.4000,771.4000,21454000.0
2016-09-06,773.4000,780.0000,780.0000,28856000.0
2016-09-07,780.0000,780.4000,780.4000,17874000.0
2016-09-08,778.6000,775.4000,775.4000,25406000.0
2016-09-09,770.2000,759.6000,759.6000,37710000.0
2016-09-12,755.2000,769.0000,769.0000,26220000.0
2016-09-13,764.4000,759.6000,759.6000,27900000.0
2016-09-14,759.6000,762.4000,762.4000,21748000.0
2016-09-15,762.8000,771.8000,771.8000,26102000.0
2016-09-16,769.8000,768.8000,768.8000,40986000.0
2016-09-19,772.4000,765.6000,765.6000,23456000.0
2016-09-20,769.0000,771.4000,771.4000,19572000.0
2016-09-21,772.6000,776.2000,776.2000,23356000.0
2016-09-22,780.0000,787.2000,787.2000,29724000.0
2016-09-23,786.6000,787.0000,787.0000,28238000.0
2016-09-26,782.8000,774.2000,774.2000,30664000.0
2016-09-27,775.6000,783.0000,783.0000,23064000.0
2016-09-28,777.8000,781.6000,781.6000,22196000.0
2016-09-29,781.4000,775.0000,775.0000,26294000.0
2016-09-30,776.4000,777.2000,777.2000,31706000.0
2016-10-03,774.2000,772.6000,772.6000,25576000.0
2016-10-04,776.0000,776.4000,776.4000,24028000.0
2016-10-05,779.4000,776.4000,776.4000,29224000.0
2016-10-06,779.0000,776.8000,776.8000,21414000.0
2016-10-07,779.6000,775.0000,775.0000,18664000.0
2016-10-10,777.8000,786.0000,786.0000,23498000.0
2016-10-11,786.6000,783.0000,783.0000,27450000.0
2016-10-12,783.8000,786.2000,786.2000,18748000.0
2016-10-13,781.2000,778.2000,778.2000,27306000.0
2016-10-14,781.6000,778.6000,778.6000,17050000.0
2016-10-17,779.8000,780.0000,780.0000,21860000.0
2016-10-18,787.8000,795.2000,795.2000,41138000.0
2016-10-19,798.2000,801.6000,801.6000,35336000.0
2016-10-20,803.4000,797.0000,797.0000,35150000.0
2016-10-21,795.0000,799.4000,799.4000,25324000.0
2016-10-24,804.8000,813.2000,813.2000,33950000.0
2016-10-25,816.6000,807.6000,807.6000,31528000.0
2016-10-26,806.4000,799.0000,799.0000,32954000.0
2016-10-27,801.0000,795.4000,795.4000,54984000.0
2016-10-28,808.4000,795.4000,795.4000,85398000.0
2016-10-31,795.4000,784.6000,784.6000,48546000.0
2016-11-01,782.8000,783.6000,783.6000,48128000.0
2016-11-02,778.2000,768.8000,768.8000,37448000.0
2016-11-03,767.2000,762.2000,762.2000,38864000.0
2016-11-04,750.6000,762.0000,762.0000,42696000.0
2016-11-07,774.4000,782.6000,782.6000,31702000.0
2016-11-08,783.4000,790.6000,790.6000,27338000.0
2016-11-09,780.0000,785.4000,785.4000,52142000.0
2016-11-10,791.2000,762.6000,762.6000,94904000.0
2016-11-11,756.6000,754.0000,754.0000,48636000.0
2016-11-14,755.6000,736.0000,736.0000,73088000.0
2016-11-15,747.0000,758.4000,758.4000,47680000.0
2016-11-16,755.2000,764.4000,764.4000,29452000.0
2016-11-17,767.0000,771.2000,771.2000,26080000.0
2016-11-18,771.4000,760.6000,760.6000,30942000.0
2016-11-21,762.6000,769.2000,769.2000,26612000.0
2016-11-22,772.6000,768.2000,768.2000,31862000.0
2016-11-23,767.8000,761.0000,761.0000,29568000.0
2016-11-25,764.2000,761.6000,761.6000,11748000.0
2016-11-28,760.0000,768.2000,768.2000,43764000.0
2016-11-29,771.6000,770.8000,770.8000,32332000.0
2016-11-30,770.0000,758.0000,758.0000,47858000.0
2016-12-01,757.4000,748.0000,748.0000,60358000.0
2016-12-02,744.6000,750.6000,750.6000,29050000.0
2016-12-05,757.8000,762.6000,762.6000,27884000.0
2016-12-06,764.8000,759.2000,759.2000,33814000.0
2016-12-07,761.0000,771.2000,771.2000,35220000.0
2016-12-08,772.4000,776.4000,776.4000,29762000.0
2016-12-09,780.0000,789.2000,789.2000,36438000.0
2016-12-12,785.0000,789.2000,789.2000,42082000.0
2016-12-13,793.8000,796.2000,796.2000,42904000.0
2016-12-14,797.4000,797.0000,797.0000,34084000.0
2016-12-15,797.4000,797.8000,797.8000,32530000.0
2016-12-16,800.4000,790.8000,790.8000,48876000.0
2016-12-19,790.2000,794.2000,794.2000,24642000.0
2016-12-20,796.8000,796.4000,796.4000,19020000.0
2016-12-21,795.8000,794.6000,794.6000,24226000.0
2016-12-22,792.4000,791.2000,791.2000,19444000.0
2016-12-23,790.8000,790.0000,790.0000,12468000.0
2016-12-27,790.6000,791.6000,791.6000,15782000.0
2016-12-28,793.8000,785.0000,785.0000,23076000.0
2016-12-29,783.4000,782.8000,782.8000,14886000.0
2016-12-30,782.8000,771.8000,771.8000,35400000.0
2017-01-03,778.8000,786.2000,786.2000,33146000.0
2017-01-04,788.4000,787.0000,787.0000,21460000.0
2017-01-05,786.0000,794.0000,794.0000,26704000.0
2017-01-06,795.2000,806.2000,806.2000,32804000.0
2017-01-09,806.4000,806.6000,806.6000,25492000.0
2017-01-10,807.8000,804.8000,804.8000,23536000.0
2017-01-11,805.0000,808.0000,808.0000,21318000.0
2017-01-12,807.2000,806.4000,806.4000,27062000.0
2017-01-13,807.4000,807.8000,807.8000,21984000.0
2017-01-17,807.0000,804.6000,804.6000,27242000.0
2017-01-18,805.8000,806.0000,806.0000,25888000.0
2017-01-19,805.2000,802.2000,802.2000,18386000.0
2017-01-20,807.0000,805.0000,805.0000,33400000.0
2017-01-23,807.2000,819.4000,819.4000,39272000.0
2017-01-24,822.4000,823.8000,823.8000,29480000.0
2017-01-25,829.6000,835.6000,835.6000,29890000.0
2017-01-26,837.8000,832.2000,832.2000,59478000.0
2017-01-27,834.8000,823.4000,823.4000,59316000.0
2017-01-30,814.6000,802.4000,802.4000,64932000.0
2017-01-31,796.8000,796.8000,796.8000,43212000.0
2017-02-01,799.6000,795.6000,795.6000,40594000.0
2017-02-02,793.8000,798.6000,798.6000,30642000.0
2017-02-03,803.0000,801.4000,801.4000,29268000.0
2017-02-06,799.8000,801.4000,801.4000,23690000.0
2017-02-07,804.0000,807.0000,807.0000,24824000.0
2017-02-08,807.0000,808.4000,808.4000,23106000.0
2017-02-09,809.6000,809.6000,809.6000,19794000.0
2017-02-10,811.6000,813.6000,813.6000,22700000.0
2017-02-13,816.0000,819.2000,819.2000,24266000.0
2017-02-14,819.0000,820.4000,820.4000,21094000.0
2017-02-15,819.4000,819.0000,819.0000,26272000.0
2017-02-16,820.0000,824.2000,824.2000,25752000.0
2017-02-17,823.0000,828.0000,828.0000,32220000.0
2017-02-21,828.6000,831.6000,831.6000,25246000.0
2017-02-22,828.6000,830.8000,830.8000,19658000.0
2017-02-23,830.2000,831.4000,831.4000,29456000.0
2017-02-24,827.8000,828.6000,828.6000,27844000.0
2017-02-27,824.6000,829.2000,829.2000,22030000.0
2017-02-28,825.6000,823.2000,823.2000,45216000.0
2017-03-01,828.8000,835.2000,835.2000,29930000.0
2017-03-02,833.8000,830.6000,830.6000,18850000.0
2017-03-03,830.6000,829.0000,829.0000,17928000.0
2017-03-06,827.0000,827.8000,827.8000,22180000.0
2017-03-07,827.4000,832.0000,832.0000,20752000.0
2017-03-08,833.6000,835.4000,835.4000,19796000.0
2017-03-09,836.0000,838.6000,838.6000,25230000.0
2017-03-10,843.2000,843.2000,843.2000,34080000.0
2017-03-13,844.0000,845.6000,845.6000,24472000.0
2017-03-14,843.6000,845.6000,845.6000,15598000.0
2017-03-15,847.6000,847.2000,847.2000,27630000.0
2017-03-16,849.0000,848.8000,848.8000,19552000.0
2017-03-17,851.6000,852.2000,852.2000,34246000.0
2017-03-20,850.0000,848.4000,848.4000,24630000.0
2017-03-21,851.4000,830.4000,830.4000,49270000.0
2017-03-22,832.0000,829.6000,829.6000,28030000.0
2017-03-23,821.0000,817.6000,817.6000,69742000.0
2017-03-24,820.0000,814.4000,814.4000,39620000.0
2017-03-27,807.0000,819.6000,819.6000,37886000.0
2017-03-28,820.4000,821.0000,821.0000,32410000.0
2017-03-29,825.0000,831.4000,831.4000,35726000.0
2017-03-30,833.4000,831.6000,831.6000,21106000.0
2017-03-31,829.0000,829.6000,829.6000,28038000.0
2017-04-03,829.2000,838.6000,838.6000,33430000.0
2017-04-04,831.4000,834.6000,834.6000,20908000.0
2017-04-05,835.6000,831.4000,831.4000,31106000.0
2017-04-06,832.4000,827.8000,827.8000,25088000.0
2017-04-07,828.0000,824.6000,824.6000,21146000.0
2017-04-10,825.4000,824.8000,824.8000,19578000.0
2017-04-11,824.8000,823.4000,823.4000,21594000.0
2017-04-12,822.0000,824.4000,824.4000,18010000.0
2017-04-13,822.2000,823.6000,823.6000,22448000.0
2017-04-17,825.0000,837.2000,837.2000,17900000.0
2017-04-18,834.2000,836.8000,836.8000,16734000.0
2017-04-19,839.8000,838.2000,838.2000,19084000.0
2017-04-20,841.4000,841.6000,841.6000,19180000.0
2017-04-21,842.8000,843.2000,843.2000,26472000.0
2017-04-24,851.2000,862.8000,862.8000,27450000.0
2017-04-25,865.0000,872.4000,872.4000,33440000.0
2017-04-26,874.2000,871.8000,871.8000,24744000.0
2017-04-27,873.6000,874.2000,874.2000,40536000.0
2017-04-28,910.6000,906.0000,906.0000,65526000.0
2017-05-01,902.0000,912.6000,912.6000,42320000.0
2017-05-02,909.6000,916.4000,916.4000,31744000.0
2017-05-03,914.8000,927.0000,927.0000,29990000.0
2017-05-04,926.0000,931.6000,931.6000,28442000.0
2017-05-05,933.6000,927.2000,927.2000,38226000.0
2017-05-08,926.2000,934.4000,934.4000,26596000.0
2017-05-09,937.0000,932.2000,932.2000,31636000.0
2017-05-10,932.0000,928.8000,928.8000,23478000.0
2017-05-11,925.4000,930.6000,930.6000,16700000.0
2017-05-12,931.6000,932.2000,932.2000,21012000.0
2017-05-15,933.0000,937.0000,937.0000,22162000.0
2017-05-16,940.0000,943.0000,943.0000,19390000.0
2017-05-17,935.6000,919.6000,919.6000,47242000.0
2017-05-18,921.0000,930.2000,930.2000,31938000.0
2017-05-19,931.4000,934.0000,934.0000,27860000.0
2017-05-22,935.0000,941.8000,941.8000,22408000.0
2017-05-23,948.0000,948.8000,948.8000,25416000.0
2017-05-24,953.0000,955.0000,955.0000,20496000.0
2017-05-25,957.4000,969.6000,969.6000,33210000.0
2017-05-26,969.8000,971.4000,971.4000,25040000.0
2017-05-30,970.4000,975.8000,975.8000,29334000.0
2017-05-31,975.0000,964.8000,964.8000,48962000.0
2017-06-01,969.0000,967.0000,967.0000,28210000.0
2017-06-02,969.4000,975.6000,975.6000,35020000.0
2017-06-05,976.6000,983.6000,983.6000,25042000.0
2017-06-06,983.2000,976.6000,976.6000,36292000.0
2017-06-07,980.0000,981.0000,981.0000,29078000.0
2017-06-08,982.4000,983.4000,983.4000,29638000.0
2017-06-09,984.4000,949.8000,949.8000,66188000.0
2017-06-12,939.6000,943.0000,943.0000,75270000.0
2017-06-13,952.0000,953.4000,953.4000,40266000.0
2017-06-14,960.0000,950.8000,950.8000,29794000.0
2017-06-15,934.0000,942.4000,942.4000,42662000.0
2017-06-16,940.0000,939.8000,939.8000,61894000.0
2017-06-19,950.0000,957.4000,957.4000,30666000.0
2017-06-20,957.6000,950.6000,950.6000,22520000.0
2017-06-21,953.6000,959.4000,959.4000,24044000.0
2017-06-22,958.8000,957.0000,957.0000,18828000.0
2017-06-23,956.8000,965.6000,965.6000,30558000.0
2017-06-26,969.8000,952.2000,952.2000,31968000.0
2017-06-27,942.4000,927.4000,927.4000,51598000.0
2017-06-28,929.0000,940.4000,940.4000,54428000.0
2017-06-29,930.0000,917.8000,917.8000,65984000.0
2017-06-30,926.0000,908.8000,908.8000,41804000.0
2017-07-03,912.2000,898.8000,898.8000,34196000.0
2017-07-05,901.8000,911.8000,911.8000,36278000.0
2017-07-06,904.2000,906.6000,906.6000,28490000.0
2017-07-07,908.8000,918.6000,918.6000,32756000.0
2017-07-10,921.8000,928.8000,928.8000,23856000.0
2017-07-11,929.6000,930.0000,930.0000,22264000.0
2017-07-12,938.6000,943.8000,943.8000,30642000.0
2017-07-13,946.2000,947.2000,947.2000,25894000.0
2017-07-14,952.0000,956.0000,956.0000,21076000.0
2017-07-17,957.0000,953.4000,953.4000,23310000.0
2017-07-18,953.0000,965.4000,965.4000,23080000.0
2017-07-19,967.8000,970.8000,970.8000,24490000.0
2017-07-20,975.0000,968.2000,968.2000,32490000.0
2017-07-21,962.2000,973.0000,973.0000,34220000.0
2017-07-24,972.2000,980.4000,980.4000,64966000.0
2017-07-25,953.8000,950.6000,950.6000,93220000.0
2017-07-26,954.6000,947.8000,947.8000,41766000.0
2017-07-27,951.8000,934.0000,934.0000,64260000.0
2017-07-28,929.4000,941.6000,941.6000,36928000.0
2017-07-31,941.8000,930.6000,930.6000,39402000.0
2017-08-01,932.4000,930.8000,930.8000,25554000.0
2017-08-02,928.6000,930.4000,930.4000,36488000.0
2017-08-03,930.4000,923.6000,923.6000,24050000.0
2017-08-04,926.8000,928.0000,928.0000,21646000.0
2017-08-07,929.0000,929.4000,929.4000,20644000.0
2017-08-08,927.0000,926.8000,926.8000,21232000.0
2017-08-09,920.6000,923.0000,923.0000,23842000.0
2017-08-10,917.6000,907.2000,907.2000,36480000.0
2017-08-11,908.0000,914.4000,914.4000,24136000.0
2017-08-14,922.6000,922.6000,922.6000,21290000.0
2017-08-15,924.2000,922.2000,922.2000,17668000.0
2017-08-16,925.2000,927.0000,927.0000,20134000.0
2017-08-17,925.8000,911.0000,911.0000,25544000.0
2017-08-18,910.4000,910.6000,910.6000,26854000.0
2017-08-21,910.0000,906.6000,906.6000,18868000.0
2017-08-22,912.8000,924.6000,924.6000,23334000.0
2017-08-23,922.0000,927.0000,927.0000,21804000.0
2017-08-24,928.6000,921.2000,921.2000,25406000.0
2017-08-25,923.4000,915.8000,915.8000,21068000.0
2017-08-28,916.0000,913.8000,913.8000,21730000.0
2017-08-29,905.2000,921.2000,921.2000,23712000.0
2017-08-30,920.0000,929.6000,929.6000,26024000.0
2017-08-31,931.8000,939.4000,939.4000,31652000.0
2017-09-01,941.2000,937.4000,937.4000,18948000.0
2017-09-05,933.0000,928.4000,928.4000,26528000.0
2017-09-06,930.2000,927.8000,927.8000,30554000.0
2017-09-07,931.8000,936.0000,936.0000,24254000.0
2017-09-08,936.4000,926.6000,926.6000,20230000.0
2017-09-11,934.2000,929.0000,929.0000,25340000.0
2017-09-12,932.6000,932.0000,932.0000,22688000.0
2017-09-13,930.6000,935.0000,935.0000,22052000.0
2017-09-14,931.2000,925.2000,925.2000,27952000.0
2017-09-15,924.6000,920.2000,920.2000,50108000.0
2017-09-18,920.0000,915.0000,915.0000,26138000.0
2017-09-19,917.4000,921.8000,921.8000,18734000.0
2017-09-20,923.0000,931.6000,931.6000,33396000.0
2017-09-21,933.0000,932.4000,932.4000,25812000.0
2017-09-22,927.8000,928.6000,928.6000,21054000.0
2017-09-25,925.4000,921.0000,921.0000,37136000.0
2017-09-26,923.8000,924.8000,924.8000,33338000.0
2017-09-27,927.8000,944.4000,944.4000,44788000.0
2017-09-28,941.4000,949.4000,949.4000,20406000.0
2017-09-29,952.0000,959.2000,959.2000,31620000.0
2017-10-02,960.0000,953.2000,953.2000,25668000.0
2017-10-03,954.0000,957.8000,957.8000,17766000.0
2017-10-04,957.0000,951.6000,951.6000,19048000.0
2017-10-05,955.4000,970.0000,970.0000,24276000.0
2017-10-06,966.6000,978.8000,978.8000,23478000.0
2017-10-09,980.0000,977.0000,977.0000,17828000.0
2017-10-10,980.0000,972.6000,972.6000,19368000.0
2017-10-11,973.8000,989.2000,989.2000,33866000.0
2017-10-12,987.4000,987.8000,987.8000,25248000.0
2017-10-13,992.0000,989.6000,989.6000,23396000.0
2017-10-16,992.0000,992.0000,992.0000,18210000.0
2017-10-17,990.2000,992.2000,992.2000,25804000.0
2017-10-18,991.8000,992.8000,992.8000,21152000.0
2017-10-19,986.0000,984.4000,984.4000,26272000.0
2017-10-20,989.4000,988.2000,988.2000,23664000.0
2017-10-23,989.6000,968.4000,968.4000,29568000.0
2017-10-24,970.0000,970.6000,970.6000,24244000.0
2017-10-25,968.4000,973.4000,973.4000,24226000.0
2017-10-26,980.0000,972.6000,972.6000,40842000.0
2017-10-27,1009.2000,1019.2000,1019.2000,103354000.0
2017-10-30,1014.0000,1017.2000,1017.2000,41702000.0
2017-10-31,1015.2000,1016.6000,1016.6000,26614000.0
2017-11-01,1017.2000,1025.6000,1025.6000,27468000.0
2017-11-02,1021.8000,1025.6000,1025.6000,20980000.0
2017-11-03,1022.2000,1032.4000,1032.4000,21528000.0
2017-11-06,1029.0000,1025.8000,1025.8000,22504000.0
2017-11-07,1027.2000,1033.4000,1033.4000,22246000.0
2017-11-08,1030.6000,1039.8000,1039.8000,21774000.0
2017-11-09,1034.0000,1031.2000,1031.2000,24904000.0
2017-11-10,1026.4000,1028.0000,1028.0000,14400000.0
2017-11-13,1023.4000,1025.8000,1025.8000,17716000.0
2017-11-14,1022.6000,1026.0000,1026.0000,19184000.0
2017-11-15,1019.2000,1021.0000,1021.0000,17080000.0
2017-11-16,1022.6000,1032.6000,1032.6000,22594000.0
2017-11-17,1034.0000,1019.0000,1019.0000,27942000.0
2017-11-20,1020.2000,1018.4000,1018.4000,19070000.0
2017-11-21,1023.4000,1034.4000,1034.4000,21940000.0
2017-11-22,1035.0000,1036.0000,1036.0000,14926000.0
2017-11-24,1035.8000,1040.6000,1040.6000,10740000.0
2017-11-27,1040.0000,1054.2000,1054.2000,26158000.0
2017-11-28,1055.0000,1047.4000,1047.4000,28488000.0
2017-11-29,1042.6000,1021.6000,1021.6000,49188000.0
2017-11-30,1022.4000,1021.4000,1021.4000,34480000.0
2017-12-01,1015.8000,1010.2000,1010.2000,38192000.0
2017-12-04,1012.6000,998.6000,998.6000,38128000.0
2017-12-05,996.0000,1005.2000,1005.2000,41346000.0
2017-12-06,1001.6000,1018.4000,1018.4000,25440000.0
2017-12-07,1020.4000,1031.0000,1031.0000,29164000.0
2017-12-08,1037.4000,1037.0000,1037.0000,25816000.0
2017-12-11,1035.6000,1041.2000,1041.2000,23856000.0
2017-12-12,1039.6000,1040.4000,1040.4000,25590000.0
2017-12-13,1046.2000,1040.6000,1040.6000,25654000.0
2017-12-14,1045.0000,1049.2000,1049.2000,31174000.0
2017-12-15,1054.6000,1064.2000,1064.2000,65518000.0
2017-12-18,1066.0000,1077.2000,1077.2000,31092000.0
2017-12-19,1075.2000,1070.6000,1070.6000,26774000.0
2017-12-20,1071.8000,1065.0000,1065.0000,25372000.0
2017-12-21,1065.0000,1063.6000,1063.6000,19914000.0
2017-12-22,1061.2000,1060.2000,1060.2000,15102000.0
2017-12-26,1058.0000,1056.8000,1056.8000,15212000.0
2017-12-27,1057.4000,1049.4000,1049.4000,25438000.0
2017-12-28,1051.6000,1048.2000,1048.2000,16742000.0
2017-12-29,1046.8000,1046.4000,1046.4000,17750000.0
2018-01-02,1048.4000,1065.0000,1065.0000,24752000.0
2018-01-03,1064.4000,1082.4000,1082.4000,28604000.0
2018-01-04,1088.0000,1086.4000,1086.4000,20092000.0
2018-01-05,1094.0000,1102.2000,1102.2000,25582000.0
2018-01-08,1102.2000,1107.0000,1107.0000,20952000.0
2018-01-09,1109.4000,1106.2000,1106.2000,18050000.0
2018-01-10,1097.0000,1102.6000,1102.6000,20856000.0
2018-01-11,1106.2000,1105.6000,1105.6000,19566000.0
2018-01-12,1102.4000,1122.2000,1122.2000,34410000.0
2018-01-16,1132.6000,1121.8000,1121.8000,31506000.0
2018-01-17,1126.2000,1132.0000,1132.0000,24052000.0
2018-01-18,1131.4000,1129.8000,1129.8000,23964000.0
2018-01-19,1131.8000,1137.6000,1137.6000,35564000.0
2018-01-22,1137.4000,1155.8000,1155.8000,32360000.0
2018-01-23,1159.8000,1170.0000,1170.0000,26662000.0
2018-01-24,1177.4000,1164.2000,1164.2000,28332000.0
2018-01-25,1172.6000,1170.4000,1170.4000,29610000.0
2018-01-26,1175.0000,1175.8000,1175.8000,40376000.0
2018-01-29,1176.4000,1175.6000,1175.6000,27578000.0
2018-01-30,1167.8000,1163.6000,1163.6000,31126000.0
2018-01-31,1170.6000,1170.0000,1170.0000,30774000.0
2018-02-01,1162.6000,1167.6000,1167.6000,48242000.0
2018-02-02,1122.0000,1112.0000,1112.0000,97158000.0
2018-02-05,1090.6000,1055.8000,1055.8000,75966000.0
2018-02-06,1027.2000,1080.6000,1080.6000,68960000.0
2018-02-07,1081.6000,1048.6000,1048.6000,47384000.0
2018-02-08,1055.4000,1001.6000,1001.6000,57182000.0
2018-02-09,1017.2000,1037.8000,1037.8000,70118000.0
2018-02-12,1048.0000,1052.0000,1052.0000,41154000.0
2018-02-13,1045.0000,1052.0000,1052.0000,25302000.0
2018-02-14,1049.0000,1069.8000,1069.8000,31116000.0
2018-02-15,1079.0000,1089.6000,1089.6000,36868000.0
2018-02-16,1088.4000,1094.8000,1094.8000,33590000.0
2018-02-20,1090.6000,1102.4000,1102.4000,28462000.0
2018-02-21,1106.4000,1111.4000,1111.4000,30258000.0
2018-02-22,1116.2000,1106.6000,1106.6000,26344000.0
2018-02-23,1112.6000,1126.8000,1126.8000,25220000.0
2018-02-26,1127.8000,1143.8000,1143.8000,31182000.0
2018-02-27,1141.2000,1118.2000,1118.2000,35482000.0
2018-02-28,1123.0000,1104.8000,1104.8000,37652000.0
2018-03-01,1107.8000,1069.6000,1069.6000,50318000.0
2018-03-02,1053.0000,1079.0000,1079.0000,45432000.0
2018-03-05,1075.2000,1091.0000,1091.0000,24044000.0
2018-03-06,1099.2000,1095.0000,1095.0000,30656000.0
2018-03-07,1089.2000,1109.6000,1109.6000,25850000.0
2018-03-08,1115.4000,1126.0000,1126.0000,27102000.0
2018-03-09,1136.0000,1160.0000,1160.0000,42560000.0
2018-03-12,1163.8000,1164.4000,1164.4000,43446000.0
2018-03-13,1170.0000,1138.2000,1138.2000,38144000.0
2018-03-14,1145.2000,1149.4000,1149.4000,25828000.0
2018-03-15,1150.0000,1149.6000,1149.6000,27908000.0
2018-03-16,1154.2000,1135.8000,1135.8000,61840000.0
2018-03-19,1120.0000,1099.8000,1099.8000,56118000.0
2018-03-20,1099.0000,1097.8000,1097.8000,36638000.0
2018-03-21,1092.8000,1090.8000,1090.8000,37578000.0
2018-03-22,1081.8000,1049.0000,1049.0000,53340000.0
2018-03-23,1047.0000,1021.6000,1021.6000,43134000.0
2018-03-26,1046.0000,1053.2000,1053.2000,53302000.0
2018-03-27,1063.0000,1005.2000,1005.2000,61906000.0
2018-03-28,998.0000,1004.6000,1004.6000,67386000.0
2018-03-29,1011.6000,1031.8000,1031.8000,54536000.0
2018-04-02,1022.8000,1006.4000,1006.4000,53608000.0
2018-04-03,1014.0000,1013.4000,1013.4000,45502000.0
2018-04-04,993.4000,1025.2000,1025.2000,49694000.0
2018-04-05,1041.4000,1027.8000,1027.8000,27260000.0
2018-04-06,1020.0000,1007.0000,1007.0000,34928000.0
2018-04-09,1016.8000,1015.4000,1015.4000,35032000.0
2018-04-10,1026.4000,1031.6000,1031.6000,39490000.0
2018-04-11,1028.0000,1020.0000,1020.0000,29678000.0
2018-04-12,1025.0000,1032.6000,1032.6000,27140000.0
2018-04-13,1040.8000,1029.2000,1029.2000,24460000.0
2018-04-16,1037.0000,1038.0000,1038.0000,24224000.0
2018-04-17,1051.4000,1074.2000,1074.2000,46406000.0
2018-04-18,1077.4000,1072.0000,1072.0000,26882000.0
2018-04-19,1069.4000,1087.6000,1087.6000,34954000.0
2018-04-20,1082.0000,1073.0000,1073.0000,37794000.0
2018-04-23,1077.8000,1067.4000,1067.4000,46826000.0
2018-04-24,1052.0000,1020.0000,1020.0000,95206000.0
2018-04-25,1025.6000,1021.2000,1021.2000,47822000.0
2018-04-26,1029.6000,1040.0000,1040.0000,41590000.0
2018-04-27,1046.0000,1030.0000,1030.0000,32396000.0
2018-04-30,1030.0000,1017.4000,1017.4000,33426000.0
2018-05-01,1013.6000,1037.4000,1037.4000,28558000.0
2018-05-02,1028.0000,1024.4000,1024.4000,32062000.0
2018-05-03,1019.0000,1023.8000,1023.8000,36302000.0
2018-05-04,1017.0000,1048.2000,1048.2000,38774000.0
2018-05-07,1049.2000,1054.8000,1054.8000,29322000.0
2018-05-08,1058.6000,1054.0000,1054.0000,24354000.0
2018-05-09,1058.0000,1082.8000,1082.8000,40656000.0
2018-05-10,1086.0000,1097.6000,1097.6000,28860000.0
2018-05-11,1093.6000,1098.2000,1098.2000,25074000.0
2018-05-14,1100.0000,1100.2000,1100.2000,30362000.0
2018-05-15,1090.0000,1079.2000,1079.2000,29898000.0
2018-05-16,1077.4000,1081.8000,1081.8000,21946000.0
2018-05-17,1079.8000,1078.6000,1078.6000,20876000.0
2018-05-18,1061.8000,1066.4000,1066.4000,31304000.0
2018-05-21,1074.0000,1079.6000,1079.6000,20464000.0
2018-05-22,1083.6000,1069.8000,1069.8000,21800000.0
2018-05-23,1065.2000,1079.6000,1079.6000,21214000.0
2018-05-24,1079.0000,1079.2000,1079.2000,15336000.0
2018-05-25,1079.0000,1075.6000,1075.6000,17988000.0
2018-05-29,1064.8000,1060.4000,1060.4000,37302000.0
2018-05-30,1063.0000,1067.8000,1067.8000,22770000.0
2018-05-31,1067.6000,1085.0000,1085.0000,61766000.0
2018-06-01,1099.4000,1119.4000,1119.4000,48432000.0
2018-06-04,1122.4000,1139.2000,1139.2000,37792000.0
2018-06-05,1141.0000,1139.6000,1139.6000,33560000.0
2018-06-06,1142.2000,1136.8000,1136.8000,33964000.0
2018-06-07,1131.4000,1123.8000,1123.8000,30400000.0
2018-06-08,1118.2000,1120.8000,1120.8000,25816000.0
2018-06-11,1118.6000,1130.0000,1130.0000,21586000.0
2018-06-12,1131.0000,1139.4000,1139.4000,18240000.0
2018-06-13,1141.2000,1134.8000,1134.8000,30128000.0
2018-06-14,1143.8000,1152.2000,1152.2000,26868000.0
2018-06-15,1148.8000,1152.2000,1152.2000,42450000.0
2018-06-18,1143.6000,1173.4000,1173.4000,28274000.0
2018-06-19,1158.4000,1168.0000,1168.0000,32420000.0
2018-06-20,1175.4000,1169.8000,1169.8000,32970000.0
2018-06-21,1174.8000,1157.6000,1157.6000,24762000.0
2018-06-22,1159.2000,1155.4000,1155.4000,26220000.0
2018-06-25,1143.6000,1124.8000,1124.8000,43146000.0
2018-06-26,1128.0000,1118.4000,1118.4000,31264000.0
2018-06-27,1121.4000,1104.0000,1104.0000,25878000.0
2018-06-28,1102.0000,1114.2000,1114.2000,21448000.0
2018-06-29,1120.0000,1115.6000,1115.6000,26302000.0
2018-07-02,1099.0000,1127.4000,1127.4000,24346000.0
2018-07-03,1135.8000,1102.8000,1102.8000,13580000.0
2018-07-05,1110.6000,1124.2000,1124.2000,21334000.0
2018-07-06,1123.6000,1140.2000,1140.2000,19922000.0
2018-07-09,1148.4000,1154.0000,1154.0000,18180000.0
2018-07-10,1157.0000,1152.8000,1152.8000,15968000.0
2018-07-11,1144.6000,1153.8000,1153.8000,22400000.0
2018-07-12,1159.8000,1183.4000,1183.4000,25038000.0
2018-07-13,1185.0000,1188.8000,1188.8000,24438000.0
2018-07-16,1189.4000,1183.8000,1183.8000,21114000.0
2018-07-17,1172.2000,1198.8000,1198.8000,32208000.0
2018-07-18,1196.6000,1195.8000,1195.8000,27872000.0
2018-07-19,1191.0000,1187.0000,1187.0000,25534000.0
2018-07-20,1187.0000,1185.0000,1185.0000,24948000.0
2018-07-23,1181.0000,1205.6000,1205.6000,52384000.0
2018-07-24,1262.6000,1248.0000,1248.0000,66364000.0
2018-07-25,1239.2000,1263.8000,1263.8000,42556000.0
2018-07-26,1251.0000,1268.4000,1268.4000,48112000.0
2018-07-27,1271.0000,1238.4000,1238.4000,42612000.0
2018-07-30,1228.0000,1219.8000,1219.8000,36998000.0
2018-07-31,1220.0000,1217.2000,1217.2000,32894000.0
2018-08-01,1228.0000,1220.0000,1220.0000,31344000.0
2018-08-02,1205.8000,1226.2000,1226.2000,30626000.0
2018-08-03,1229.6000,1223.8000,1223.8000,21792000.0
2018-08-06,1225.0000,1224.8000,1224.8000,21634000.0
2018-08-07,1237.0000,1242.2000,1242.2000,29880000.0
2018-08-08,1240.4000,1245.6000,1245.6000,27406000.0
2018-08-09,1249.8000,1249.2000,1249.2000,16972000.0
2018-08-10,1243.0000,1237.6000,1237.6000,22174000.0
2018-08-13,1237.0000,1235.0000,1235.0000,19946000.0
2018-08-14,1235.2000,1242.0000,1242.0000,26962000.0
2018-08-15,1229.2000,1214.4000,1214.4000,36576000.0
2018-08-16,1224.8000,1206.4000,1206.4000,26864000.0
2018-08-17,1202.0000,1201.0000,1201.0000,27792000.0
2018-08-20,1205.0000,1207.8000,1207.8000,17416000.0
2018-08-21,1208.0000,1201.6000,1201.6000,24112000.0
2018-08-22,1200.0000,1207.4000,1207.4000,17748000.0
2018-08-23,1207.2000,1205.4000,1205.4000,19852000.0
2018-08-24,1208.8000,1220.6000,1220.6000,18932000.0
2018-08-27,1227.6000,1241.8000,1241.8000,23126000.0
2018-08-28,1241.2000,1231.2000,1231.2000,26080000.0
2018-08-29,1237.4000,1249.4000,1249.4000,25978000.0
2018-08-30,1244.2000,1239.2000,1239.2000,26628000.0
2018-08-31,1235.0000,1218.2000,1218.2000,36328000.0
2018-09-04,1204.2000,1197.0000,1197.0000,36620000.0
2018-09-05,1193.8000,1186.4000,1186.4000,41226000.0
2018-09-06,1186.2000,1171.4000,1171.4000,37770000.0
2018-09-07,1158.6000,1164.8000,1164.8000,28026000.0
2018-09-10,1172.2000,1164.6000,1164.6000,22308000.0
2018-09-11,1161.6000,1177.4000,1177.4000,24186000.0
2018-09-12,1172.8000,1162.8000,1162.8000,25910000.0
2018-09-13,1170.8000,1175.4000,1175.4000,28624000.0
2018-09-14,1179.2000,1172.6000,1172.6000,18880000.0
2018-09-17,1170.2000,1156.0000,1156.0000,26130000.0
2018-09-18,1157.0000,1161.2000,1161.2000,24072000.0
2018-09-19,1165.0000,1171.0000,1171.0000,23828000.0
2018-09-20,1180.0000,1186.8000,1186.8000,24508000.0
2018-09-21,1192.0000,1166.0000,1166.0000,88112000.0
2018-09-24,1157.2000,1173.4000,1173.4000,25420000.0
2018-09-25,1176.2000,1184.6000,1184.6000,19554000.0
2018-09-26,1185.2000,1180.4000,1180.4000,29246000.0
2018-09-27,1186.8000,1194.6000,1194.6000,25216000.0
2018-09-28,1191.8000,1193.4000,1193.4000,27612000.0
2018-10-01,1199.8000,1195.4000,1195.4000,27152000.0
2018-10-02,1191.0000,1200.2000,1200.2000,33758000.0
2018-10-03,1205.0000,1203.0000,1203.0000,25124000.0
2018-10-04,1195.4000,1168.2000,1168.2000,44190000.0
2018-10-05,1167.6000,1157.4000,1157.4000,23686000.0
2018-10-08,1150.2000,1149.0000,1149.0000,38648000.0
2018-10-09,1146.2000,1138.8000,1138.8000,26174000.0
2018-10-10,1131.0000,1081.2000,1081.2000,53514000.0
2018-10-11,1073.0000,1079.4000,1079.4000,58980000.0
2018-10-12,1108.0000,1110.0000,1110.0000,42026000.0
2018-10-15,1109.0000,1092.2000,1092.2000,27448000.0
2018-10-16,1104.6000,1121.2000,1121.2000,38570000.0
2018-10-17,1126.4000,1115.6000,1115.6000,29344000.0
2018-10-18,1121.8000,1088.0000,1088.0000,41890000.0
2018-10-19,1093.4000,1096.4000,1096.4000,25352000.0
2018-10-22,1103.0000,1101.2000,1101.2000,30284000.0
2018-10-23,1080.8000,1103.6000,1103.6000,36974000.0
2018-10-24,1104.2000,1050.8000,1050.8000,39648000.0
2018-10-25,1071.8000,1095.6000,1095.6000,50916000.0
2018-10-26,1037.0000,1071.4000,1071.4000,83752000.0
2018-10-29,1082.4000,1020.0000,1020.0000,77614000.0
2018-10-30,1008.4000,1036.2000,1036.2000,64254000.0
2018-10-31,1059.8000,1076.8000,1076.8000,50596000.0
2018-11-01,1075.8000,1070.0000,1070.0000,29640000.0
2018-11-02,1073.8000,1057.8000,1057.8000,36780000.0
2018-11-05,1055.0000,1040.0000,1040.0000,48828000.0
2018-11-06,1039.4000,1055.8000,1055.8000,24666000.0
2018-11-07,1069.0000,1093.4000,1093.4000,41168000.0
2018-11-08,1091.4000,1082.4000,1082.4000,29764000.0
2018-11-09,1074.0000,1066.2000,1066.2000,26864000.0
2018-11-12,1061.4000,1038.6000,1038.6000,29436000.0
2018-11-13,1043.2000,1036.0000,1036.0000,30274000.0
2018-11-14,1050.0000,1043.6000,1043.6000,31318000.0
2018-11-15,1044.8000,1064.8000,1064.8000,36722000.0
2018-11-16,1059.4000,1061.4000,1061.4000,33162000.0
2018-11-19,1057.2000,1020.0000,1020.0000,37172000.0
2018-11-20,1000.0000,1025.8000,1025.8000,48982000.0
2018-11-21,1036.8000,1037.6000,1037.6000,30686000.0
2018-11-23,1030.0000,1023.8000,1023.8000,13830000.0
2018-11-26,1038.4000,1048.6000,1048.6000,38856000.0
2018-11-27,1041.0000,1044.4000,1044.4000,36064000.0
2018-11-28,1048.8000,1086.2000,1086.2000,49508000.0
2018-11-29,1076.0000,1088.4000,1088.4000,29378000.0
2018-11-30,1089.0000,1094.4000,1094.4000,51604000.0
2018-12-03,1123.2000,1106.4000,1106.4000,39824000.0
2018-12-04,1103.2000,1050.8000,1050.8000,46904000.0
2018-12-06,1034.2000,1068.8000,1068.8000,55384000.0
2018-12-07,1060.0000,1036.6000,1036.6000,42024000.0
2018-12-10,1035.0000,1039.6000,1039.6000,36154000.0
2018-12-11,1056.4000,1051.8000,1051.8000,27894000.0
2018-12-12,1068.0000,1063.6000,1063.6000,30476000.0
2018-12-13,1068.0000,1062.0000,1062.0000,26596000.0
2018-12-14,1050.0000,1042.0000,1042.0000,33732000.0
2018-12-17,1037.6000,1016.6000,1016.6000,47708000.0
2018-12-18,1026.0000,1028.8000,1028.8000,43850000.0
2018-12-19,1034.0000,1023.0000,1023.0000,49586000.0
2018-12-20,1018.2000,1009.4000,1009.4000,53470000.0
2018-12-21,1015.2000,979.6000,979.6000,91920000.0
2018-12-24,973.8000,976.2000,976.2000,31806000.0
2018-12-26,989.0000,1039.4000,1039.4000,47466000.0
2018-12-27,1017.2000,1043.8000,1043.8000,42196000.0
2018-12-28,1049.6000,1037.0000,1037.0000,28296000.0
2018-12-31,1051.0000,1035.6000,1035.6000,29866000.0
2019-01-02,1016.6000,1045.8000,1045.8000,30652000.0
2019-01-03,1041.0000,1016.0000,1016.0000,36822000.0
2019-01-04,1032.6000,1070.8000,1070.8000,41878000.0
2019-01-07,1071.6000,1068.4000,1068.4000,39638000.0
2019-01-08,1076.2000,1076.2000,1076.2000,35298000.0
2019-01-09,1081.6000,1074.6000,1074.6000,23986000.0
2019-01-10,1067.6000,1070.4000,1070.4000,29128000.0
2019-01-11,1063.2000,1057.2000,1057.2000,30416000.0
2019-01-14,1047.0000,1044.6000,1044.6000,22886000.0
2019-01-15,1050.2000,1077.2000,1077.2000,29272000.0
2019-01-16,1080.0000,1081.0000,1081.0000,26636000.0
2019-01-17,1079.4000,1089.8000,1089.8000,24854000.0
2019-01-18,1100.0000,1098.2000,1098.2000,39112000.0
2019-01-22,1088.0000,1070.6000,1070.6000,32270000.0
2019-01-23,1077.4000,1075.6000,1075.6000,19340000.0
2019-01-24,1076.4000,1073.8000,1073.8000,27226000.0
2019-01-25,1085.0000,1091.0000,1091.0000,22382000.0
2019-01-28,1080.2000,1070.0000,1070.0000,25686000.0
2019-01-29,1072.6000,1060.6000,1060.6000,20436000.0
2019-01-30,1068.4000,1089.0000,1089.0000,25596000.0
2019-01-31,1103.0000,1116.4000,1116.4000,30766000.0
2019-02-01,1112.4000,1110.8000,1110.8000,29244000.0
2019-02-04,1112.6000,1132.8000,1132.8000,51530000.0
2019-02-05,1124.8000,1146.0000,1146.0000,71044000.0
2019-02-06,1139.6000,1115.2000,1115.2000,42112000.0
2019-02-07,1104.2000,1098.8000,1098.8000,40896000.0
2019-02-08,1087.0000,1095.0000,1095.0000,21516000.0
2019-02-11,1097.0000,1095.0000,1095.0000,21304000.0
2019-02-12,1106.8000,1121.4000,1121.4000,32182000.0
2019-02-13,1125.0000,1120.2000,1120.2000,20996000.0
2019-02-14,1118.0000,1121.6000,1121.6000,18952000.0
2019-02-15,1130.0000,1113.6000,1113.6000,28996000.0
2019-02-19,1110.0000,1118.6000,1118.6000,20928000.0
2019-02-20,1120.0000,1113.8000,1113.8000,21756000.0
2019-02-21,1110.8000,1097.0000,1097.0000,28302000.0
2019-02-22,1100.8000,1110.4000,1110.4000,20990000.0
2019-02-25,1116.0000,1109.4000,1109.4000,28262000.0
2019-02-26,1105.8000,1115.2000,1115.2000,29426000.0
2019-02-27,1107.0000,1116.0000,1116.0000,19368000.0
2019-02-28,1111.2000,1120.0000,1120.0000,30850000.0
2019-03-01,1124.8000,1141.0000,1141.0000,29006000.0
2019-03-04,1147.0000,1147.8000,1147.8000,28920000.0
2019-03-05,1150.0000,1162.0000,1162.0000,28864000.0
2019-03-06,1162.4000,1157.8000,1157.8000,21986000.0
2019-03-07,1155.8000,1143.4000,1143.4000,23332000.0
2019-03-08,1126.8000,1142.4000,1142.4000,24248000.0
2019-03-11,1144.4000,1175.8000,1175.8000,34384000.0
2019-03-12,1178.2000,1193.2000,1193.2000,40262000.0
2019-03-13,1200.6000,1193.4000,1193.4000,28718000.0
2019-03-14,1194.6000,1185.6000,1185.6000,23456000.0
2019-03-15,1193.4000,1184.4000,1184.4000,49236000.0
2019-03-18,1183.4000,1184.2000,1184.2000,25852000.0
2019-03-19,1188.8000,1198.8000,1198.8000,30414000.0
2019-03-20,1197.4000,1224.0000,1224.0000,44548000.0
2019-03-21,1216.0000,1231.6000,1231.6000,24080000.0
2019-03-22,1226.4000,1205.6000,1205.6000,34284000.0
2019-03-25,1197.0000,1193.0000,1193.0000,29936000.0
2019-03-26,1198.6000,1184.6000,1184.6000,38024000.0
2019-03-27,1185.6000,1173.0000,1173.0000,28004000.0
2019-03-28,1171.6000,1168.4000,1168.4000,19234000.0
2019-03-29,1174.8000,1173.4000,1173.4000,25398000.0
2019-04-01,1184.2000,1194.4000,1194.4000,25050000.0
2019-04-02,1195.4000,1200.4000,1200.4000,16558000.0
2019-04-03,1207.4000,1206.0000,1206.0000,20286000.0
2019-04-04,1206.0000,1215.0000,1215.0000,19000000.0
2019-04-05,1215.0000,1207.2000,1207.2000,18144000.0
2019-04-08,1207.8000,1203.8000,1203.8000,17204000.0
2019-04-09,1196.0000,1197.2000,1197.2000,17528000.0
2019-04-10,1200.6000,1202.2000,1202.2000,14492000.0
2019-04-11,1204.0000,1204.6000,1204.6000,14204000.0
2019-04-12,1210.0000,1217.8000,1217.8000,18668000.0
2019-04-15,1218.0000,1221.2000,1221.2000,23748000.0
2019-04-16,1225.0000,1227.2000,1227.2000,17126000.0
2019-04-17,1233.0000,1236.4000,1236.4000,24438000.0
2019-04-18,1239.2000,1236.4000,1236.4000,26636000.0
2019-04-22,1236.0000,1248.8000,1248.8000,16146000.0
2019-04-23,1250.6000,1264.6000,1264.6000,26398000.0
2019-04-24,1264.2000,1256.0000,1256.0000,20376000.0
2019-04-25,1264.8000,1263.4000,1263.4000,22146000.0
2019-04-26,1269.0000,1272.2000,1272.2000,24828000.0
2019-04-29,1274.0000,1287.6000,1287.6000,49988000.0
2019-04-30,1185.0000,1188.4000,1188.4000,124140000.0
2019-05-01,1188.0000,1168.0000,1168.0000,52784000.0
2019-05-02,1167.8000,1162.6000,1162.6000,38896000.0
2019-05-03,1173.6000,1185.4000,1185.4000,39614000.0
2019-05-06,1166.2000,1189.4000,1189.4000,31278000.0
2019-05-07,1180.4000,1174.2000,1174.2000,31028000.0
2019-05-08,1172.0000,1166.2000,1166.2000,26186000.0
2019-05-09,1159.0000,1162.4000,1162.4000,23714000.0
2019-05-10,1163.6000,1164.2000,1164.2000,26290000.0
2019-05-13,1142.0000,1132.0000,1132.0000,37212000.0
2019-05-14,1137.2000,1120.4000,1120.4000,36732000.0
2019-05-15,1117.8000,1164.2000,1164.2000,45786000.0
2019-05-16,1164.6000,1179.0000,1179.0000,30628000.0
2019-05-17,1168.4000,1162.4000,1162.4000,24172000.0
2019-05-20,1144.4000,1138.8000,1138.8000,27066000.0
2019-05-21,1148.4000,1149.6000,1149.6000,23196000.0
2019-05-22,1146.8000,1151.4000,1151.4000,18290000.0
2019-05-23,1140.6000,1140.8000,1140.8000,23978000.0
2019-05-24,1147.4000,1133.4000,1133.4000,22240000.0
2019-05-28,1134.0000,1134.2000,1134.2000,27300000.0
2019-05-29,1127.6000,1116.4000,1116.4000,30764000.0
2019-05-30,1115.6000,1118.0000,1118.0000,19038000.0
2019-05-31,1101.2000,1103.6000,1103.6000,30156000.0
2019-06-03,1065.6000,1036.2000,1036.2000,102612000.0
2019-06-04,1043.0000,1053.0000,1053.0000,56670000.0
2019-06-05,1051.6000,1042.2000,1042.2000,43368000.0
2019-06-06,1045.0000,1044.4000,1044.4000,34064000.0
2019-06-07,1050.6000,1066.0000,1066.0000,36048000.0
2019-06-10,1073.0000,1080.4000,1080.4000,29284000.0
2019-06-11,1094.0000,1078.8000,1078.8000,28734000.0
2019-06-12,1078.0000,1077.0000,1077.0000,21220000.0
2019-06-13,1083.6000,1088.8000,1088.8000,21154000.0
2019-06-14,1086.4000,1085.4000,1085.4000,22230000.0
2019-06-17,1086.2000,1092.6000,1092.6000,18832000.0
2019-06-18,1109.6000,1103.6000,1103.6000,27734000.0
2019-06-19,1105.6000,1102.4000,1102.4000,26776000.0
2019-06-20,1120.0000,1111.4000,1111.4000,25240000.0
2019-06-21,1109.2000,1121.8000,1121.8000,38952000.0
2019-06-24,1119.6000,1115.6000,1115.6000,27912000.0
2019-06-25,1112.6000,1086.4000,1086.4000,30938000.0
2019-06-26,1086.6000,1079.8000,1079.8000,36218000.0
2019-06-27,1084.0000,1076.0000,1076.0000,20086000.0
2019-06-28,1076.4000,1081.0000,1081.0000,33864000.0
2019-07-01,1098.0000,1098.0000,1098.0000,28726000.0
2019-07-02,1102.2000,1111.2000,1111.2000,19832000.0
2019-07-03,1117.4000,1121.6000,1121.6000,15340000.0
2019-07-05,1117.8000,1131.6000,1131.6000,25286000.0
2019-07-08,1125.2000,1116.4000,1116.4000,24728000.0
2019-07-09,1111.8000,1124.8000,1124.8000,26608000.0
2019-07-10,1131.2000,1140.4000,1140.4000,24190000.0
2019-07-11,1143.2000,1144.2000,1144.2000,23910000.0
2019-07-12,1144.0000,1144.8000,1144.8000,17280000.0
2019-07-15,1146.8000,1150.4000,1150.4000,18076000.0
2019-07-16,1146.0000,1153.6000,1153.6000,24776000.0
2019-07-17,1151.0000,1146.4000,1146.4000,23400000.0
2019-07-18,1141.8000,1146.4000,1146.4000,25814000.0
2019-07-19,1148.2000,1130.2000,1130.2000,32944000.0
2019-07-22,1133.4000,1138.0000,1138.0000,26030000.0
2019-07-23,1144.0000,1146.2000,1146.2000,21874000.0
2019-07-24,1132.0000,1137.8000,1137.8000,31796000.0
2019-07-25,1137.8000,1132.2000,1132.2000,44196000.0
2019-07-26,1224.0000,1250.4000,1250.4000,96116000.0
2019-07-29,1241.0000,1239.4000,1239.4000,44474000.0
2019-07-30,1225.4000,1225.2000,1225.2000,29066000.0
2019-07-31,1223.0000,1216.6000,1216.6000,34510000.0
2019-08-01,1214.0000,1209.0000,1209.0000,33970000.0
2019-08-02,1200.8000,1194.0000,1194.0000,32902000.0
2019-08-05,1170.0000,1152.4000,1152.4000,51950000.0
2019-08-06,1163.4000,1170.0000,1170.0000,34188000.0
2019-08-07,1156.0000,1174.0000,1174.0000,28886000.0
2019-08-08,1182.8000,1204.8000,1204.8000,29360000.0
2019-08-09,1198.0000,1188.0000,1188.0000,21314000.0
2019-08-12,1179.2000,1174.8000,1174.8000,20060000.0
2019-08-13,1171.4000,1197.2000,1197.2000,25888000.0
2019-08-14,1176.4000,1164.2000,1164.2000,31574000.0
2019-08-15,1163.4000,1167.2000,1167.2000,24374000.0
2019-08-16,1179.6000,1177.6000,1177.6000,26266000.0
2019-08-19,1190.0000,1198.4000,1198.4000,24632000.0
2019-08-20,1195.2000,1182.6000,1182.6000,18310000.0
2019-08-21,1193.2000,1191.2000,1191.2000,14814000.0
2019-08-22,1194.0000,1189.6000,1189.6000,18950000.0
2019-08-23,1182.0000,1151.2000,1151.2000,33740000.0
2019-08-26,1157.2000,1168.8000,1168.8000,24522000.0
2019-08-27,1180.6000,1167.8000,1167.8000,21544000.0
2019-08-28,1161.8000,1171.0000,1171.0000,16040000.0
2019-08-29,1181.2000,1192.8000,1192.8000,21768000.0
2019-08-30,1198.4000,1188.0000,1188.0000,22596000.0
2019-09-03,1177.0000,1168.4000,1168.4000,29598000.0
2019-09-04,1176.8000,1181.4000,1181.4000,21378000.0
2019-09-05,1191.6000,1211.4000,1211.4000,28162000.0
2019-09-06,1208.2000,1205.0000,1205.0000,21442000.0
2019-09-09,1204.0000,1204.4000,1204.4000,29438000.0
2019-09-10,1195.2000,1206.0000,1206.0000,25202000.0
2019-09-11,1203.4000,1220.2000,1220.2000,26140000.0
2019-09-12,1224.4000,1234.2000,1234.2000,34518000.0
2019-09-13,1231.4000,1239.6000,1239.6000,26028000.0
2019-09-16,1229.6000,1231.2000,1231.2000,21066000.0
2019-09-17,1230.4000,1229.2000,1229.2000,19102000.0
2019-09-18,1227.6000,1232.4000,1232.4000,22702000.0
2019-09-19,1232.0000,1238.8000,1238.8000,19920000.0
2019-09-20,1233.2000,1230.0000,1230.0000,45400000.0
2019-09-23,1226.0000,1234.0000,1234.0000,21248000.0
2019-09-24,1240.0000,1218.8000,1218.8000,31664000.0
2019-09-25,1215.8000,1246.6000,1246.6000,29060000.0
2019-09-26,1242.0000,1241.4000,1241.4000,30760000.0
2019-09-27,1243.0000,1225.0000,1225.0000,27078000.0
2019-09-30,1221.0000,1219.0000,1219.0000,28082000.0
2019-10-01,1219.0000,1205.2000,1205.2000,25470000.0
2019-10-02,1197.0000,1176.6000,1176.6000,32302000.0
2019-10-03,1180.0000,1187.8000,1187.8000,32424000.0
2019-10-04,1191.8000,1209.0000,1209.0000,23248000.0
2019-10-07,1204.4000,1207.6000,1207.6000,16858000.0
2019-10-08,1197.6000,1189.2000,1189.2000,20786000.0
2019-10-09,1199.4000,1202.4000,1202.4000,17354000.0
2019-10-10,1198.6000,1208.6000,1208.6000,16932000.0
2019-10-11,1222.2000,1215.4000,1215.4000,25454000.0
2019-10-14,1212.4000,1217.2000,1217.2000,17350000.0
2019-10-15,1220.4000,1243.0000,1243.0000,27634000.0
2019-10-16,1241.2000,1243.6000,1243.6000,21892000.0
2019-10-17,1251.0000,1253.0000,1253.0000,19048000.0
2019-10-18,1253.4000,1245.4000,1245.4000,27056000.0
2019-10-21,1252.2000,1246.2000,1246.2000,20544000.0
2019-10-22,1247.8000,1242.8000,1242.8000,20476000.0
2019-10-23,1242.4000,1259.2000,1259.2000,18230000.0
2019-10-24,1260.8000,1261.0000,1261.0000,20562000.0
2019-10-25,1251.0000,1265.2000,1265.2000,24262000.0
2019-10-28,1275.4000,1290.0000,1290.0000,52264000.0
2019-10-29,1276.2000,1262.6000,1262.6000,37728000.0
2019-10-30,1253.0000,1261.2000,1261.2000,28178000.0
2019-10-31,1261.2000,1260.2000,1260.2000,29114000.0
2019-11-01,1265.0000,1273.8000,1273.8000,33402000.0
2019-11-04,1276.4000,1291.4000,1291.4000,30020000.0
2019-11-05,1292.8000,1292.0000,1292.0000,25654000.0
2019-11-06,1289.4000,1291.8000,1291.8000,23060000.0
2019-11-07,1294.2000,1308.8000,1308.8000,40600000.0
2019-11-08,1305.2000,1311.4000,1311.4000,25028000.0
2019-11-11,1303.2000,1299.2000,1299.2000,20238000.0
2019-11-12,1300.0000,1298.8000,1298.8000,21718000.0
2019-11-13,1294.0000,1298.0000,1298.0000,16534000.0
2019-11-14,1297.6000,1311.4000,1311.4000,23870000.0
2019-11-15,1319.0000,1334.8000,1334.8000,35652000.0
2019-11-18,1332.2000,1320.8000,1320.8000,29748000.0
2019-11-19,1327.8000,1315.4000,1315.4000,25384000.0
2019-11-20,1311.8000,1303.0000,1303.0000,26172000.0
2019-11-21,1301.4000,1301.4000,1301.4000,19910000.0
2019-11-22,1305.6000,1295.4000,1295.4000,27714000.0
2019-11-25,1299.2000,1306.6000,1306.6000,20724000.0
2019-11-26,1309.8000,1313.6000,1313.6000,21394000.0
2019-11-27,1315.0000,1313.0000,1313.0000,19912000.0
2019-11-29,1307.2000,1305.0000,1305.0000,11740000.0
2019-12-02,1301.0000,1290.0000,1290.0000,30218000.0
2019-12-03,1279.6000,1295.2000,1295.2000,22876000.0
2019-12-04,1307.0000,1320.6000,1320.6000,30750000.0
2019-12-05,1328.0000,1328.2000,1328.2000,24254000.0
2019-12-06,1333.4000,1340.6000,1340.6000,26296000.0
2019-12-09,1338.0000,1343.6000,1343.6000,27086000.0
2019-12-10,1341.4000,1344.6000,1344.6000,21882000.0
2019-12-11,1350.8000,1345.0000,1345.0000,17008000.0
2019-12-12,1346.0000,1350.2000,1350.2000,25620000.0
2019-12-13,1348.0000,1347.8000,1347.8000,30992000.0
2019-12-16,1356.4000,1361.2000,1361.2000,27946000.0
2019-12-17,1362.8000,1355.2000,1355.2000,37080000.0
2019-12-18,1356.6000,1352.6000,1352.6000,30452000.0
2019-12-19,1351.8000,1356.0000,1356.0000,29398000.0
2019-12-20,1363.4000,1349.6000,1349.6000,66300000.0
2019-12-23,1355.8000,1348.8000,1348.8000,17662000.0
2019-12-24,1348.6000,1343.6000,1343.6000,6950000.0
2019-12-26,1346.2000,1360.4000,1360.4000,13350000.0
2019-12-27,1363.0000,1351.8000,1351.8000,20768000.0
2019-12-30,1350.0000,1336.2000,1336.2000,21018000.0
2019-12-31,1330.2000,1337.0000,1337.0000,19236000.0
2020-01-02,1341.6000,1367.4000,1367.4000,28132000.0
2020-01-03,1347.8000,1360.6000,1360.6000,23728000.0
2020-01-06,1350.0000,1394.2000,1394.2000,34646000.0
2020-01-07,1398.0000,1393.4000,1393.4000,30054000.0
2020-01-08,1392.0000,1404.4000,1404.4000,30560000.0
2020-01-09,1420.6000,1419.8000,1419.8000,30018000.0
2020-01-10,1427.6000,1429.8000,1429.8000,36414000.0
2020-01-13,1436.2000,1439.2000,1439.2000,33046000.0
2020-01-14,1439.0000,1430.8000,1430.8000,31178000.0
2020-01-15,1430.2000,1439.2000,1439.2000,25654000.0
2020-01-16,1447.4000,1451.6000,1451.6000,23474000.0
2020-01-17,1463.0000,1480.4000,1480.4000,47924000.0
2020-01-21,1479.2000,1484.4000,1484.4000,40734000.0
2020-01-22,1491.0000,1486.0000,1486.0000,32216000.0
2020-01-23,1487.6000,1486.6000,1486.6000,27024000.0
2020-01-24,1493.6000,1466.8000,1466.8000,35692000.0
2020-01-27,1431.0000,1433.8000,1433.8000,35104000.0
2020-01-28,1443.0000,1452.6000,1452.6000,31548000.0
2020-01-29,1458.8000,1458.6000,1458.6000,21554000.0
2020-01-30,1440.0000,1455.8000,1455.8000,26788000.0
2020-01-31,1468.8000,1434.2000,1434.2000,48344000.0
2020-02-03,1462.0000,1486.0000,1486.0000,60736000.0
2020-02-04,1457.0000,1447.0000,1447.0000,78660000.0
2020-02-05,1462.4000,1448.2000,1448.2000,39724000.0
2020-02-06,1450.4000,1476.2000,1476.2000,33588000.0
2020-02-07,1467.2000,1479.2000,1479.2000,23446000.0
2020-02-10,1474.4000,1508.6000,1508.6000,28398000.0
2020-02-11,1511.8000,1508.8000,1508.8000,26892000.0
2020-02-12,1514.4000,1518.2000,1518.2000,23352000.0
2020-02-13,1512.6000,1514.6000,1514.6000,18590000.0
2020-02-14,1515.6000,1520.8000,1520.8000,23956000.0
2020-02-18,1515.0000,1519.6000,1519.6000,22414000.0
2020-02-19,1525.0000,1526.6000,1526.6000,18986000.0
2020-02-20,1522.0000,1518.2000,1518.2000,21932000.0
2020-02-21,1508.0000,1485.2000,1485.2000,34634000.0
2020-02-24,1426.2000,1421.6000,1421.6000,57342000.0
2020-02-25,1433.0000,1388.4000,1388.4000,49566000.0
2020-02-26,1396.2000,1393.2000,1393.2000,44048000.0
2020-02-27,1362.0000,1318.0000,1318.0000,59566000.0
2020-02-28,1277.6000,1339.4000,1339.4000,75782000.0
2020-03-02,1351.6000,1389.2000,1389.2000,48630000.0
2020-03-03,1399.4000,1341.4000,1341.4000,48046000.0
2020-03-04,1359.2000,1386.6000,1386.6000,38266000.0
2020-03-05,1350.2000,1319.0000,1319.0000,51226000.0
2020-03-06,1277.0000,1298.4000,1298.4000,53212000.0
2020-03-09,1205.2000,1215.6000,1215.6000,67308000.0
2020-03-10,1260.0000,1280.4000,1280.4000,52228000.0
2020-03-11,1249.8000,1215.4000,1215.4000,52170000.0
2020-03-12,1126.0000,1115.0000,1115.0000,84534000.0
2020-03-13,1179.0000,1219.8000,1219.8000,74002000.0
2020-03-16,1096.0000,1084.4000,1084.4000,85048000.0
2020-03-17,1093.2000,1119.8000,1119.8000,77230000.0
2020-03-18,1056.6000,1096.8000,1096.8000,84668000.0
2020-03-19,1093.0000,1115.2000,1115.2000,73022000.0
2020-03-20,1135.8000,1072.4000,1072.4000,72036000.0
2020-03-23,1061.4000,1056.6000,1056.6000,80882000.0
2020-03-24,1103.8000,1134.4000,1134.4000,66890000.0
2020-03-25,1126.4000,1102.4000,1102.4000,81630000.0
2020-03-26,1111.8000,1161.8000,1161.8000,71434000.0
2020-03-27,1125.6000,1110.8000,1110.8000,64170000.0
2020-03-30,1125.0000,1146.8000,1146.8000,51482000.0
2020-03-31,1147.4000,1162.8000,1162.8000,49728000.0
2020-04-01,1122.0000,1105.6000,1105.6000,46884000.0
2020-04-02,1098.2000,1120.8000,1120.8000,39298000.0
2020-04-03,1119.0000,1097.8000,1097.8000,46268000.0
2020-04-06,1138.0000,1187.0000,1187.0000,53294000.0
2020-04-07,1221.0000,1186.6000,1186.6000,47746000.0
2020-04-08,1206.6000,1210.2000,1210.2000,39502000.0
2020-04-09,1224.0000,1211.4000,1211.4000,43508000.0
2020-04-13,1209.2000,1217.6000,1217.6000,34796000.0
2020-04-14,1245.0000,1269.2000,1269.2000,49408000.0
2020-04-15,1245.6000,1262.4000,1262.4000,33434000.0
2020-04-16,1274.2000,1263.4000,1263.4000,50362000.0
2020-04-17,1284.8000,1283.2000,1283.2000,38980000.0
2020-04-20,1271.0000,1266.6000,1266.6000,33910000.0
2020-04-21,1247.0000,1216.4000,1216.4000,43060000.0
2020-04-22,1245.6000,1263.2000,1263.2000,41848000.0
2020-04-23,1271.6000,1276.4000,1276.4000,31324000.0
2020-04-24,1261.2000,1279.4000,1279.4000,32792000.0
2020-04-27,1296.0000,1275.8000,1275.8000,32012000.0
2020-04-28,1288.0000,1233.6000,1233.6000,59026000.0
2020-04-29,1341.4000,1341.4000,1341.4000,75872000.0
2020-04-30,1324.8000,1348.6000,1348.6000,53378000.0
2020-05-01,1328.6000,1320.6000,1320.6000,41450000.0
2020-05-04,1308.2000,1326.8000,1326.8000,30080000.0
2020-05-05,1338.0000,1351.2000,1351.2000,33030000.0
2020-05-06,1361.6000,1347.2000,1347.2000,24308000.0
2020-05-07,1366.0000,1372.6000,1372.6000,27952000.0
2020-05-08,1383.2000,1388.4000,1388.4000,27738000.0
2020-05-11,1378.2000,1403.2000,1403.2000,28242000.0
2020-05-12,1407.2000,1375.8000,1375.8000,27812000.0
2020-05-13,1377.0000,1349.4000,1349.4000,36252000.0
2020-05-14,1335.0000,1356.2000,1356.2000,32062000.0
2020-05-15,1350.0000,1373.2000,1373.2000,34154000.0
2020-05-18,1361.8000,1384.0000,1384.0000,36448000.0
2020-05-19,1387.0000,1373.4000,1373.4000,25612000.0
2020-05-20,1389.6000,1406.8000,1406.8000,33108000.0
2020-05-21,1408.0000,1402.8000,1402.8000,27700000.0
2020-05-22,1396.8000,1410.4000,1410.4000,26188000.0
2020-05-26,1437.2000,1417.0000,1417.0000,41212000.0
2020-05-27,1417.2000,1417.8000,1417.8000,33716000.0
2020-05-28,1396.8000,1416.8000,1416.8000,33844000.0
2020-05-29,1417.0000,1429.0000,1429.0000,36418000.0
2020-06-01,1418.4000,1431.8000,1431.8000,24342000.0
2020-06-02,1430.6000,1439.2000,1439.2000,25562000.0
2020-06-03,1438.4000,1436.4000,1436.4000,25124000.0
2020-06-04,1430.4000,1412.2000,1412.2000,29686000.0
2020-06-05,1413.2000,1438.4000,1438.4000,34698000.0
2020-06-08,1422.4000,1446.6000,1446.6000,28084000.0
2020-06-09,1445.4000,1456.2000,1456.2000,28184000.0
2020-06-10,1459.6000,1465.8000,1465.8000,30504000.0
2020-06-11,1442.4000,1403.8000,1403.8000,39826000.0
2020-06-12,1428.4000,1413.2000,1413.2000,38928000.0
2020-06-15,1390.8000,1419.8000,1419.8000,30078000.0
2020-06-16,1445.2000,1442.8000,1442.8000,34184000.0
2020-06-17,1447.2000,1451.2000,1451.2000,30992000.0
2020-06-18,1449.2000,1436.0000,1436.0000,31638000.0
2020-06-19,1444.0000,1431.8000,1431.8000,63158000.0
2020-06-22,1429.0000,1451.8000,1451.8000,30848000.0
2020-06-23,1455.6000,1464.4000,1464.4000,28596000.0
2020-06-24,1461.6000,1432.0000,1432.0000,35120000.0
2020-06-25,1430.0000,1441.4000,1441.4000,24610000.0
2020-06-26,1431.4000,1360.0000,1360.0000,85354000.0
2020-06-29,1358.2000,1395.0000,1395.0000,36204000.0
2020-06-30,1390.4000,1413.6000,1413.6000,40848000.0
2020-07-01,1411.2000,1438.0000,1438.0000,35504000.0
2020-07-02,1447.0000,1464.8000,1464.8000,37182000.0
2020-07-06,1480.0000,1495.8000,1495.8000,31280000.0
2020-07-07,1490.0000,1485.2000,1485.2000,29164000.0
2020-07-08,1494.4000,1496.0000,1496.0000,24994000.0
2020-07-09,1506.4000,1511.0000,1511.0000,28466000.0
2020-07-10,1506.2000,1541.8000,1541.8000,37126000.0
2020-07-13,1550.0000,1511.4000,1511.4000,36928000.0
2020-07-14,1490.4000,1520.6000,1520.6000,31700000.0
2020-07-15,1523.2000,1513.6000,1513.6000,32214000.0
2020-07-16,1500.0000,1518.0000,1518.0000,30386000.0
2020-07-17,1521.6000,1515.6000,1515.6000,29134000.0
2020-07-20,1515.2000,1565.8000,1565.8000,31146000.0
2020-07-21,1587.0000,1558.4000,1558.4000,24324000.0
2020-07-22,1560.6000,1568.4000,1568.4000,18640000.0
2020-07-23,1567.0000,1515.6000,1515.6000,32552000.0
2020-07-24,1499.0000,1511.8000,1511.8000,30880000.0
2020-07-27,1515.6000,1530.2000,1530.2000,24920000.0
2020-07-28,1525.2000,1500.4000,1500.4000,34044000.0
2020-07-29,1506.4000,1522.0000,1522.0000,22130000.0
2020-07-30,1497.0000,1531.4000,1531.4000,33428000.0
2020-07-31,1505.0000,1483.0000,1483.0000,68798000.0
2020-08-03,1486.6000,1474.4000,1474.4000,46604000.0
2020-08-04,1476.6000,1465.0000,1465.0000,38070000.0
2020-08-05,1469.2000,1473.6000,1473.6000,39590000.0
2020-08-06,1471.8000,1500.0000,1500.0000,39908000.0
2020-08-07,1500.0000,1494.4000,1494.4000,31556000.0
2020-08-10,1487.2000,1496.2000,1496.2000,25786000.0
2020-08-11,1492.4000,1480.4000,1480.4000,29088000.0
2020-08-12,1485.6000,1506.6000,1506.6000,28740000.0
2020-08-13,1510.4000,1518.4000,1518.4000,29104000.0
2020-08-14,1515.6000,1507.8000,1507.8000,27096000.0
2020-08-17,1514.6000,1518.0000,1518.0000,27566000.0
2020-08-18,1526.2000,1558.6000,1558.6000,40542000.0
2020-08-19,1553.4000,1547.6000,1547.6000,33212000.0
2020-08-20,1543.4000,1581.8000,1581.8000,34138000.0
2020-08-21,1577.0000,1580.4000,1580.4000,28930000.0
2020-08-24,1594.0000,1588.2000,1588.2000,28198000.0
2020-08-25,1582.0000,1608.2000,1608.2000,44942000.0
2020-08-26,1608.0000,1652.4000,1652.4000,79868000.0
2020-08-27,1653.6000,1634.4000,1634.4000,37232000.0
2020-08-28,1633.4000,1644.4000,1644.4000,29980000.0
2020-08-31,1647.8000,1634.2000,1634.2000,36468000.0
2020-09-01,1636.6000,1660.8000,1660.8000,36506000.0
2020-09-02,1673.8000,1728.2000,1728.2000,50224000.0
2020-09-03,1709.8000,1641.8000,1641.8000,62156000.0
2020-09-04,1624.2000,1591.0000,1591.0000,52172000.0
2020-09-08,1533.6000,1532.4000,1532.4000,52218000.0
2020-09-09,1557.6000,1557.0000,1557.0000,35494000.0
2020-09-10,1560.6000,1532.0000,1532.0000,32372000.0
2020-09-11,1536.0000,1520.8000,1520.8000,31942000.0
2020-09-14,1539.0000,1519.2000,1519.2000,33932000.0
2020-09-15,1536.0000,1541.4000,1541.4000,26622000.0
2020-09-16,1555.6000,1520.8000,1520.8000,26234000.0
2020-09-17,1496.0000,1495.6000,1495.6000,37596000.0
2020-09-18,1498.0000,1460.0000,1460.0000,62078000.0
2020-09-21,1440.0000,1431.2000,1431.2000,57776000.0
2020-09-22,1450.0000,1465.4000,1465.4000,31664000.0
2020-09-23,1458.8000,1415.2000,1415.2000,33148000.0
2020-09-24,1411.0000,1428.2000,1428.2000,29004000.0
2020-09-25,1432.6000,1445.0000,1445.0000,26460000.0
2020-09-28,1474.2000,1464.6000,1464.6000,40158000.0
2020-09-29,1470.4000,1469.4000,1469.4000,19564000.0
2020-09-30,1466.8000,1469.6000,1469.6000,34032000.0
2020-10-01,1484.2000,1490.0000,1490.0000,35590000.0
2020-10-02,1462.0000,1458.4000,1458.4000,25682000.0
2020-10-05,1466.2000,1486.0000,1486.0000,22266000.0
2020-10-06,1475.6000,1453.4000,1453.4000,24908000.0
2020-10-07,1464.2000,1460.2000,1460.2000,34924000.0
2020-10-08,1465.0000,1486.0000,1486.0000,23756000.0
2020-10-09,1494.8000,1515.2000,1515.2000,28706000.0
2020-10-12,1543.0000,1569.2000,1569.2000,49652000.0
2020-10-13,1583.8000,1571.6000,1571.6000,32020000.0
2020-10-14,1578.6000,1568.0000,1568.0000,38586000.0
2020-10-15,1547.2000,1559.2000,1559.2000,30800000.0
2020-10-16,1565.8000,1573.0000,1573.0000,28694000.0
2020-10-19,1580.4000,1534.6000,1534.6000,32142000.0
2020-10-20,1527.0000,1556.0000,1556.0000,44834000.0
2020-10-21,1573.4000,1593.4000,1593.4000,51366000.0
2020-10-22,1593.0000,1615.4000,1615.4000,28672000.0
2020-10-23,1626.0000,1641.0000,1641.0000,27516000.0
2020-10-26,1625.0000,1590.4000,1590.4000,37066000.0
2020-10-27,1595.6000,1604.2000,1604.2000,24580000.0
2020-10-28,1559.8000,1516.6000,1516.6000,36680000.0
2020-10-29,1522.4000,1567.2000,1567.2000,40062000.0
2020-10-30,1672.2000,1621.0000,1621.0000,86582000.0
2020-11-02,1628.2000,1626.0000,1626.0000,50708000.0
2020-11-03,1631.8000,1650.2000,1650.2000,33234000.0
2020-11-04,1710.2000,1749.2000,1749.2000,71418000.0
2020-11-05,1781.0000,1763.4000,1763.4000,41316000.0
2020-11-06,1754.0000,1761.8000,1761.8000,33218000.0
2020-11-09,1790.8000,1763.0000,1763.0000,45366000.0
2020-11-10,1731.0000,1740.4000,1740.4000,52722000.0
2020-11-11,1750.0000,1752.8000,1752.8000,25280000.0
2020-11-12,1747.6000,1749.8000,1749.8000,24950000.0
2020-11-13,1757.6000,1777.0000,1777.0000,29998000.0
2020-11-16,1771.6000,1781.4000,1781.4000,24936000.0
2020-11-17,1777.0000,1770.2000,1770.2000,22942000.0
2020-11-18,1765.2000,1746.8000,1746.8000,23470000.0
2020-11-19,1738.4000,1764.0000,1764.0000,24998000.0
2020-11-20,1765.2000,1742.2000,1742.2000,46270000.0
2020-11-23,1749.6000,1734.8000,1734.8000,43232000.0
2020-11-24,1730.6000,1768.8000,1768.8000,31560000.0
2020-11-25,1772.8000,1771.4000,1771.4000,20916000.0
2020-11-27,1773.0000,1793.2000,1793.2000,17698000.0
2020-11-30,1781.2000,1760.8000,1760.8000,36476000.0
2020-12-01,1774.4000,1798.0000,1798.0000,34738000.0
2020-12-02,1798.0000,1828.0000,1828.0000,24440000.0
2020-12-03,1824.0000,1826.8000,1826.8000,24546000.0
2020-12-04,1824.6000,1828.0000,1828.0000,27564000.0
2020-12-07,1819.0000,1819.4000,1819.4000,26418000.0
2020-12-08,1810.0000,1818.6000,1818.6000,21926000.0
2020-12-09,1812.0000,1784.2000,1784.2000,30152000.0
2020-12-10,1769.8000,1775.4000,1775.4000,27256000.0
2020-12-11,1763.0000,1781.8000,1781.8000,24414000.0
2020-12-14,1775.0000,1760.0000,1760.0000,32004000.0
2020-12-15,1764.4000,1767.8000,1767.8000,29646000.0
2020-12-16,1772.8000,1763.0000,1763.0000,30270000.0
2020-12-17,1768.6000,1747.8000,1747.8000,32494000.0
2020-12-18,1754.2000,1731.0000,1731.0000,80328000.0
2020-12-21,1713.6000,1739.4000,1739.4000,36568000.0
2020-12-22,1734.4000,1723.6000,1723.6000,18734000.0
2020-12-23,1728.2000,1732.4000,1732.4000,20676000.0
2020-12-24,1735.0000,1738.8000,1738.8000,6936000.0
2020-12-28,1751.6000,1776.0000,1776.0000,27860000.0
2020-12-29,1787.8000,1758.8000,1758.8000,25988000.0
2020-12-30,1762.0000,1739.6000,1739.6000,26122000.0
2020-12-31,1735.4000,1751.8000,1751.8000,20238000.0
2021-01-04,1757.6000,1728.2000,1728.2000,38038000.0
2021-01-05,1725.0000,1741.0000,1741.0000,22906000.0
2021-01-06,1702.6000,1735.2000,1735.2000,52042000.0
2021-01-07,1740.0000,1787.2000,1787.2000,45300000.0
2021-01-08,1788.0000,1807.2000,1807.2000,41012000.0
2021-01-11,1786.0000,1766.8000,1766.8000,24194000.0
2021-01-12,1754.0000,1746.6000,1746.6000,27140000.0
2021-01-13,1738.6000,1754.4000,1754.4000,21882000.0
2021-01-14,1753.6000,1740.2000,1740.2000,23590000.0
2021-01-15,1738.2000,1736.2000,1736.2000,26844000.0
2021-01-19,1752.2000,1790.8000,1790.8000,34692000.0
2021-01-20,1831.4000,1887.0000,1887.0000,49806000.0
2021-01-21,1898.0000,1891.2000,1891.2000,41278000.0
2021-01-22,1895.6000,1901.0000,1901.0000,25442000.0
2021-01-25,1920.6000,1899.4000,1899.4000,38546000.0
2021-01-26,1888.8000,1917.2000,1917.2000,26262000.0
2021-01-27,1882.6000,1830.8000,1830.8000,54966000.0
2021-01-28,1844.0000,1863.2000,1863.2000,35462000.0
2021-01-29,1846.2000,1835.8000,1835.8000,32252000.0
2021-02-01,1853.6000,1901.4000,1901.4000,32044000.0
2021-02-02,1922.6000,1927.6000,1927.6000,45474000.0
2021-02-03,2073.0000,2070.0000,2070.0000,82364000.0
2021-02-04,2068.8000,2062.4000,2062.4000,37046000.0
2021-02-05,2070.0000,2098.0000,2098.0000,30702000.0
2021-02-08,2106.0000,2093.0000,2093.0000,24838000.0
2021-02-09,2078.6000,2083.6000,2083.6000,17798000.0
2021-02-10,2094.2000,2095.4000,2095.4000,22710000.0
2021-02-11,2099.6000,2095.8000,2095.8000,18914000.0
2021-02-12,2090.2000,2104.2000,2104.2000,17114000.0
2021-02-16,2104.4000,2122.0000,2122.0000,22676000.0
2021-02-17,2100.0000,2128.4000,2128.4000,21418000.0
2021-02-18,2110.4000,2117.2000,2117.2000,22432000.0
2021-02-19,2119.2000,2101.2000,2101.2000,29148000.0
2021-02-22,2067.0000,2064.8000,2064.8000,27350000.0
2021-02-23,2025.0000,2070.8000,2070.8000,33348000.0
2021-02-24,2041.8000,2095.2000,2095.2000,24966000.0
2021-02-25,2067.4000,2031.4000,2031.4000,36568000.0
2021-02-26,2050.6000,2036.8000,2036.8000,41670000.0
2021-03-01,2056.6000,2081.6000,2081.6000,28090000.0
2021-03-02,2076.2000,2075.8000,2075.8000,22692000.0
2021-03-03,2067.2000,2026.8000,2026.8000,29684000.0
2021-03-04,2023.4000,2049.0000,2049.0000,42360000.0
2021-03-05,2073.2000,2108.6000,2108.6000,43904000.0
2021-03-08,2101.2000,2024.2000,2024.2000,32948000.0
2021-03-09,2070.0000,2052.8000,2052.8000,33946000.0
2021-03-10,2071.8000,2055.0000,2055.0000,25372000.0
2021-03-11,2074.0000,2114.8000,2114.8000,24782000.0
2021-03-12,2085.0000,2062.0000,2062.0000,34516000.0
2021-03-15,2062.2000,2066.4000,2066.4000,25962000.0
2021-03-16,2079.0000,2092.6000,2092.6000,29832000.0
2021-03-17,2076.0000,2091.0000,2091.0000,25980000.0
2021-03-18,2061.0000,2036.2000,2036.2000,27228000.0
2021-03-19,2042.0000,2043.2000,2043.2000,46298000.0
2021-03-22,2041.8000,2038.6000,2038.6000,39096000.0
2021-03-23,2051.6000,2053.0000,2053.0000,27340000.0
2021-03-24,2065.4000,2045.0000,2045.0000,23080000.0
2021-03-25,2044.8000,2044.4000,2044.4000,28378000.0
2021-03-26,2038.8000,2035.6000,2035.6000,29870000.0
2021-03-29,2027.8000,2056.0000,2056.0000,24596000.0
2021-03-30,2057.6000,2055.6000,2055.6000,20732000.0
2021-03-31,2059.2000,2068.6000,2068.6000,29198000.0
2021-04-01,2098.0000,2137.8000,2137.8000,33980000.0
2021-04-05,2153.0000,2225.6000,2225.6000,43298000.0
2021-04-06,2222.6000,2224.8000,2224.8000,27060000.0
2021-04-07,2226.2000,2249.6000,2249.6000,25798000.0
2021-04-08,2278.0000,2265.4000,2265.4000,27166000.0
2021-04-09,2256.6000,2285.8000,2285.8000,20888000.0
2021-04-12,2266.2000,2254.8000,2254.8000,31318000.0
2021-04-13,2261.4000,2267.2000,2267.2000,23310000.0
2021-04-14,2275.2000,2254.8000,2254.8000,20220000.0
2021-04-15,2277.0000,2296.6000,2296.6000,27472000.0
2021-04-16,2303.0000,2297.8000,2297.8000,22596000.0
2021-04-19,2292.0000,2302.4000,2302.4000,24688000.0
2021-04-20,2307.8000,2293.6000,2293.6000,21774000.0
2021-04-21,2285.2000,2293.2000,2293.2000,23930000.0
2021-04-22,2293.2000,2268.0000,2268.0000,21096000.0
2021-04-23,2283.4000,2315.2000,2315.2000,28670000.0
2021-04-26,2320.0000,2326.8000,2326.8000,20834000.0
2021-04-27,2336.0000,2307.2000,2307.2000,31972000.0
2021-04-28,2407.2000,2380.0000,2380.0000,59728000.0
2021-04-29,2410.4000,2429.8000,2429.8000,39554000.0
2021-04-30,2404.4000,2410.2000,2410.2000,39142000.0
2021-05-03,2402.8000,2395.2000,2395.2000,33788000.0
2021-05-04,2369.8000,2354.2000,2354.2000,35120000.0
2021-05-05,2368.4000,2356.8000,2356.8000,21806000.0
2021-05-06,2350.6000,2381.4000,2381.4000,20618000.0
2021-05-07,2400.0000,2398.6000,2398.6000,23272000.0
2021-05-10,2374.8000,2341.6000,2341.6000,26006000.0
2021-05-11,2291.8000,2308.8000,2308.8000,32110000.0
2021-05-12,2261.8000,2239.0000,2239.0000,34934000.0
2021-05-13,2261.0000,2262.0000,2262.0000,26670000.0
2021-05-14,2291.8000,2316.2000,2316.2000,26624000.0
2021-05-17,2309.4000,2321.4000,2321.4000,19842000.0
2021-05-18,2337.0000,2303.4000,2303.4000,17302000.0
2021-05-19,2264.4000,2308.8000,2308.8000,19350000.0
2021-05-20,2328.0000,2356.0000,2356.0000,23832000.0
2021-05-21,2366.0000,2345.0000,2345.0000,22832000.0
2021-05-24,2367.0000,2406.6000,2406.6000,21244000.0
2021-05-25,2420.0000,2409.0000,2409.0000,18838000.0
2021-05-26,2412.8000,2433.6000,2433.6000,21856000.0
2021-05-27,2437.0000,2402.6000,2402.6000,38962000.0
2021-05-28,2422.0000,2411.6000,2411.6000,24108000.0
2021-06-01,2422.0000,2429.8000,2429.8000,19166000.0
2021-06-02,2435.4000,2421.2000,2421.2000,17158000.0
2021-06-03,2395.0000,2404.6000,2404.6000,18346000.0
2021-06-04,2422.6000,2451.8000,2451.8000,25948000.0
2021-06-07,2451.4000,2466.0000,2466.0000,23850000.0
2021-06-08,2480.0000,2482.8000,2482.8000,25060000.0
2021-06-09,2499.4000,2491.4000,2491.4000,20126000.0
2021-06-10,2494.0000,2521.6000,2521.6000,31234000.0
2021-06-11,2525.0000,2514.0000,2514.0000,25240000.0
2021-06-14,2513.4000,2527.0000,2527.0000,22550000.0
2021-06-15,2530.4000,2520.6000,2520.6000,22182000.0
2021-06-16,2525.0000,2514.0000,2514.0000,26316000.0
2021-06-17,2510.4000,2527.4000,2527.4000,25756000.0
2021-06-18,2514.2000,2511.4000,2511.4000,53306000.0
2021-06-21,2514.8000,2529.2000,2529.2000,26256000.0
2021-06-22,2529.0000,2540.0000,2540.0000,20984000.0
2021-06-23,2531.0000,2529.2000,2529.2000,19694000.0
2021-06-24,2541.0000,2545.6000,2545.6000,18934000.0
2021-06-25,2539.2000,2540.0000,2540.0000,33484000.0
2021-06-28,2540.0000,2536.4000,2536.4000,28110000.0
2021-06-29,2535.4000,2520.4000,2520.4000,20950000.0
2021-06-30,2513.0000,2506.4000,2506.4000,24006000.0
2021-07-01,2497.0000,2527.4000,2527.4000,17120000.0
2021-07-02,2536.8000,2574.4000,2574.4000,21160000.0
2021-07-06,2589.0000,2595.4000,2595.4000,21350000.0
2021-07-07,2606.8000,2601.6000,2601.6000,16680000.0
2021-07-08,2565.0000,2583.6000,2583.6000,19780000.0
2021-07-09,2578.8000,2591.4000,2591.4000,15106000.0
2021-07-12,2596.6000,2611.2000,2611.2000,16944000.0
2021-07-13,2617.6000,2619.8000,2619.8000,16618000.0
2021-07-14,2638.0000,2641.6000,2641.6000,17912000.0
2021-07-15,2650.0000,2625.4000,2625.4000,16586000.0
2021-07-16,2632.8000,2637.0000,2637.0000,14856000.0
2021-07-19,2623.2000,2585.0000,2585.0000,25710000.0
2021-07-20,2600.0000,2622.0000,2622.0000,19084000.0
2021-07-21,2615.8000,2652.0000,2652.0000,14742000.0
2021-07-22,2653.0000,2666.6000,2666.6000,13608000.0
2021-07-23,2705.2000,2756.4000,2756.4000,26378000.0
2021-07-26,2765.0000,2792.8000,2792.8000,23052000.0
2021-07-27,2800.2000,2736.0000,2736.0000,42164000.0
2021-07-28,2771.2000,2727.6000,2727.6000,54688000.0
2021-07-29,2727.6000,2730.8000,2730.8000,19284000.0
2021-07-30,2710.2000,2704.4000,2704.4000,23954000.0
2021-08-02,2709.6000,2719.8000,2719.8000,20140000.0
2021-08-03,2720.0000,2725.6000,2725.6000,19064000.0
2021-08-04,2725.0000,2720.6000,2720.6000,16528000.0
2021-08-05,2720.6000,2738.8000,2738.8000,11866000.0
2021-08-06,2725.8000,2740.8000,2740.8000,13560000.0
2021-08-09,2739.0000,2760.0000,2760.0000,12374000.0
2021-08-10,2761.6000,2762.0000,2762.0000,16034000.0
2021-08-11,2765.6000,2753.8000,2753.8000,15204000.0
2021-08-12,2754.2000,2767.8000,2767.8000,14646000.0
2021-08-13,2767.2000,2768.2000,2768.2000,12580000.0
2021-08-16,2760.0000,2778.4000,2778.4000,18040000.0
2021-08-17,2763.8000,2746.0000,2746.0000,21272000.0
2021-08-18,2742.4000,2731.4000,2731.4000,14934000.0
2021-08-19,2709.4000,2738.2000,2738.2000,18296000.0
2021-08-20,2741.6000,2768.8000,2768.8000,15564000.0
2021-08-23,2780.0000,2822.0000,2822.0000,21090000.0
2021-08-24,2830.8000,2848.0000,2848.0000,15126000.0
2021-08-25,2857.6000,2859.0000,2859.0000,12838000.0
2021-08-26,2852.4000,2842.4000,2842.4000,14922000.0
2021-08-27,2842.2000,2891.0000,2891.0000,24562000.0
2021-08-30,2894.0000,2909.4000,2909.4000,16916000.0
2021-08-31,2917.6000,2909.2000,2909.2000,26756000.0
2021-09-01,2913.0000,2916.8000,2916.8000,15824000.0
2021-09-02,2919.0000,2884.4000,2884.4000,21844000.0
2021-09-03,2883.0000,2895.4000,2895.4000,19104000.0
2021-09-07,2895.0000,2910.4000,2910.4000,15170000.0
2021-09-08,2907.8000,2897.6000,2897.6000,15486000.0
2021-09-09,2897.6000,2898.2000,2898.2000,14798000.0
2021-09-10,2908.8000,2838.4000,2838.4000,32896000.0
2021-09-13,2864.0000,2869.2000,2869.2000,20176000.0
2021-09-14,2883.2000,2868.2000,2868.2000,18916000.0
2021-09-15,2875.2000,2904.2000,2904.2000,20648000.0
2021-09-16,2902.4000,2887.4000,2887.4000,20292000.0
2021-09-17,2876.0000,2829.2000,2829.2000,60040000.0
2021-09-20,2780.0000,2780.4000,2780.4000,34918000.0
2021-09-21,2802.4000,2793.0000,2793.0000,18130000.0
2021-09-22,2801.0000,2818.8000,2818.8000,22068000.0
2021-09-23,2832.2000,2836.6000,2836.6000,17272000.0
2021-09-24,2819.0000,2852.6000,2852.6000,14950000.0
2021-09-27,2831.8000,2830.0000,2830.0000,18844000.0
2021-09-28,2781.8000,2723.6000,2723.6000,42190000.0
2021-09-29,2742.2000,2690.4000,2690.4000,26338000.0
2021-09-30,2686.4000,2665.4000,2665.4000,35294000.0
2021-10-01,2671.0000,2729.2000,2729.2000,28388000.0
2021-10-04,2714.0000,2675.2000,2675.2000,31530000.0
2021-10-05,2680.0000,2723.6000,2723.6000,24126000.0
2021-10-06,2692.6000,2747.0000,2747.0000,19764000.0
2021-10-07,2777.2000,2783.8000,2783.8000,18250000.0
2021-10-08,2798.2000,2801.2000,2801.2000,18924000.0
2021-10-11,2796.0000,2777.0000,2777.0000,16584000.0
2021-10-12,2792.8000,2734.2000,2734.2000,22536000.0
2021-10-13,2755.0000,2758.0000,2758.0000,16380000.0
2021-10-14,2799.0000,2828.2000,2828.2000,21426000.0
2021-10-15,2844.0000,2833.6000,2833.6000,21250000.0
2021-10-18,2824.2000,2859.2000,2859.2000,16564000.0
2021-10-19,2865.8000,2876.4000,2876.4000,15316000.0
2021-10-20,2884.4000,2848.2000,2848.2000,17940000.0
2021-10-21,2843.8000,2855.6000,2855.6000,14850000.0
2021-10-22,2807.0000,2772.6000,2772.6000,30182000.0
2021-10-25,2776.2000,2775.4000,2775.4000,21082000.0
2021-10-26,2812.2000,2793.4000,2793.4000,28258000.0
2021-10-27,2798.0000,2928.6000,2928.6000,51850000.0
2021-10-28,2946.0000,2922.6000,2922.6000,32418000.0
2021-10-29,2910.4000,2965.4000,2965.4000,28954000.0
2021-11-01,2963.2000,2875.4000,2875.4000,32272000.0
2021-11-02,2896.2000,2917.2000,2917.2000,21150000.0
2021-11-03,2925.4000,2935.8000,2935.8000,17886000.0
2021-11-04,2944.0000,2973.6000,2973.6000,24700000.0
2021-11-05,2987.0000,2984.8000,2984.8000,20408000.0
2021-11-08,3000.0000,2987.0000,2987.0000,18388000.0
2021-11-09,2995.0000,2985.0000,2985.0000,16876000.0
2021-11-10,2960.2000,2932.6000,2932.6000,22708000.0
2021-11-11,2942.2000,2935.0000,2935.0000,12464000.0
2021-11-12,2956.6000,2993.0000,2993.0000,17048000.0
2021-11-15,3000.0000,2987.8000,2987.8000,16248000.0
2021-11-16,2983.4000,2981.6000,2981.6000,17254000.0
2021-11-17,2984.6000,2981.2000,2981.2000,15290000.0
2021-11-18,2983.0000,3014.2000,3014.2000,26658000.0
2021-11-19,3020.0000,2999.0000,2999.0000,19766000.0
2021-11-22,3002.8000,2941.6000,2941.6000,24608000.0
2021-11-23,2942.2000,2935.2000,2935.2000,18126000.0
2021-11-24,2927.0000,2934.4000,2934.4000,16464000.0
2021-11-26,2900.4000,2856.2000,2856.2000,16992000.0
2021-11-29,2886.0000,2922.2000,2922.2000,26276000.0
2021-11-30,2909.0000,2849.0000,2849.0000,41590000.0
2021-12-01,2884.2000,2832.4000,2832.4000,28476000.0
2021-12-02,2836.4000,2875.6000,2875.6000,21250000.0
2021-12-03,2890.0000,2850.4000,2850.4000,26688000.0
2021-12-06,2871.4000,2876.0000,2876.0000,22198000.0
2021-12-07,2919.0000,2960.8000,2960.8000,23258000.0
2021-12-08,2966.6000,2974.4000,2974.4000,18964000.0
2021-12-09,2963.6000,2962.2000,2962.2000,18580000.0
2021-12-10,2982.0000,2973.6000,2973.6000,21634000.0
2021-12-13,2968.8000,2934.0000,2934.0000,24104000.0
2021-12-14,2895.4000,2899.4000,2899.4000,24778000.0
2021-12-15,2887.4000,2947.4000,2947.4000,27280000.0
2021-12-16,2961.6000,2896.8000,2896.8000,27400000.0
2021-12-17,2854.2000,2856.0000,2856.0000,43404000.0
2021-12-20,2813.6000,2848.0000,2848.0000,20264000.0
2021-12-21,2863.0000,2884.4000,2884.4000,19548000.0
2021-12-22,2882.0000,2939.0000,2939.0000,18438000.0
2021-12-23,2941.8000,2942.8000,2942.8000,13818000.0
2021-12-27,2949.2000,2961.2000,2961.2000,13256000.0
2021-12-28,2967.4000,2929.0000,2929.0000,18624000.0
2021-12-29,2928.6000,2930.0000,2930.0000,17022000.0
2021-12-30,2929.0000,2920.0000,2920.0000,12978000.0
2021-12-31,2910.8000,2893.6000,2893.6000,17298000.0
2022-01-03,2889.6000,2901.4000,2901.4000,25214000.0
2022-01-04,2911.0000,2888.4000,2888.4000,22928000.0
2022-01-05,2883.6000,2753.0000,2753.0000,49642000.0
2022-01-06,2750.0000,2751.0000,2751.0000,29050000.0
2022-01-07,2758.0000,2740.0000,2740.0000,19408000.0
2022-01-10,2702.0000,2771.4000,2771.4000,34096000.0
2022-01-11,2763.6000,2800.4000,2800.4000,23502000.0
2022-01-12,2831.0000,2833.0000,2833.0000,23642000.0
2022-01-13,2836.8000,2782.6000,2782.6000,26566000.0
2022-01-14,2750.0000,2795.8000,2795.8000,23826000.0
2022-01-18,2732.0000,2725.8000,2725.8000,27382000.0
2022-01-19,2738.8000,2713.0000,2713.0000,20796000.0
2022-01-20,2730.2000,2670.2000,2670.2000,21930000.0
2022-01-21,2660.2000,2601.8000,2601.8000,41920000.0
2022-01-24,2520.6000,2607.4000,2607.4000,55148000.0
2022-01-25,2568.8000,2534.8000,2534.8000,36008000.0
2022-01-26,2611.8000,2584.8000,2584.8000,39630000.0
2022-01-27,2627.2000,2582.4000,2582.4000,30248000.0
2022-01-28,2600.0000,2665.8000,2665.8000,30518000.0
2022-01-31,2684.0000,2714.0000,2714.0000,34056000.0
2022-02-01,2756.8000,2757.6000,2757.6000,51204000.0
2022-02-02,3037.2000,2960.8000,2960.8000,89750000.0
2022-02-03,2905.8000,2853.0000,2853.0000,56930000.0
2022-02-04,2860.4000,2860.4000,2860.4000,49224000.0
2022-02-07,2874.2000,2778.8000,2778.8000,44610000.0
2022-02-08,2779.8000,2784.2000,2784.2000,34256000.0
2022-02-09,2817.0000,2829.0000,2829.0000,28628000.0
2022-02-10,2790.0000,2772.0000,2772.0000,33018000.0
2022-02-11,2775.0000,2682.6000,2682.6000,38808000.0
2022-02-14,2667.4000,2706.0000,2706.0000,26792000.0
2022-02-15,2749.4000,2728.6000,2728.6000,26578000.0
2022-02-16,2728.6000,2749.8000,2749.8000,25610000.0
2022-02-17,2723.0000,2646.2000,2646.2000,30968000.0
2022-02-18,2660.8000,2609.4000,2609.4000,31858000.0
2022-02-22,2599.8000,2588.0000,2588.0000,38906000.0
2022-02-23,2621.6000,2551.6000,2551.6000,26432000.0
2022-02-24,2500.0000,2653.4000,2653.4000,43166000.0
2022-02-25,2670.6000,2690.4000,2690.4000,26236000.0
2022-02-28,2665.6000,2697.8000,2697.8000,29676000.0
2022-03-01,2689.6000,2683.4000,2683.4000,24640000.0
2022-03-02,2692.2000,2695.0000,2695.0000,23966000.0
2022-03-03,2719.6000,2686.2000,2686.2000,19780000.0
2022-03-04,2667.6000,2642.4000,2642.4000,24446000.0
2022-03-07,2638.0000,2529.2000,2529.2000,39178000.0
2022-03-08,2525.0000,2545.6000,2545.6000,35250000.0
2022-03-09,2628.0000,2677.4000,2677.4000,32258000.0
2022-03-10,2629.2000,2653.6000,2653.6000,24266000.0
2022-03-11,2680.0000,2609.6000,2609.6000,26600000.0
2022-03-14,2611.4000,2534.8000,2534.8000,30254000.0
2022-03-15,2554.8000,2593.2000,2593.2000,30292000.0
2022-03-16,2620.0000,2673.8000,2673.8000,32058000.0
2022-03-17,2666.4000,2692.0000,2692.0000,23994000.0
2022-03-18,2677.6000,2736.0000,2736.0000,45900000.0
2022-03-21,2737.0000,2729.6000,2729.6000,26632000.0
2022-03-22,2730.0000,2805.6000,2805.6000,29776000.0
2022-03-23,2782.8000,2770.0000,2770.0000,25302000.0
2022-03-24,2785.4000,2826.2000,2826.2000,20544000.0
2022-03-25,2835.0000,2830.4000,2830.4000,19270000.0
2022-03-28,2813.6000,2839.0000,2839.0000,23774000.0
2022-03-29,2863.2000,2865.0000,2865.0000,28678000.0
2022-03-30,2857.4000,2852.8000,2852.8000,21046000.0
2022-03-31,2849.0000,2793.0000,2793.0000,29516000.0
2022-04-01,2800.2000,2814.0000,2814.0000,23480000.0
2022-04-04,2816.4000,2872.8000,2872.8000,19076000.0
2022-04-05,2868.0000,2821.2000,2821.2000,19256000.0
2022-04-06,2783.2000,2743.6000,2743.6000,23574000.0
2022-04-07,2732.4000,2729.2000,2729.2000,19448000.0
2022-04-08,2725.0000,2680.2000,2680.2000,16434000.0
2022-04-11,2658.0000,2596.0000,2596.0000,24188000.0
2022-04-12,2648.4000,2567.4000,2567.4000,23004000.0
2022-04-13,2572.6000,2605.8000,2605.8000,19542000.0
2022-04-14,2613.0000,2545.0000,2545.0000,23484000.0
2022-04-18,2548.2000,2559.2000,2559.2000,14918000.0
2022-04-19,2561.6000,2610.6000,2610.6000,22720000.0
2022-04-20,2625.6000,2565.0000,2565.0000,22610000.0
2022-04-21,2587.0000,2498.8000,2498.8000,30158000.0
2022-04-22,2500.0000,2392.2000,2392.2000,46410000.0
2022-04-25,2388.6000,2465.0000,2465.0000,34522000.0
2022-04-26,2455.0000,2390.2000,2390.2000,49394000.0
2022-04-27,2287.4000,2300.4000,2300.4000,62238000.0
2022-04-28,2342.2000,2388.2000,2388.2000,36790000.0
2022-04-29,2351.6000,2299.4000,2299.4000,33694000.0
2022-05-02,2278.2000,2343.2000,2343.2000,30280000.0
2022-05-03,2335.2000,2362.6000,2362.6000,21216000.0
2022-05-04,2360.0000,2451.4000,2451.4000,33232000.0
2022-05-05,2404.4000,2335.0000,2335.0000,43090000.0
2022-05-06,2310.4000,2313.2000,2313.2000,35310000.0
2022-05-09,2266.0000,2261.6000,2261.6000,34520000.0
2022-05-10,2320.8000,2291.6000,2291.6000,31158000.0
2022-05-11,2274.2000,2279.2000,2279.2000,36502000.0
2022-05-12,2238.8000,2263.2000,2263.2000,41464000.0
2022-05-13,2297.0000,2330.4000,2330.4000,29738000.0
2022-05-16,2307.6000,2295.8000,2295.8000,23282000.0
2022-05-17,2344.6000,2334.0000,2334.0000,21576000.0
2022-05-18,2304.8000,2248.0000,2248.0000,27982000.0
2022-05-19,2236.8000,2215.0000,2215.0000,29192000.0
2022-05-20,2241.8000,2186.2000,2186.2000,37586000.0
2022-05-23,2202.0000,2233.4000,2233.4000,31558000.0
2022-05-24,2127.6000,2118.6000,2118.6000,60386000.0
2022-05-25,2102.8000,2116.8000,2116.8000,37900000.0
2022-05-26,2121.0000,2166.0000,2166.0000,30288000.0
2022-05-27,2195.8000,2256.0000,2256.0000,29924000.0
2022-05-31,2261.6000,2280.8000,2280.8000,51302000.0
2022-06-01,2298.6000,2282.8000,2282.8000,28630000.0
2022-06-02,2283.8000,2355.0000,2355.0000,27472000.0
2022-06-03,2319.8000,2291.2000,2291.2000,25052000.0
2022-06-06,2334.8000,2340.2000,2340.2000,23786000.0
2022-06-07,2313.0000,2344.6000,2344.6000,26414000.0
2022-06-08,2337.6000,2344.8000,2344.8000,22544000.0
2022-06-09,2326.8000,2298.4000,2298.4000,23142000.0
2022-06-10,2255.6000,2228.6000,2228.6000,31324000.0
2022-06-13,2149.0000,2137.6000,2137.6000,36756000.0
2022-06-14,2137.8000,2143.8000,2143.8000,25480000.0
2022-06-15,2178.0000,2207.8000,2207.8000,33192000.0
2022-06-16,2163.0000,2132.8000,2132.8000,35314000.0
2022-06-17,2130.8000,2157.4000,2157.4000,43516000.0
2022-06-21,2194.0000,2240.2000,2240.2000,39010000.0
2022-06-22,2223.2000,2240.6000,2240.6000,23922000.0
2022-06-23,2259.0000,2253.6000,2253.6000,24710000.0
2022-06-24,2272.0000,2370.8000,2370.8000,39122000.0
2022-06-27,2378.6000,2332.4000,2332.4000,32840000.0
2022-06-28,2327.0000,2251.4000,2251.4000,28232000.0
2022-06-29,2243.0000,2245.2000,2245.2000,18628000.0
2022-06-30,2210.0000,2187.4000,2187.4000,38046000.0
2022-07-01,2166.8000,2181.6000,2181.6000,31028000.0
2022-07-05,2150.2000,2277.8000,2277.8000,36398000.0
2022-07-06,2281.8000,2304.2000,2304.2000,28852000.0
2022-07-07,2320.2000,2386.2000,2386.2000,32184000.0
2022-07-08,2351.0000,2403.4000,2403.4000,29082000.0
2022-07-11,2373.0000,2330.4000,2330.4000,26718000.0
2022-07-12,2336.8000,2297.0000,2297.0000,24970000.0
2022-07-13,2252.8000,2243.8000,2243.8000,38958000.0
2022-07-14,2216.6000,2228.8000,2228.8000,32366000.0
2022-07-15,2259.2000,2255.4000,2255.4000,34330000.0
2022-07-18,113.44,109.91,109.91,33354000.0
2022-07-19,111.73,114.62,114.62,30992300.0
2022-07-20,114.06,114.7,114.7,26780100.0
2022-07-21,115.09,115.04,115.04,27267800.0
2022-07-22,111.81,108.36,108.36,44455300.0
2022-07-25,108.88,108.21,108.21,28289900.0
2022-07-26,107.43,105.44,105.44,36626600.0
2022-07-27,109.6,113.6,113.6,41474600.0
2022-07-28,112.8,114.59,114.59,23303800.0
2022-07-29,113.4,116.64,116.64,31336200.0
2022-08-01,115.53,115.48,115.48,22856200.0
2022-08-02,114.43,115.9,115.9,17911000.0
2022-08-03,116.34,118.78,118.78,25302800.0
2022-08-04,118.3,118.87,118.87,15757700.0
2022-08-05,116.93,118.22,118.22,15615700.0
2022-08-08,119.12,118.14,118.14,17061100.0
2022-08-09,117.99,117.5,117.5,15424300.0
2022-08-10,119.59,120.65,120.65,20497000.0
2022-08-11,122.08,119.82,119.82,16671600.0
2022-08-12,121.16,122.65,122.65,16121100.0
2022-08-15,122.21,122.88,122.88,15525000.0
2022-08-16,122.32,122.51,122.51,15626200.0
2022-08-17,120.93,120.32,120.32,17589200.0
2022-08-18,120.23,120.86,120.86,15652000.0
2022-08-19,119.87,118.12,118.12,20187000.0
2022-08-22,116.1,115.07,115.07,19316000.0
2022-08-23,114.32,114.77,114.77,14390700.0
2022-08-24,114.45,114.7,114.7,16051200.0
2022-08-25,115.15,117.7,117.7,14874700.0
2022-08-26,115.81,111.3,111.3,31698700.0
2022-08-29,110.78,110.34,110.34,20386100.0
2022-08-30,111.03,109.91,109.91,20548200.0
2022-08-31,111.63,109.15,109.15,25898000.0
2022-09-01,109.2,110.55,110.55,22784400.0
2022-09-02,111.34,108.68,108.68,20618100.0
2022-09-06,108.14,107.48,107.48,20565100.0
2022-09-07,107.76,110.48,110.48,22987200.0
2022-09-08,109.18,109.42,109.42,21660700.0
2022-09-09,110.05,111.78,111.78,21732900.0
2022-09-12,111.99,111.87,111.87,19732900.0
2022-09-13,108.89,105.31,105.31,33015000.0
2022-09-14,105.44,105.87,105.87,22115800.0
2022-09-15,105.01,103.9,103.9,26494900.0
2022-09-16,102.97,103.63,103.63,64540100.0
2022-09-19,102.54,103.85,103.85,19738600.0
2022-09-20,102.88,101.83,101.83,24001700.0
2022-09-21,102.24,100.01,100.01,26596800.0
2022-09-22,99.45,100.57,100.57,21272700.0
2022-09-23,100.06,99.17,99.17,25657000.0
2022-09-26,98.61,98.81,98.81,22437900.0
2022-09-27,99.91,98.09,98.09,24225000.0
2022-09-28,98.02,100.74,100.74,24617000.0
2022-09-29,99.3,98.09,98.09,21921500.0
2022-09-30,97.73,96.15,96.15,26277800.0
2022-10-03,97.22,99.3,99.3,24840000.0
2022-10-04,101.04,102.41,102.41,22580900.0
2022-10-05,100.69,102.22,102.22,18475500.0
2022-10-06,101.5,102.24,102.24,17156200.0
2022-10-07,100.65,99.57,99.57,24249900.0
2022-10-10,99.85,98.71,98.71,16529900.0
2022-10-11,98.25,98.05,98.05,21617700.0
2022-10-12,98.27,98.3,98.3,17343400.0
2022-10-13,95.93,99.71,99.71,32812200.0
2022-10-14,100.63,97.18,97.18,22624800.0
2022-10-17,99.52,100.78,100.78,23311600.0
2022-10-18,103.94,101.39,101.39,21610500.0
2022-10-19,100.7,100.29,100.29,21573700.0
2022-10-20,100.82,100.53,100.53,25125100.0
2022-10-21,98.46,101.48,101.48,28988700.0
2022-10-24,102.09,102.97,102.97,24680800.0
2022-10-25,103.3,104.93,104.93,29910200.0
2022-10-26,96.76,94.82,94.82,71504300.0
2022-10-27,94.31,92.6,92.6,54036500.0
2022-10-28,92.53,96.58,96.58,35696900.0
2022-10-31,95.78,94.66,94.66,29868700.0
2022-11-01,95.59,90.5,90.5,43220600.0
2022-11-02,90.91,87.07,87.07,43553600.0
2022-11-03,86.35,83.49,83.49,48510400.0
2022-11-04,85.51,86.7,86.7,40173300.0
2022-11-07,87.34,88.65,88.65,26899900.0
2022-11-08,89.16,88.91,88.91,30172000.0
2022-11-09,88.54,87.4,87.4,26743900.0
2022-11-10,92.34,94.17,94.17,42371200.0
2022-11-11,94.71,96.73,96.73,30569100.0
2022-11-14,95.5,96.03,96.03,24170100.0
2022-11-15,98.67,98.72,98.72,31831000.0
2022-11-16,98.02,98.99,98.99,24660200.0
2022-11-17,97.18,98.5,98.5,21818700.0
2022-11-18,99.01,97.8,97.8,24969900.0
2022-11-21,97.56,95.83,95.83,18696900.0
2022-11-22,96.16,97.33,97.33,18868900.0
2022-11-23,97.34,98.82,98.82,17568900.0
2022-11-25,98.46,97.6,97.6,8567800.0
2022-11-28,97.2,96.25,96.25,19974500.0
2022-11-29,96.0,95.44,95.44,20220000.0
2022-11-30,95.12,101.45,101.45,39888100.0
2022-12-01,101.4,101.28,101.28,21771500.0
2022-12-02,99.37,100.83,100.83,18821500.0
2022-12-05,99.82,99.87,99.87,19955500.0
2022-12-06,99.67,97.31,97.31,20877600.0
2022-12-07,96.77,95.15,95.15,26647900.0
2022-12-08,95.69,93.95,93.95,25593200.0
2022-12-09,93.9,93.07,93.07,21885300.0
2022-12-12,93.09,93.56,93.56,27380900.0
2022-12-13,98.07,95.85,95.85,34788500.0
2022-12-14,95.54,95.31,95.31,26452900.0
2022-12-15,93.54,91.2,91.2,28298800.0
2022-12-16,91.2,90.86,90.86,48485500.0
2022-12-19,90.88,89.15,89.15,23020500.0
2022-12-20,88.73,89.63,89.63,21976800.0
2022-12-21,89.73,90.25,90.25,20336400.0
2022-12-22,88.93,88.26,88.26,23656100.0
2022-12-23,87.62,89.81,89.81,17815000.0
2022-12-27,89.31,87.93,87.93,15470900.0
2022-12-28,87.5,86.46,86.46,17879600.0
2022-12-29,87.03,88.95,88.95,18280700.0
2022-12-30,87.36,88.73,88.73,19190300.0
2023-01-03,89.83,89.7,89.7,20738500.0
2023-01-04,91.01,88.71,88.71,27046500.0
2023-01-05,88.07,86.77,86.77,23136100.0
2023-01-06,87.36,88.16,88.16,26612600.0
2023-01-09,89.19,88.8,88.8,22996700.0
2023-01-10,86.72,89.24,89.24,22855600.0
2023-01-11,90.06,92.26,92.26,25998800.0
2023-01-12,92.4,91.91,91.91,22754200.0
2023-01-13,91.53,92.8,92.8,18630700.0
2023-01-17,92.78,92.16,92.16,22935800.0
2023-01-18,92.94,91.78,91.78,19641600.0
2023-01-19,91.39,93.91,93.91,28707700.0
2023-01-20,95.95,99.28,99.28,53704800.0
2023-01-23,99.13,101.21,101.21,31791800.0
2023-01-24,99.55,99.21,99.21,27391400.0
2023-01-25,97.2,96.73,96.73,31000900.0
2023-01-26,98.28,99.16,99.16,24542100.0
2023-01-27,99.05,100.71,100.71,29020400.0
2023-01-30,98.75,97.95,97.95,24365100.0
2023-01-31,97.86,99.87,99.87,22306800.0
2023-02-01,99.74,101.43,101.43,26392600.0
2023-02-02,106.79,108.8,108.8,46622600.0
2023-02-03,103.51,105.22,105.22,36823400.0
2023-02-06,102.68,103.47,103.47,25573000.0
2023-02-07,103.63,108.04,108.04,33738800.0
2023-02-08,102.69,100.0,100.0,73546000.0
2023-02-09,100.54,95.46,95.46,97798600.0
2023-02-10,95.74,94.86,94.86,49325300.0
2023-02-13,95.01,95.0,95.0,43116600.0
2023-02-14,94.66,94.95,94.95,42513100.0
2023-02-15,94.74,97.1,97.1,36964500.0
2023-02-16,95.54,95.78,95.78,35642100.0
2023-02-17,95.07,94.59,94.59,31095100.0
2023-02-21,93.24,92.05,92.05,28367200.0
2023-02-22,91.93,91.8,91.8,29891100.0
2023-02-23,92.13,91.07,91.07,32423700.0
2023-02-24,89.63,89.35,89.35,31295600.0
2023-02-27,90.09,90.1,90.1,22724300.0
2023-02-28,89.54,90.3,90.3,30546900.0
2023-03-01,90.16,90.51,90.51,26323900.0
2023-03-02,89.86,92.31,92.31,23328600.0
2023-03-03,92.74,94.02,94.02,30242500.0
2023-03-06,94.36,95.58,95.58,28288200.0
2023-03-07,95.42,94.17,94.17,24101500.0
2023-03-08,94.4,94.65,94.65,25395200.0
2023-03-09,94.49,92.66,92.66,24438900.0
2023-03-10,92.5,91.01,91.01,32850100.0
2023-03-13,90.57,91.66,91.66,31508600.0
2023-03-14,93.07,94.25,94.25,32303900.0
2023-03-15,93.54,96.55,96.55,38367300.0
2023-03-16,96.57,101.07,101.07,54499500.0
2023-03-17,100.84,102.46,102.46,76140300.0
2023-03-20,101.06,101.93,101.93,26033900.0
2023-03-21,101.98,105.84,105.84,33122800.0
2023-03-22,105.14,104.22,104.22,32336900.0
2023-03-23,105.89,106.26,106.26,31385800.0
2023-03-24,105.74,106.06,106.06,25236200.0
2023-03-27,105.32,103.06,103.06,25393400.0
2023-03-28,103.0,101.36,101.36,24913500.0
2023-03-29,102.72,101.9,101.9,26148300.0
2023-03-30,101.44,101.32,101.32,25009800.0
2023-03-31,101.71,104.0,104.0,28108000.0
2023-04-03,102.67,104.91,104.91,20719900.0
2023-04-04,104.84,105.12,105.12,20377200.0
2023-04-05,106.12,104.95,104.95,21864200.0
2023-04-06,105.77,108.9,108.9,34684200.0
2023-04-10,107.39,106.95,106.95,19741500.0
2023-04-11,106.92,106.12,106.12,18721300.0
2023-04-12,107.39,105.22,105.22,22761600.0
2023-04-13,106.47,108.19,108.19,21650700.0
2023-04-14,107.69,109.46,109.46,20758700.0
2023-04-17,105.43,106.42,106.42,29043400.0
2023-04-18,107.0,105.12,105.12,17641400.0
2023-04-19,104.21,105.02,105.02,16732000.0
2023-04-20,104.65,105.9,105.9,22515300.0
2023-04-21,106.09,105.91,105.91,22379000.0
2023-04-24,106.05,106.78,106.78,21410900.0
2023-04-25,106.61,104.61,104.61,31408100.0
2023-04-26,105.56,104.45,104.45,37068200.0
2023-04-27,105.23,108.37,108.37,38235200.0
2023-04-28,107.8,108.22,108.22,23957900.0
2023-05-01,107.72,107.71,107.71,20926300.0
2023-05-02,107.66,105.98,105.98,20343100.0
2023-05-03,106.22,106.12,106.12,17116300.0
2023-05-04,106.16,105.21,105.21,19780600.0
2023-05-05,105.32,106.21,106.21,20705300.0
2023-05-08,105.79,108.24,108.24,17266000.0
2023-05-09,108.78,107.94,107.94,24782400.0
2023-05-10,108.55,112.28,112.28,47533500.0
2023-05-11,115.86,116.9,116.9,57115100.0
2023-05-12,117.0,117.92,117.92,31272500.0
2023-05-15,116.49,116.96,116.96,22107900.0
2023-05-16,116.83,120.09,120.09,32370100.0
2023-05-17,120.18,121.48,121.48,26659600.0
2023-05-18,121.56,123.52,123.52,27014500.0
2023-05-19,124.2,123.25,123.25,30251300.0
2023-05-22,123.51,125.87,125.87,29760200.0
2023-05-23,124.93,123.29,123.29,24477900.0
2023-05-24,121.88,121.64,121.64,23087900.0
2023-05-25,125.21,124.35,124.35,33812700.0
2023-05-26,124.07,125.43,125.43,25154700.0
2023-05-30,126.29,124.64,124.64,27230700.0
2023-05-31,123.7,123.37,123.37,41548800.0
2023-06-01,123.5,124.37,124.37,25017700.0
2023-06-02,124.49,125.23,125.23,19362400.0
2023-06-05,124.61,126.63,126.63,22672500.0
2023-06-06,126.6,127.91,127.91,19450100.0
2023-06-07,127.57,122.94,122.94,34179300.0
2023-06-08,122.58,122.67,122.67,24815000.0
2023-06-09,122.56,122.87,122.87,20304500.0
2023-06-12,123.39,124.35,124.35,22255700.0
2023-06-13,125.65,124.43,124.43,19287700.0
2023-06-14,123.8,124.38,124.38,24659600.0
2023-06-15,123.88,125.79,125.79,24517100.0
2023-06-16,126.7,124.06,124.06,56686800.0
2023-06-20,123.54,123.85,123.85,22698000.0
2023-06-21,123.24,121.26,121.26,22612000.0
2023-06-22,120.66,123.87,123.87,20781900.0
2023-06-23,122.04,123.02,123.02,29542900.0
2023-06-26,121.47,119.09,119.09,23185000.0
2023-06-27,117.84,119.01,119.01,27221700.0
2023-06-28,117.96,121.08,121.08,19753100.0
2023-06-29,120.09,120.01,120.01,18517500.0
2023-06-30,121.1,120.97,120.97,23865800.0
2023-07-03,120.32,120.56,120.56,13888300.0
2023-07-05,120.06,122.63,122.63,17830300.0
2023-07-06,120.64,120.93,120.93,17732500.0
2023-07-07,120.89,120.14,120.14,20982400.0
2023-07-10,119.07,116.87,116.87,32960100.0
2023-07-11,116.76,117.71,117.71,18286600.0
2023-07-12,119.3,119.62,119.62,22059600.0
2023-07-13,121.54,124.83,124.83,31535900.0
2023-07-14,125.13,125.7,125.7,20482800.0
2023-07-17,126.06,125.06,125.06,20675300.0
2023-07-18,124.9,124.08,124.08,21071200.0
2023-07-19,124.79,122.78,122.78,22313800.0
2023-07-20,122.12,119.53,119.53,27541700.0
2023-07-21,120.87,120.31,120.31,56498100.0
2023-07-24,121.93,121.88,121.88,22276100.0
2023-07-25,121.88,122.79,122.79,31820800.0
2023-07-26,130.36,129.66,129.66,46216900.0
2023-07-27,131.8,129.87,129.87,35931600.0
2023-07-28,130.97,133.01,133.01,26971000.0
2023-07-31,133.01,133.11,133.11,18381900.0
2023-08-01,130.85,131.89,131.89,22154300.0
2023-08-02,129.84,128.64,128.64,22705800.0
2023-08-03,128.37,128.77,128.77,15018100.0
2023-08-04,129.6,128.54,128.54,20509500.0
2023-08-07,129.51,131.94,131.94,17621000.0
2023-08-08,130.98,131.84,131.84,16836000.0
2023-08-09,132.19,130.15,130.15,17745200.0
2023-08-10,131.97,130.21,130.21,17855700.0
2023-08-11,129.2,130.17,130.17,15191500.0
2023-08-14,129.85,131.83,131.83,17526200.0
2023-08-15,131.59,130.27,130.27,14769200.0
2023-08-16,129.28,129.11,129.11,17548400.0
2023-08-17,130.45,130.46,130.46,23665600.0
2023-08-18,129.06,128.11,128.11,23619400.0
2023-08-21,127.85,128.93,128.93,21851100.0
2023-08-22,129.13,129.69,129.69,15569400.0
2023-08-23,130.85,133.21,133.21,26497000.0
2023-08-24,134.73,130.42,130.42,18680400.0
2023-08-25,130.14,130.69,130.69,20678100.0
2023-08-28,132.08,131.79,131.79,16715500.0
2023-08-29,133.0,135.49,135.49,30803300.0
2023-08-30,135.57,136.93,136.93,21773400.0
2023-08-31,137.05,137.35,137.35,28147900.0
2023-09-01,138.43,136.8,136.8,16665700.0
2023-09-05,136.44,136.71,136.71,17730200.0
2023-09-06,137.01,135.37,135.37,15814300.0
2023-09-07,134.6,136.2,136.2,16976000.0
2023-09-08,135.87,137.2,137.2,17810700.0
2023-09-11,137.38,137.74,137.74,17180800.0
2023-09-12,137.13,136.07,136.07,15212900.0
2023-09-13,135.9,137.5,137.5,16394900.0
2023-09-14,138.39,138.99,138.99,19064600.0
2023-09-15,138.8,138.3,138.3,48947600.0
2023-09-18,137.63,138.96,138.96,16233600.0
2023-09-19,138.25,138.83,138.83,15479100.0
2023-09-20,138.83,134.59,134.59,21473500.0
2023-09-21,132.39,131.36,131.36,22042700.0
2023-09-22,131.68,131.25,131.25,17348700.0
2023-09-25,130.77,132.17,132.17,14650000.0
2023-09-26,130.91,129.45,129.45,20378800.0
2023-09-27,129.44,131.46,131.46,18764200.0
2023-09-28,130.69,133.13,133.13,18201400.0
2023-09-29,134.08,131.85,131.85,23224200.0
2023-10-02,132.15,135.17,135.17,19210400.0
2023-10-03,134.93,133.3,133.3,19628700.0
2023-10-04,133.66,136.27,136.27,22848000.0
2023-10-05,136.13,135.99,135.99,15922900.0
2023-10-06,134.94,138.73,138.73,20819300.0
2023-10-09,137.99,139.5,139.5,16599100.0
2023-10-10,139.51,139.2,139.2,19554900.0
2023-10-11,139.85,141.7,141.7,20146300.0
2023-10-12,142.16,140.29,140.29,18173100.0
2023-10-13,140.65,138.58,138.58,19438700.0
2023-10-16,139.73,140.49,140.49,17345600.0
2023-10-17,140.03,140.99,140.99,17424000.0
2023-10-18,140.75,139.28,139.28,18304900.0
2023-10-19,139.8,138.98,138.98,21831200.0
2023-10-20,138.59,136.74,136.74,24953900.0
2023-10-23,136.23,137.9,137.9,20780700.0
2023-10-24,139.16,140.12,140.12,26535200.0
2023-10-25,129.77,126.67,126.67,58796100.0
2023-10-26,124.47,123.44,123.44,33907400.0
2023-10-27,124.03,123.4,123.4,37367700.0
2023-10-30,124.46,125.75,125.75,24165600.0
2023-10-31,126.27,125.3,125.3,21123400.0
2023-11-01,125.34,127.57,127.57,26536600.0
2023-11-02,129.56,128.58,128.58,24091700.0
2023-11-03,129.09,130.37,130.37,19517900.0
2023-11-06,130.22,131.45,131.45,15360400.0
2023-11-07,131.98,132.4,132.4,19223800.0
2023-11-08,132.36,133.26,133.26,15093600.0
2023-11-09,133.36,131.69,131.69,17976500.0
2023-11-10,131.53,134.06,134.06,20872900.0
2023-11-13,133.36,133.64,133.64,16409900.0
2023-11-14,135.65,135.43,135.43,22317300.0
2023-11-15,136.64,136.38,136.38,15840900.0
2023-11-16,136.96,138.7,138.7,17615100.0
2023-11-17,137.82,136.94,136.94,25565300.0
2023-11-20,135.5,137.92,137.92,19569400.0
2023-11-21,137.94,138.62,138.62,17648100.0
2023-11-22,139.1,140.02,140.02,17306400.0
2023-11-24,139.54,138.22,138.22,8828600.0
2023-11-27,137.57,138.05,138.05,17886400.0
2023-11-28,137.63,138.62,138.62,17046900.0
2023-11-29,138.99,136.4,136.4,21014700.0
2023-11-30,136.4,133.92,133.92,29913500.0
2023-12-01,133.32,133.32,133.32,24258400.0
2023-12-04,131.29,130.63,130.63,24117100.0
2023-12-05,130.37,132.39,132.39,19235100.0
2023-12-06,132.9,131.43,131.43,16360600.0
2023-12-07,136.6,138.45,138.45,38419400.0
2023-12-08,135.66,136.64,136.64,22990900.0
2023-12-11,133.82,134.7,134.7,24502900.0
2023-12-12,133.27,133.64,133.64,26584000.0
2023-12-13,134.54,133.97,133.97,25268000.0
2023-12-14,134.77,133.2,133.2,29619100.0
2023-12-15,132.92,133.84,133.84,58569400.0
2023-12-18,133.86,137.19,137.19,25699800.0
2023-12-19,138.0,138.1,138.1,20633300.0
2023-12-20,140.33,141.92,141.92,17500314.0
2023-12-21,140.77,141.8,141.8,18082400.0
2023-12-22,142.13,142.72,142.72,18427914.0
2023-12-26,142.98,142.58,142.58,6271529.0
2023-12-27,142.83,141.44,141.44,17276300.0
2023-12-28,141.85,141.44,141.44,8141433.0
2023-12-29,140.68,140.75,140.75,2982415.0
2024-01-02,139.6,139.56,139.56,20056400.0
2024-01-03,138.6,140.36,140.36,18522762.0
2024-01-04,139.85,138.04,138.04,18166478.0
2024-01-05,138.35,137.39,137.39,15433200.0
2024-01-08,138.0,140.53,140.53,17645300.0
2024-01-09,140.06,142.56,142.56,19579700.0
2024-01-10,142.52,143.8,143.8,16641900.0
2024-01-11,144.9,143.67,143.67,17450100.0
2024-01-12,144.34,144.24,144.24,13995200.0
2024-01-16,143.43,144.08,144.08,19139877.0
2024-01-17,142.91,142.89,142.89,17879900.0
2024-01-18,143.44,144.99,144.99,18863000.0
2024-01-19,146.3,147.06,147.06,10882239.0
2024-01-22,148.71,147.71,147.71,21808500.0
2024-01-23,147.72,148.38,148.38,2644507.0
2024-01-24,150.29,150.73,150.73,2598138.0
2024-01-25,151.74,153.64,153.64,21437100.0
2024-01-26,152.87,153.79,153.79,19483600.0
2024-01-29,153.64,153.11,153.11,5362017.0
2024-01-30,154.01,153.05,153.05,26372800.0
2024-01-31,145.39,143.6,143.6,21410297.0
2024-02-01,143.69,143.14,143.14,10910197.0
2024-02-02,140.89,141.65,141.65,19891450.0
2024-02-05,144.04,144.93,144.93,29200800.0
2024-02-06,145.96,145.41,145.41,21500600.0
2024-02-07,146.12,146.68,146.68,21419500.0
2024-02-08,146.97,147.22,147.22,6487370.0
2024-02-09,147.95,150.02,150.02,8920524.0
2024-02-12,149.54,148.73,148.73,17236100.0
2024-02-13,146.07,146.37,146.37,18000388.0
2024-02-14,147.37,147.14,147.14,16588500.0
2024-02-15,147.37,142.54,142.54,12883949.0
2024-02-16,144.46,142.62,142.62,5652156.0
2024-02-20,140.94,142.2,142.2,18607100.0
2024-02-21,142.64,143.84,143.84,16440800.0
2024-02-22,146.12,145.32,145.32,23004600.0
2024-02-23,144.97,145.29,145.29,14508400.0
2024-02-26,143.45,138.75,138.75,33358100.0
2024-02-27,139.41,140.1,140.1,22335500.0
2024-02-28,139.1,137.43,137.43,30414453.0
2024-02-29,138.35,139.78,139.78,35447100.0
2024-03-01,139.61,138.08,138.08,28522000.0
2024-03-04,139.61,134.84,134.84,2583048.0
2024-03-05,132.74,133.78,133.78,28413500.0
2024-03-06,134.24,132.56,132.56,23144100.0
2024-03-07,133.89,135.24,135.24,24058500.0
2024-03-08,135.04,136.29,136.29,26472400.0
2024-03-11,137.07,139.22,139.22,8304342.0
2024-03-12,138.25,139.62,139.62,18994300.0
2024-03-13,140.06,140.77,140.77,19621600.0
2024-03-14,142.3,143.73,143.73,7734666.0
2024-03-15,143.41,142.17,142.17,41025900.0
2024-03-18,149.53,151.32,151.32,18445895.0
2024-03-19,149.0,147.72,147.72,4977256.0
2024-03-20,148.79,149.68,149.68,17665900.0
2024-03-21,150.32,148.74,148.74,19826700.0
2024-03-22,150.24,151.77,151.77,19226300.0
2024-03-25,150.95,151.15,151.15,15099700.0
2024-03-26,151.24,151.7,151.7,19297200.0
2024-03-27,152.05,151.94,151.94,16591231.0
2024-03-28,152.0,152.26,152.26,21100600.0
2024-04-01,151.83,156.5,156.5,24447800.0
2024-04-02,154.75,155.87,155.87,17585200.0
2024-04-03,154.92,156.37,156.37,17218400.0
2024-04-04,155.15,151.94,151.94,23837128.0
2024-04-05,151.68,153.94,153.94,16289800.0
2024-04-08,153.99,155.68,155.68,1397844.0
2024-04-09,157.44,159.79,159.79,5146447.0
2024-04-10,157.87,156.4,156.4,6328221.0
2024-04-11,158.34,160.79,160.79,17832800.0
2024-04-12,159.4,159.19,159.19,16968200.0
2024-04-15,160.33,160.2,160.2,7985049.0
2024-04-16,155.83,156.37,156.37,2656184.0
2024-04-17,157.19,156.88,156.88,16224100.0
2024-04-18,156.93,157.46,157.46,14005500.0
2024-04-19,157.75,156.42,156.42,3419317.0
2024-04-22,156.01,157.73,157.73,7689620.0
2024-04-23,158.78,159.94,159.94,9637249.0
2024-04-24,159.09,161.1,161.1,19115425.0
2024-04-25,153.29,157.32,157.32,16688954.0
2024-04-26,175.99,173.69,173.69,55186700.0
2024-04-29,170.68,170.21,170.21,14457327.0
2024-04-30,167.42,167.14,167.14,11079418.0
2024-05-01,166.18,165.57,165.57,25223200.0
2024-05-02,166.67,168.46,168.46,17041100.0
2024-05-03,169.53,168.99,168.99,22716443.0
2024-05-06,169.22,169.83,169.83,15132900.0
2024-05-07,170.12,172.98,172.98,21102400.0
2024-05-08,170.75,171.16,171.16,14559800.0
2024-05-09,171.16,170.48,170.48,1123875.0
2024-05-10,169.69,170.29,170.29,18726600.0
2024-05-13,165.85,170.9,170.9,19608200.0
2024-05-14,171.59,171.93,171.93,18696900.0
2024-05-15,172.3,173.88,173.88,20958200.0
2024-05-16,174.6,175.43,175.43,17247300.0
2024-05-17,175.55,177.29,177.29,16502700.0
2024-05-20,177.31,179.6,179.6,3568470.0
2024-05-21,178.42,178.05,178.05,1285913.0
2024-05-22,178.41,178.0,178.0,16106940.0
2024-05-23,178.7,179.87,179.87,997790.0
2024-05-24,176.52,176.33,176.33,11400600.0
2024-05-28,175.74,178.02,178.02,15642400.0
2024-05-29,176.81,176.28,176.28,983211.0
2024-05-30,176.59,175.93,175.93,1937955.0
2024-05-31,173.19,173.96,173.96,27173303.0
2024-06-03,173.88,174.42,174.42,20734000.0
2024-06-04,174.45,174.1,174.1,1840476.0
2024-06-05,176.54,177.07,177.07,15233900.0
2024-06-06,177.43,178.35,178.35,14131200.0
2024-06-07,178.4,178.54,178.54,4982146.0
2024-06-10,176.45,176.63,176.63,17099800.0
2024-06-11,177.72,178.19,178.19,13652583.0
2024-06-12,179.75,179.56,179.56,18360200.0
2024-06-13,177.65,178.32,178.32,2344661.0
2024-06-14,175.85,178.37,178.37,11839405.0
2024-06-17,176.98,178.78,178.78,15272900.0
2024-06-18,178.79,176.45,176.45,15625400.0
2024-06-20,176.71,177.71,177.71,16753200.0
2024-06-21,178.49,180.26,180.26,58903200.0
2024-06-24,181.28,180.79,180.79,18019600.0
2024-06-25,181.22,181.91,181.91,1383924.0
2024-06-26,184.2,185.37,185.37,13375700.0
2024-06-27,185.65,186.86,186.86,13007900.0
2024-06-28,185.72,183.42,183.42,23020000.0
2024-07-01,184.48,184.49,184.49,11815900.0
2024-07-02,183.47,186.61,186.61,12546600.0
2024-07-03,186.3,187.39,187.39,7409100.0
2024-07-05,187.32,191.96,191.96,14290500.0
2024-07-08,191.37,191.09,191.09,6125402.0
2024-07-09,191.75,190.44,190.44,10198500.0
2024-07-10,190.75,192.66,192.66,12042400.0
2024-07-11,191.34,187.3,187.3,16452000.0
2024-07-12,186.9,186.78,186.78,14353301.0
2024-07-15,186.75,188.19,188.19,10624790.0
2024-07-16,188.96,185.5,185.5,12760100.0
2024-07-17,184.68,182.62,182.62,17361300.0
2024-07-18,183.54,179.22,179.22,17877200.0
2024-07-19,180.37,179.39,179.39,14466900.0
2024-07-22,182.35,183.35,183.35,16303900.0
2024-07-23,183.84,183.6,183.6,23772600.0
2024-07-24,175.39,174.37,174.37,31250700.0
2024-07-25,174.25,169.16,169.16,28927100.0
2024-07-26,168.77,168.68,168.68,25135400.0
2024-07-29,170.5,171.13,171.13,13740000.0
2024-07-30,171.83,171.86,171.86,13681400.0
2024-07-31,174.92,173.15,173.15,15601100.0
2024-08-01,171.98,172.45,172.45,17137700.0
2024-08-02,168.19,168.4,168.4,18888000.0
2024-08-05,157.37,160.64,160.64,34907800.0
2024-08-06,160.95,160.54,160.54,36099400.0
2024-08-07,163.24,160.75,160.75,19288800.0
2024-08-08,162.34,162.99,162.99,1678235.0
2024-08-09,161.65,165.39,165.39,13544700.0
2024-08-12,165.99,163.95,163.95,12435000.0
2024-08-13,165.18,165.93,165.93,12717600.0
2024-08-14,164.21,162.03,162.03,22472600.0
2024-08-15,162.21,163.17,163.17,18392500.0
2024-08-16,163.41,164.74,164.74,16853100.0
2024-08-19,167.0,168.4,168.4,13100800.0
2024-08-20,168.74,168.96,168.96,12622500.0
2024-08-21,166.99,167.63,167.63,13372555.0
2024-08-22,169.04,165.49,165.49,19123800.0
2024-08-23,166.55,167.43,167.43,14260500.0
2024-08-26,168.32,167.93,167.93,11634952.0
2024-08-27,167.93,166.38,166.38,13240236.0
2024-08-28,166.89,164.5,164.5,15124889.0
2024-08-29,166.06,163.4,163.4,17125000.0
2024-08-30,164.22,165.11,165.11,18492300.0
2024-09-03,163.32,158.61,158.61,26508900.0
2024-09-04,158.07,157.81,157.81,17410700.0
2024-09-05,157.76,158.6,158.6,13893235.0
2024-09-06,158.67,152.13,152.13,24801174.0
2024-09-09,153.58,149.54,149.54,27871507.0
2024-09-10,151.45,150.01,150.01,20401800.0
2024-09-11,151.09,152.15,152.15,18991500.0
2024-09-12,154.81,155.54,155.54,21024100.0
2024-09-13,156.36,158.37,158.37,16708200.0
2024-09-16,158.33,158.99,158.99,14157600.0
2024-09-17,160.09,160.28,160.28,12064800.0
2024-09-18,160.85,160.81,160.81,16756500.0
2024-09-19,164.82,163.24,163.24,17548200.0
2024-09-20,164.43,164.64,164.64,43780387.0
2024-09-23,165.34,163.07,163.07,15648400.0
2024-09-24,164.25,163.64,163.64,18764700.0
2024-09-25,162.97,162.99,162.99,13607900.0
2024-09-26,165.03,163.83,163.83,18218300.0
2024-09-27,163.91,165.29,165.29,13593000.0
2024-09-30,164.77,167.19,167.19,14006406.0
2024-10-01,168.86,168.42,168.42,18310320.0
2024-10-02,167.76,167.31,167.31,12745000.0
2024-10-03,165.82,167.21,167.21,11004300.0
2024-10-04,169.34,168.56,168.56,11422100.0
2024-10-07,169.14,164.39,164.39,14034700.0
2024-10-08,165.43,165.7,165.7,11723900.0
2024-10-09,164.85,163.06,163.06,19649400.0
2024-10-10,162.11,163.18,163.18,12900500.0
2024-10-11,163.33,164.52,164.52,10946000.0
2024-10-14,164.91,166.35,166.35,9981800.0
2024-10-15,167.14,166.9,166.9,14829300.0
2024-10-16,166.03,166.74,166.74,9968500.0
2024-10-17,167.38,164.51,164.51,15101800.0
2024-10-18,164.82,165.42,165.42,4434519.0
2024-10-21,164.58,165.8,165.8,11384000.0
2024-10-22,164.7,166.82,166.82,11958600.0
2024-10-23,166.43,164.48,164.48,12729200.0
2024-10-24,164.59,164.53,164.53,12764400.0
2024-10-25,165.37,166.99,166.99,14546900.0
2024-10-28,170.59,168.34,168.34,20814400.0
2024-10-29,169.38,171.14,171.14,28916100.0
2024-10-30,182.41,176.14,176.14,49698300.0
2024-10-31,174.72,172.69,172.69,32801900.0
2024-11-01,171.54,172.65,172.65,21626900.0
2024-11-04,171.24,170.68,170.68,16194000.0
2024-11-05,170.83,171.41,171.41,12487000.0
2024-11-06,175.35,178.33,178.33,27061500.0
2024-11-07,179.11,182.28,182.28,16730400.0
2024-11-08,182.0,179.86,179.86,15004600.0
2024-11-11,180.07,181.97,181.97,12492500.0
2024-11-12,181.38,183.32,183.32,14065800.0
2024-11-13,182.3,180.49,180.49,13845347.0
2024-11-14,179.75,177.35,177.35,17904400.0
2024-11-15,175.64,173.89,173.89,21688900.0
2024-11-18,174.96,176.8,176.8,18725400.0
2024-11-19,175.24,179.58,179.58,15392900.0
2024-11-20,178.83,177.33,177.33,15729800.0
2024-11-21,175.46,169.24,169.24,38839400.0
2024-11-22,167.16,166.57,166.57,24497000.0
2024-11-25,167.99,169.43,169.43,21395700.0
2024-11-26,169.49,170.62,170.62,14937500.0
2024-11-27,170.68,170.82,170.82,12433400.0
2024-11-29,170.06,170.49,170.49,9250700.0
2024-12-02,170.32,172.98,172.98,16593400.0
2024-12-03,173.12,173.02,173.02,15721500.0
2024-12-04,172.78,176.09,176.09,18239800.0
2024-12-05,177.32,174.31,174.31,16064904.0
2024-12-06,173.88,176.49,176.49,13305200.0
2024-12-09,175.71,177.1,177.1,19887800.0
2024-12-10,184.54,186.53,186.53,34317400.0
2024-12-11,186.7,196.71,196.71,41664500.0
2024-12-12,196.3,193.63,193.63,25197800.0
2024-12-13,192.71,191.38,191.38,18866600.0
2024-12-16,194.37,198.16,198.16,32216800.0
2024-12-17,198.53,197.12,197.12,24129500.0
2024-12-18,196.83,190.15,190.15,27638400.0
2024-12-19,193.28,189.7,189.7,26981200.0
2024-12-20,187.01,192.96,192.96,45260900.0
2024-12-23,194.03,195.99,195.99,15235900.0
2024-12-24,196.17,197.57,197.57,6809800.0
2024-12-26,196.78,197.1,197.1,7725431.0
2024-12-27,196.47,194.04,194.04,14683000.0
2024-12-30,190.87,192.69,192.69,12009434.0
2024-12-31,192.45,190.44,190.44,14344900.0
2025-01-02,191.49,190.63,190.63,17349902.0
2025-01-03,192.79,193.13,193.13,12836703.0
2025-01-06,195.15,197.96,197.96,19483300.0
2025-01-07,198.27,196.71,196.71,16966800.0
2025-01-08,193.95,195.39,195.39,14335300.0
2025-01-10,195.42,193.17,193.17,20739800.0
2025-01-13,191.35,192.29,192.29,13169100.0
2025-01-14,192.5,191.05,191.05,13638400.0
2025-01-15,194.36,196.98,196.98,12721910.0
2025-01-16,195.82,194.41,194.41,13427900.0
2025-01-17,198.11,197.33,197.33,8558648.0
2025-01-21,200.51,199.63,199.63,19005200.0
2025-01-22,200.55,200.03,200.03,15453200.0
2025-01-23,199.98,199.58,199.58,15170800.0
2025-01-24,199.85,201.9,201.9,12608439.0
2025-01-27,194.19,193.77,193.77,24970200.0
2025-01-28,194.65,197.07,197.07,15930300.0
2025-01-29,197.36,197.1,197.1,760763.0
2025-01-30,199.76,202.63,202.63,14571500.0
2025-01-31,203.8,205.6,205.6,17047735.0
2025-02-03,202.21,202.64,202.64,16572403.0
2025-02-04,204.5,207.71,207.71,23802265.0
2025-02-05,193.1,193.3,193.3,43666400.0
2025-02-06,191.11,193.31,193.31,20584320.0
2025-02-07,192.74,187.14,187.14,29517100.0
2025-02-10,189.06,188.2,188.2,16583700.0
2025-02-11,186.84,186.2,186.2,5527410.0
2025-02-12,185.23,185.43,185.43,16825670.0
2025-02-13,185.97,185.44,185.44,1818840.0
2025-02-14,186.83,186.87,186.87,12673300.0
2025-02-18,187.23,185.59,185.59,19796000.0
2025-02-19,185.97,186.92,186.92,13120500.0
2025-02-20,186.29,186.43,186.43,12063800.0
2025-02-21,187.08,181.37,181.37,19520800.0
2025-02-24,183.59,180.98,180.98,18734000.0
2025-02-25,179.95,177.17,177.17,20832500.0
2025-02-26,176.74,174.5,174.5,23637200.0
2025-02-27,175.74,170.02,170.02,25930500.0
2025-02-28,170.11,172.02,172.02,30049800.0
2025-03-03,173.53,168.47,168.47,24122000.0
2025-03-04,167.75,172.41,172.41,30711400.0
2025-03-05,172.12,174.79,174.79,18848000.0
2025-03-06,172.35,174.01,174.01,19082400.0
2025-03-07,173.04,175.55,175.55,16395300.0
2025-03-10,170.16,167.81,167.81,28990700.0
2025-03-11,166.68,165.98,165.98,23705900.0
2025-03-12,168.47,169.0,169.0,19880100.0
2025-03-13,167.98,164.73,164.73,15206200.0
2025-03-14,165.32,167.62,167.62,18611100.0
2025-03-17,167.32,166.57,166.57,17839100.0
2025-03-18,165.96,162.67,162.67,24616800.0
2025-03-19,163.91,166.28,166.28,24955700.0
2025-03-20,163.82,165.05,165.05,19981500.0
2025-03-21,163.38,166.25,166.25,29882100.0
2025-03-24,169.26,169.93,169.93,18742800.0
2025-03-25,171.18,172.79,172.79,13841600.0
2025-03-26,171.3,167.14,167.14,22498000.0
2025-03-27,166.71,164.08,164.08,21571200.0
2025-03-28,162.36,156.06,156.06,34866500.0
2025-03-31,154.81,156.23,156.23,33591600.0
2025-04-01,155.3,158.88,158.88,20111400.0
2025-04-02,156.96,158.86,158.86,17113300.0
2025-04-03,152.84,152.63,152.63,28416100.0
2025-04-04,149.9,147.74,147.74,39832200.0
2025-04-07,143.39,149.24,149.24,47823000.0
2025-04-08,153.57,146.58,146.58,35304400.0
2025-04-09,146.33,161.06,161.06,46479500.0
2025-04-10,158.76,155.37,155.37,35270500.0
2025-04-11,155.59,159.4,159.4,22582000.0
2025-04-14,162.31,161.47,161.47,18255900.0
2025-04-15,161.57,158.68,158.68,15690800.0
2025-04-16,155.47,155.5,155.5,16921500.0
2025-04-17,156.61,153.36,153.36,19513400.0
2025-04-21,150.96,149.86,149.86,16147800.0
2025-04-22,151.07,153.9,153.9,15910300.0
2025-04-23,157.91,157.72,157.72,18575700.0
2025-04-24,158.52,161.47,161.47,30787500.0
2025-04-25,167.1,163.85,163.85,35105800.0
2025-04-28,164.26,162.42,162.42,20843000.0
2025-04-29,162.04,162.46,162.46,12006063.0
2025-04-30,159.86,160.89,160.89,20639500.0
2025-05-01,162.52,162.79,162.79,21904300.0
2025-05-02,164.96,165.81,165.81,16844900.0
2025-05-05,164.51,166.05,166.05,15309300.0
2025-05-06,163.96,165.2,165.2,10691900.0
2025-05-07,166.07,152.8,152.8,78729800.0
2025-05-08,155.92,155.75,155.75,38387500.0
2025-05-09,155.55,154.38,154.38,22871000.0
2025-05-12,159.1,159.58,159.58,31884900.0
2025-05-13,159.92,160.89,160.89,24944300.0
2025-05-14,161.31,166.81,166.81,31769200.0
2025-05-15,167.14,165.4,165.4,22717600.0
2025-05-16,168.93,167.43,167.43,35876900.0
2025-05-19,165.71,167.87,167.87,20708668.0
2025-05-20,167.76,165.32,165.32,33563300.0
2025-05-21,164.91,170.06,170.06,45461722.0
2025-05-22,173.35,171.98,171.98,45024100.0
2025-05-23,170.28,169.59,169.59,24963600.0
2025-05-27,171.3,173.98,173.98,24341300.0
2025-05-28,173.98,173.38,173.38,25999200.0
2025-05-29,175.0,172.96,172.96,21233600.0
2025-05-30,172.41,172.85,172.85,36258300.0
2025-06-02,169.01,170.37,170.37,24742900.0
2025-06-03,168.87,167.71,167.71,25386700.0
2025-06-04,168.28,169.39,169.39,18389685.0
2025-06-05,171.41,169.61,169.61,25375400.0
2025-06-06,172.09,174.71,174.71,22258100.0
2025-06-09,175.87,177.63,177.63,18817600.0
2025-06-10,177.76,180.01,180.01,32908000.0
2025-06-11,181.23,178.79,178.79,18994400.0
2025-06-12,177.48,176.97,176.97,17345900.0
2025-06-13,173.58,175.88,175.88,20850800.0
2025-06-16,175.9,177.94,177.94,18132500.0
2025-06-17,177.0,177.23,177.23,17656100.0
2025-06-18,177.28,173.98,173.98,32531800.0
2025-06-20,174.77,175.09,175.09,6540642.0
2025-06-23,167.32,166.01,166.01,36975600.0
2025-06-24,167.68,167.74,167.74,27310300.0
2025-06-25,168.65,171.49,171.49,23627400.0
2025-06-26,173.38,174.43,174.43,25909100.0
2025-06-27,174.63,178.27,178.27,73977100.0
2025-06-30,180.79,177.39,177.39,43964600.0
2025-07-01,176.8,176.91,176.91,25778500.0
2025-07-02,176.54,179.76,179.76,19325900.0
2025-07-03,179.82,180.55,180.55,13287400.0
2025-07-07,180.13,177.56,177.56,20964300.0
2025-07-08,178.76,174.94,174.94,10440987.0
2025-07-09,176.11,177.66,177.66,31288000.0
2025-07-10,176.67,178.7,178.7,24693700.0
2025-07-11,177.91,181.31,181.31,23953300.0
2025-07-14,182.07,182.81,182.81,20990400.0
2025-07-15,183.94,183.1,183.1,23872700.0
2025-07-16,184.38,184.13,184.13,823516.0
2025-07-17,183.12,182.32,182.32,4255972.0
2025-07-18,186.62,185.94,185.94,21033400.0
2025-07-21,187.1,191.15,191.15,24665000.0
2025-07-22,192.42,192.11,192.11,26212900.0
2025-07-23,192.36,191.51,191.51,34068100.0
2025-07-24,198.11,193.2,193.2,45252100.0
2025-07-25,192.93,194.08,194.08,31101800.0
2025-07-28,194.41,193.42,193.42,25553500.0
2025-07-29,193.3,196.43,196.43,31891600.0
2025-07-30,196.3,197.44,197.44,21150500.0
2025-07-31,196.6,192.86,192.86,27852000.0
2025-08-01,189.78,189.95,189.95,21236700.0
2025-08-04,191.18,195.75,195.75,23386000.0
2025-08-05,195.54,195.32,195.32,19010200.0
2025-08-06,195.25,196.92,196.92,15383700.0
2025-08-07,197.71,197.28,197.28,14660600.0
2025-08-08,197.98,202.09,202.09,24379900.0
2025-08-11,201.55,201.63,201.63,16690200.0
2025-08-12,202.1,204.16,204.16,19854000.0
2025-08-13,204.98,203.03,203.03,19573000.0
2025-08-14,202.56,203.82,203.82,17777100.0
2025-08-15,204.72,204.91,204.91,21111400.0
2025-08-18,205.07,204.29,204.29,13000200.0
2025-08-19,203.9,202.49,202.49,13476600.0
2025-08-20,201.68,200.19,200.19,13971700.0
2025-08-21,200.72,200.62,200.62,11768900.0
2025-08-22,203.96,206.72,206.72,25723700.0
2025-08-25,207.0,209.16,209.16,22788800.0
2025-08-26,208.37,207.95,207.95,23040800.0
2025-08-27,206.4,207.93,207.93,1492898.0
2025-08-28,207.65,212.18,212.18,20915700.0
2025-08-29,211.08,213.34,213.34,24682200.0
2025-09-02,208.8,211.8,211.8,28900100.0
2025-09-03,226.28,230.89,230.89,72250300.0
2025-09-04,229.95,232.45,232.45,32196000.0
2025-09-05,232.45,234.96,234.96,26127700.0
2025-09-08,235.79,234.16,234.16,23128800.0
2025-09-09,234.19,239.94,239.94,22854800.0
2025-09-10,239.25,239.56,239.56,19990100.0
2025-09-11,240.14,240.78,240.78,21308600.0
2025-09-12,240.8,241.38,241.38,14536600.0
2025-09-15,245.14,251.76,251.76,29935200.0
2025-09-16,252.33,251.42,251.42,24493500.0
2025-09-17,251.46,249.85,249.85,20491300.0
2025-09-18,251.86,252.33,252.33,21166400.0
2025-09-19,253.4,255.24,255.24,41505200.0
2025-09-22,254.78,252.88,252.88,20045900.0
2025-09-23,253.65,252.0,252.0,9768952.0
2025-09-24,252.15,247.83,247.83,16958500.0
2025-09-25,244.84,246.57,246.57,17379800.0
2025-09-26,247.79,247.18,247.18,16581700.0
2025-09-29,248.27,244.36,244.36,23157200.0
2025-09-30,243.06,243.55,243.55,22541200.0
2025-10-01,241.18,245.54,245.54,23947580.0
2025-10-02,245.64,246.43,246.43,20657500.0
2025-10-03,245.23,246.45,246.45,19941400.0
2025-10-06,245.78,251.51,251.51,18283700.0
2025-10-07,248.95,247.84,247.84,7987657.0
2025-10-08,246.2,245.46,245.46,14123000.0
2025-10-09,245.06,242.21,242.21,19352200.0
2025-10-10,245.1,240.1,240.1,6151528.0
2025-10-13,241.03,244.64,244.64,12465000.0
2025-10-14,241.76,246.19,246.19,17705400.0
2025-10-15,247.91,251.71,251.71,16025477.0
2025-10-16,252.47,253.47,253.47,8995039.0
2025-10-17,251.35,253.79,253.79,17653800.0
2025-10-20,255.23,257.02,257.02,13726800.0
2025-10-21,255.25,251.34,251.34,27836400.0
2025-10-22,255.01,252.53,252.53,19650200.0
2025-10-23,253.7,253.73,253.73,13241300.0
2025-10-24,257.3,260.51,260.51,18406000.0
2025-10-27,265.36,269.93,269.93,22987700.0
2025-10-28,270.2,268.43,268.43,20101200.0
2025-10-29,268.61,275.17,275.17,26287900.0
2025-10-30,291.72,281.9,281.9,48570000.0
2025-10-31,283.2,281.82,281.82,29932800.0
2025-11-03,282.42,284.12,284.12,19691800.0
2025-11-04,277.07,278.06,278.06,18123700.0
2025-11-05,279.38,284.75,284.75,20063200.0
2025-11-06,285.73,285.34,285.34,23103800.0
2025-11-07,284.21,279.7,279.7,21947100.0
2025-11-10,285.27,290.59,290.59,19508200.0
2025-11-11,288.2,291.74,291.74,14156700.0
2025-11-12,292.08,287.43,287.43,16998800.0
2025-11-13,282.98,279.12,279.12,18060200.0
2025-11-14,271.89,276.98,276.98,18330500.0
2025-11-17,286.4,285.6,285.6,34286100.0
2025-11-18,288.48,284.96,284.96,29702200.0
2025-11-19,287.68,292.99,292.99,43123600.0
2025-11-20,304.74,289.98,289.98,34801400.0
2025-11-21,296.87,299.65,299.65,43670600.0
2025-11-24,311.01,318.47,318.47,55311800.0
2025-11-25,326.8,323.64,323.64,50768300.0
2025-11-26,320.78,320.28,320.28,29839600.0
2025-11-28,323.25,320.12,320.12,19387975.0
2025-12-01,317.48,315.12,315.12,28489400.0
2025-12-02,316.69,315.81,315.81,24668200.0
2025-12-03,315.82,320.41,320.41,32285100.0
2025-12-04,322.83,318.18,318.18,20831600.0
2025-12-05,319.79,321.88,321.88,15719900.0
2025-12-08,321.03,314.45,314.45,22006900.0
2025-12-09,313.1,317.75,317.75,14151300.0
2025-12-10,316.62,321.0,321.0,22764500.0
2025-12-11,321.1,313.7,313.7,25912100.0
2025-12-12,314.81,310.52,310.52,20315069.0
2025-12-15,312.63,309.32,309.32,22028900.0
2025-12-16,306.0,307.73,307.73,21285200.0
2025-12-17,309.01,298.06,298.06,29120400.0
2025-12-18,303.06,303.75,303.75,21040500.0
2025-12-19,303.27,308.61,308.61,45234400.0
2025-12-22,311.23,311.33,311.33,14091400.0
2025-12-23,311.14,315.68,315.68,13961400.0
2025-12-24,316.15,315.67,315.67,6138200.0
2025-12-26,315.92,314.96,314.96,6714300.0
2025-12-29,315.9,312.69,312.69,5943079.0
2025-12-30,313.6,314.91,314.91,4073022.0
2025-12-31,313.37,313.8,313.8,10821500.0
2026-01-02,317.59,315.32,315.32,22043700.0
2026-01-05,317.7,317.32,317.32,19934000.0
2026-01-06,317.31,314.55,314.55,18969400.0
2026-01-07,314.57,322.43,322.43,24681800.0
2026-01-08,329.3,326.01,326.01,21294071.0
2026-01-09,327.49,329.14,329.14,17893400.0
2026-01-12,326.5,332.73,332.73,23893800.0
2026-01-13,335.28,336.43,336.43,24616700.0
2026-01-14,334.98,336.31,336.31,17839300.0
2026-01-15,338.05,333.16,333.16,16424900.0
2026-01-16,334.93,330.34,330.34,21868600.0
2026-01-20,321.24,322.16,322.16,27169900.0
2026-01-21,321.1,328.38,328.38,22791700.0
2026-01-22,334.27,330.84,330.84,19902100.0
2026-01-23,332.65,328.43,328.43,19110600.0
2026-01-26,328.2,333.59,333.59,18502500.0
2026-01-27,335.63,335.0,335.0,16080900.0
2026-01-28,336.61,336.28,336.28,17538500.0
2026-01-29,340.35,338.66,338.66,24548300.0
2026-01-30,334.54,338.53,338.53,21662540.0
2026-02-02,336.55,344.9,344.9,22775200.0
2026-02-03,348.52,340.7,340.7,25786500.0
2026-02-04,343.76,333.34,333.34,36991100.0
2026-02-05,313.2,331.33,331.33,51842000.0
2026-02-06,327.35,323.1,323.1,33815900.0
2026-02-09,321.24,324.4,324.4,26103300.0
2026-02-10,320.91,318.63,318.63,25281900.0
2026-02-11,318.96,311.33,311.33,23961900.0
2026-02-12,312.35,309.37,309.37,28194000.0
2026-02-13,307.98,306.02,306.02,20236000.0
2026-02-17,300.64,302.82,302.82,23750800.0
2026-02-18,302.43,303.94,303.94,15847700.0
2026-02-19,302.52,303.56,303.56,13448600.0
2026-02-20,304.8,314.9,314.9,33640700.0
2026-02-23,319.14,311.69,311.69,17616300.0
2026-02-24,310.64,310.92,310.92,15015300.0
2026-02-25,312.12,310.64,310.64,9459387.0
2026-02-26,312.8,307.15,307.15,22380000.0
2026-02-27,303.94,311.43,311.43,33389200.0
2026-03-02,302.96,306.36,306.36,21854400.0
2026-03-03,298.42,303.56,303.56,20301800.0
2026-03-04,302.72,303.56,303.56,9024085.0
2026-03-05,303.2,300.91,300.91,22643900.0
2026-03-06,296.07,298.3,298.3,17410318.0
2026-03-09,294.14,306.01,306.01,19632700.0
2026-03-10,305.88,306.93,306.93,14362200.0
2026-03-11,306.3,308.42,308.42,13376700.0
2026-03-12,306.21,303.21,303.21,15610200.0
2026-03-13,307.0,301.46,301.46,16857533.0
2026-03-16,303.5,304.42,304.42,14764954.0
2026-03-17,304.67,309.41,309.41,14423600.0
2026-03-18,307.9,306.3,306.3,13848400.0
2026-03-19,303.21,305.73,305.73,15399700.0
2026-03-20,304.14,298.79,298.79,34103002.0
2026-03-23,300.53,299.02,299.02,22204100.0
2026-03-24,296.21,289.2,289.2,27347200.0
2026-03-25,291.72,289.05,289.05,10071940.0
2026-03-26,286.19,280.74,280.74,29281200.0
2026-03-27,277.4,273.76,273.76,25644800.0
2026-03-30,275.89,273.25,273.25,8470636.0
2026-03-31,277.54,286.86,286.86,31529500.0
2026-04-01,289.98,294.01,294.01,5647588.0
2026-04-02,288.99,294.46,294.46,13433400.0
2026-04-06,294.7,297.66,297.66,10121700.0
2026-04-07,300.14,303.93,303.93,17317700.0
2026-04-08,317.83,314.74,314.74,20887500.0
2026-04-09,313.19,316.37,316.37,14606800.0
2026-04-10,318.23,315.72,315.72,11997600.0
2026-04-13,315.42,319.21,319.21,12181100.0
2026-04-14,322.08,329.86,329.86,8029402.0
2026-04-15,330.56,334.47,334.47,15104100.0
2026-04-16,335.85,332.77,332.77,13949600.0
2026-04-17,334.43,339.4,339.4,19683800.0
2026-04-20,338.56,335.4,335.4,12897300.0
2026-04-21,335.58,330.47,330.47,14623800.0
2026-04-22,334.89,337.73,337.73,12954200.0
2026-04-23,339.58,337.75,337.75,13442100.0
2026-04-24,337.72,342.32,342.32,18260900.0
2026-04-27,343.88,348.52,348.52,17443000.0
2026-04-28,346.92,347.5,347.5,18502300.0
2026-04-29,345.48,347.31,347.31,22232200.0
2026-04-30,371.26,381.94,381.94,44570500.0
2026-05-01,377.98,383.22,383.22,28047900.0
2026-05-04,382.32,379.64,379.64,18260300.0
2026-05-05,381.15,380.88,380.88,8080259.0
2026-05-06,389.59,395.14,395.14,23097346.0
2026-05-07,397.06,395.3,395.3,15153626.0
2026-05-08,394.27,397.05,397.05,13762461.0
2026-05-11,390.69,386.77,386.77,16314946.0
2026-05-12,385.0,383.82,383.82,17103932.0
2026-05-13,381.91,399.04,399.04,18160118.0
2026-05-14,393.79,397.17,397.17,13805371.0
2026-05-15,393.22,393.32,393.32,15801942.0
2026-05-18,392.13,393.11,393.11,18592786.0
2026-05-19,393.3,384.9,384.9,25559382.0
2026-05-20,385.04,384.9,384.9,15041331.0
2026-05-21,382.01,383.47,383.47,16837601.0
2026-05-22,383.26,379.38,379.38,13382786.0
2026-05-26,381.0,384.84,384.84,16150933.0
2026-05-27,382.77,384.83,384.83,16893148.0
2026-05-28,383.86,386.12,386.12,20795414
2026-05-29,381.225,376.43,376.43,48018562
2026-06-01,372.575,372.58,372.58,19091887
2026-06-02,363.16,358.39,358.39,34648621
2026-06-03,358.335,355.68,355.68,43031002
2026-06-04,355.44,369.27,369.27,37746166
2026-06-05,363.38,365.76,365.76,23411519
2026-06-08,362.485,361.17,361.17,18738969
2026-06-09,364.885,362.29,362.29,19873595
2026-06-10,361.05,353.32,353.32,19878635
2026-06-11,353.05,356.56,356.56,28771804
2026-06-12,361.1,358.16,358.16,17657657
2026-06-15,365.99,367.11,367.11,17268649
2026-06-16,367.465,371.1,371.1,16492788
2026-06-17,367.05,362.1,362.1,16003508
2026-06-18,363.89,367.46,367.46,29339118
2026-06-22,357.135,348.78,348.78,32211155
2026-06-23,340.105,346.08,346.08,21820944
2026-06-24,348.72,345.04,345.04,23898376
2026-06-25,336.92,342.19,342.19,27687554
2026-06-26,340.98,334.69,334.69,82484582
2026-06-29,339.95,351.28,351.28,25565726
2026-06-30,350.96,353.33,353.33,21278449
2026-07-01,354.615,357.89,357.89,19546767
2026-07-02,356.15,356.18,356.18,15553221
2026-07-06,358.195,364.9,364.9,22652679
2026-07-07,367.235,363.62,363.62,16443932
2026-07-08,362.21,358.71,358.71,14710424
2026-07-09,351.085,356.24,356.24,17217449
2026-07-10,354.954,355.03,355.03,11618452
2026-07-13,353.99,350.67,350.67,10583514
2026-07-14,348.84,357.33,357.33,11252555
2026-07-15,356.01,370.21,370.21,20258166
2026-07-16,372.17,353.81,353.81,23603714
2026-07-17,345.77,346.12,346.12,22023945
2026-07-20,350.17,351.37,351.37,13203263
2026-07-21,350.56,346.19,346.19,17419521
2026-07-22,347.18,341.91,341.91,23273840
2026-07-23,321.63,318.34,318.34,46751948
2026-07-24,318.3,319.09,319.09,21630772
2026-07-27,324.74,326.57,326.57,21419627
2026-07-28,327.8,332.6,332.6,20986949
2026-07-29,333.5,335.76,335.76,20242944
2026-07-30,333.08,333.68,333.68,17309468
2026-07-31,340.07,356.65,356.65,30514545
2026-08-03,365.3,372.47,372.47,27165415
2026-08-04,366.52,375.35,375.35,19983340
2026-08-05,380.0,360.13,360.13,29436261
2026-08-06,358.792,356.62,356.62,16513395
2026-08-07,355.28,353.47,353.47,14516684
2026-08-10,354.24,355.84,355.84,12789470
2026-08-11,354.0,343.0,343.0,18390185
2026-08-12,345.33,342.37,342.37,15608821
2026-08-13,344.57,343.94,343.94,14997753
2026-08-14,344.26,343.54,343.54,10946825
2026-08-17,344.06,341.45,341.45,12606101
2026-08-18,339.895,341.28,341.28,14254267
2026-08-19,339.81,341.7,341.7,13360537
2026-08-20,339.69,338.2,338.2,14187720
2026-08-21,340.28,341.75,341.75,15363922
2026-08-24,340.74,344.59,344.59,16450576
2026-08-25,345.97,343.34,343.34,14031031
2026-08-26,343.18,339.1,339.1,16176420
2026-08-27,336.3,337.71,337.71,17936134
