date,open_price_usd,close_price_usd,adj_close_price_usd,total_volume_usd
2013-04-29,27.16,26.98,26.98,29201100.0
2013-04-30,27.13,27.77,27.77,36245700.0
2013-05-01,27.85,27.43,27.43,64567600.0
2013-05-02,28.01,28.97,28.97,104257000.0
2013-05-03,29.04,28.31,28.31,58506400.0
2013-05-06,28.33,27.57,27.57,43939400.0
2013-05-07,27.55,26.89,26.89,41259100.0
2013-05-08,26.88,27.12,27.12,34654900.0
2013-05-09,27.08,27.04,27.04,33457200.0
2013-05-10,27.14,26.68,26.68,30847100.0
2013-05-13,26.6,26.82,26.82,29068800.0
2013-05-14,26.89,27.07,27.07,24930300.0
2013-05-15,26.92,26.6,26.6,30299800.0
2013-05-16,26.48,26.13,26.13,35499100.0
2013-05-17,26.4,26.25,26.25,29462700.0
2013-05-20,26.18,25.76,25.76,42402900.0
2013-05-21,25.87,25.66,25.66,26261300.0
2013-05-22,25.65,25.16,25.16,45314500.0
2013-05-23,24.8,25.06,25.06,37663100.0
2013-05-24,24.97,24.31,24.31,58727900.0
2013-05-28,24.54,24.1,24.1,50079700.0
2013-05-29,23.79,23.32,23.32,64237800.0
2013-05-30,24.13,24.55,24.55,60733200.0
2013-05-31,24.63,24.35,24.35,35925000.0
2013-06-03,24.27,23.85,23.85,35733800.0
2013-06-04,23.89,23.52,23.52,34760800.0
2013-06-05,23.35,22.9,22.9,53819700.0
2013-06-06,22.99,22.97,22.97,31260700.0
2013-06-07,23.03,23.29,23.29,38699200.0
2013-06-10,24.06,24.33,24.33,58393000.0
2013-06-11,24.03,24.03,24.03,29885900.0
2013-06-12,24.16,23.77,23.77,26445800.0
2013-06-13,23.72,23.73,23.73,31189300.0
2013-06-14,23.56,23.63,23.63,30677100.0
2013-06-17,23.91,24.02,24.02,33664500.0
2013-06-18,24.09,24.21,24.21,36709100.0
2013-06-19,24.2,24.31,24.31,31790600.0
2013-06-20,24.28,23.9,23.9,42765600.0
2013-06-21,24.59,24.53,24.53,45833900.0
2013-06-24,23.95,23.94,23.94,40626000.0
2013-06-25,24.14,24.25,24.25,24713200.0
2013-06-26,24.51,24.16,24.16,29890300.0
2013-06-27,24.24,24.66,24.66,34694100.0
2013-06-28,24.68,24.88,24.88,96778900.0
2013-07-01,24.97,24.81,24.81,20582200.0
2013-07-02,24.7,24.41,24.41,18394100.0
2013-07-03,24.22,24.52,24.52,10404400.0
2013-07-05,24.65,24.37,24.37,20229500.0
2013-07-08,24.47,24.71,24.71,27064600.0
2013-07-09,25.07,25.48,25.48,30387900.0
2013-07-10,25.58,25.8,25.8,26721800.0
2013-07-11,25.96,25.81,25.81,26777400.0
2013-07-12,25.74,25.91,25.91,16537900.0
2013-07-15,25.93,26.28,26.28,24234000.0
2013-07-16,26.39,26.32,26.32,30817600.0
2013-07-17,26.37,26.65,26.65,21518500.0
2013-07-18,26.75,26.18,26.18,24806900.0
2013-07-19,25.82,25.88,25.88,46539700.0
2013-07-22,25.99,26.05,26.05,27526300.0
2013-07-23,26.1,26.13,26.13,28221600.0
2013-07-24,26.32,26.51,26.51,82635600.0
2013-07-25,33.54,34.36,34.36,365457900.0
2013-07-26,33.77,34.01,34.01,136028900.0
2013-07-29,34.07,35.43,35.43,124718800.0
2013-07-30,35.65,37.63,37.63,173582800.0
2013-07-31,37.96,36.8,36.8,154828700.0
2013-08-01,37.3,37.49,37.49,106066500.0
2013-08-02,37.66,38.05,38.05,73058500.0
2013-08-05,38.43,39.19,39.19,79994800.0
2013-08-06,39.11,38.55,38.55,63950800.0
2013-08-07,38.61,38.87,38.87,68854800.0
2013-08-08,39.13,38.54,38.54,41301000.0
2013-08-09,38.59,38.5,38.5,43532300.0
2013-08-12,38.2,38.22,38.22,31161000.0
2013-08-13,38.24,37.02,37.02,65379200.0
2013-08-14,36.83,36.65,36.65,48423900.0
2013-08-15,36.36,36.56,36.56,56521100.0
2013-08-16,36.97,37.08,37.08,45840800.0
2013-08-19,37.43,37.81,37.81,57609600.0
2013-08-20,38.35,38.41,38.41,57995200.0
2013-08-21,38.38,38.32,38.32,46116900.0
2013-08-22,38.37,38.55,38.55,21931200.0
2013-08-23,39.0,40.55,40.55,86442300.0
2013-08-26,40.9,41.34,41.34,94162400.0
2013-08-27,40.68,39.64,39.64,72695100.0
2013-08-28,39.96,40.55,40.55,57918200.0
2013-08-29,40.89,41.28,41.28,58303400.0
2013-08-30,42.02,41.29,41.29,67735100.0
2013-09-03,41.84,41.87,41.87,48774900.0
2013-09-04,42.01,41.78,41.78,42581900.0
2013-09-05,41.79,42.66,42.66,50035400.0
2013-09-06,43.09,43.95,43.95,117535700.0
2013-09-09,44.36,44.04,44.04,75794700.0
2013-09-10,44.24,43.6,43.6,54540300.0
2013-09-11,43.39,45.04,45.04,72328300.0
2013-09-12,45.53,44.75,44.75,68072300.0
2013-09-13,45.04,44.31,44.31,52765300.0
2013-09-16,44.85,42.51,42.51,70424200.0
2013-09-17,42.5,45.07,45.07,91934600.0
2013-09-18,44.84,45.23,45.23,79317000.0
2013-09-19,45.51,45.98,45.98,63972400.0
2013-09-20,46.32,47.49,47.49,115508400.0
2013-09-23,47.28,47.19,47.19,75177000.0
2013-09-24,48.51,48.45,48.45,136716100.0
2013-09-25,49.23,49.46,49.46,87879700.0
2013-09-26,50.01,50.39,50.39,98220100.0
2013-09-27,50.29,51.24,51.24,81410500.0
2013-09-30,50.14,50.23,50.23,100095000.0
2013-10-01,49.97,50.42,50.42,98114000.0
2013-10-02,50.13,50.28,50.28,62834000.0
2013-10-03,50.47,49.18,49.18,82045000.0
2013-10-04,49.77,51.04,51.04,74447000.0
2013-10-07,50.73,50.52,50.52,57204000.0
2013-10-08,50.6,47.14,47.14,136081000.0
2013-10-09,47.38,46.77,46.77,147297000.0
2013-10-10,47.87,49.05,49.05,99774000.0
2013-10-11,49.18,49.11,49.11,58428000.0
2013-10-14,48.31,49.51,49.51,68781000.0
2013-10-15,49.99,49.5,49.5,81167000.0
2013-10-16,50.04,51.14,51.14,64678000.0
2013-10-17,51.12,52.21,52.21,71522000.0
2013-10-18,54.18,54.22,54.22,88260000.0
2013-10-21,54.68,53.85,53.85,58235000.0
2013-10-22,54.33,52.68,52.68,83204000.0
2013-10-23,51.75,51.9,51.9,57207000.0
2013-10-24,52.38,52.45,52.45,46775000.0
2013-10-25,53.18,51.95,51.95,45085000.0
2013-10-28,51.54,50.23,50.23,73472000.0
2013-10-29,50.73,49.4,49.4,102143000.0
2013-10-30,50.0,49.01,49.01,127073000.0
2013-10-31,47.16,50.21,50.21,248809000.0
2013-11-01,50.85,49.75,49.75,95033000.0
2013-11-04,49.37,48.22,48.22,80371000.0
2013-11-05,47.79,50.11,50.11,76835000.0
2013-11-06,50.26,49.12,49.12,67889000.0
2013-11-07,49.24,47.56,47.56,97128000.0
2013-11-08,47.81,47.53,47.53,70731000.0
2013-11-11,47.04,46.2,46.2,80910000.0
2013-11-12,46.0,46.61,46.61,68196000.0
2013-11-13,46.23,48.71,48.71,79245000.0
2013-11-14,48.7,48.99,48.99,75117000.0
2013-11-15,49.11,49.01,49.01,42453000.0
2013-11-18,48.47,45.83,45.83,85910000.0
2013-11-19,46.26,46.36,46.36,75602000.0
2013-11-20,46.61,46.43,46.43,53933000.0
2013-11-21,46.99,46.7,46.7,34886000.0
2013-11-22,47.04,46.23,46.23,40545000.0
2013-11-25,46.36,44.82,44.82,82565000.0
2013-11-26,44.66,45.89,45.89,82016000.0
2013-11-27,45.97,46.49,46.49,44993000.0
2013-11-29,46.75,47.01,47.01,22953900.0
2013-12-02,46.9,47.06,47.06,50774000.0
2013-12-03,46.75,46.73,46.73,32086000.0
2013-12-04,46.46,48.62,48.62,60890000.0
2013-12-05,48.15,48.34,48.34,43855000.0
2013-12-06,48.98,47.94,47.94,42938000.0
2013-12-09,48.09,48.84,48.84,36056000.0
2013-12-10,48.64,50.25,50.25,68479000.0
2013-12-11,50.55,49.38,49.38,65776000.0
2013-12-12,51.05,51.83,51.83,92723000.0
2013-12-13,51.66,53.32,53.32,82641000.0
2013-12-16,53.25,53.81,53.81,85119000.0
2013-12-17,54.76,54.86,54.86,78751000.0
2013-12-18,54.86,55.57,55.57,76003000.0
2013-12-19,54.33,55.05,55.05,89753200.0
2013-12-20,54.93,55.12,55.12,239824000.0
2013-12-23,55.5,57.77,57.77,98297000.0
2013-12-24,58.27,57.96,57.96,46617800.0
2013-12-26,58.32,57.73,57.73,55101000.0
2013-12-27,57.48,55.44,55.44,60466000.0
2013-12-30,54.93,53.71,53.71,68307000.0
2013-12-31,54.12,54.65,54.65,43076200.0
2014-01-02,54.83,54.71,54.71,43195500.0
2014-01-03,55.02,54.56,54.56,38246200.0
2014-01-06,54.42,57.2,57.2,68852600.0
2014-01-07,57.7,57.92,57.92,77207400.0
2014-01-08,57.6,58.23,58.23,56682400.0
2014-01-09,58.65,57.22,57.22,92253300.0
2014-01-10,57.13,57.94,57.94,42449500.0
2014-01-13,57.91,55.91,55.91,63010900.0
2014-01-14,56.46,57.74,57.74,37503600.0
2014-01-15,57.98,57.6,57.6,33663400.0
2014-01-16,57.26,57.19,57.19,34541800.0
2014-01-17,57.3,56.3,56.3,40849200.0
2014-01-21,56.6,58.51,58.51,48669200.0
2014-01-22,58.85,57.51,57.51,61352900.0
2014-01-23,56.37,56.63,56.63,47951800.0
2014-01-24,56.15,54.45,54.45,55200700.0
2014-01-27,54.73,53.55,53.55,73924100.0
2014-01-28,54.02,55.14,55.14,48191200.0
2014-01-29,54.61,53.53,53.53,92995600.0
2014-01-30,62.12,61.08,61.08,150178900.0
2014-01-31,60.47,62.57,62.57,87794600.0
2014-02-03,63.03,61.48,61.48,74866600.0
2014-02-04,62.05,62.75,62.75,45985500.0
2014-02-05,62.74,62.19,62.19,51685100.0
2014-02-06,61.46,62.16,62.16,42086500.0
2014-02-07,62.27,64.32,64.32,60704300.0
2014-02-10,64.3,63.55,63.55,43666100.0
2014-02-11,63.75,64.85,64.85,45675600.0
2014-02-12,64.92,64.45,64.45,47282100.0
2014-02-13,64.18,67.33,67.33,61911700.0
2014-02-14,67.5,67.09,67.09,36694900.0
2014-02-18,66.94,67.3,67.3,43809900.0
2014-02-19,67.05,68.06,68.06,62087100.0
2014-02-20,67.73,69.63,69.63,130928900.0
2014-02-21,69.69,68.59,68.59,70932400.0
2014-02-24,68.74,70.78,70.78,76620300.0
2014-02-25,70.95,69.85,69.85,52077000.0
2014-02-26,70.19,69.26,69.26,55322700.0
2014-02-27,69.34,68.94,68.94,41653700.0
2014-02-28,69.47,68.46,68.46,66783700.0
2014-03-03,66.96,67.41,67.41,56824100.0
2014-03-04,68.66,68.8,68.8,42013500.0
2014-03-05,69.69,71.57,71.57,74567700.0
2014-03-06,71.88,70.84,70.84,46026500.0
2014-03-07,71.08,69.8,69.8,38927000.0
2014-03-10,70.77,72.03,72.03,59871600.0
2014-03-11,72.5,70.1,70.1,59408300.0
2014-03-12,69.86,70.88,70.88,46340500.0
2014-03-13,71.29,68.83,68.83,57091000.0
2014-03-14,68.49,67.72,67.72,48227000.0
2014-03-17,68.18,68.74,68.74,52197000.0
2014-03-18,68.76,69.19,69.19,40827000.0
2014-03-19,69.17,68.24,68.24,43981000.0
2014-03-20,68.01,66.97,66.97,44439000.0
2014-03-21,67.53,67.24,67.24,59999900.0
2014-03-24,67.19,64.1,64.1,85696000.0
2014-03-25,64.89,64.89,64.89,68786000.0
2014-03-26,64.74,60.39,60.39,97503900.0
2014-03-27,60.51,60.97,60.97,112650000.0
2014-03-28,61.34,60.01,60.01,67052000.0
2014-03-31,60.78,60.24,60.24,53011000.0
2014-04-01,60.46,62.62,62.62,59291000.0
2014-04-02,63.21,62.72,62.72,66277000.0
2014-04-03,62.55,59.49,59.49,83859000.0
2014-04-04,59.94,56.75,56.75,125214400.0
2014-04-07,55.9,56.95,56.95,108488000.0
2014-04-08,57.68,58.19,58.19,78836000.0
2014-04-09,59.63,62.41,62.41,100215000.0
2014-04-10,63.08,59.16,59.16,114988000.0
2014-04-11,57.6,58.53,58.53,91452000.0
2014-04-14,60.09,58.89,58.89,72325000.0
2014-04-15,59.29,59.09,59.09,108623000.0
2014-04-16,59.79,59.72,59.72,78774000.0
2014-04-17,59.3,58.94,58.94,88040000.0
2014-04-21,59.46,61.24,61.24,60364000.0
2014-04-22,62.65,63.03,63.03,60631000.0
2014-04-23,63.45,61.36,61.36,95908700.0
2014-04-24,63.6,60.87,60.87,138769000.0
2014-04-25,59.97,57.71,57.71,92502000.0
2014-04-28,58.05,56.14,56.14,107758000.0
2014-04-29,56.09,58.15,58.15,75557000.0
2014-04-30,57.58,59.78,59.78,76093000.0
2014-05-01,60.43,61.15,61.15,82429000.0
2014-05-02,61.3,60.46,60.46,54189000.0
2014-05-05,59.67,61.22,61.22,46057000.0
2014-05-06,60.98,58.53,58.53,55901000.0
2014-05-07,58.77,57.39,57.39,78587000.0
2014-05-08,57.23,56.76,56.76,61251000.0
2014-05-09,56.85,57.24,57.24,52584000.0
2014-05-12,57.98,59.83,59.83,48575000.0
2014-05-13,59.66,59.83,59.83,48525000.0
2014-05-14,59.53,59.23,59.23,47429000.0
2014-05-15,59.26,57.92,57.92,56814000.0
2014-05-16,58.31,58.02,58.02,47933000.0
2014-05-19,57.89,59.21,59.21,43034000.0
2014-05-20,59.5,58.56,58.56,53931000.0
2014-05-21,58.56,60.49,60.49,58992000.0
2014-05-22,60.94,60.52,60.52,54200000.0
2014-05-23,60.41,61.35,61.35,38294000.0
2014-05-27,61.62,63.48,63.48,55682000.0
2014-05-28,63.39,63.51,63.51,47795000.0
2014-05-29,63.84,63.83,63.83,42700000.0
2014-05-30,63.95,63.3,63.3,45253500.0
2014-06-02,63.23,63.08,63.08,35996000.0
2014-06-03,62.62,62.87,62.87,32217000.0
2014-06-04,62.45,63.34,63.34,36514000.0
2014-06-05,63.66,63.19,63.19,47352000.0
2014-06-06,63.37,62.5,62.5,42442000.0
2014-06-09,62.4,62.88,62.88,37617000.0
2014-06-10,63.53,65.77,65.77,69338000.0
2014-06-11,65.32,65.78,65.78,44242000.0
2014-06-12,65.85,64.29,64.29,55730000.0
2014-06-13,64.7,64.5,64.5,29419000.0
2014-06-16,64.16,64.19,64.19,31046000.0
2014-06-17,64.1,64.4,64.4,27715000.0
2014-06-18,64.49,65.6,65.6,35570000.0
2014-06-19,65.46,64.34,64.34,34245000.0
2014-06-20,64.46,64.5,64.5,46466000.0
2014-06-23,64.32,65.37,65.37,34560000.0
2014-06-24,65.36,65.72,65.72,57335000.0
2014-06-25,65.58,67.44,67.44,44308000.0
2014-06-26,68.0,67.13,67.13,47714000.0
2014-06-27,67.31,67.6,67.6,46461000.0
2014-06-30,67.46,67.29,67.29,27102800.0
2014-07-01,67.58,68.06,68.06,33243000.0
2014-07-02,68.04,66.45,66.45,41895000.0
2014-07-03,66.86,66.29,66.29,25203200.0
2014-07-07,66.3,65.29,65.29,28745000.0
2014-07-08,65.06,62.76,62.76,68926000.0
2014-07-09,63.41,64.97,64.97,51432000.0
2014-07-10,63.31,64.87,64.87,44422000.0
2014-07-11,65.28,66.34,66.34,39212000.0
2014-07-14,67.13,67.9,67.9,38537000.0
2014-07-15,67.96,67.17,67.17,44213200.0
2014-07-16,67.54,67.66,67.66,29541600.0
2014-07-17,67.03,66.41,66.41,38188000.0
2014-07-18,66.8,68.42,68.42,42456000.0
2014-07-21,68.81,69.4,69.4,49539000.0
2014-07-22,69.76,69.27,69.27,40398000.0
2014-07-23,69.74,71.29,71.29,78435000.0
2014-07-24,75.96,74.98,74.98,124168000.0
2014-07-25,74.99,75.19,75.19,45917000.0
2014-07-28,75.17,74.92,74.92,41725000.0
2014-07-29,74.72,73.71,73.71,41324000.0
2014-07-30,74.21,74.68,74.68,36853000.0
2014-07-31,74.0,72.65,72.65,43992000.0
2014-08-01,72.22,72.36,72.36,43535000.0
2014-08-04,72.36,73.51,73.51,30777000.0
2014-08-05,73.2,72.69,72.69,34986000.0
2014-08-06,72.02,72.47,72.47,30986000.0
2014-08-07,73.0,73.17,73.17,38141000.0
2014-08-08,73.4,73.06,73.06,27202000.0
2014-08-11,73.46,73.44,73.44,24591000.0
2014-08-12,73.09,72.83,72.83,27419000.0
2014-08-13,73.12,73.77,73.77,29266000.0
2014-08-14,73.97,74.3,74.3,22207000.0
2014-08-15,74.32,73.63,73.63,38846600.0
2014-08-18,74.0,74.59,74.59,23974000.0
2014-08-19,74.81,75.29,75.29,26679000.0
2014-08-20,74.97,74.81,74.81,22917000.0
2014-08-21,74.92,74.57,74.57,20102000.0
2014-08-22,74.34,74.57,74.57,20897000.0
2014-08-25,74.94,75.02,75.02,19734000.0
2014-08-26,75.0,75.96,75.96,23993000.0
2014-08-27,75.27,74.63,74.63,36323000.0
2014-08-28,74.0,73.86,73.86,21947000.0
2014-08-29,74.3,74.82,74.82,26241000.0
2014-09-02,75.01,76.68,76.68,34979000.0
2014-09-03,77.14,75.83,75.83,32389000.0
2014-09-04,75.89,75.95,75.95,26676000.0
2014-09-05,76.1,77.26,77.26,29476000.0
2014-09-08,77.26,77.89,77.89,28183000.0
2014-09-09,77.59,76.67,76.67,28882000.0
2014-09-10,76.52,77.43,77.43,29909000.0
2014-09-11,77.13,77.92,77.92,32219000.0
2014-09-12,78.02,77.48,77.48,26676800.0
2014-09-15,77.15,74.58,74.58,49679000.0
2014-09-16,73.52,76.08,76.08,37742000.0
2014-09-17,75.96,76.43,76.43,28693000.0
2014-09-18,76.77,77.0,77.0,23031000.0
2014-09-19,77.4,77.91,77.91,76671000.0
2014-09-22,77.0,76.8,76.8,31961000.0
2014-09-23,76.33,78.29,78.29,36814000.0
2014-09-24,78.1,78.54,78.54,30680000.0
2014-09-25,78.6,77.22,77.22,37533000.0
2014-09-26,77.59,78.79,78.79,28872000.0
2014-09-29,78.12,79.0,79.0,34031000.0
2014-09-30,79.35,79.04,79.04,35899000.0
2014-10-01,78.78,76.55,76.55,55090000.0
2014-10-02,76.57,77.08,77.08,36488000.0
2014-10-03,77.76,77.44,77.44,23340000.0
2014-10-06,77.19,77.56,77.56,25729000.0
2014-10-07,77.05,76.29,76.29,25317000.0
2014-10-08,76.18,77.52,77.52,32976000.0
2014-10-09,77.28,75.91,75.91,32487000.0
2014-10-10,75.59,72.91,72.91,52146000.0
2014-10-13,73.23,72.99,72.99,43938000.0
2014-10-14,74.0,73.59,73.59,50299000.0
2014-10-15,71.69,73.21,73.21,61528000.0
2014-10-16,70.79,72.63,72.63,53529000.0
2014-10-17,74.23,75.95,75.95,76342000.0
2014-10-20,75.6,76.95,76.95,34701000.0
2014-10-21,77.56,78.69,78.69,32252000.0
2014-10-22,78.82,78.37,78.37,41862000.0
2014-10-23,79.38,80.04,80.04,35056000.0
2014-10-24,80.2,80.67,80.67,32248000.0
2014-10-27,80.74,80.28,80.28,30169000.0
2014-10-28,80.18,80.77,80.77,74212000.0
2014-10-29,75.45,75.86,75.86,106120000.0
2014-10-30,75.05,74.11,74.11,83270000.0
2014-10-31,74.93,74.99,74.99,44544000.0
2014-11-03,75.47,73.88,73.88,40727000.0
2014-11-04,74.23,75.76,75.76,39326000.0
2014-11-05,76.51,74.83,74.83,35913000.0
2014-11-06,74.89,75.26,75.26,21383000.0
2014-11-07,75.39,75.6,75.6,20774000.0
2014-11-10,75.36,75.0,75.0,21575100.0
2014-11-11,74.95,74.61,74.61,18715700.0
2014-11-12,74.28,74.72,74.72,26536600.0
2014-11-13,74.74,74.25,74.25,26448500.0
2014-11-14,74.27,74.88,74.88,19476900.0
2014-11-17,74.88,74.24,74.24,28701200.0
2014-11-18,74.45,74.34,74.34,20690500.0
2014-11-19,74.01,73.33,73.33,25441200.0
2014-11-20,72.8,73.6,73.6,19154900.0
2014-11-21,74.5,73.75,73.75,23060400.0
2014-11-24,73.54,74.01,74.01,22103800.0
2014-11-25,74.21,75.63,75.63,32250200.0
2014-11-26,75.53,77.62,77.62,32695300.0
2014-11-28,77.67,77.7,77.7,15992000.0
2014-12-01,77.26,75.1,75.1,31789900.0
2014-12-02,75.33,75.46,75.46,16773900.0
2014-12-03,75.38,74.88,74.88,16689900.0
2014-12-04,74.83,75.24,75.24,14362800.0
2014-12-05,75.8,76.36,76.36,24306400.0
2014-12-08,76.18,76.52,76.52,25733900.0
2014-12-09,75.2,76.84,76.84,25358600.0
2014-12-10,76.65,76.18,76.18,32210500.0
2014-12-11,76.52,77.73,77.73,33462100.0
2014-12-12,77.16,77.83,77.83,28091600.0
2014-12-15,78.46,76.99,76.99,29396500.0
2014-12-16,76.19,74.69,74.69,31554600.0
2014-12-17,75.01,76.11,76.11,29203900.0
2014-12-18,76.89,78.4,78.4,34222100.0
2014-12-19,78.75,79.88,79.88,43335000.0
2014-12-22,80.08,81.45,81.45,31395800.0
2014-12-23,82.02,80.61,80.61,19865800.0
2014-12-24,81.03,80.77,80.77,7685500.0
2014-12-26,81.02,80.78,80.78,10647400.0
2014-12-29,80.49,80.02,80.02,14134700.0
2014-12-30,79.85,79.22,79.22,14370800.0
2014-12-31,79.54,78.02,78.02,19935400.0
2015-01-02,78.58,78.45,78.45,18177500.0
2015-01-05,77.98,77.19,77.19,26452200.0
2015-01-06,77.23,76.15,76.15,27399300.0
2015-01-07,76.76,76.15,76.15,22045300.0
2015-01-08,76.74,78.18,78.18,23961000.0
2015-01-09,78.2,77.74,77.74,21157000.0
2015-01-12,77.84,76.72,76.72,19190200.0
2015-01-13,77.23,76.45,76.45,25179600.0
2015-01-14,76.42,76.28,76.28,25918600.0
2015-01-15,76.4,74.05,74.05,34134000.0
2015-01-16,74.04,75.18,75.18,21791500.0
2015-01-20,75.72,76.24,76.24,22821600.0
2015-01-21,76.16,76.74,76.74,25096700.0
2015-01-22,77.17,77.65,77.65,19519500.0
2015-01-23,77.65,77.83,77.83,16746500.0
2015-01-26,77.98,77.5,77.5,19260800.0
2015-01-27,76.71,75.78,75.78,20110000.0
2015-01-28,76.9,76.24,76.24,53306400.0
2015-01-29,76.85,78.0,78.0,61293500.0
2015-01-30,78.0,75.91,75.91,42649500.0
2015-02-02,76.11,74.99,74.99,41955300.0
2015-02-03,75.19,75.4,75.4,26957700.0
2015-02-04,75.09,75.63,75.63,20277400.0
2015-02-05,75.71,75.61,75.61,15062600.0
2015-02-06,75.68,74.47,74.47,21211000.0
2015-02-09,74.05,74.44,74.44,16194300.0
2015-02-10,74.85,75.19,75.19,15811300.0
2015-02-11,75.09,76.51,76.51,20877400.0
2015-02-12,76.86,76.23,76.23,17235000.0
2015-02-13,76.46,75.74,75.74,18621900.0
2015-02-17,75.3,75.6,75.6,25254400.0
2015-02-18,75.94,76.71,76.71,22426400.0
2015-02-19,76.99,79.42,79.42,45851200.0
2015-02-20,79.55,79.9,79.9,36931700.0
2015-02-23,79.96,78.84,78.84,24139100.0
2015-02-24,78.5,78.45,78.45,18897100.0
2015-02-25,78.5,79.56,79.56,25593800.0
2015-02-26,79.88,80.41,80.41,31111900.0
2015-02-27,80.68,78.97,78.97,30739200.0
2015-03-02,79.0,79.75,79.75,21662500.0
2015-03-03,79.61,79.6,79.6,18635000.0
2015-03-04,79.3,80.9,80.9,28126700.0
2015-03-05,81.23,81.21,81.21,27825700.0
2015-03-06,80.9,80.01,80.01,24488600.0
2015-03-09,79.68,79.44,79.44,18925100.0
2015-03-10,78.5,77.55,77.55,23067100.0
2015-03-11,77.8,77.57,77.57,20215700.0
2015-03-12,78.1,78.93,78.93,16093300.0
2015-03-13,78.6,78.05,78.05,18557300.0
2015-03-16,77.96,78.07,78.07,19305400.0
2015-03-17,78.36,79.36,79.36,22170000.0
2015-03-18,79.25,80.91,80.91,36912400.0
2015-03-19,81.12,82.75,82.75,42099500.0
2015-03-20,83.39,83.8,83.8,44466300.0
2015-03-23,83.92,84.43,84.43,27357300.0
2015-03-24,84.71,85.31,85.31,32576500.0
2015-03-25,85.5,82.92,82.92,37436100.0
2015-03-26,82.72,83.01,83.01,32794800.0
2015-03-27,83.38,83.3,83.3,18372600.0
2015-03-30,83.81,83.2,83.2,24527700.0
2015-03-31,82.9,82.22,82.22,19734300.0
2015-04-01,82.5,81.67,81.67,22058200.0
2015-04-02,82.25,81.56,81.56,19664100.0
2015-04-06,80.8,82.44,82.44,19062900.0
2015-04-07,82.65,82.32,82.32,17467000.0
2015-04-08,82.63,82.28,82.28,18966700.0
2015-04-09,82.5,82.17,82.17,15927300.0
2015-04-10,82.21,82.04,82.04,12529700.0
2015-04-13,81.93,83.01,83.01,26883100.0
2015-04-14,83.17,83.52,83.52,19634200.0
2015-04-15,83.55,82.71,82.71,22390900.0
2015-04-16,82.47,82.31,82.31,13769700.0
2015-04-17,81.48,80.78,80.78,24215000.0
2015-04-20,81.54,83.09,83.09,28796800.0
2015-04-21,84.0,83.62,83.62,27171900.0
2015-04-22,84.32,84.63,84.63,45548000.0
2015-04-23,84.1,82.41,82.41,73728100.0
2015-04-24,82.77,81.53,81.53,29660400.0
2015-04-27,81.87,81.91,81.91,25446000.0
2015-04-28,81.83,80.68,80.68,23775300.0
2015-04-29,80.01,80.47,80.47,26430300.0
2015-04-30,80.01,78.77,78.77,28999000.0
2015-05-01,79.24,78.99,78.99,24136400.0
2015-05-04,79.33,78.81,78.81,14692000.0
2015-05-05,78.55,77.56,77.56,22311300.0
2015-05-06,77.97,78.1,78.1,28663000.0
2015-05-07,78.0,78.43,78.43,19749400.0
2015-05-08,79.1,78.51,78.51,19943600.0
2015-05-11,78.48,78.01,78.01,18874100.0
2015-05-12,77.87,77.46,77.46,21285300.0
2015-05-13,77.72,78.44,78.44,21512300.0
2015-05-14,78.94,81.37,81.37,49438000.0
2015-05-15,81.41,80.42,80.42,27069900.0
2015-05-18,80.33,80.88,80.88,21613700.0
2015-05-19,81.25,80.63,80.63,17955400.0
2015-05-20,80.47,80.55,80.55,23056900.0
2015-05-21,80.19,80.48,80.48,13402700.0
2015-05-22,80.35,80.54,80.54,19567900.0
2015-05-26,80.43,79.33,79.33,16321300.0
2015-05-27,79.6,80.55,80.55,14160900.0
2015-05-28,80.25,80.15,80.15,11982000.0
2015-05-29,79.95,79.19,79.19,16134600.0
2015-06-01,79.3,80.29,80.29,18119000.0
2015-06-02,79.76,80.44,80.44,18923300.0
2015-06-03,81.35,82.44,82.44,31775000.0
2015-06-04,82.14,82.05,82.05,20863900.0
2015-06-05,81.87,82.14,82.14,16143100.0
2015-06-08,81.82,80.67,80.67,16915500.0
2015-06-09,80.6,80.67,80.67,16497500.0
2015-06-10,80.83,82.16,82.16,21531200.0
2015-06-11,82.31,81.83,81.83,18656800.0
2015-06-12,81.37,81.53,81.53,11417900.0
2015-06-15,80.55,80.71,80.71,18805100.0
2015-06-16,80.82,81.06,81.06,13693700.0
2015-06-17,81.76,81.79,81.79,18350300.0
2015-06-18,81.64,82.91,82.91,26782600.0
2015-06-19,82.83,82.51,82.51,23353200.0
2015-06-22,83.41,84.74,84.74,29383100.0
2015-06-23,84.96,87.88,87.88,50667900.0
2015-06-24,87.66,88.86,88.86,41370200.0
2015-06-25,89.26,87.98,87.98,27302000.0
2015-06-26,88.12,88.01,88.01,38214600.0
2015-06-29,86.61,85.8,85.8,35957900.0
2015-06-30,86.6,85.77,85.77,23016500.0
2015-07-01,86.77,86.91,86.91,25260000.0
2015-07-02,87.4,87.29,87.29,16908800.0
2015-07-06,86.49,87.55,87.55,24635900.0
2015-07-07,87.8,87.22,87.22,33059900.0
2015-07-08,86.29,85.65,85.65,24399300.0
2015-07-09,86.73,85.88,85.88,23307400.0
2015-07-10,87.35,87.95,87.95,23245900.0
2015-07-13,88.66,90.1,90.1,29976700.0
2015-07-14,90.46,89.68,89.68,26627800.0
2015-07-15,90.0,89.76,89.76,30886600.0
2015-07-16,90.28,90.85,90.85,21804100.0
2015-07-17,92.55,94.97,94.97,54001600.0
2015-07-20,95.85,97.91,97.91,54860500.0
2015-07-21,98.95,98.39,98.39,39453300.0
2015-07-22,96.74,97.04,97.04,28299500.0
2015-07-23,96.96,95.44,95.44,29418800.0
2015-07-24,97.35,96.95,96.95,33444900.0
2015-07-27,96.58,94.17,94.17,38585400.0
2015-07-28,94.84,95.29,95.29,35236000.0
2015-07-29,96.32,96.99,96.99,64648300.0
2015-07-30,94.91,95.21,95.21,86211300.0
2015-07-31,94.95,94.01,94.01,46509000.0
2015-08-03,93.53,94.14,94.14,29343100.0
2015-08-04,93.79,94.06,94.06,20136000.0
2015-08-05,95.25,96.44,96.44,29813200.0
2015-08-06,97.18,95.12,95.12,42271300.0
2015-08-07,95.38,94.3,94.3,23199100.0
2015-08-10,95.68,94.15,94.15,21624200.0
2015-08-11,93.73,93.62,93.62,22491000.0
2015-08-12,92.7,94.19,94.19,27050500.0
2015-08-13,94.05,93.43,93.43,17451800.0
2015-08-14,93.54,94.42,94.42,15929700.0
2015-08-17,94.42,93.93,93.93,18313500.0
2015-08-18,94.08,95.17,95.17,22278800.0
2015-08-19,94.63,95.31,95.31,23251300.0
2015-08-20,93.54,90.56,90.56,44598200.0
2015-08-21,87.52,86.06,86.06,62778700.0
2015-08-24,77.03,82.09,82.09,83710700.0
2015-08-25,86.95,83.0,83.0,52021200.0
2015-08-26,85.95,87.19,87.19,45124300.0
2015-08-27,89.1,89.73,89.73,42431400.0
2015-08-28,89.88,91.01,91.01,33215900.0
2015-08-31,90.6,89.43,89.43,32850700.0
2015-09-01,86.85,87.23,87.23,36097400.0
2015-09-02,88.81,89.89,89.89,27190500.0
2015-09-03,89.76,88.15,88.15,27048200.0
2015-09-04,87.2,88.26,88.26,27328700.0
2015-09-08,89.69,89.53,89.53,27012500.0
2015-09-09,90.78,90.44,90.44,32551100.0
2015-09-10,90.07,91.98,91.98,26437400.0
2015-09-11,91.68,92.05,92.05,21185000.0
2015-09-14,92.31,92.31,92.31,20127900.0
2015-09-15,92.37,92.9,92.9,18859400.0
2015-09-16,92.9,93.45,93.45,16321200.0
2015-09-17,93.37,94.34,94.34,27841800.0
2015-09-18,93.2,94.4,94.4,62300000.0
2015-09-21,94.62,95.55,95.55,28790000.0
2015-09-22,93.77,92.96,92.96,36888900.0
2015-09-23,93.4,93.97,93.97,21701400.0
2015-09-24,93.06,94.41,94.41,29106000.0
2015-09-25,95.79,92.77,92.77,28961600.0
2015-09-28,92.08,89.21,89.21,41199900.0
2015-09-29,89.1,86.67,86.67,42281800.0
2015-09-30,88.44,89.9,89.9,36169100.0
2015-10-01,90.05,90.95,90.95,29283700.0
2015-10-02,88.9,92.07,92.07,37881700.0
2015-10-05,92.94,94.01,94.01,27292500.0
2015-10-06,94.08,92.8,92.8,22172800.0
2015-10-07,93.11,92.4,92.4,24129300.0
2015-10-08,91.89,92.47,92.47,27290500.0
2015-10-09,92.9,93.24,93.24,20012900.0
2015-10-12,93.32,94.26,94.26,18449600.0
2015-10-13,93.66,94.12,94.12,19480300.0
2015-10-14,94.08,94.07,94.07,19253400.0
2015-10-15,94.99,95.96,95.96,27557500.0
2015-10-16,96.18,97.54,97.54,25412900.0
2015-10-19,97.18,98.47,98.47,23729900.0
2015-10-20,98.73,97.0,97.0,30881800.0
2015-10-21,97.37,97.11,97.11,21917800.0
2015-10-22,97.79,99.67,99.67,26392100.0
2015-10-23,101.91,102.19,102.19,42809700.0
2015-10-26,102.2,103.77,103.77,25961200.0
2015-10-27,102.94,103.7,103.7,23795500.0
2015-10-28,103.9,104.2,104.2,24081500.0
2015-10-29,103.96,104.88,104.88,20316700.0
2015-10-30,104.51,101.97,101.97,33487100.0
2015-11-02,101.72,103.31,103.31,24003900.0
2015-11-03,103.22,102.58,102.58,21242300.0
2015-11-04,103.19,103.94,103.94,43469300.0
2015-11-05,108.8,108.76,108.76,63232900.0
2015-11-06,108.04,107.1,107.1,35084300.0
2015-11-09,107.0,106.49,106.49,26383500.0
2015-11-10,105.96,107.91,107.91,25031700.0
2015-11-11,108.27,109.01,109.01,25057100.0
2015-11-12,108.48,108.02,108.02,20924700.0
2015-11-13,107.71,103.95,103.95,30278400.0
2015-11-16,103.32,104.04,104.04,49309200.0
2015-11-17,104.62,105.13,105.13,26807200.0
2015-11-18,105.8,107.77,107.77,23836500.0
2015-11-19,107.36,106.26,106.26,25520600.0
2015-11-20,106.84,107.32,107.32,22129600.0
2015-11-23,107.19,106.95,106.95,19897200.0
2015-11-24,106.0,105.74,105.74,23577300.0
2015-11-25,106.33,105.41,105.41,15150800.0
2015-11-27,105.78,105.45,105.45,5913100.0
2015-11-30,105.84,104.24,104.24,20383200.0
2015-12-01,104.83,107.12,107.12,22781900.0
2015-12-02,107.0,106.07,106.07,24429100.0
2015-12-03,106.27,104.38,104.38,23236500.0
2015-12-04,104.81,106.18,106.18,21224700.0
2015-12-07,106.48,105.61,105.61,15474900.0
2015-12-08,104.0,106.49,106.49,20401800.0
2015-12-09,106.18,104.6,104.6,23517300.0
2015-12-10,105.05,105.42,105.42,17454300.0
2015-12-11,104.15,102.12,102.12,26427700.0
2015-12-14,102.29,104.66,104.66,24648100.0
2015-12-15,105.3,104.55,104.55,21764300.0
2015-12-16,105.37,106.79,106.79,22680500.0
2015-12-17,107.49,106.22,106.22,21675700.0
2015-12-18,106.08,104.04,104.04,35994200.0
2015-12-21,104.91,104.77,104.77,16138800.0
2015-12-22,105.22,105.51,105.51,14597100.0
2015-12-23,105.89,104.63,104.63,19599700.0
2015-12-24,104.74,105.02,105.02,6501800.0
2015-12-28,105.02,105.93,105.93,13069700.0
2015-12-29,106.42,107.26,107.26,17179900.0
2015-12-30,107.0,106.22,106.22,13115000.0
2015-12-31,106.0,104.66,104.66,18391100.0
2016-01-04,101.95,102.22,102.22,37912400.0
2016-01-05,102.89,102.73,102.73,23258200.0
2016-01-06,101.13,102.97,102.97,25096200.0
2016-01-07,100.5,97.92,97.92,45172900.0
2016-01-08,99.88,97.33,97.33,35402300.0
2016-01-11,97.91,97.51,97.51,29932400.0
2016-01-12,99.0,99.37,99.37,28395400.0
2016-01-13,100.58,95.44,95.44,33410600.0
2016-01-14,95.85,98.37,98.37,48658600.0
2016-01-15,93.98,94.97,94.97,46132800.0
2016-01-19,96.53,95.26,95.26,30998300.0
2016-01-20,92.83,94.35,94.35,59051400.0
2016-01-21,94.91,94.16,94.16,30518900.0
2016-01-22,96.41,97.94,97.94,30495400.0
2016-01-25,98.72,97.01,97.01,32482000.0
2016-01-26,97.76,97.34,97.34,26877100.0
2016-01-27,97.79,94.45,94.45,58699400.0
2016-01-28,107.2,109.11,109.11,107475300.0
2016-01-29,108.99,112.21,112.21,62739500.0
2016-02-01,112.27,115.09,115.09,46132700.0
2016-02-02,114.8,114.61,114.61,59778600.0
2016-02-03,115.27,112.69,112.69,56919300.0
2016-02-04,111.8,110.49,110.49,38890200.0
2016-02-05,109.51,104.07,104.07,76894700.0
2016-02-08,100.41,99.75,99.75,71229700.0
2016-02-09,97.14,99.54,99.54,62709000.0
2016-02-10,101.55,101.0,101.0,45179400.0
2016-02-11,99.6,101.91,101.91,43670600.0
2016-02-12,103.74,102.01,102.01,36176800.0
2016-02-16,103.8,101.61,101.61,45687200.0
2016-02-17,102.02,105.2,105.2,44073400.0
2016-02-18,105.8,103.47,103.47,29593500.0
2016-02-19,102.55,104.57,104.57,32404500.0
2016-02-22,105.49,107.16,107.16,35709700.0
2016-02-23,106.85,105.46,105.46,25319300.0
2016-02-24,104.21,106.88,106.88,34412400.0
2016-02-25,107.11,108.07,108.07,29906300.0
2016-02-26,108.7,107.92,107.92,26686200.0
2016-02-29,107.6,106.92,106.92,32779000.0
2016-03-01,107.83,109.82,109.82,26817300.0
2016-03-02,109.68,109.95,109.95,25670200.0
2016-03-03,110.25,109.58,109.58,21353100.0
2016-03-04,110.05,108.39,108.39,24938900.0
2016-03-07,108.07,105.73,105.73,31436400.0
2016-03-08,104.78,105.93,105.93,25617000.0
2016-03-09,106.7,107.51,107.51,20493300.0
2016-03-10,107.91,107.32,107.32,24854300.0
2016-03-11,108.48,109.41,109.41,20697600.0
2016-03-14,109.28,109.89,109.89,17249400.0
2016-03-15,109.11,110.67,110.67,17618500.0
2016-03-16,110.49,112.18,112.18,24744800.0
2016-03-17,112.15,111.02,111.02,24241200.0
2016-03-18,111.56,111.45,111.45,36256900.0
2016-03-21,111.66,111.85,111.85,18448000.0
2016-03-22,111.36,112.25,112.25,19001100.0
2016-03-23,112.01,112.54,112.54,18562000.0
2016-03-24,112.13,113.05,113.05,17839100.0
2016-03-28,113.32,113.69,113.69,21351800.0
2016-03-29,113.83,116.14,116.14,29825300.0
2016-03-30,116.73,114.7,114.7,33235200.0
2016-03-31,114.7,114.1,114.1,21207500.0
2016-04-01,113.75,116.06,116.06,24760500.0
2016-04-04,114.07,112.55,112.55,48487900.0
2016-04-05,112.11,112.22,112.22,22962400.0
2016-04-06,112.47,113.71,113.71,20814600.0
2016-04-07,113.79,113.64,113.64,20714500.0
2016-04-08,114.25,110.63,110.63,48497800.0
2016-04-11,110.7,108.99,108.99,39762300.0
2016-04-12,109.34,110.61,110.61,26248100.0
2016-04-13,112.23,110.51,110.51,88227400.0
2016-04-14,110.62,110.84,110.84,28473300.0
2016-04-15,110.79,109.64,109.64,20922800.0
2016-04-18,109.74,110.45,110.45,21167200.0
2016-04-19,111.1,112.29,112.29,30210500.0
2016-04-20,112.43,112.42,112.42,21027900.0
2016-04-21,112.55,113.44,113.44,20875200.0
2016-04-22,111.21,110.56,110.56,38458200.0
2016-04-25,109.87,110.1,110.1,21017900.0
2016-04-26,110.49,108.76,108.76,22521500.0
2016-04-27,107.94,108.89,108.89,52213100.0
2016-04-28,119.58,116.73,116.73,87110100.0
2016-04-29,116.82,117.58,117.58,37140600.0
2016-05-02,117.83,118.57,118.57,28095200.0
2016-05-03,117.52,117.43,117.43,24117500.0
2016-05-04,116.61,118.06,118.06,23448400.0
2016-05-05,118.04,117.81,117.81,22056700.0
2016-05-06,117.16,119.49,119.49,26395600.0
2016-05-09,119.54,119.24,119.24,21138100.0
2016-05-10,119.62,120.5,120.5,23220000.0
2016-05-11,120.41,119.52,119.52,22038400.0
2016-05-12,119.98,120.28,120.28,22035500.0
2016-05-13,120.38,119.81,119.81,18124300.0
2016-05-16,119.38,118.67,118.67,31247800.0
2016-05-17,118.82,117.35,117.35,21328600.0
2016-05-18,116.8,117.65,117.65,21642300.0
2016-05-19,117.05,116.81,116.81,20544100.0
2016-05-20,116.96,117.35,117.35,18944800.0
2016-05-23,117.42,115.97,115.97,20441000.0
2016-05-24,116.24,117.7,117.7,20183600.0
2016-05-25,118.13,117.89,117.89,20019800.0
2016-05-26,118.24,119.47,119.47,18481300.0
2016-05-27,119.56,119.38,119.38,13493600.0
2016-05-31,119.46,118.81,118.81,23547600.0
2016-06-01,118.5,118.78,118.78,15029500.0
2016-06-02,118.69,118.93,118.93,13228300.0
2016-06-03,118.98,118.47,118.47,14135100.0
2016-06-06,118.62,118.79,118.79,12744700.0
2016-06-07,119.24,117.76,117.76,17103000.0
2016-06-08,117.76,118.39,118.39,14505600.0
2016-06-09,118.13,118.56,118.56,13859200.0
2016-06-10,117.54,116.62,116.62,18510800.0
2016-06-13,115.0,113.95,113.95,31718200.0
2016-06-14,114.07,114.94,114.94,17618500.0
2016-06-15,115.3,114.6,114.6,19819400.0
2016-06-16,113.87,114.39,114.39,19236300.0
2016-06-17,114.42,113.02,113.02,24644300.0
2016-06-20,113.77,113.37,113.37,20785400.0
2016-06-21,114.12,114.38,114.38,19166300.0
2016-06-22,114.65,113.91,113.91,14846300.0
2016-06-23,114.37,115.08,115.08,16176900.0
2016-06-24,111.01,112.08,112.08,40643100.0
2016-06-27,111.57,108.97,108.97,36130400.0
2016-06-28,110.63,112.7,112.7,26813800.0
2016-06-29,113.37,114.16,114.16,20968300.0
2016-06-30,114.67,114.28,114.28,23192700.0
2016-07-01,114.2,114.19,114.19,14980000.0
2016-07-05,113.94,114.2,114.2,14207000.0
2016-07-06,113.36,116.7,116.7,24337600.0
2016-07-07,116.63,115.85,115.85,16630200.0
2016-07-08,116.43,117.24,117.24,18142600.0
2016-07-11,117.71,117.87,117.87,17711600.0
2016-07-12,118.63,117.93,117.93,15217700.0
2016-07-13,118.39,116.78,116.78,16207700.0
2016-07-14,117.5,117.29,117.29,14579700.0
2016-07-15,117.74,116.86,116.86,16646000.0
2016-07-18,117.32,119.37,119.37,20868400.0
2016-07-19,118.99,120.61,120.61,21541300.0
2016-07-20,121.25,121.92,121.92,20046500.0
2016-07-21,121.92,120.61,120.61,17801700.0
2016-07-22,119.9,121.0,121.0,18422400.0
2016-07-25,121.39,121.63,121.63,18487400.0
2016-07-26,122.0,121.22,121.22,17612000.0
2016-07-27,122.42,123.34,123.34,52654200.0
2016-07-28,127.52,125.0,125.0,78955800.0
2016-07-29,124.65,123.94,123.94,35058800.0
2016-08-01,123.85,124.31,124.31,25006900.0
2016-08-02,124.06,123.09,123.09,23968400.0
2016-08-03,123.09,122.51,122.51,18525300.0
2016-08-04,122.94,124.36,124.36,21066000.0
2016-08-05,124.98,125.15,125.15,20184000.0
2016-08-08,125.25,125.26,125.26,15233900.0
2016-08-09,125.34,125.06,125.06,19621000.0
2016-08-10,125.07,124.88,124.88,10670100.0
2016-08-11,125.2,124.9,124.9,11729500.0
2016-08-12,124.7,124.88,124.88,12159000.0
2016-08-15,124.91,123.9,123.9,19295100.0
2016-08-16,123.5,123.3,123.3,14222400.0
2016-08-17,123.66,124.37,124.37,13794200.0
2016-08-18,124.01,123.91,123.91,12400800.0
2016-08-19,123.6,123.56,123.56,11688300.0
2016-08-22,123.33,124.15,124.15,14386400.0
2016-08-23,124.51,124.37,124.37,13309500.0
2016-08-24,124.47,123.48,123.48,12243700.0
2016-08-25,123.12,123.89,123.89,10730800.0
2016-08-26,124.05,124.96,124.96,17504800.0
2016-08-29,124.35,126.54,126.54,15925900.0
2016-08-30,126.6,125.84,125.84,17804300.0
2016-08-31,125.6,126.12,126.12,14200600.0
2016-09-01,126.38,126.17,126.17,13536100.0
2016-09-02,126.85,126.51,126.51,12118800.0
2016-09-06,126.67,129.73,129.73,26278400.0
2016-09-07,130.04,131.05,131.05,27990800.0
2016-09-08,130.92,130.27,130.27,15676600.0
2016-09-09,129.71,127.1,127.1,27100700.0
2016-09-12,125.96,128.69,128.69,21252800.0
2016-09-13,128.03,127.21,127.21,18016200.0
2016-09-14,126.89,127.77,127.77,15691100.0
2016-09-15,127.98,128.35,128.35,15077200.0
2016-09-16,128.2,129.07,129.07,24119200.0
2016-09-19,129.91,128.65,128.65,14958800.0
2016-09-20,128.65,128.64,128.64,11083800.0
2016-09-21,129.13,129.94,129.94,14068300.0
2016-09-22,130.5,130.08,130.08,15538300.0
2016-09-23,127.56,127.96,127.96,28326300.0
2016-09-26,127.37,127.31,127.31,15064900.0
2016-09-27,127.61,128.69,128.69,15637100.0
2016-09-28,129.21,129.23,129.23,12047600.0
2016-09-29,129.18,128.09,128.09,14532200.0
2016-09-30,128.03,128.27,128.27,18402900.0
2016-10-03,128.38,128.77,128.77,13156900.0
2016-10-04,129.17,128.19,128.19,14307500.0
2016-10-05,128.25,128.47,128.47,12386800.0
2016-10-06,128.43,128.74,128.74,11682700.0
2016-10-07,129.04,128.99,128.99,12804400.0
2016-10-10,129.68,130.24,130.24,15138700.0
2016-10-11,130.23,128.88,128.88,17537900.0
2016-10-12,129.01,129.05,129.05,11073000.0
2016-10-13,128.21,127.82,127.82,17139300.0
2016-10-14,128.49,127.88,127.88,13345300.0
2016-10-17,128.2,127.54,127.54,11351700.0
2016-10-18,128.68,128.57,128.57,13504000.0
2016-10-19,128.74,130.11,130.11,16752300.0
2016-10-20,130.07,130.0,130.0,13167500.0
2016-10-21,129.78,132.07,132.07,19088800.0
2016-10-24,132.72,133.28,133.28,17470200.0
2016-10-25,133.5,132.29,132.29,13336800.0
2016-10-26,131.64,131.04,131.04,13084700.0
2016-10-27,131.74,129.69,129.69,16741400.0
2016-10-28,130.5,131.29,131.29,24545500.0
2016-10-31,132.01,130.99,130.99,15669000.0
2016-11-01,131.41,129.5,129.5,22077800.0
2016-11-02,130.23,127.17,127.17,39640900.0
2016-11-03,122.0,120.0,120.0,63766300.0
2016-11-04,119.59,120.75,120.75,30545500.0
2016-11-07,122.83,122.15,122.15,23008900.0
2016-11-08,122.03,124.22,124.22,19460800.0
2016-11-09,121.5,123.18,123.18,31916000.0
2016-11-10,123.93,120.8,120.8,67846700.0
2016-11-11,119.53,119.02,119.02,32840100.0
2016-11-14,119.13,115.08,115.08,51377000.0
2016-11-15,116.73,117.2,117.2,34681400.0
2016-11-16,114.48,116.34,116.34,32397900.0
2016-11-17,116.81,117.79,117.79,18597800.0
2016-11-18,118.39,117.02,117.02,22879300.0
2016-11-21,118.2,121.77,121.77,35415400.0
2016-11-22,122.4,121.47,121.47,26089200.0
2016-11-23,121.23,120.84,120.84,15672100.0
2016-11-25,121.01,120.38,120.38,8658600.0
2016-11-28,120.12,120.41,120.41,18101300.0
2016-11-29,120.57,120.87,120.87,18891000.0
2016-11-30,120.32,118.42,118.42,30188900.0
2016-12-01,118.38,115.1,115.1,43277000.0
2016-12-02,115.11,115.4,115.4,25070400.0
2016-12-05,115.95,117.43,117.43,20201500.0
2016-12-06,117.69,117.31,117.31,19131200.0
2016-12-07,117.0,117.95,117.95,21913700.0
2016-12-08,117.98,118.91,118.91,22442800.0
2016-12-09,119.22,119.68,119.68,17464700.0
2016-12-12,119.22,117.77,117.77,17805500.0
2016-12-13,117.86,120.31,120.31,29768000.0
2016-12-14,120.0,120.21,120.21,25913100.0
2016-12-15,120.08,120.57,120.57,20139600.0
2016-12-16,120.9,119.87,119.87,25324300.0
2016-12-19,119.85,119.24,119.24,15918100.0
2016-12-20,119.5,119.09,119.09,13684400.0
2016-12-21,118.92,119.04,119.04,10767600.0
2016-12-22,118.86,117.4,117.4,16258600.0
2016-12-23,117.0,117.27,117.27,10890000.0
2016-12-27,116.96,118.01,118.01,12051500.0
2016-12-28,118.19,116.92,116.92,12087400.0
2016-12-29,117.0,116.35,116.35,9934900.0
2016-12-30,116.6,115.05,115.05,18684100.0
2017-01-03,116.03,116.86,116.86,20663900.0
2017-01-04,117.55,118.69,118.69,19630900.0
2017-01-05,118.86,120.67,120.67,19492200.0
2017-01-06,120.98,123.41,123.41,28545300.0
2017-01-09,123.55,124.9,124.9,22880400.0
2017-01-10,124.82,124.35,124.35,17324600.0
2017-01-11,124.35,126.09,126.09,18356500.0
2017-01-12,125.61,126.62,126.62,18653900.0
2017-01-13,127.49,128.34,128.34,24884300.0
2017-01-17,128.04,127.87,127.87,15294500.0
2017-01-18,128.41,127.92,127.92,13145900.0
2017-01-19,128.23,127.55,127.55,12195500.0
2017-01-20,128.1,127.04,127.04,19097200.0
2017-01-23,127.31,128.93,128.93,16593600.0
2017-01-24,129.38,129.37,129.37,15162700.0
2017-01-25,130.0,131.48,131.48,18731300.0
2017-01-26,131.63,132.78,132.78,20020100.0
2017-01-27,132.68,132.18,132.18,19539500.0
2017-01-30,131.58,130.98,130.98,18956100.0
2017-01-31,130.17,130.32,130.32,19790500.0
2017-02-01,132.25,133.23,133.23,50139800.0
2017-02-02,133.22,130.84,130.84,54366400.0
2017-02-03,131.24,130.98,130.98,24804900.0
2017-02-06,130.98,132.06,132.06,17058500.0
2017-02-07,132.24,131.84,131.84,14596400.0
2017-02-08,132.6,134.2,134.2,22390600.0
2017-02-09,134.49,134.14,134.14,16470600.0
2017-02-10,134.1,134.19,134.19,15061900.0
2017-02-13,134.7,134.05,134.05,13526200.0
2017-02-14,134.1,133.85,133.85,14364900.0
2017-02-15,133.45,133.44,133.44,13226500.0
2017-02-16,133.07,133.84,133.84,12831100.0
2017-02-17,133.5,133.53,133.53,12276500.0
2017-02-21,133.5,133.72,133.72,14759100.0
2017-02-22,133.6,136.12,136.12,27360100.0
2017-02-23,135.89,135.36,135.36,18422500.0
2017-02-24,134.16,135.44,135.44,12625700.0
2017-02-27,135.26,136.41,136.41,14306700.0
2017-02-28,136.79,135.54,135.54,16112100.0
2017-03-01,136.47,137.42,137.42,16257000.0
2017-03-02,137.09,136.76,136.76,12294800.0
2017-03-03,136.63,137.17,137.17,11160600.0
2017-03-06,136.88,137.42,137.42,12748200.0
2017-03-07,137.03,137.3,137.3,13527100.0
2017-03-08,137.15,137.72,137.72,10184500.0
2017-03-09,137.72,138.24,138.24,15535300.0
2017-03-10,138.91,138.79,138.79,16314100.0
2017-03-13,138.71,139.6,139.6,10955500.0
2017-03-14,139.46,139.32,139.32,12944000.0
2017-03-15,139.29,139.72,139.72,19344800.0
2017-03-16,140.2,139.99,139.99,13612900.0
2017-03-17,140.34,139.84,139.84,20592800.0
2017-03-20,139.71,139.94,139.94,12099500.0
2017-03-21,141.15,138.51,138.51,29894800.0
2017-03-22,137.93,139.59,139.59,17055400.0
2017-03-23,139.48,139.53,139.53,13022800.0
2017-03-24,140.08,140.34,140.34,16664700.0
2017-03-27,139.05,140.32,140.32,12800500.0
2017-03-28,140.36,141.76,141.76,14679400.0
2017-03-29,141.99,142.65,142.65,16527600.0
2017-03-30,142.4,142.41,142.41,12404000.0
2017-03-31,142.31,142.05,142.05,11478300.0
2017-04-03,141.93,142.28,142.28,13564000.0
2017-04-04,141.86,141.73,141.73,12948600.0
2017-04-05,142.26,141.85,141.85,17158100.0
2017-04-06,142.11,141.17,141.17,15103400.0
2017-04-07,141.2,140.78,140.78,11818300.0
2017-04-10,141.0,141.04,141.04,9039400.0
2017-04-11,140.8,139.92,139.92,16638100.0
2017-04-12,139.72,139.58,139.58,11612500.0
2017-04-13,139.62,139.39,139.39,10965600.0
2017-04-17,139.76,141.42,141.42,11519700.0
2017-04-18,141.27,140.96,140.96,14807500.0
2017-04-19,141.35,142.27,142.27,15563900.0
2017-04-20,142.95,143.8,143.8,15968200.0
2017-04-21,143.9,143.68,143.68,12382000.0
2017-04-24,144.96,145.47,145.47,14407200.0
2017-04-25,145.79,146.49,146.49,17767500.0
2017-04-26,147.09,146.56,146.56,12395000.0
2017-04-27,146.67,147.7,147.7,11275100.0
2017-04-28,149.5,150.25,150.25,30652200.0
2017-05-01,151.74,152.46,152.46,25218300.0
2017-05-02,153.34,152.78,152.78,21870400.0
2017-05-03,153.6,151.8,151.8,29782500.0
2017-05-04,150.17,150.85,150.85,36225500.0
2017-05-05,151.45,150.24,150.24,17148500.0
2017-05-08,150.71,151.06,151.06,15827500.0
2017-05-09,151.49,150.48,150.48,17453900.0
2017-05-10,150.23,150.29,150.29,12080700.0
2017-05-11,150.31,150.04,150.04,11841900.0
2017-05-12,150.4,150.33,150.33,9598200.0
2017-05-15,150.17,150.19,150.19,15064700.0
2017-05-16,150.11,149.78,149.78,14550800.0
2017-05-17,148.0,144.85,144.85,28300100.0
2017-05-18,144.72,147.66,147.66,23031600.0
2017-05-19,148.45,148.06,148.06,16187900.0
2017-05-22,148.08,148.24,148.24,12586700.0
2017-05-23,148.52,148.07,148.07,12817800.0
2017-05-24,148.51,150.04,150.04,17862400.0
2017-05-25,150.3,151.96,151.96,19891400.0
2017-05-26,152.23,152.13,152.13,14996200.0
2017-05-30,151.97,152.38,152.38,13226000.0
2017-05-31,152.7,151.46,151.46,18023900.0
2017-06-01,151.75,151.53,151.53,14530600.0
2017-06-02,151.85,153.61,153.61,16854400.0
2017-06-05,153.64,153.63,153.63,12520400.0
2017-06-06,153.41,152.81,152.81,13457100.0
2017-06-07,153.27,153.12,153.12,12066700.0
2017-06-08,154.08,154.71,154.71,17799400.0
2017-06-09,154.77,149.6,149.6,35577700.0
2017-06-12,148.17,148.44,148.44,33170200.0
2017-06-13,150.15,150.68,150.68,20483400.0
2017-06-14,151.26,150.25,150.25,20808800.0
2017-06-15,147.67,149.8,149.8,18994200.0
2017-06-16,149.59,150.64,150.64,22882400.0
2017-06-19,151.71,152.87,152.87,19026500.0
2017-06-20,152.88,152.25,152.25,14743900.0
2017-06-21,152.36,153.91,153.91,15039800.0
2017-06-22,153.01,153.4,153.4,13005500.0
2017-06-23,152.72,155.07,155.07,18027000.0
2017-06-26,156.25,153.59,153.59,18049700.0
2017-06-27,152.84,150.58,150.58,19360800.0
2017-06-28,150.92,153.24,153.24,16719100.0
2017-06-29,152.28,151.04,151.04,23973500.0
2017-06-30,151.9,150.98,150.98,17666000.0
2017-07-03,151.72,148.43,148.43,13862700.0
2017-07-05,149.0,150.34,150.34,14334300.0
2017-07-06,149.03,148.82,148.82,14951800.0
2017-07-07,149.25,151.44,151.44,13615900.0
2017-07-10,151.69,153.5,153.5,13378700.0
2017-07-11,153.37,155.27,155.27,13667700.0
2017-07-12,156.49,158.9,158.9,22739400.0
2017-07-13,158.74,159.26,159.26,13929200.0
2017-07-14,160.13,159.97,159.97,16371200.0
2017-07-17,160.25,159.73,159.73,12858800.0
2017-07-18,159.66,162.86,162.86,23722900.0
2017-07-19,163.59,164.14,164.14,26273600.0
2017-07-20,164.8,164.53,164.53,18523100.0
2017-07-21,164.16,164.43,164.43,14744000.0
2017-07-24,164.64,166.0,166.0,17367000.0
2017-07-25,165.01,165.28,165.28,15383200.0
2017-07-26,166.01,165.61,165.61,35236900.0
2017-07-27,174.7,170.44,170.44,68910700.0
2017-07-28,169.07,172.45,172.45,24557600.0
2017-07-31,172.0,169.25,169.25,25478900.0
2017-08-01,169.82,169.86,169.86,14385000.0
2017-08-02,170.3,169.3,169.3,17433800.0
2017-08-03,169.3,168.59,168.59,10793800.0
2017-08-04,168.97,169.62,169.62,10777700.0
2017-08-07,169.95,171.98,171.98,12787800.0
2017-08-08,171.88,171.23,171.23,14393500.0
2017-08-09,169.98,171.18,171.18,10815000.0
2017-08-10,170.06,167.4,167.4,20832700.0
2017-08-11,167.95,168.08,168.08,13791200.0
2017-08-14,170.09,170.75,170.75,12954200.0
2017-08-15,171.49,171.0,171.0,8729200.0
2017-08-16,171.25,170.0,170.0,15779900.0
2017-08-17,169.34,166.91,166.91,17216000.0
2017-08-18,166.84,167.41,167.41,15093600.0
2017-08-21,167.16,167.78,167.78,11907500.0
2017-08-22,168.28,169.64,169.64,11391000.0
2017-08-23,168.84,168.71,168.71,9856500.0
2017-08-24,168.88,167.74,167.74,14030400.0
2017-08-25,167.86,166.32,166.32,12614500.0
2017-08-28,166.91,167.24,167.24,8553700.0
2017-08-29,165.25,168.05,168.05,11121000.0
2017-08-30,168.17,169.92,169.92,11138300.0
2017-08-31,170.4,171.97,171.97,17226500.0
2017-09-01,172.4,172.02,172.02,11677600.0
2017-09-05,171.27,170.72,170.72,13210900.0
2017-09-06,170.91,172.09,172.09,13906300.0
2017-09-07,171.94,173.21,173.21,18049500.0
2017-09-08,173.09,170.95,170.95,10998500.0
2017-09-11,172.4,173.51,173.51,12372000.0
2017-09-12,173.76,172.96,172.96,11186300.0
2017-09-13,173.01,173.05,173.05,9119300.0
2017-09-14,172.26,170.96,170.96,15615700.0
2017-09-15,170.88,171.64,171.64,15660500.0
2017-09-18,171.99,170.01,170.01,12954000.0
2017-09-19,170.62,172.52,172.52,13168600.0
2017-09-20,172.5,172.17,172.17,12264100.0
2017-09-21,171.69,171.11,171.11,11161400.0
2017-09-22,170.21,170.54,170.54,12097100.0
2017-09-25,169.24,162.87,162.87,41251600.0
2017-09-26,164.5,164.21,164.21,23363300.0
2017-09-27,165.9,167.68,167.68,19242500.0
2017-09-28,167.94,168.73,168.73,12178700.0
2017-09-29,168.83,170.87,170.87,15340400.0
2017-10-02,171.39,169.47,169.47,13392300.0
2017-10-03,169.3,169.96,169.96,8190300.0
2017-10-04,169.83,168.42,168.42,12127900.0
2017-10-05,169.18,171.24,171.24,14580600.0
2017-10-06,170.25,172.23,172.23,13124500.0
2017-10-09,172.7,172.5,172.5,14570400.0
2017-10-10,173.0,171.59,171.59,11341100.0
2017-10-11,171.95,172.74,172.74,11283700.0
2017-10-12,172.61,172.55,172.55,10351000.0
2017-10-13,173.45,173.74,173.74,13658300.0
2017-10-16,174.49,174.52,174.52,11498800.0
2017-10-17,174.71,176.11,176.11,15990100.0
2017-10-18,176.65,176.03,176.03,12752400.0
2017-10-19,174.93,174.56,174.56,14048400.0
2017-10-20,175.5,174.98,174.98,12602200.0
2017-10-23,175.2,171.27,171.27,13852700.0
2017-10-24,172.3,171.8,171.8,12267900.0
2017-10-25,171.9,170.6,170.6,15868200.0
2017-10-26,171.38,170.63,170.63,11833100.0
2017-10-27,174.15,177.88,177.88,30285300.0
2017-10-30,179.26,179.87,179.87,24353200.0
2017-10-31,180.57,180.06,180.06,20174200.0
2017-11-01,182.36,182.66,182.66,40918300.0
2017-11-02,180.63,178.92,178.92,35529900.0
2017-11-03,179.29,178.92,178.92,17822100.0
2017-11-06,178.56,180.17,180.17,13312700.0
2017-11-07,180.5,180.25,180.25,12928200.0
2017-11-08,179.79,179.56,179.56,10494100.0
2017-11-09,178.31,179.3,179.3,12610300.0
2017-11-10,178.35,178.46,178.46,11070200.0
2017-11-13,177.5,178.77,178.77,9523400.0
2017-11-14,178.13,178.07,178.07,9585900.0
2017-11-15,176.66,177.95,177.95,10253700.0
2017-11-16,178.76,179.59,179.59,15607600.0
2017-11-17,179.3,179.0,179.0,13018000.0
2017-11-20,178.87,178.74,178.74,10052400.0
2017-11-21,179.15,181.86,181.86,14504000.0
2017-11-22,181.3,180.87,180.87,10376300.0
2017-11-24,180.4,182.78,182.78,9426300.0
2017-11-27,182.56,183.03,183.03,12344500.0
2017-11-28,183.51,182.42,182.42,14379700.0
2017-11-29,181.89,175.13,175.13,41933500.0
2017-11-30,176.85,177.18,177.18,25307600.0
2017-12-01,176.03,175.1,175.1,20182500.0
2017-12-04,176.29,171.47,171.47,24459400.0
2017-12-05,170.45,172.83,172.83,20184900.0
2017-12-06,172.5,176.06,176.06,20255800.0
2017-12-07,175.8,180.14,180.14,20404500.0
2017-12-08,181.53,179.0,179.0,19883800.0
2017-12-11,179.3,179.04,179.04,13168600.0
2017-12-12,178.6,176.96,176.96,16854100.0
2017-12-13,177.3,178.3,178.3,14615700.0
2017-12-14,178.29,178.39,178.39,13591000.0
2017-12-15,179.02,180.18,180.18,28463100.0
2017-12-18,181.01,180.82,180.82,17265400.0
2017-12-19,179.95,179.51,179.51,14920600.0
2017-12-20,179.81,177.89,177.89,11860500.0
2017-12-21,177.94,177.45,177.45,11600700.0
2017-12-22,177.14,177.2,177.2,8509500.0
2017-12-26,176.63,175.99,175.99,8897300.0
2017-12-27,176.55,177.62,177.62,9496100.0
2017-12-28,177.95,177.92,177.92,12220800.0
2017-12-29,178.0,176.46,176.46,10261500.0
2018-01-02,177.68,181.42,181.42,18151900.0
2018-01-03,181.88,184.67,184.67,16886600.0
2018-01-04,184.9,184.33,184.33,13880900.0
2018-01-05,185.59,186.85,186.85,13574500.0
2018-01-08,187.2,188.28,188.28,17994700.0
2018-01-09,188.7,187.87,187.87,12393100.0
2018-01-10,186.94,187.84,187.84,10529900.0
2018-01-11,188.4,187.77,187.77,9588600.0
2018-01-12,178.06,179.37,179.37,77551300.0
2018-01-16,181.5,178.39,178.39,36183800.0
2018-01-17,179.26,177.6,177.6,27992400.0
2018-01-18,178.13,179.8,179.8,23304900.0
2018-01-19,180.85,181.29,181.29,26826500.0
2018-01-22,180.8,185.37,185.37,21059500.0
2018-01-23,186.05,189.35,189.35,25678800.0
2018-01-24,189.89,186.55,186.55,24334500.0
2018-01-25,187.95,187.48,187.48,17377700.0
2018-01-26,187.75,190.0,190.0,17759200.0
2018-01-29,188.75,185.98,185.98,20453200.0
2018-01-30,187.62,187.12,187.12,20858600.0
2018-01-31,188.37,186.89,186.89,43275100.0
2018-02-01,188.22,193.09,193.09,54211300.0
2018-02-02,192.04,190.28,190.28,26677500.0
2018-02-05,186.93,181.26,181.26,33128200.0
2018-02-06,178.57,185.31,185.31,37758500.0
2018-02-07,184.15,180.18,180.18,27601900.0
2018-02-08,181.01,171.58,171.58,38478300.0
2018-02-09,174.76,176.11,176.11,39887600.0
2018-02-12,177.06,176.41,176.41,32092100.0
2018-02-13,175.62,173.15,173.15,21809400.0
2018-02-14,173.45,179.52,179.52,28929700.0
2018-02-15,180.5,179.96,179.96,20922100.0
2018-02-16,178.99,177.36,177.36,20645300.0
2018-02-20,175.77,176.01,176.01,21204900.0
2018-02-21,176.71,177.91,177.91,23200800.0
2018-02-22,178.7,178.99,178.99,18464200.0
2018-02-23,179.9,183.29,183.29,19007300.0
2018-02-26,184.58,184.93,184.93,17599700.0
2018-02-27,184.45,181.46,181.46,15849800.0
2018-02-28,182.3,178.32,178.32,18783000.0
2018-03-01,179.01,175.94,175.94,23201600.0
2018-03-02,173.29,176.62,176.62,20025900.0
2018-03-05,176.2,180.4,180.4,16189300.0
2018-03-06,181.78,179.78,179.78,15086800.0
2018-03-07,178.74,183.71,183.71,19097300.0
2018-03-08,183.56,182.34,182.34,17225900.0
2018-03-09,183.91,185.23,185.23,18526300.0
2018-03-12,185.23,184.76,184.76,15301200.0
2018-03-13,185.61,181.88,181.88,18067500.0
2018-03-14,182.6,184.19,184.19,16821700.0
2018-03-15,183.24,183.86,183.86,15614300.0
2018-03-16,184.49,185.09,185.09,24403400.0
2018-03-19,177.01,172.56,172.56,88140100.0
2018-03-20,167.47,168.15,168.15,129851800.0
2018-03-21,164.8,169.39,169.39,106598800.0
2018-03-22,166.13,164.89,164.89,73743000.0
2018-03-23,165.44,159.39,159.39,53609700.0
2018-03-26,160.82,160.06,160.06,126116600.0
2018-03-27,156.31,152.22,152.22,79117000.0
2018-03-28,151.65,153.03,153.03,60029200.0
2018-03-29,155.15,159.79,159.79,59434300.0
2018-04-02,157.81,155.39,155.39,36796000.0
2018-04-03,156.55,156.11,156.11,42543900.0
2018-04-04,152.03,155.1,155.1,49885600.0
2018-04-05,161.56,159.34,159.34,41449600.0
2018-04-06,157.73,157.2,157.2,41644800.0
2018-04-09,157.82,157.93,157.93,34915200.0
2018-04-10,157.93,165.04,165.04,57889300.0
2018-04-11,165.36,166.32,166.32,56144600.0
2018-04-12,166.98,163.87,163.87,38263000.0
2018-04-13,164.58,164.52,164.52,19990600.0
2018-04-16,165.72,164.83,164.83,18119400.0
2018-04-17,165.83,168.66,168.66,22743000.0
2018-04-18,166.88,166.36,166.36,20969600.0
2018-04-19,166.2,168.1,168.1,22235000.0
2018-04-20,167.79,166.28,166.28,19119400.0
2018-04-23,167.27,165.84,165.84,23088100.0
2018-04-24,165.43,159.69,159.69,35079900.0
2018-04-25,160.14,159.69,159.69,41083600.0
2018-04-26,173.22,174.16,174.16,77556900.0
2018-04-27,176.81,173.59,173.59,29804700.0
2018-04-30,173.79,172.0,172.0,20750500.0
2018-05-01,172.0,173.86,173.86,26025900.0
2018-05-02,174.25,176.07,176.07,30424500.0
2018-05-03,175.13,174.02,174.02,24026100.0
2018-05-04,173.08,176.61,176.61,17677800.0
2018-05-07,177.35,177.97,177.97,18697200.0
2018-05-08,178.25,178.92,178.92,15577200.0
2018-05-09,179.67,182.66,182.66,23282800.0
2018-05-10,183.15,185.53,185.53,21071400.0
2018-05-11,184.85,186.99,186.99,21207800.0
2018-05-14,187.71,186.64,186.64,15646700.0
2018-05-15,184.88,184.32,184.32,15429400.0
2018-05-16,183.7,183.2,183.2,16975500.0
2018-05-17,182.68,183.76,183.76,14840700.0
2018-05-18,183.49,182.68,182.68,13130500.0
2018-05-21,183.77,184.49,184.49,13532900.0
2018-05-22,184.93,183.8,183.8,12731400.0
2018-05-23,182.5,186.9,186.9,16628100.0
2018-05-24,185.88,185.93,185.93,12354700.0
2018-05-25,186.02,184.92,184.92,10965100.0
2018-05-29,184.34,185.74,185.74,16398900.0
2018-05-30,186.54,187.67,187.67,13736900.0
2018-05-31,187.87,191.78,191.78,30782600.0
2018-06-01,193.07,193.99,193.99,17307200.0
2018-06-04,191.84,193.28,193.28,18939800.0
2018-06-05,194.3,192.94,192.94,15544300.0
2018-06-06,191.03,191.34,191.34,22558900.0
2018-06-07,190.75,188.18,188.18,21503200.0
2018-06-08,187.53,189.1,189.1,12677100.0
2018-06-11,188.81,191.54,191.54,12928900.0
2018-06-12,192.17,192.4,192.4,11562700.0
2018-06-13,192.74,192.41,192.41,15853800.0
2018-06-14,193.1,196.81,196.81,19120900.0
2018-06-15,195.79,195.85,195.85,21860900.0
2018-06-18,194.8,198.31,198.31,16826000.0
2018-06-19,196.24,197.49,197.49,19994000.0
2018-06-20,199.1,202.0,202.0,28230900.0
2018-06-21,202.76,201.5,201.5,19045700.0
2018-06-22,201.16,201.74,201.74,17420200.0
2018-06-25,200.0,196.35,196.35,25275100.0
2018-06-26,197.6,199.0,199.0,17897600.0
2018-06-27,199.18,195.84,195.84,18734400.0
2018-06-28,195.18,196.23,196.23,18172400.0
2018-06-29,197.32,194.32,194.32,15811600.0
2018-07-02,193.37,197.36,197.36,13961600.0
2018-07-03,194.55,192.73,192.73,13489500.0
2018-07-05,194.74,198.45,198.45,19684200.0
2018-07-06,198.45,203.23,203.23,19740100.0
2018-07-09,204.93,204.74,204.74,18149400.0
2018-07-10,204.5,203.54,203.54,13190100.0
2018-07-11,202.22,202.54,202.54,12927400.0
2018-07-12,203.43,206.92,206.92,15454700.0
2018-07-13,207.81,207.32,207.32,11486800.0
2018-07-16,207.5,207.23,207.23,11078200.0
2018-07-17,204.9,209.99,209.99,15349900.0
2018-07-18,209.82,209.36,209.36,15334900.0
2018-07-19,208.77,208.09,208.09,11350400.0
2018-07-20,208.85,209.94,209.94,16163900.0
2018-07-23,210.58,210.91,210.91,16732000.0
2018-07-24,215.11,214.67,214.67,28468700.0
2018-07-25,215.72,217.5,217.5,58954200.0
2018-07-26,174.89,176.26,176.26,169803700.0
2018-07-27,179.87,174.89,174.89,60073700.0
2018-07-30,175.3,171.06,171.06,65280800.0
2018-07-31,170.67,172.58,172.58,40356500.0
2018-08-01,173.93,171.65,171.65,34042100.0
2018-08-02,170.68,176.37,176.37,32400000.0
2018-08-03,177.69,177.78,177.78,24763400.0
2018-08-06,178.97,185.69,185.69,49716200.0
2018-08-07,186.5,183.81,183.81,33398600.0
2018-08-08,184.75,185.18,185.18,22205200.0
2018-08-09,185.85,183.09,183.09,19732100.0
2018-08-10,182.04,180.26,180.26,21500400.0
2018-08-13,180.1,180.05,180.05,17423300.0
2018-08-14,180.71,181.11,181.11,19102000.0
2018-08-15,179.34,179.53,179.53,33020200.0
2018-08-16,180.42,174.7,174.7,31351800.0
2018-08-17,174.5,173.8,173.8,24893200.0
2018-08-20,174.04,172.5,172.5,21518000.0
2018-08-21,172.81,172.62,172.62,19578500.0
2018-08-22,172.21,173.64,173.64,16894100.0
2018-08-23,173.09,172.9,172.9,18053600.0
2018-08-24,173.7,174.65,174.65,14631600.0
2018-08-27,175.99,177.46,177.46,17921900.0
2018-08-28,178.1,176.26,176.26,15910700.0
2018-08-29,176.3,175.9,175.9,18494100.0
2018-08-30,175.9,177.64,177.64,24216500.0
2018-08-31,177.15,175.73,175.73,18065200.0
2018-09-04,173.5,171.16,171.16,29809000.0
2018-09-05,169.49,167.18,167.18,31226700.0
2018-09-06,166.98,162.53,162.53,41514800.0
2018-09-07,160.31,163.04,163.04,24300600.0
2018-09-10,163.51,164.18,164.18,20197700.0
2018-09-11,163.94,165.94,165.94,20457100.0
2018-09-12,163.25,162.0,162.0,24078100.0
2018-09-13,162.0,161.36,161.36,25453800.0
2018-09-14,161.72,162.32,162.32,21770400.0
2018-09-17,161.92,160.58,160.58,21005300.0
2018-09-18,159.39,160.3,160.3,22465200.0
2018-09-19,160.08,163.06,163.06,19629000.0
2018-09-20,164.5,166.02,166.02,18936000.0
2018-09-21,166.64,162.93,162.93,45994800.0
2018-09-24,161.03,165.41,165.41,19222800.0
2018-09-25,161.99,164.91,164.91,27622800.0
2018-09-26,164.3,166.95,166.95,25252200.0
2018-09-27,167.55,168.84,168.84,27266900.0
2018-09-28,168.33,164.46,164.46,34265600.0
2018-10-01,163.03,162.44,162.44,26407700.0
2018-10-02,161.58,159.33,159.33,36031000.0
2018-10-03,160.0,162.43,162.43,23109500.0
2018-10-04,161.46,158.85,158.85,25739600.0
2018-10-05,159.21,157.33,157.33,25744000.0
2018-10-08,155.54,157.25,157.25,24046000.0
2018-10-09,157.69,157.9,157.9,18844400.0
2018-10-10,156.82,151.38,151.38,30610000.0
2018-10-11,150.13,153.35,153.35,35338900.0
2018-10-12,156.73,153.74,153.74,25293500.0
2018-10-15,153.32,153.52,153.52,15433500.0
2018-10-16,155.4,158.78,158.78,19180100.0
2018-10-17,159.56,159.42,159.42,17592000.0
2018-10-18,158.51,154.92,154.92,21675100.0
2018-10-19,155.86,154.05,154.05,19761300.0
2018-10-22,154.76,154.78,154.78,15424700.0
2018-10-23,151.22,154.39,154.39,19095000.0
2018-10-24,154.28,146.04,146.04,27744600.0
2018-10-25,147.73,150.95,150.95,22105700.0
2018-10-26,145.82,145.37,145.37,31303300.0
2018-10-29,148.5,142.09,142.09,31336800.0
2018-10-30,139.94,146.22,146.22,50528300.0
2018-10-31,155.0,151.79,151.79,60101300.0
2018-11-01,151.52,151.75,151.75,25640800.0
2018-11-02,151.8,150.35,150.35,24708700.0
2018-11-05,150.1,148.68,148.68,15971200.0
2018-11-06,149.31,149.94,149.94,16667100.0
2018-11-07,151.57,151.53,151.53,21877400.0
2018-11-08,150.49,147.87,147.87,24145800.0
2018-11-09,146.75,144.96,144.96,17326900.0
2018-11-12,144.48,141.55,141.55,18542100.0
2018-11-13,142.0,142.16,142.16,15141700.0
2018-11-14,143.7,144.22,144.22,22068400.0
2018-11-15,142.33,143.85,143.85,30320300.0
2018-11-16,141.07,139.53,139.53,37250600.0
2018-11-19,137.61,131.55,131.55,44362700.0
2018-11-20,127.03,132.43,132.43,41939500.0
2018-11-21,134.4,134.82,134.82,25469700.0
2018-11-23,133.65,131.73,131.73,11886100.0
2018-11-26,133.0,136.38,136.38,24263600.0
2018-11-27,135.75,135.0,135.0,20750300.0
2018-11-28,136.28,136.76,136.76,29847500.0
2018-11-29,135.92,138.68,138.68,24238700.0
2018-11-30,138.26,140.61,140.61,25732600.0
2018-12-03,143.0,141.09,141.09,24819200.0
2018-12-04,140.73,137.93,137.93,30307400.0
2018-12-06,133.82,139.63,139.63,28218100.0
2018-12-07,139.25,137.42,137.42,21195500.0
2018-12-10,139.6,141.85,141.85,26422200.0
2018-12-11,143.88,142.08,142.08,20300300.0
2018-12-12,143.08,144.5,144.5,23696900.0
2018-12-13,145.57,145.01,145.01,18148600.0
2018-12-14,143.34,144.06,144.06,21785800.0
2018-12-17,143.08,140.19,140.19,24334000.0
2018-12-18,141.08,143.66,143.66,24709100.0
2018-12-19,141.21,133.24,133.24,57404900.0
2018-12-20,130.7,133.4,133.4,40297900.0
2018-12-21,133.39,124.95,124.95,56901500.0
2018-12-24,123.1,124.06,124.06,22066000.0
2018-12-26,126.0,134.18,134.18,39723400.0
2018-12-27,132.44,134.52,134.52,31202500.0
2018-12-28,135.34,133.2,133.2,22627600.0
2018-12-31,134.45,131.09,131.09,24625300.0
2019-01-02,128.99,135.68,135.68,28146200.0
2019-01-03,134.69,131.74,131.74,22717900.0
2019-01-04,134.01,137.95,137.95,29002100.0
2019-01-07,137.56,138.05,138.05,20089300.0
2019-01-08,139.89,142.53,142.53,26263800.0
2019-01-09,142.95,144.23,144.23,22205900.0
2019-01-10,143.08,144.2,144.2,16125000.0
2019-01-11,143.15,143.8,143.8,12908000.0
2019-01-14,142.0,145.39,145.39,20520300.0
2019-01-15,146.01,148.95,148.95,24069000.0
2019-01-16,149.0,147.54,147.54,18025700.0
2019-01-17,146.95,148.3,148.3,15787900.0
2019-01-18,149.75,150.04,150.04,31029600.0
2019-01-22,149.2,147.57,147.57,22378700.0
2019-01-23,148.28,144.3,144.3,20098400.0
2019-01-24,144.64,145.83,145.83,20955500.0
2019-01-25,147.48,149.01,149.01,22237200.0
2019-01-28,148.05,147.47,147.47,15508500.0
2019-01-29,148.09,144.19,144.19,17632100.0
2019-01-30,146.22,150.42,150.42,44613200.0
2019-01-31,165.6,166.69,166.69,77233600.0
2019-02-01,165.84,165.71,165.71,30806500.0
2019-02-04,165.7,169.25,169.25,20036000.0
2019-02-05,169.15,171.16,171.16,22557000.0
2019-02-06,171.2,170.49,170.49,13281200.0
2019-02-07,168.2,166.38,166.38,17517600.0
2019-02-08,164.47,167.33,167.33,12561400.0
2019-02-11,167.9,165.79,165.79,12811200.0
2019-02-12,166.86,165.04,165.04,16292300.0
2019-02-13,165.38,164.07,164.07,14205100.0
2019-02-14,163.19,163.95,163.95,12755200.0
2019-02-15,164.51,162.5,162.5,15504400.0
2019-02-19,160.5,162.29,162.29,14345400.0
2019-02-20,162.25,162.56,162.56,11770700.0
2019-02-21,161.93,160.04,160.04,15607800.0
2019-02-22,160.58,161.89,161.89,15858500.0
2019-02-25,163.07,164.62,164.62,18737100.0
2019-02-26,164.34,164.13,164.13,13784100.0
2019-02-27,162.9,162.81,162.81,12697500.0
2019-02-28,162.37,161.45,161.45,11114200.0
2019-03-01,162.6,162.28,162.28,11097800.0
2019-03-04,163.9,167.37,167.37,18894700.0
2019-03-05,167.37,171.26,171.26,28187900.0
2019-03-06,172.9,172.51,172.51,21531700.0
2019-03-07,171.5,169.13,169.13,18306500.0
2019-03-08,166.2,169.6,169.6,13184800.0
2019-03-11,171.6,172.07,172.07,18884000.0
2019-03-12,172.09,171.92,171.92,12155300.0
2019-03-13,172.32,173.37,173.37,11973300.0
2019-03-14,169.76,170.17,170.17,18037400.0
2019-03-15,167.16,165.98,165.98,37135400.0
2019-03-18,163.57,160.47,160.47,37524200.0
2019-03-19,161.48,161.57,161.57,25611500.0
2019-03-20,161.5,165.44,165.44,20211500.0
2019-03-21,164.89,166.08,166.08,16223000.0
2019-03-22,165.65,164.34,164.34,16389200.0
2019-03-25,163.0,166.29,166.29,12631200.0
2019-03-26,167.35,167.68,167.68,15437900.0
2019-03-27,167.85,165.87,165.87,10620300.0
2019-03-28,164.57,165.55,165.55,10443000.0
2019-03-29,166.39,166.69,166.69,13455500.0
2019-04-01,167.83,168.7,168.7,10381500.0
2019-04-02,170.14,174.2,174.2,23946500.0
2019-04-03,174.5,173.54,173.54,27391100.0
2019-04-04,176.02,176.02,176.02,17847700.0
2019-04-05,176.88,175.72,175.72,9594100.0
2019-04-08,175.21,174.93,174.93,7297400.0
2019-04-09,175.62,177.58,177.58,19751000.0
2019-04-10,178.18,177.82,177.82,11701500.0
2019-04-11,178.24,177.51,177.51,8071000.0
2019-04-12,178.0,179.1,179.1,12329800.0
2019-04-15,178.5,179.65,179.65,10834800.0
2019-04-16,179.0,178.87,178.87,11215200.0
2019-04-17,179.6,178.78,178.78,9973700.0
2019-04-18,178.8,178.28,178.28,11655600.0
2019-04-22,178.25,181.44,181.44,13389900.0
2019-04-23,182.74,183.78,183.78,19954800.0
2019-04-24,184.49,182.58,182.58,37289900.0
2019-04-25,196.98,193.26,193.26,54148800.0
2019-04-26,192.5,191.49,191.49,22075000.0
2019-04-29,190.95,194.78,194.78,19641300.0
2019-04-30,194.19,193.4,193.4,23494700.0
2019-05-01,194.78,193.03,193.03,15996600.0
2019-05-02,193.0,192.53,192.53,13209500.0
2019-05-03,194.38,195.47,195.47,14575400.0
2019-05-06,191.24,193.88,193.88,13994900.0
2019-05-07,192.54,189.77,189.77,16253000.0
2019-05-08,189.39,189.54,189.54,12505700.0
2019-05-09,187.2,188.65,188.65,12967000.0
2019-05-10,188.25,188.34,188.34,12578500.0
2019-05-13,183.5,181.54,181.54,16833300.0
2019-05-14,182.52,180.73,180.73,17628100.0
2019-05-15,180.42,186.27,186.27,16746900.0
2019-05-16,185.05,186.99,186.99,12953100.0
2019-05-17,184.84,185.3,185.3,10485400.0
2019-05-20,181.88,182.72,182.72,10352000.0
2019-05-21,184.57,184.82,184.82,7502800.0
2019-05-22,184.73,185.32,185.32,9213800.0
2019-05-23,182.42,180.87,180.87,12768800.0
2019-05-24,182.33,181.06,181.06,8807700.0
2019-05-28,181.54,184.31,184.31,14843300.0
2019-05-29,183.5,182.19,182.19,12797700.0
2019-05-30,183.08,183.01,183.01,8581500.0
2019-05-31,180.28,177.47,177.47,15226500.0
2019-06-03,175.0,164.15,164.15,56059600.0
2019-06-04,163.71,167.5,167.5,46044300.0
2019-06-05,167.48,168.17,168.17,19758300.0
2019-06-06,168.3,168.33,168.33,12446400.0
2019-06-07,170.17,173.35,173.35,16917300.0
2019-06-10,174.75,174.82,174.82,14767900.0
2019-06-11,178.48,178.1,178.1,15266600.0
2019-06-12,178.38,175.04,175.04,17699800.0
2019-06-13,175.53,177.47,177.47,12253600.0
2019-06-14,180.51,181.33,181.33,16773700.0
2019-06-17,185.01,189.01,189.01,29459900.0
2019-06-18,194.0,188.47,188.47,37571400.0
2019-06-19,187.0,187.48,187.48,21417100.0
2019-06-20,190.95,189.53,189.53,14635700.0
2019-06-21,188.75,191.14,191.14,22751200.0
2019-06-24,192.42,192.6,192.6,15509000.0
2019-06-25,192.88,188.84,188.84,16750300.0
2019-06-26,189.54,187.66,187.66,12808600.0
2019-06-27,189.88,189.5,189.5,11159000.0
2019-06-28,190.55,193.0,193.0,16378900.0
2019-07-01,195.21,193.0,193.0,14181800.0
2019-07-02,193.0,195.0,195.0,9050000.0
2019-07-03,194.16,197.2,197.2,10246100.0
2019-07-05,196.18,196.4,196.4,11164100.0
2019-07-08,195.19,195.76,195.76,9723900.0
2019-07-09,194.97,199.21,199.21,14698600.0
2019-07-10,200.0,202.73,202.73,20571700.0
2019-07-11,203.26,201.23,201.23,13678500.0
2019-07-12,199.68,204.87,204.87,15366300.0
2019-07-15,204.25,203.91,203.91,16030300.0
2019-07-16,203.89,203.84,203.84,12132700.0
2019-07-17,204.18,201.8,201.8,12083700.0
2019-07-18,200.15,200.78,200.78,11937900.0
2019-07-19,202.18,198.36,198.36,12098300.0
2019-07-22,199.91,202.32,202.32,13589000.0
2019-07-23,202.84,202.36,202.36,14583700.0
2019-07-24,197.63,204.66,204.66,32532500.0
2019-07-25,206.7,200.71,200.71,39889900.0
2019-07-26,200.19,199.75,199.75,24434000.0
2019-07-29,199.0,195.94,195.94,16530800.0
2019-07-30,195.39,197.04,197.04,11903600.0
2019-07-31,196.95,194.23,194.23,14593500.0
2019-08-01,194.17,192.73,192.73,17777000.0
2019-08-02,191.1,189.02,189.02,15297000.0
2019-08-05,184.69,181.73,181.73,23086700.0
2019-08-06,183.69,184.51,184.51,18035700.0
2019-08-07,183.6,185.15,185.15,15833200.0
2019-08-08,186.62,190.16,190.16,14828900.0
2019-08-09,190.0,187.85,187.85,11058800.0
2019-08-12,186.85,185.37,185.37,10930900.0
2019-08-13,185.52,188.45,188.45,13577000.0
2019-08-14,185.8,179.71,179.71,18903700.0
2019-08-15,180.95,182.59,182.59,12925900.0
2019-08-16,183.75,183.7,183.7,12654600.0
2019-08-19,186.01,186.17,186.17,9691200.0
2019-08-20,185.45,183.81,183.81,10083400.0
2019-08-21,185.0,183.55,183.55,8398200.0
2019-08-22,183.43,182.04,182.04,10821400.0
2019-08-23,180.84,177.75,177.75,17323400.0
2019-08-26,179.4,180.36,180.36,8773600.0
2019-08-27,181.93,181.3,181.3,14399600.0
2019-08-28,180.53,181.76,181.76,9386100.0
2019-08-29,183.77,185.57,185.57,10128700.0
2019-08-30,186.78,185.67,185.67,10774500.0
2019-09-03,184.0,182.39,182.39,9779400.0
2019-09-04,184.65,187.14,187.14,11308000.0
2019-09-05,188.53,190.9,190.9,13876700.0
2019-09-06,190.21,187.49,187.49,15226800.0
2019-09-09,187.73,188.76,188.76,14722400.0
2019-09-10,187.44,186.17,186.17,15455900.0
2019-09-11,186.46,188.49,188.49,11761700.0
2019-09-12,189.86,187.47,187.47,11419800.0
2019-09-13,187.33,187.19,187.19,11441100.0
2019-09-16,186.93,186.22,186.22,8444800.0
2019-09-17,186.66,188.08,188.08,9671100.0
2019-09-18,188.09,188.14,188.14,9681900.0
2019-09-19,188.66,190.14,190.14,10392700.0
2019-09-20,190.66,189.93,189.93,19934200.0
2019-09-23,189.34,186.82,186.82,13327600.0
2019-09-24,187.98,181.28,181.28,18546600.0
2019-09-25,181.45,182.8,182.8,18068300.0
2019-09-26,181.33,180.11,180.11,16083300.0
2019-09-27,180.49,177.1,177.1,14656200.0
2019-09-30,177.87,178.08,178.08,10740000.0
2019-10-01,179.15,175.81,175.81,17073000.0
2019-10-02,174.84,174.6,174.6,16151700.0
2019-10-03,175.57,179.38,179.38,16086300.0
2019-10-04,179.55,180.45,180.45,10430200.0
2019-10-07,180.0,179.68,179.68,9178300.0
2019-10-08,178.26,177.75,177.75,9466900.0
2019-10-09,179.16,179.85,179.85,7556900.0
2019-10-10,180.32,180.03,180.03,8605000.0
2019-10-11,182.15,184.19,184.19,14930500.0
2019-10-14,184.2,183.28,183.28,7006000.0
2019-10-15,183.8,188.89,188.89,15039100.0
2019-10-16,188.32,189.55,189.55,10516900.0
2019-10-17,190.3,190.39,190.39,9603000.0
2019-10-18,190.23,185.85,185.85,16874200.0
2019-10-21,187.04,189.76,189.76,8122600.0
2019-10-22,190.0,182.34,182.34,19537600.0
2019-10-23,182.01,186.15,186.15,12300400.0
2019-10-24,184.62,186.38,186.38,11413500.0
2019-10-25,185.83,187.89,187.89,8061200.0
2019-10-28,187.2,189.4,189.4,13657900.0
2019-10-29,191.69,189.31,189.31,13574900.0
2019-10-30,189.56,188.25,188.25,28734600.0
2019-10-31,196.7,191.65,191.65,42286500.0
2019-11-01,192.85,193.62,193.62,21711800.0
2019-11-04,194.55,194.72,194.72,16371300.0
2019-11-05,195.37,194.32,194.32,9942000.0
2019-11-06,194.03,191.55,191.55,10973000.0
2019-11-07,191.91,190.42,190.42,13473000.0
2019-11-08,190.0,190.84,190.84,10760800.0
2019-11-11,189.93,189.61,189.61,8631200.0
2019-11-12,190.0,194.47,194.47,17615500.0
2019-11-13,194.7,193.19,193.19,10860700.0
2019-11-14,192.93,193.15,193.15,9040500.0
2019-11-15,194.26,195.1,195.1,11524300.0
2019-11-18,194.56,197.4,197.4,16167200.0
2019-11-19,197.4,199.32,199.32,19056800.0
2019-11-20,198.58,197.51,197.51,12355400.0
2019-11-21,197.42,197.93,197.93,12131000.0
2019-11-22,198.38,198.82,198.82,9959800.0
2019-11-25,199.52,199.79,199.79,15272300.0
2019-11-26,200.0,198.97,198.97,11735500.0
2019-11-27,199.9,202.0,202.0,12736600.0
2019-11-29,201.6,201.64,201.64,7985200.0
2019-12-02,202.13,199.7,199.7,11503400.0
2019-12-03,197.6,198.82,198.82,11595300.0
2019-12-04,200.0,198.71,198.71,8456300.0
2019-12-05,199.86,199.36,199.36,9740400.0
2019-12-06,200.5,201.05,201.05,12270600.0
2019-12-09,200.65,201.34,201.34,11954800.0
2019-12-10,201.66,200.87,200.87,9475700.0
2019-12-11,200.28,202.26,202.26,8036800.0
2019-12-12,202.35,196.75,196.75,23734800.0
2019-12-13,196.4,194.11,194.11,18798000.0
2019-12-16,195.27,197.92,197.92,14911500.0
2019-12-17,198.84,198.39,198.39,10175700.0
2019-12-18,200.09,202.5,202.5,23274400.0
2019-12-19,202.78,206.06,206.06,16514600.0
2019-12-20,207.48,206.3,206.3,27306900.0
2019-12-23,206.7,206.18,206.18,13348900.0
2019-12-24,206.3,205.12,205.12,6046300.0
2019-12-26,205.57,207.79,207.79,9350700.0
2019-12-27,208.67,208.1,208.1,10284200.0
2019-12-30,207.86,204.41,204.41,10524300.0
2019-12-31,204.0,205.25,205.25,8953500.0
2020-01-02,206.75,209.78,209.78,12077100.0
2020-01-03,207.21,208.67,208.67,11188400.0
2020-01-06,206.7,212.6,212.6,17058900.0
2020-01-07,212.82,213.06,213.06,14912400.0
2020-01-08,213.0,215.22,215.22,13475000.0
2020-01-09,217.54,218.3,218.3,12642800.0
2020-01-10,219.2,218.06,218.06,12119400.0
2020-01-13,219.6,221.91,221.91,14463400.0
2020-01-14,221.61,219.06,219.06,13288900.0
2020-01-15,220.61,221.15,221.15,10036500.0
2020-01-16,222.57,221.77,221.77,10015300.0
2020-01-17,222.03,222.14,222.14,15905900.0
2020-01-21,222.16,221.44,221.44,14275800.0
2020-01-22,222.31,221.32,221.32,12212800.0
2020-01-23,220.75,219.76,219.76,11195000.0
2020-01-24,220.8,217.94,217.94,11905800.0
2020-01-27,213.1,214.87,214.87,13810700.0
2020-01-28,216.14,217.79,217.79,13413800.0
2020-01-29,221.44,223.23,223.23,33181300.0
2020-01-30,206.53,209.53,209.53,48775500.0
2020-01-31,208.43,201.91,201.91,31359900.0
2020-02-03,203.44,204.19,204.19,15495600.0
2020-02-04,206.62,209.83,209.83,19628900.0
2020-02-05,212.51,210.11,210.11,12538200.0
2020-02-06,210.47,210.85,210.85,10567500.0
2020-02-07,210.3,212.33,212.33,12242500.0
2020-02-10,211.52,213.06,213.06,11856400.0
2020-02-11,210.19,207.19,207.19,25030800.0
2020-02-12,207.85,210.76,210.76,13813700.0
2020-02-13,209.52,213.14,213.14,15396600.0
2020-02-14,214.0,214.18,214.18,10741700.0
2020-02-18,213.55,217.8,217.8,15609200.0
2020-02-19,217.99,217.49,217.49,12135100.0
2020-02-20,216.52,214.58,214.58,13109200.0
2020-02-21,213.48,210.18,210.18,14092300.0
2020-02-24,201.8,200.72,200.72,23080100.0
2020-02-25,202.25,196.77,196.77,21433500.0
2020-02-26,197.19,197.2,197.2,16524500.0
2020-02-27,191.82,189.75,189.75,21682600.0
2020-02-28,182.7,192.47,192.47,32568900.0
2020-03-02,194.03,196.44,196.44,24949000.0
2020-03-03,196.22,185.89,185.89,27984100.0
2020-03-04,189.17,191.76,191.76,23062500.0
2020-03-05,186.78,185.17,185.17,19333400.0
2020-03-06,178.33,181.09,181.09,24559600.0
2020-03-09,169.6,169.5,169.5,29949000.0
2020-03-10,174.67,178.19,178.19,24517800.0
2020-03-11,174.01,170.24,170.24,20373900.0
2020-03-12,159.54,154.47,154.47,43266300.0
2020-03-13,163.53,170.28,170.28,35028600.0
2020-03-16,152.32,146.01,146.01,39120400.0
2020-03-17,150.74,149.42,149.42,34255600.0
2020-03-18,139.75,146.96,146.96,37553100.0
2020-03-19,146.62,153.13,153.13,39862300.0
2020-03-20,156.02,149.73,149.73,32568400.0
2020-03-23,149.66,148.1,148.1,29830800.0
2020-03-24,155.21,160.98,160.98,30440400.0
2020-03-25,158.92,156.21,156.21,35184300.0
2020-03-26,158.25,163.34,163.34,26556800.0
2020-03-27,158.2,156.79,156.79,24879900.0
2020-03-30,159.18,165.95,165.95,22515200.0
2020-03-31,165.48,166.8,166.8,23676300.0
2020-04-01,161.62,159.6,159.6,19507600.0
2020-04-02,159.1,158.19,158.19,20886300.0
2020-04-03,157.15,154.18,154.18,25983300.0
2020-04-06,160.15,165.55,165.55,28453600.0
2020-04-07,171.79,168.83,168.83,31411900.0
2020-04-08,171.25,174.28,174.28,21664200.0
2020-04-09,175.9,175.19,175.19,23534300.0
2020-04-13,173.67,174.79,174.79,19355400.0
2020-04-14,178.98,178.17,178.17,21011800.0
2020-04-15,175.19,176.97,176.97,17423000.0
2020-04-16,177.95,176.25,176.25,23593200.0
2020-04-17,179.2,179.24,179.24,20974800.0
2020-04-20,177.41,178.24,178.24,16110700.0
2020-04-21,175.25,170.8,170.8,24850500.0
2020-04-22,178.45,182.28,182.28,33242000.0
2020-04-23,184.08,185.13,185.13,21426600.0
2020-04-24,183.23,190.07,190.07,28792000.0
2020-04-27,192.66,187.5,187.5,29197800.0
2020-04-28,188.66,182.91,182.91,21731000.0
2020-04-29,190.93,194.19,194.19,45954500.0
2020-04-30,206.92,204.71,204.71,46230100.0
2020-05-01,201.6,202.27,202.27,30415600.0
2020-05-04,200.2,205.26,205.26,19250700.0
2020-05-05,207.02,207.07,207.07,21071200.0
2020-05-06,208.12,208.47,208.47,21857000.0
2020-05-07,211.16,211.26,211.26,15152000.0
2020-05-08,212.24,212.35,212.35,12506000.0
2020-05-11,210.89,213.18,213.18,12911900.0
2020-05-12,213.29,210.1,210.1,14704600.0
2020-05-13,209.43,205.1,205.1,20684600.0
2020-05-14,202.56,206.81,206.81,17178900.0
2020-05-15,205.27,210.88,210.88,19383200.0
2020-05-18,212.15,213.19,213.19,20151900.0
2020-05-19,213.27,216.88,216.88,31843200.0
2020-05-20,223.5,229.97,229.97,50162900.0
2020-05-21,234.72,231.39,231.39,47782600.0
2020-05-22,231.51,234.91,234.91,33925600.0
2020-05-26,239.77,232.2,232.2,33178300.0
2020-05-27,229.07,229.14,229.14,34697600.0
2020-05-28,224.3,225.46,225.46,29377200.0
2020-05-29,225.2,225.09,225.09,23241500.0
2020-06-01,224.59,231.91,231.91,18223800.0
2020-06-02,230.94,232.72,232.72,20919000.0
2020-06-03,232.11,230.16,230.16,15380300.0
2020-06-04,229.56,226.29,226.29,17041500.0
2020-06-05,226.71,230.77,230.77,16750400.0
2020-06-08,229.03,231.4,231.4,15466500.0
2020-06-09,231.52,238.67,238.67,27462900.0
2020-06-10,240.96,236.73,236.73,20720700.0
2020-06-11,229.94,224.43,224.43,26708200.0
2020-06-12,229.9,228.58,228.58,22091400.0
2020-06-15,225.09,232.5,232.5,15340300.0
2020-06-16,237.14,235.65,235.65,15236700.0
2020-06-17,235.0,235.53,235.53,19578100.0
2020-06-18,234.99,235.94,235.94,15782500.0
2020-06-19,237.79,238.79,238.79,30081300.0
2020-06-22,238.56,239.22,239.22,18917800.0
2020-06-23,241.28,242.24,242.24,24017900.0
2020-06-24,241.2,234.02,234.02,20834900.0
2020-06-25,234.62,235.68,235.68,18704300.0
2020-06-26,232.64,216.08,216.08,76343900.0
2020-06-29,209.75,220.64,220.64,58514300.0
2020-06-30,220.59,227.07,227.07,33927100.0
2020-07-01,228.5,237.55,237.55,43399700.0
2020-07-02,239.0,233.42,233.42,30633600.0
2020-07-06,233.76,240.28,240.28,26206200.0
2020-07-07,239.41,240.86,240.86,27887800.0
2020-07-08,238.11,243.58,243.58,29791300.0
2020-07-09,245.0,244.5,244.5,22174900.0
2020-07-10,243.69,245.07,245.07,22982700.0
2020-07-13,247.01,239.0,239.0,24674900.0
2020-07-14,236.76,239.73,239.73,23378100.0
2020-07-15,241.55,240.28,240.28,19133600.0
2020-07-16,238.0,240.93,240.93,18880700.0
2020-07-17,241.0,242.03,242.03,18152400.0
2020-07-20,240.06,245.42,245.42,20872200.0
2020-07-21,246.22,241.75,241.75,19364200.0
2020-07-22,240.26,239.87,239.87,15427900.0
2020-07-23,239.63,232.6,232.6,21771800.0
2020-07-24,230.19,230.71,230.71,18325800.0
2020-07-27,231.46,233.5,233.5,13163100.0
2020-07-28,234.63,230.12,230.12,14170100.0
2020-07-29,231.14,233.29,233.29,13588300.0
2020-07-30,230.22,234.5,234.5,20615300.0
2020-07-31,255.82,253.67,253.67,53005100.0
2020-08-03,252.65,251.96,251.96,23124900.0
2020-08-04,251.56,249.83,249.83,17183500.0
2020-08-05,250.19,249.12,249.12,13050100.0
2020-08-06,249.04,265.28,265.28,45241600.0
2020-08-07,264.08,268.44,268.44,72766400.0
2020-08-10,268.04,263.0,263.0,30248800.0
2020-08-11,260.19,256.13,256.13,28238300.0
2020-08-12,258.97,259.89,259.89,21415700.0
2020-08-13,261.55,261.3,261.3,17374000.0
2020-08-14,262.31,261.24,261.24,14792700.0
2020-08-17,262.5,261.16,261.16,13351100.0
2020-08-18,260.95,262.34,262.34,18690400.0
2020-08-19,261.39,262.59,262.59,23291500.0
2020-08-20,261.5,269.01,269.01,20299700.0
2020-08-21,268.69,267.01,267.01,15538600.0
2020-08-24,271.07,271.39,271.39,23685600.0
2020-08-25,272.41,280.82,280.82,42127200.0
2020-08-26,284.0,303.91,303.91,69015200.0
2020-08-27,300.16,293.22,293.22,30301300.0
2020-08-28,295.0,293.66,293.66,17157400.0
2020-08-31,293.95,293.2,293.2,17345100.0
2020-09-01,294.71,295.44,295.44,17295900.0
2020-09-02,298.88,302.5,302.5,24341400.0
2020-09-03,295.99,291.12,291.12,32294100.0
2020-09-04,287.25,282.73,282.73,30333700.0
2020-09-08,271.28,271.16,271.16,24864000.0
2020-09-09,275.77,273.72,273.72,22918800.0
2020-09-10,275.51,268.09,268.09,24814700.0
2020-09-11,270.06,266.61,266.61,18913900.0
2020-09-14,270.95,266.15,266.15,24093800.0
2020-09-15,270.67,272.42,272.42,18478500.0
2020-09-16,267.29,263.52,263.52,29183400.0
2020-09-17,258.28,254.82,254.82,31281400.0
2020-09-18,258.4,252.53,252.53,28130800.0
2020-09-21,247.54,248.15,248.15,24709400.0
2020-09-22,253.31,254.75,254.75,30293100.0
2020-09-23,255.26,249.02,249.02,19641300.0
2020-09-24,246.5,249.53,249.53,20006800.0
2020-09-25,249.4,254.82,254.82,18351300.0
2020-09-28,259.4,256.82,256.82,18826300.0
2020-09-29,257.81,261.79,261.79,20200200.0
2020-09-30,261.98,261.9,261.9,20142500.0
2020-10-01,265.35,266.63,266.63,20009800.0
2020-10-02,261.21,259.94,259.94,16367600.0
2020-10-05,262.2,264.65,264.65,12822300.0
2020-10-06,261.78,258.66,258.66,18696900.0
2020-10-07,259.21,258.12,258.12,23133400.0
2020-10-08,259.75,263.76,263.76,16312800.0
2020-10-09,264.52,264.45,264.45,14107800.0
2020-10-12,270.2,275.75,275.75,31019300.0
2020-10-13,277.58,276.14,276.14,18063300.0
2020-10-14,277.62,271.82,271.82,15577800.0
2020-10-15,267.6,266.72,266.72,15416100.0
2020-10-16,267.38,265.93,265.93,16622700.0
2020-10-19,265.53,261.4,261.4,13587000.0
2020-10-20,263.06,267.56,267.56,18763200.0
2020-10-21,279.56,278.73,278.73,28998600.0
2020-10-22,279.87,278.12,278.12,16720000.0
2020-10-23,278.8,284.79,284.79,17535200.0
2020-10-26,283.16,277.11,277.11,21322900.0
2020-10-27,278.76,283.29,283.29,16287200.0
2020-10-28,278.79,267.67,267.67,23121800.0
2020-10-29,276.55,280.83,280.83,32368100.0
2020-10-30,274.5,263.11,263.11,47247800.0
2020-11-02,264.6,261.36,261.36,27165700.0
2020-11-03,263.16,265.3,265.3,17961900.0
2020-11-04,281.0,287.38,287.38,35364400.0
2020-11-05,291.9,294.68,294.68,23823600.0
2020-11-06,293.95,293.41,293.41,13891000.0
2020-11-09,289.87,278.77,278.77,25117700.0
2020-11-10,273.1,272.43,272.43,29067700.0
2020-11-11,273.47,276.48,276.48,14957000.0
2020-11-12,277.18,275.08,275.08,12899500.0
2020-11-13,277.72,276.95,276.95,10391200.0
2020-11-16,275.05,278.96,278.96,12970400.0
2020-11-17,277.68,275.0,275.0,15040300.0
2020-11-18,274.52,271.97,271.97,12152900.0
2020-11-19,271.02,272.94,272.94,12963700.0
2020-11-20,272.56,269.7,269.7,18114700.0
2020-11-23,270.89,268.43,268.43,20990800.0
2020-11-24,268.49,276.92,276.92,16930400.0
2020-11-25,278.14,275.59,275.59,12467000.0
2020-11-27,277.39,277.81,277.81,7808400.0
2020-11-30,276.03,276.97,276.97,16693300.0
2020-12-01,279.16,286.55,286.55,20738900.0
2020-12-02,285.36,287.52,287.52,17361600.0
2020-12-03,286.25,281.85,281.85,12921700.0
2020-12-04,280.3,279.7,279.7,10880300.0
2020-12-07,279.19,285.58,285.58,13007700.0
2020-12-08,286.01,283.4,283.4,10747700.0
2020-12-09,283.66,277.92,277.92,25189700.0
2020-12-10,275.54,277.12,277.12,20065100.0
2020-12-11,274.53,273.55,273.55,14391400.0
2020-12-14,273.37,274.19,274.19,16376900.0
2020-12-15,274.83,275.55,275.55,23979500.0
2020-12-16,274.76,275.67,275.67,15885000.0
2020-12-17,277.07,274.48,274.48,16377800.0
2020-12-18,275.77,276.4,276.4,26693200.0
2020-12-21,272.98,272.79,272.79,16553700.0
2020-12-22,271.5,267.09,267.09,17312900.0
2020-12-23,266.89,268.11,268.11,14329000.0
2020-12-24,268.88,267.4,267.4,6702000.0
2020-12-28,268.74,277.0,277.0,23299700.0
2020-12-29,276.95,276.78,276.78,16383000.0
2020-12-30,277.95,271.87,271.87,11803800.0
2020-12-31,272.0,273.16,273.16,12900400.0
2021-01-04,274.78,268.94,268.94,15106100.0
2021-01-05,268.29,270.97,270.97,9871600.0
2021-01-06,262.0,263.31,263.31,24354100.0
2021-01-07,265.9,268.74,268.74,15789800.0
2021-01-08,268.31,267.57,267.57,18528300.0
2021-01-11,260.48,256.84,256.84,30412300.0
2021-01-12,256.63,251.09,251.09,26383500.0
2021-01-13,251.55,251.64,251.64,19528900.0
2021-01-14,253.4,245.64,245.64,29739400.0
2021-01-15,247.9,251.36,251.36,24942900.0
2021-01-19,256.9,261.1,261.1,28028500.0
2021-01-20,268.93,267.48,267.48,25199900.0
2021-01-21,269.26,272.87,272.87,20838700.0
2021-01-22,272.01,274.5,274.5,21954000.0
2021-01-25,278.14,278.01,278.01,19087000.0
2021-01-26,278.14,282.05,282.05,19373600.0
2021-01-27,282.53,272.14,272.14,35346200.0
2021-01-28,277.18,265.0,265.0,37758800.0
2021-01-29,265.3,258.33,258.33,30389500.0
2021-02-01,259.52,262.01,262.01,22914300.0
2021-02-02,264.0,267.08,267.08,17320800.0
2021-02-03,265.62,266.65,266.65,14223400.0
2021-02-04,267.01,266.49,266.49,16060000.0
2021-02-05,266.8,268.1,268.1,12454400.0
2021-02-08,268.75,266.58,266.58,13755200.0
2021-02-09,266.44,269.45,269.45,14613400.0
2021-02-10,272.45,271.87,271.87,14687200.0
2021-02-11,271.89,270.39,270.39,12828600.0
2021-02-12,270.52,270.5,270.5,9097600.0
2021-02-16,270.8,273.97,273.97,15417200.0
2021-02-17,271.24,273.57,273.57,12763200.0
2021-02-18,269.57,269.39,269.39,15249100.0
2021-02-19,269.86,261.56,261.56,25622600.0
2021-02-22,257.95,260.33,260.33,17434900.0
2021-02-23,259.5,265.86,265.86,21924600.0
2021-02-24,262.33,264.31,264.31,15736100.0
2021-02-25,262.3,254.69,254.69,19053100.0
2021-02-26,256.47,257.62,257.62,26619500.0
2021-03-01,260.82,264.91,264.91,22157300.0
2021-03-02,265.78,259.0,259.0,15191700.0
2021-03-03,260.29,255.41,255.41,15513500.0
2021-03-04,256.47,257.64,257.64,31626500.0
2021-03-05,260.67,264.28,264.28,26820100.0
2021-03-08,265.55,255.31,255.31,18391800.0
2021-03-09,261.18,265.74,265.74,22039700.0
2021-03-10,268.64,264.9,264.9,14210300.0
2021-03-11,268.11,273.88,273.88,21834000.0
2021-03-12,269.14,268.4,268.4,20600200.0
2021-03-15,269.08,273.75,273.75,16844800.0
2021-03-16,276.08,279.28,279.28,22437700.0
2021-03-17,275.71,284.01,284.01,21315000.0
2021-03-18,279.87,278.62,278.62,18728300.0
2021-03-19,281.22,290.11,290.11,38930500.0
2021-03-22,290.45,293.54,293.54,28273100.0
2021-03-23,293.15,290.63,290.63,23000900.0
2021-03-24,291.0,282.14,282.14,18675000.0
2021-03-25,280.98,278.74,278.74,24505600.0
2021-03-26,278.3,283.02,283.02,17629200.0
2021-03-29,285.77,290.82,290.82,21718800.0
2021-03-30,289.83,288.0,288.0,17474500.0
2021-03-31,289.99,294.53,294.53,19498200.0
2021-04-01,298.4,298.66,298.66,17616000.0
2021-04-05,300.89,308.91,308.91,28237000.0
2021-04-06,308.84,306.26,306.26,17335200.0
2021-04-07,306.34,313.09,313.09,22855200.0
2021-04-08,314.85,313.02,313.02,20894100.0
2021-04-09,311.4,312.46,312.46,15988600.0
2021-04-12,311.05,311.54,311.54,10881900.0
2021-04-13,312.21,309.76,309.76,14036900.0
2021-04-14,307.3,302.82,302.82,17421400.0
2021-04-15,306.34,307.82,307.82,14558300.0
2021-04-16,308.17,306.18,306.18,13059200.0
2021-04-19,305.01,302.24,302.24,14553500.0
2021-04-20,301.99,302.65,302.65,16796400.0
2021-04-21,301.95,301.47,301.47,14863500.0
2021-04-22,301.33,296.52,296.52,16375400.0
2021-04-23,298.76,301.13,301.13,17536800.0
2021-04-26,303.34,303.04,303.04,16172600.0
2021-04-27,304.28,303.57,303.57,15309300.0
2021-04-28,307.36,307.1,307.1,33907200.0
2021-04-29,330.12,329.51,329.51,56526800.0
2021-04-30,326.14,325.08,325.08,26332400.0
2021-05-03,326.17,322.58,322.58,18719500.0
2021-05-04,320.02,318.36,318.36,24032600.0
2021-05-05,318.19,315.02,315.02,15577600.0
2021-05-06,314.52,320.02,320.02,19012200.0
2021-05-07,322.38,319.08,319.08,15916700.0
2021-05-10,314.35,305.97,305.97,24239200.0
2021-05-11,300.75,306.53,306.53,18920100.0
2021-05-12,301.13,302.55,302.55,24645500.0
2021-05-13,306.08,305.26,305.26,18079200.0
2021-05-14,309.54,315.94,315.94,19245700.0
2021-05-17,313.55,315.46,315.46,15401300.0
2021-05-18,315.59,309.96,309.96,14522400.0
2021-05-19,304.19,313.59,313.59,19106200.0
2021-05-20,313.58,318.61,318.61,17320200.0
2021-05-21,319.29,316.23,316.23,13600900.0
2021-05-24,318.21,324.63,324.63,16445400.0
2021-05-25,327.08,327.79,327.79,16437000.0
2021-05-26,328.35,327.66,327.66,9686900.0
2021-05-27,328.0,332.75,332.75,20477700.0
2021-05-28,331.0,328.73,328.73,12037400.0
2021-06-01,330.15,329.13,329.13,11765900.0
2021-06-02,330.38,329.15,329.15,11654300.0
2021-06-03,325.78,326.04,326.04,12610800.0
2021-06-04,325.9,330.35,330.35,13289400.0
2021-06-07,329.48,336.58,336.58,20136700.0
2021-06-08,336.7,333.68,333.68,14580500.0
2021-06-09,335.74,330.25,330.25,13727900.0
2021-06-10,330.79,332.46,332.46,13240200.0
2021-06-11,332.58,331.26,331.26,13587900.0
2021-06-14,331.9,336.77,336.77,12250800.0
2021-06-15,336.99,336.75,336.75,15795200.0
2021-06-16,336.7,331.08,331.08,17232200.0
2021-06-17,330.49,336.51,336.51,17794100.0
2021-06-18,334.53,329.66,329.66,23039500.0
2021-06-21,331.09,332.29,332.29,11337500.0
2021-06-22,332.69,339.03,339.03,15345300.0
2021-06-23,339.35,340.59,340.59,14817800.0
2021-06-24,341.85,343.18,343.18,12329100.0
2021-06-25,342.59,341.37,341.37,14594400.0
2021-06-28,342.46,355.64,355.64,29156100.0
2021-06-29,356.27,351.89,351.89,21417300.0
2021-06-30,352.17,347.71,347.71,15107500.0
2021-07-01,346.82,354.39,354.39,17137000.0
2021-07-02,355.1,354.7,354.7,11521300.0
2021-07-06,356.5,352.78,352.78,13488500.0
2021-07-07,355.26,350.49,350.49,14218900.0
2021-07-08,345.73,345.65,345.65,14406500.0
2021-07-09,345.32,350.42,350.42,13018700.0
2021-07-12,351.23,353.16,353.16,10018600.0
2021-07-13,351.5,352.09,352.09,11456000.0
2021-07-14,354.56,347.63,347.63,13894200.0
2021-07-15,349.23,344.46,344.46,14781600.0
2021-07-16,344.91,341.16,341.16,11026100.0
2021-07-19,337.57,336.95,336.95,14372300.0
2021-07-20,338.8,341.66,341.66,11024300.0
2021-07-21,341.5,346.23,346.23,9279700.0
2021-07-22,346.68,351.19,351.19,12385400.0
2021-07-23,360.91,369.79,369.79,33694300.0
2021-07-26,369.58,372.46,372.46,14925200.0
2021-07-27,371.91,367.81,367.81,15705400.0
2021-07-28,374.56,373.28,373.28,29676900.0
2021-07-29,361.0,358.32,358.32,33413200.0
2021-07-30,354.0,356.3,356.3,15976200.0
2021-08-02,358.1,351.95,351.95,13180400.0
2021-08-03,352.73,351.24,351.24,12406100.0
2021-08-04,352.42,358.92,358.92,14180600.0
2021-08-05,359.64,362.97,362.97,10247200.0
2021-08-06,361.4,363.51,363.51,8925000.0
2021-08-09,363.76,361.61,361.61,7798900.0
2021-08-10,361.83,361.13,361.13,7469900.0
2021-08-11,362.1,359.96,359.96,8400300.0
2021-08-12,358.45,362.65,362.65,7170700.0
2021-08-13,362.97,363.18,363.18,7195700.0
2021-08-16,362.52,366.56,366.56,11222100.0
2021-08-17,362.98,358.45,358.45,12328700.0
2021-08-18,356.25,355.45,355.45,10042400.0
2021-08-19,351.35,355.12,355.12,12004500.0
2021-08-20,354.6,359.37,359.37,8697700.0
2021-08-23,359.44,363.35,363.35,10942000.0
2021-08-24,363.66,365.51,365.51,9235100.0
2021-08-25,365.6,368.39,368.39,9684500.0
2021-08-26,368.38,364.38,364.38,7888700.0
2021-08-27,365.1,372.63,372.63,11219100.0
2021-08-30,372.56,380.66,380.66,13547300.0
2021-08-31,379.95,379.38,379.38,12345400.0
2021-09-01,379.59,382.05,382.05,11567200.0
2021-09-02,381.5,375.28,375.28,14832900.0
2021-09-03,374.75,376.26,376.26,7509600.0
2021-09-07,375.88,382.18,382.18,10793800.0
2021-09-08,380.16,377.57,377.57,11067200.0
2021-09-09,377.64,378.0,378.0,9098900.0
2021-09-10,381.36,378.69,378.69,11549600.0
2021-09-13,381.68,376.51,376.51,13026300.0
2021-09-14,377.4,376.53,376.53,8711600.0
2021-09-15,377.0,373.92,373.92,17940300.0
2021-09-16,372.79,373.06,373.06,11934200.0
2021-09-17,371.41,364.72,364.72,26299000.0
2021-09-20,359.3,355.7,355.7,19822800.0
2021-09-21,358.5,357.48,357.48,11751900.0
2021-09-22,347.23,343.21,343.21,43692900.0
2021-09-23,345.36,345.96,345.96,21806300.0
2021-09-24,343.24,352.96,352.96,18801900.0
2021-09-27,349.81,353.58,353.58,15205800.0
2021-09-28,347.97,340.65,340.65,21710300.0
2021-09-29,343.15,339.61,339.61,14452200.0
2021-09-30,340.45,339.39,339.39,16547100.0
2021-10-01,341.61,343.01,343.01,14905300.0
2021-10-04,335.53,326.23,326.23,42885000.0
2021-10-05,328.58,332.96,332.96,35377900.0
2021-10-06,329.74,333.64,333.64,26443000.0
2021-10-07,337.0,329.22,329.22,28307500.0
2021-10-08,331.51,330.05,330.05,15946100.0
2021-10-11,327.63,325.45,325.45,14708200.0
2021-10-12,323.03,323.77,323.77,31658700.0
2021-10-13,326.97,324.54,324.54,14761500.0
2021-10-14,328.36,328.53,328.53,14302200.0
2021-10-15,328.68,324.76,324.76,21596400.0
2021-10-18,328.95,335.34,335.34,21585000.0
2021-10-19,339.65,339.99,339.99,18786300.0
2021-10-20,343.45,340.78,340.78,13639500.0
2021-10-21,340.28,341.88,341.88,16354400.0
2021-10-22,326.35,324.61,324.61,35224500.0
2021-10-25,320.3,328.69,328.69,38409000.0
2021-10-26,328.26,315.81,315.81,65654000.0
2021-10-27,314.19,312.22,312.22,29971800.0
2021-10-28,312.99,316.92,316.92,50806800.0
2021-10-29,320.19,323.57,323.57,37059400.0
2021-11-01,326.04,329.98,329.98,31518900.0
2021-11-02,331.38,328.08,328.08,28353000.0
2021-11-03,327.49,331.62,331.62,20786500.0
2021-11-04,334.01,335.85,335.85,22495300.0
2021-11-05,340.31,341.13,341.13,26872800.0
2021-11-08,344.42,338.62,338.62,18342500.0
2021-11-09,340.0,335.37,335.37,17556700.0
2021-11-10,332.49,327.64,327.64,21872600.0
2021-11-11,329.82,327.74,327.74,12376600.0
2021-11-12,330.18,340.89,340.89,25414300.0
2021-11-15,344.34,347.56,347.56,25076600.0
2021-11-16,343.83,342.96,342.96,18181100.0
2021-11-17,344.24,340.77,340.77,13602800.0
2021-11-18,339.72,338.69,338.69,17487200.0
2021-11-19,342.2,345.3,345.3,26488500.0
2021-11-22,349.05,341.01,341.01,27116800.0
2021-11-23,338.93,337.25,337.25,17225000.0
2021-11-24,336.0,341.06,341.06,13566200.0
2021-11-26,335.8,333.12,333.12,14750700.0
2021-11-29,336.89,338.03,338.03,16650900.0
2021-11-30,335.0,324.46,324.46,25390000.0
2021-12-01,330.29,310.6,310.6,30329600.0
2021-12-02,311.4,310.39,310.39,24396200.0
2021-12-03,313.73,306.84,306.84,27471000.0
2021-12-06,308.13,317.87,317.87,21758300.0
2021-12-07,321.57,322.81,322.81,18794000.0
2021-12-08,325.0,330.56,330.56,19937700.0
2021-12-09,329.54,329.82,329.82,16879200.0
2021-12-10,332.56,329.75,329.75,14528000.0
2021-12-13,330.95,334.49,334.49,22948700.0
2021-12-14,328.05,333.74,333.74,20461000.0
2021-12-15,332.49,341.66,341.66,24681300.0
2021-12-16,338.98,334.9,334.9,22635000.0
2021-12-17,332.8,333.79,333.79,40012600.0
2021-12-20,329.78,325.45,325.45,17901800.0
2021-12-21,326.41,334.2,334.2,16116800.0
2021-12-22,333.8,330.45,330.45,16764600.0
2021-12-23,330.1,335.24,335.24,13987700.0
2021-12-27,338.85,346.18,346.18,17795000.0
2021-12-28,346.63,346.22,346.22,16637600.0
2021-12-29,346.91,342.94,342.94,10747000.0
2021-12-30,344.0,344.36,344.36,10593300.0
2021-12-31,343.02,336.35,336.35,12870500.0
2022-01-03,338.3,338.54,338.54,14537900.0
2022-01-04,339.95,336.53,336.53,15998000.0
2022-01-05,333.02,324.17,324.17,20564500.0
2022-01-06,322.82,332.46,332.46,27962800.0
2022-01-07,332.74,331.79,331.79,14722000.0
2022-01-10,325.31,328.07,328.07,24942400.0
2022-01-11,326.78,334.37,334.37,16226800.0
2022-01-12,335.18,333.26,333.26,14104900.0
2022-01-13,334.98,326.48,326.48,14797100.0
2022-01-14,321.79,331.9,331.9,16868500.0
2022-01-18,323.29,318.15,318.15,22645600.0
2022-01-19,319.58,319.59,319.59,20814700.0
2022-01-20,323.9,316.56,316.56,16925000.0
2022-01-21,314.81,303.17,303.17,28710700.0
2022-01-24,297.84,308.71,308.71,38878100.0
2022-01-25,299.95,300.15,300.15,25108500.0
2022-01-26,307.01,294.63,294.63,28348800.0
2022-01-27,297.75,294.64,294.64,21629900.0
2022-01-28,295.62,301.71,301.71,21871600.0
2022-01-31,300.68,313.26,313.26,21579500.0
2022-02-01,314.56,319.0,319.0,18023800.0
2022-02-02,327.82,323.0,323.0,58458300.0
2022-02-03,244.65,237.76,237.76,188119900.0
2022-02-04,234.97,237.09,237.09,89342200.0
2022-02-07,237.7,224.91,224.91,88613800.0
2022-02-08,220.85,220.18,220.18,94729700.0
2022-02-09,224.2,232.0,232.0,86563300.0
2022-02-10,228.27,228.07,228.07,49310400.0
2022-02-11,228.46,219.55,219.55,46156900.0
2022-02-14,219.31,217.7,217.7,38184000.0
2022-02-15,220.47,221.0,221.0,42685500.0
2022-02-16,212.41,216.54,216.54,45817500.0
2022-02-17,214.02,207.71,207.71,38747500.0
2022-02-18,209.39,206.16,206.16,37128400.0
2022-02-22,202.34,202.08,202.08,39852400.0
2022-02-23,204.16,198.45,198.45,44481400.0
2022-02-24,191.06,207.6,207.6,49957200.0
2022-02-25,204.94,210.48,210.48,37627600.0
2022-02-28,207.68,211.03,211.03,34239800.0
2022-03-01,209.87,203.49,203.49,27094900.0
2022-03-02,204.78,208.11,208.11,29452100.0
2022-03-03,209.02,202.97,202.97,27263500.0
2022-03-04,202.37,200.06,200.06,32130900.0
2022-03-07,200.79,187.47,187.47,38560600.0
2022-03-08,187.85,190.29,190.29,37508100.0
2022-03-09,195.74,198.5,198.5,31894700.0
2022-03-10,194.84,195.21,195.21,24853000.0
2022-03-11,192.64,187.61,187.61,34694500.0
2022-03-14,187.03,186.63,186.63,31010500.0
2022-03-15,190.8,192.03,192.03,31721700.0
2022-03-16,194.7,203.63,203.63,40640300.0
2022-03-17,201.7,207.84,207.84,29499700.0
2022-03-18,206.7,216.49,216.49,52128000.0
2022-03-21,214.5,211.49,211.49,30142300.0
2022-03-22,211.37,216.65,216.65,31998800.0
2022-03-23,213.33,213.46,213.46,23717300.0
2022-03-24,215.0,219.57,219.57,31502300.0
2022-03-25,220.51,221.82,221.82,40039000.0
2022-03-28,222.13,223.59,223.59,26224100.0
2022-03-29,226.07,229.86,229.86,31417900.0
2022-03-30,228.91,227.85,227.85,25588000.0
2022-03-31,228.45,222.36,222.36,24192300.0
2022-04-01,224.55,224.85,224.85,19544800.0
2022-04-04,225.98,233.89,233.89,28054800.0
2022-04-05,234.08,231.84,231.84,29727200.0
2022-04-06,226.91,223.3,223.3,28995100.0
2022-04-07,223.93,222.95,222.95,21037200.0
2022-04-08,222.38,222.33,222.33,18375700.0
2022-04-11,218.42,216.46,216.46,20516600.0
2022-04-12,220.24,214.14,214.14,20128800.0
2022-04-13,211.82,214.99,214.99,19231800.0
2022-04-14,214.89,210.18,210.18,18379500.0
2022-04-18,210.0,210.77,210.77,16580800.0
2022-04-19,210.52,217.31,217.31,20089900.0
2022-04-20,213.61,200.42,200.42,43036500.0
2022-04-21,201.6,188.07,188.07,49954100.0
2022-04-22,190.37,184.11,184.11,36426800.0
2022-04-25,182.73,186.99,186.99,29281100.0
2022-04-26,186.63,180.95,180.95,31747400.0
2022-04-27,174.43,174.95,174.95,71062900.0
2022-04-28,202.92,205.73,205.73,100890600.0
2022-04-29,204.46,200.47,200.47,49193400.0
2022-05-02,201.17,211.13,211.13,49915300.0
2022-05-03,210.45,212.03,212.03,41556300.0
2022-05-04,210.65,223.41,223.41,41375900.0
2022-05-05,218.74,208.28,208.28,41129200.0
2022-05-06,207.34,203.77,203.77,34747200.0
2022-05-09,199.84,196.21,196.21,36303200.0
2022-05-10,199.51,197.65,197.65,34452500.0
2022-05-11,196.33,188.74,188.74,31153400.0
2022-05-12,187.06,191.24,191.24,38262200.0
2022-05-13,192.58,198.62,198.62,24549800.0
2022-05-16,197.05,200.04,200.04,27112600.0
2022-05-17,202.12,202.62,202.62,24872700.0
2022-05-18,200.0,192.24,192.24,23960000.0
2022-05-19,191.2,191.29,191.29,24446900.0
2022-05-20,194.97,193.54,193.54,31465600.0
2022-05-23,195.19,196.23,196.23,25059200.0
2022-05-24,180.55,181.28,181.28,50406300.0
2022-05-25,180.4,183.83,183.83,28030200.0
2022-05-26,182.88,191.63,191.63,23056500.0
2022-05-27,191.36,195.13,195.13,22562700.0
2022-05-31,194.89,193.64,193.64,26131100.0
2022-06-01,196.51,188.64,188.64,36623500.0
2022-06-02,188.45,198.86,198.86,31951600.0
2022-06-03,195.98,190.78,190.78,19465000.0
2022-06-06,193.99,194.25,194.25,30574200.0
2022-06-07,191.93,195.65,195.65,18828700.0
2022-06-08,194.67,196.64,196.64,22267200.0
2022-06-09,194.28,184.0,184.0,23501600.0
2022-06-10,183.04,175.57,175.57,27450800.0
2022-06-13,170.59,164.26,164.26,31749300.0
2022-06-14,166.03,163.73,163.73,27244300.0
2022-06-15,167.2,169.35,169.35,30008300.0
2022-06-16,163.72,160.87,160.87,26944100.0
2022-06-17,161.68,163.74,163.74,31374200.0
2022-06-21,165.93,157.05,157.05,50724900.0
2022-06-22,158.38,155.85,155.85,47267800.0
2022-06-23,156.27,158.75,158.75,40499200.0
2022-06-24,161.73,170.16,170.16,68736000.0
2022-06-27,171.32,169.49,169.49,29174600.0
2022-06-28,169.9,160.68,160.68,27744500.0
2022-06-29,163.57,163.94,163.94,28595200.0
2022-06-30,162.15,161.25,161.25,35250600.0
2022-07-01,160.31,160.03,160.03,31423900.0
2022-07-05,158.14,168.19,168.19,28618600.0
2022-07-06,168.2,169.77,169.77,23085900.0
2022-07-07,169.45,172.19,172.19,24083400.0
2022-07-08,169.98,170.88,170.88,19249200.0
2022-07-11,167.07,162.88,162.88,21885600.0
2022-07-12,164.8,163.27,163.27,16639700.0
2022-07-13,160.16,163.49,163.49,16555100.0
2022-07-14,161.22,158.05,158.05,23765200.0
2022-07-15,160.54,164.7,164.7,23342800.0
2022-07-18,166.75,167.23,167.23,23574300.0
2022-07-19,170.37,175.78,175.78,25933700.0
2022-07-20,177.49,183.09,183.09,24784300.0
2022-07-21,180.63,183.17,183.17,27195800.0
2022-07-22,173.07,169.27,169.27,42583900.0
2022-07-25,169.0,166.65,166.65,26166300.0
2022-07-26,165.94,159.15,159.15,28468400.0
2022-07-27,162.59,169.58,169.58,43846600.0
2022-07-28,161.06,160.72,160.72,73214300.0
2022-07-29,157.69,159.1,159.1,42065400.0
2022-08-01,157.25,159.93,159.93,40596700.0
2022-08-02,158.31,160.19,160.19,27374500.0
2022-08-03,162.69,168.8,168.8,31721900.0
2022-08-04,168.3,170.57,170.57,23938200.0
2022-08-05,166.99,167.11,167.11,25832700.0
2022-08-08,168.0,170.25,170.25,27299100.0
2022-08-09,168.95,168.53,168.53,18655100.0
2022-08-10,175.99,178.34,178.34,30262100.0
2022-08-11,179.71,177.49,177.49,24079100.0
2022-08-12,180.81,180.5,180.5,21274000.0
2022-08-15,178.96,180.89,180.89,15878700.0
2022-08-16,179.44,179.47,179.47,21156700.0
2022-08-17,176.76,174.85,174.85,20118100.0
2022-08-18,174.34,174.66,174.66,18844500.0
2022-08-19,170.2,167.96,167.96,26240800.0
2022-08-22,165.49,163.05,163.05,19499700.0
2022-08-23,162.48,161.11,161.11,18111800.0
2022-08-24,160.6,163.26,163.26,20891500.0
2022-08-25,165.18,168.78,168.78,15550500.0
2022-08-26,168.48,161.78,161.78,24023600.0
2022-08-29,160.66,159.17,159.17,20052700.0
2022-08-30,160.35,157.16,157.16,19567900.0
2022-08-31,167.07,162.93,162.93,40953000.0
2022-09-01,163.58,165.36,165.36,30145700.0
2022-09-02,167.45,160.32,160.32,22634200.0
2022-09-06,160.1,158.54,158.54,19339800.0
2022-09-07,157.76,160.39,160.39,16831200.0
2022-09-08,158.71,162.06,162.06,22530800.0
2022-09-09,163.25,169.15,169.15,22086800.0
2022-09-12,167.39,168.96,168.96,23220400.0
2022-09-13,161.54,153.13,153.13,44444100.0
2022-09-14,153.33,151.47,151.47,43064200.0
2022-09-15,149.8,149.55,149.55,34606300.0
2022-09-16,148.05,146.29,146.29,40122800.0
2022-09-19,145.24,148.02,148.02,22169500.0
2022-09-20,145.78,146.09,146.09,23217400.0
2022-09-21,146.39,142.12,142.12,38338600.0
2022-09-22,141.55,142.82,142.82,34418500.0
2022-09-23,141.42,140.41,140.41,31710700.0
2022-09-26,140.12,136.37,136.37,30497000.0
2022-09-27,137.92,134.4,134.4,30826500.0
2022-09-28,134.62,141.61,141.61,32658500.0
2022-09-29,139.36,136.41,136.41,38985400.0
2022-09-30,136.05,135.68,135.68,33166400.0
2022-10-03,137.14,138.61,138.61,27723100.0
2022-10-04,140.49,140.28,140.28,34670700.0
2022-10-05,138.24,138.98,138.98,27979300.0
2022-10-06,137.72,139.07,139.07,36231100.0
2022-10-07,136.76,133.45,133.45,33214800.0
2022-10-10,133.55,133.79,133.79,24024000.0
2022-10-11,131.62,128.54,128.54,38481400.0
2022-10-12,128.32,127.5,127.5,34605200.0
2022-10-13,123.53,130.29,130.29,34325700.0
2022-10-14,131.0,126.76,126.76,23559400.0
2022-10-17,130.3,134.04,134.04,29612200.0
2022-10-18,137.09,132.8,132.8,25445000.0
2022-10-19,132.89,133.23,133.23,30691000.0
2022-10-20,132.93,131.53,131.53,26356300.0
2022-10-21,126.31,130.01,130.01,46348600.0
2022-10-24,127.25,129.72,129.72,63563400.0
2022-10-25,130.88,137.51,137.51,38433200.0
2022-10-26,131.68,129.82,129.82,82791500.0
2022-10-27,97.98,97.94,97.94,232316600.0
2022-10-28,99.58,99.2,99.2,95928300.0
2022-10-31,98.22,93.16,93.16,121361400.0
2022-11-01,94.33,95.2,95.2,110189600.0
2022-11-02,94.21,90.54,90.54,71821100.0
2022-11-03,90.08,88.91,88.91,60664000.0
2022-11-04,90.35,90.79,90.79,55638100.0
2022-11-07,94.78,96.72,96.72,81987300.0
2022-11-08,95.92,96.47,96.47,52088300.0
2022-11-09,101.72,101.47,101.47,107677300.0
2022-11-10,107.12,111.87,111.87,80671000.0
2022-11-11,109.23,113.02,113.02,59961700.0
2022-11-14,110.99,114.22,114.22,53395000.0
2022-11-15,116.07,117.08,117.08,50670500.0
2022-11-16,114.5,113.23,113.23,33287800.0
2022-11-17,110.41,111.45,111.45,35093800.0
2022-11-18,113.8,112.05,112.05,33357700.0
2022-11-21,111.52,109.86,109.86,24351100.0
2022-11-22,109.86,111.44,111.44,29029000.0
2022-11-23,111.72,112.24,112.24,21343100.0
2022-11-25,111.3,111.41,111.41,12007600.0
2022-11-28,110.78,108.78,108.78,23309400.0
2022-11-29,109.54,109.46,109.46,23899200.0
2022-11-30,109.51,118.1,118.1,43348600.0
2022-12-01,119.2,120.44,120.44,36551400.0
2022-12-02,117.83,123.49,123.49,39950500.0
2022-12-05,121.75,122.43,122.43,35474900.0
2022-12-06,119.91,114.12,114.12,43689200.0
2022-12-07,113.76,113.93,113.93,29461100.0
2022-12-08,116.39,115.33,115.33,30619400.0
2022-12-09,115.3,115.9,115.9,26033400.0
2022-12-12,115.18,114.71,114.71,24747100.0
2022-12-13,122.13,120.15,120.15,44701100.0
2022-12-14,119.39,121.59,121.59,36922000.0
2022-12-15,118.33,116.15,116.15,34531000.0
2022-12-16,120.23,119.43,119.43,67064000.0
2022-12-19,116.83,114.48,114.48,29769900.0
2022-12-20,113.26,117.09,117.09,28742500.0
2022-12-21,116.7,119.76,119.76,20392800.0
2022-12-22,117.2,117.12,117.12,23618100.0
2022-12-23,116.03,118.04,118.04,17796600.0
2022-12-27,117.93,116.88,116.88,21392300.0
2022-12-28,116.25,115.62,115.62,19612500.0
2022-12-29,116.4,120.26,120.26,22366200.0
2022-12-30,118.16,120.34,120.34,19583800.0
2023-01-03,122.82,124.74,124.74,35528500.0
2023-01-04,127.38,127.37,127.37,32397100.0
2023-01-05,126.13,126.94,126.94,25447100.0
2023-01-06,128.97,130.02,130.02,27584500.0
2023-01-09,131.16,129.47,129.47,26649100.0
2023-01-10,127.27,132.99,132.99,28684400.0
2023-01-11,130.96,132.89,132.89,25423000.0
2023-01-12,133.44,136.71,136.71,30757700.0
2023-01-13,134.97,136.98,136.98,22423800.0
2023-01-17,136.18,135.36,135.36,21147600.0
2023-01-18,135.81,133.02,133.02,20215500.0
2023-01-19,132.49,136.15,136.15,28625200.0
2023-01-20,135.89,139.37,139.37,28688600.0
2023-01-23,139.29,143.27,143.27,27470100.0
2023-01-24,141.69,143.14,143.14,21970200.0
2023-01-25,141.22,141.5,141.5,26622000.0
2023-01-26,144.4,147.3,147.3,25482100.0
2023-01-27,148.24,151.74,151.74,35771900.0
2023-01-30,149.41,147.06,147.06,28040100.0
2023-01-31,147.95,148.97,148.97,29842100.0
2023-02-01,148.03,153.12,153.12,55661000.0
2023-02-02,183.38,188.77,188.77,150475700.0
2023-02-03,183.47,186.53,186.53,76809700.0
2023-02-06,186.53,186.06,186.06,42483800.0
2023-02-07,185.58,191.62,191.62,47080700.0
2023-02-08,190.0,183.43,183.43,36139100.0
2023-02-09,186.13,177.92,177.92,37118800.0
2023-02-10,176.35,174.15,174.15,33433600.0
2023-02-13,178.22,179.43,179.43,31463200.0
2023-02-14,177.16,179.48,179.48,24034600.0
2023-02-15,176.42,177.16,177.16,25308900.0
2023-02-16,172.75,172.44,172.44,25827500.0
2023-02-17,170.22,172.88,172.88,24171300.0
2023-02-21,174.31,172.08,172.08,34592600.0
2023-02-22,171.07,171.12,171.12,22433200.0
2023-02-23,172.0,172.04,172.04,20017800.0
2023-02-24,168.64,170.39,170.39,19791300.0
2023-02-27,171.88,169.54,169.54,19277000.0
2023-02-28,171.9,174.94,174.94,46051100.0
2023-03-01,174.59,173.42,173.42,30998400.0
2023-03-02,172.38,174.53,174.53,17352000.0
2023-03-03,178.92,185.25,185.25,45877700.0
2023-03-06,188.0,184.9,184.9,33209400.0
2023-03-07,189.0,184.51,184.51,36701500.0
2023-03-08,182.87,184.97,184.97,19432400.0
2023-03-09,186.35,181.69,181.69,26582800.0
2023-03-10,181.01,179.51,179.51,25665000.0
2023-03-13,177.96,180.9,180.9,24728000.0
2023-03-14,187.58,194.02,194.02,41642600.0
2023-03-15,192.95,197.75,197.75,42123600.0
2023-03-16,198.26,204.93,204.93,50447100.0
2023-03-17,200.56,195.61,195.61,50141100.0
2023-03-20,198.48,197.81,197.81,25186300.0
2023-03-21,203.2,202.16,202.16,31827000.0
2023-03-22,202.5,199.81,199.81,28477800.0
2023-03-23,202.84,204.28,204.28,27389700.0
2023-03-24,205.18,206.01,206.01,27716400.0
2023-03-27,204.81,202.84,202.84,18527200.0
2023-03-28,200.15,200.68,200.68,19127300.0
2023-03-29,203.56,205.35,205.35,18851100.0
2023-03-30,203.38,207.84,207.84,22608300.0
2023-03-31,207.24,211.94,211.94,25440300.0
2023-04-03,208.84,213.07,213.07,17924600.0
2023-04-04,213.39,214.72,214.72,21026400.0
2023-04-05,214.15,211.48,211.48,19396600.0
2023-04-06,209.25,216.1,216.1,26104400.0
2023-04-10,214.71,214.75,214.75,16106100.0
2023-04-11,215.48,213.85,213.85,16710100.0
2023-04-12,214.84,214.0,214.0,18972200.0
2023-04-13,215.73,220.35,220.35,23310400.0
2023-04-14,217.88,221.49,221.49,21591200.0
2023-04-17,219.79,218.86,218.86,15481900.0
2023-04-18,219.91,217.89,217.89,12281000.0
2023-04-19,213.47,215.7,215.7,15898100.0
2023-04-20,213.48,213.07,213.07,16475400.0
2023-04-21,210.21,212.89,212.89,17717200.0
2023-04-24,213.68,212.79,212.79,15750900.0
2023-04-25,210.82,207.55,207.55,19198200.0
2023-04-26,212.5,209.4,209.4,41992700.0
2023-04-27,239.89,238.56,238.56,71196500.0
2023-04-28,239.01,240.32,240.32,39554000.0
2023-05-01,238.62,243.18,243.18,29143900.0
2023-05-02,243.18,239.24,239.24,24350100.0
2023-05-03,239.47,237.03,237.03,34463900.0
2023-05-04,236.06,233.52,233.52,17889400.0
2023-05-05,232.24,232.78,232.78,26978900.0
2023-05-08,231.42,233.27,233.27,16400500.0
2023-05-09,231.46,233.37,233.37,16865600.0
2023-05-10,236.17,233.08,233.08,19119000.0
2023-05-11,233.05,235.79,235.79,20449000.0
2023-05-12,236.74,233.81,233.81,16155300.0
2023-05-15,236.92,238.86,238.86,20653200.0
2023-05-16,235.79,238.82,238.82,18163800.0
2023-05-17,238.45,242.49,242.49,21193100.0
2023-05-18,241.3,246.85,246.85,22943300.0
2023-05-19,247.47,245.64,245.64,21599800.0
2023-05-22,245.41,248.32,248.32,27738500.0
2023-05-23,246.81,246.74,246.74,17748100.0
2023-05-24,245.28,249.21,249.21,17724300.0
2023-05-25,253.4,252.69,252.69,22371400.0
2023-05-26,252.93,262.04,262.04,25727200.0
2023-05-30,265.25,262.52,262.52,23816500.0
2023-05-31,260.0,264.72,264.72,25473700.0
2023-06-01,265.9,272.61,272.61,25609500.0
2023-06-02,272.66,272.61,272.61,19405300.0
2023-06-05,270.3,271.39,271.39,20742900.0
2023-06-06,270.14,271.12,271.12,19419000.0
2023-06-07,271.67,263.6,263.6,26163600.0
2023-06-08,260.62,264.58,264.58,20899400.0
2023-06-09,262.48,264.95,264.95,16938500.0
2023-06-12,267.17,271.05,271.05,15442500.0
2023-06-13,274.88,271.32,271.32,16164000.0
2023-06-14,271.89,273.35,273.35,19175100.0
2023-06-15,272.3,281.83,281.83,25973500.0
2023-06-16,284.75,281.0,281.0,43102500.0
2023-06-20,278.73,284.33,284.33,20701600.0
2023-06-21,283.53,281.64,281.64,20556200.0
2023-06-22,279.08,284.88,284.88,17563100.0
2023-06-23,281.51,288.73,288.73,50988400.0
2023-06-26,288.7,278.47,278.47,24232700.0
2023-06-27,282.01,287.05,287.05,26108300.0
2023-06-28,284.82,285.29,285.29,16722100.0
2023-06-29,284.5,281.53,281.53,15395700.0
2023-06-30,284.76,286.98,286.98,19676000.0
2023-07-03,286.7,286.02,286.02,8629300.0
2023-07-05,287.65,294.37,294.37,33865500.0
2023-07-06,295.89,291.99,291.99,47600500.0
2023-07-07,292.18,290.53,290.53,25546200.0
2023-07-10,295.55,294.1,294.1,37058300.0
2023-07-11,293.9,298.29,298.29,27585900.0
2023-07-12,301.75,309.34,309.34,36677100.0
2023-07-13,313.62,313.41,313.41,30281000.0
2023-07-14,311.79,308.87,308.87,22576000.0
2023-07-17,307.54,310.62,310.62,25323100.0
2023-07-18,310.88,312.05,312.05,20764600.0
2023-07-19,313.03,316.01,316.01,21763700.0
2023-07-20,313.5,302.52,302.52,23836900.0
2023-07-21,304.57,294.26,294.26,42089700.0
2023-07-24,295.78,291.61,291.61,24915700.0
2023-07-25,295.19,294.47,294.47,19585600.0
2023-07-26,301.19,298.57,298.57,47256900.0
2023-07-27,325.12,311.71,311.71,64229200.0
2023-07-28,316.88,325.48,325.48,39220300.0
2023-07-31,323.69,318.6,318.6,25799600.0
2023-08-01,317.54,322.71,322.71,22817900.0
2023-08-02,318.0,314.31,314.31,20461100.0
2023-08-03,309.93,313.19,313.19,15180200.0
2023-08-04,314.96,310.73,310.73,17600200.0
2023-08-07,313.23,316.56,316.56,16236500.0
2023-08-08,314.4,312.64,312.64,15183500.0
2023-08-09,312.88,305.21,305.21,19955800.0
2023-08-10,307.94,305.74,305.74,14358900.0
2023-08-11,302.57,301.64,301.64,13967800.0
2023-08-14,300.98,306.19,306.19,15641900.0
2023-08-15,306.14,301.95,301.95,11623600.0
2023-08-16,300.2,294.29,294.29,18547700.0
2023-08-17,293.05,285.09,285.09,23950100.0
2023-08-18,279.03,283.25,283.25,34061200.0
2023-08-21,283.45,289.9,289.9,20181500.0
2023-08-22,292.55,287.6,287.6,12999900.0
2023-08-23,288.5,294.24,294.24,18287000.0
2023-08-24,298.5,286.75,286.75,18360900.0
2023-08-25,286.13,285.5,285.5,23701400.0
2023-08-28,288.0,290.26,290.26,14239300.0
2023-08-29,288.58,297.99,297.99,20844500.0
2023-08-30,297.17,295.1,295.1,17717000.0
2023-08-31,295.8,295.89,295.89,17229900.0
2023-09-01,299.37,296.38,296.38,12819800.0
2023-09-05,297.02,300.15,300.15,14956000.0
2023-09-06,301.71,299.17,299.17,15418100.0
2023-09-07,298.0,298.67,298.67,33748700.0
2023-09-08,299.22,297.89,297.89,17548000.0
2023-09-11,301.41,307.56,307.56,19489300.0
2023-09-12,306.33,301.66,301.66,13480400.0
2023-09-13,302.36,305.06,305.06,13210900.0
2023-09-14,306.74,311.72,311.72,19343100.0
2023-09-15,311.61,300.31,300.31,28106400.0
2023-09-18,298.19,302.55,302.55,14234200.0
2023-09-19,302.48,305.07,305.07,15924400.0
2023-09-20,305.05,299.67,299.67,19379500.0
2023-09-21,295.7,295.73,295.73,21300500.0
2023-09-22,299.3,299.08,299.08,25369600.0
2023-09-25,295.64,300.83,300.83,18987000.0
2023-09-26,297.66,298.96,298.96,19417200.0
2023-09-27,300.45,297.74,297.74,36429800.0
2023-09-28,298.94,303.96,303.96,22167100.0
2023-09-29,307.38,300.21,300.21,25356600.0
2023-10-02,302.74,306.82,306.82,16265600.0
2023-10-03,304.26,300.94,300.94,17362300.0
2023-10-04,298.73,305.58,305.58,16880500.0
2023-10-05,304.63,304.79,304.79,19130000.0
2023-10-06,301.44,315.43,315.43,21784000.0
2023-10-09,312.5,318.36,318.36,22503700.0
2023-10-10,319.12,321.84,321.84,19038000.0
2023-10-11,323.01,327.82,327.82,22036300.0
2023-10-12,328.0,324.16,324.16,20530500.0
2023-10-13,323.53,314.69,314.69,21341000.0
2023-10-16,318.64,321.15,321.15,16536100.0
2023-10-17,318.18,324.0,324.0,16387800.0
2023-10-18,321.39,316.97,316.97,16851000.0
2023-10-19,319.88,312.81,312.81,18709200.0
2023-10-20,314.14,308.65,308.65,22287400.0
2023-10-23,309.5,314.01,314.01,17796800.0
2023-10-24,316.78,312.55,312.55,19525500.0
2023-10-25,310.0,299.53,299.53,42192500.0
2023-10-26,295.0,288.35,288.35,66684100.0
2023-10-27,294.48,296.73,296.73,29596300.0
2023-10-30,299.09,302.66,302.66,28435100.0
2023-10-31,303.31,301.27,301.27,19434200.0
2023-11-01,301.85,311.85,311.85,20434600.0
2023-11-02,317.3,310.87,310.87,21631800.0
2023-11-03,312.55,314.6,314.6,16754100.0
2023-11-06,315.98,315.8,315.8,12887700.0
2023-11-07,317.06,318.82,318.82,14055600.0
2023-11-08,318.14,319.78,319.78,13609700.0
2023-11-09,319.42,320.55,320.55,16103100.0
2023-11-10,319.94,328.77,328.77,19096200.0
2023-11-13,326.2,329.19,329.19,16908900.0
2023-11-14,334.54,336.31,336.31,17179400.0
2023-11-15,337.93,332.71,332.71,14531200.0
2023-11-16,329.37,334.19,334.19,18932600.0
2023-11-17,330.26,335.04,335.04,14494400.0
2023-11-20,334.89,339.97,339.97,16960500.0
2023-11-21,338.33,336.98,336.98,12027900.0
2023-11-22,339.21,341.49,341.49,10702700.0
2023-11-24,340.13,338.23,338.23,5467500.0
2023-11-27,336.18,334.7,334.7,15684500.0
2023-11-28,333.4,338.99,338.99,12637200.0
2023-11-29,339.69,332.2,332.2,16024500.0
2023-11-30,331.89,327.15,327.15,23146400.0
2023-12-01,325.48,324.82,324.82,15264700.0
2023-12-04,317.29,320.02,320.02,19037100.0
2023-12-05,318.98,318.29,318.29,16952100.0
2023-12-06,321.93,317.45,317.45,11294300.0
2023-12-07,317.77,326.59,326.59,15905100.0
2023-12-08,323.09,332.75,332.75,14077500.0
2023-12-11,329.4,325.28,325.28,25802500.0
2023-12-12,324.6,334.22,334.22,18485500.0
2023-12-13,333.93,334.74,334.74,16289100.0
2023-12-14,333.85,333.17,333.17,19607300.0
2023-12-15,331.99,334.92,334.92,30001600.0
2023-12-18,337.48,344.62,344.62,18993900.0
2023-12-19,345.58,350.36,350.36,17716800.0
2023-12-20,348.65,351.73,351.73,7562888.0
2023-12-21,352.98,354.09,354.09,15269500.0
2023-12-22,355.58,353.39,353.39,11464701.0
2023-12-26,354.99,353.88,353.88,5890053.0
2023-12-27,356.07,357.83,357.83,13198700.0
2023-12-28,359.7,359.82,359.82,8567792.0
2023-12-29,358.99,355.69,355.69,3371362.0
2024-01-02,351.32,346.29,346.29,19021900.0
2024-01-03,344.98,344.47,344.47,14280591.0
2024-01-04,344.5,347.12,347.12,11661542.0
2024-01-05,346.99,351.95,351.95,13920700.0
2024-01-08,354.7,358.66,358.66,13890200.0
2024-01-09,356.4,357.43,357.43,13463900.0
2024-01-10,360.17,370.47,370.47,22117200.0
2024-01-11,372.13,369.67,369.67,17185200.0
2024-01-12,370.16,374.49,374.49,19295700.0
2024-01-16,373.65,367.46,367.46,15204375.0
2024-01-17,366.3,368.37,368.37,12714100.0
2024-01-18,371.49,376.13,376.13,16322300.0
2024-01-19,379.0,380.91,380.91,9115627.0
2024-01-22,387.95,381.78,381.78,17668900.0
2024-01-23,384.61,386.29,386.29,2836549.0
2024-01-24,384.61,391.6,391.6,2208946.0
2024-01-25,390.17,393.18,393.18,14934100.0
2024-01-26,394.35,394.14,394.14,13163700.0
2024-01-29,394.98,398.7,398.7,5698262.0
2024-01-30,403.59,400.06,400.06,18492400.0
2024-01-31,389.0,397.22,397.22,8287257.0
2024-02-01,393.94,396.36,396.36,7380283.0
2024-02-02,459.6,475.84,475.84,43678332.0
2024-02-05,469.88,459.41,459.41,40769700.0
2024-02-06,464.0,454.72,454.72,21617400.0
2024-02-07,458.0,469.59,469.59,23039500.0
2024-02-08,468.32,470.13,470.13,6941085.0
2024-02-09,472.95,469.94,469.94,8352193.0
2024-02-12,468.19,468.9,468.9,19382000.0
2024-02-13,456.87,460.12,460.12,18985182.0
2024-02-14,467.93,473.28,473.28,16837900.0
2024-02-15,467.93,485.81,485.81,13340891.0
2024-02-16,475.28,473.41,473.41,8954122.0
2024-02-20,469.72,471.75,471.75,17935300.0
2024-02-21,466.5,468.03,468.03,12921800.0
2024-02-22,480.24,486.13,486.13,21594700.0
2024-02-23,488.05,484.03,484.03,17861100.0
2024-02-26,483.47,481.74,481.74,11727200.0
2024-02-27,479.98,487.05,487.05,10798500.0
2024-02-28,485.0,484.02,484.02,11589757.0
2024-02-29,488.44,490.13,490.13,17710800.0
2024-03-01,492.11,502.3,502.3,16273600.0
2024-03-04,492.11,496.92,496.92,952742.0
2024-03-05,495.0,490.22,490.22,15301600.0
2024-03-06,497.63,496.09,496.09,11737800.0
2024-03-07,503.28,512.19,512.19,18555000.0
2024-03-08,514.19,505.95,505.95,18575200.0
2024-03-11,497.01,484.38,484.38,11732757.0
2024-03-12,493.26,499.75,499.75,15420600.0
2024-03-13,495.39,495.57,495.57,12059500.0
2024-03-14,500.26,497.71,497.71,2897650.0
2024-03-15,489.01,484.1,484.1,29141700.0
2024-03-18,492.2,490.55,490.55,2557663.0
2024-03-19,488.43,486.47,486.47,3284883.0
2024-03-20,499.5,505.52,505.52,11672300.0
2024-03-21,514.71,507.76,507.76,9699000.0
2024-03-22,507.0,509.58,509.58,8117000.0
2024-03-25,505.79,503.02,503.02,8367900.0
2024-03-26,505.13,495.89,495.89,11179500.0
2024-03-27,499.33,493.86,493.86,9918885.0
2024-03-28,492.84,485.58,485.58,15191200.0
2024-04-01,487.2,491.35,491.35,9236300.0
2024-04-02,485.1,497.37,497.37,11053500.0
2024-04-03,498.93,506.74,506.74,12047100.0
2024-04-04,516.51,510.92,510.92,26234818.0
2024-04-05,516.86,527.34,527.34,19242000.0
2024-04-08,529.29,526.65,526.65,1738645.0
2024-04-09,522.0,518.13,518.13,2271622.0
2024-04-10,509.4,519.46,519.46,5462927.0
2024-04-11,521.11,523.16,523.16,10325700.0
2024-04-12,517.75,511.9,511.9,11944900.0
2024-04-15,516.87,508.78,508.78,4378639.0
2024-04-16,498.8,503.66,503.66,1729969.0
2024-04-17,503.1,494.17,494.17,12174600.0
2024-04-18,499.82,501.8,501.8,14783700.0
2024-04-19,502.26,490.77,490.77,4582628.0
2024-04-22,489.65,479.61,479.61,9665452.0
2024-04-23,491.25,497.08,497.08,10748749.0
2024-04-24,508.35,493.5,493.5,27439253.0
2024-04-25,421.4,439.7,439.7,60495030.0
2024-04-26,441.46,443.29,443.29,31925900.0
2024-04-29,439.5,436.18,436.18,6052671.0
2024-04-30,431.03,436.52,436.52,7694389.0
2024-05-01,428.6,439.19,439.19,20344900.0
2024-05-02,438.84,441.68,441.68,15221300.0
2024-05-03,445.93,451.96,451.96,16276597.0
2024-05-06,455.58,465.68,465.68,15069800.0
2024-05-07,466.29,468.24,468.24,13406800.0
2024-05-08,463.5,472.6,472.6,11663500.0
2024-05-09,470.0,468.54,468.54,1360856.0
2024-05-10,477.09,476.2,476.2,10733800.0
2024-05-13,472.75,468.01,468.01,14623000.0
2024-05-14,463.37,471.85,471.85,10468700.0
2024-05-15,474.98,481.54,481.54,13100500.0
2024-05-16,475.0,473.23,473.23,16608200.0
2024-05-17,470.83,471.91,471.91,9979600.0
2024-05-20,469.95,469.84,469.84,2510964.0
2024-05-21,467.12,467.52,467.52,1529771.0
2024-05-22,467.9,467.78,467.78,9770215.0
2024-05-23,472.7,472.99,472.99,765730.0
2024-05-24,467.62,478.22,478.22,12012300.0
2024-05-28,476.58,479.92,479.92,10165900.0
2024-05-29,474.66,475.8,475.8,575686.0
2024-05-30,471.7,467.29,467.29,1053542.0
2024-05-31,465.8,466.83,466.83,16645191.0
2024-06-03,470.86,477.49,477.49,11267100.0
2024-06-04,477.0,475.26,475.26,785694.0
2024-06-05,484.45,495.06,495.06,15690500.0
2024-06-06,492.98,493.76,493.76,10630900.0
2024-06-07,495.0,496.92,496.92,4178112.0
2024-06-10,493.86,502.6,502.6,11220900.0
2024-06-11,500.16,507.47,507.47,8564252.0
2024-06-12,513.99,508.84,508.84,11330900.0
2024-06-13,505.15,505.18,505.18,1775265.0
2024-06-14,502.65,504.16,504.16,9985200.0
2024-06-17,501.67,506.63,506.63,11266600.0
2024-06-18,504.56,499.49,499.49,13044300.0
2024-06-20,502.0,501.7,501.7,11801200.0
2024-06-21,503.45,494.78,494.78,22359200.0
2024-06-24,499.2,498.91,498.91,13411000.0
2024-06-25,497.05,502.88,502.88,1014701.0
2024-06-26,506.65,513.12,513.12,8882300.0
2024-06-27,514.25,519.56,519.56,10095600.0
2024-06-28,517.15,504.22,504.22,15826700.0
2024-07-01,504.95,504.68,504.68,10328200.0
2024-07-02,500.76,509.5,509.5,7729100.0
2024-07-03,506.37,509.96,509.96,6005600.0
2024-07-05,511.6,539.91,539.91,21319500.0
2024-07-08,542.35,529.66,529.66,9670542.0
2024-07-09,533.75,530.0,530.0,8753200.0
2024-07-10,530.79,534.69,534.69,10969900.0
2024-07-11,530.89,512.7,512.7,16458300.0
2024-07-12,497.76,498.87,498.87,19583874.0
2024-07-15,498.64,496.16,496.16,11623186.0
2024-07-16,501.5,489.79,489.79,14075800.0
2024-07-17,479.17,461.99,461.99,28021400.0
2024-07-18,475.0,475.85,475.85,19267200.0
2024-07-19,476.06,476.79,476.79,15131600.0
2024-07-22,486.58,487.4,487.4,12023100.0
2024-07-23,489.84,488.69,488.69,9455500.0
2024-07-24,472.31,461.27,461.27,17649700.0
2024-07-25,463.26,453.41,453.41,18224700.0
2024-07-26,464.2,465.7,465.7,14209300.0
2024-07-29,469.88,465.71,465.71,11264900.0
2024-07-30,467.0,463.19,463.19,11390400.0
2024-07-31,471.02,474.83,474.83,23752200.0
2024-08-01,521.0,497.74,497.74,43010600.0
2024-08-02,489.0,488.14,488.14,24019800.0
2024-08-05,451.35,475.73,475.73,21396200.0
2024-08-06,479.0,494.09,494.09,20902900.0
2024-08-07,503.13,488.92,488.92,20045900.0
2024-08-08,497.95,499.99,499.99,2339071.0
2024-08-09,507.71,517.77,517.77,13683700.0
2024-08-12,516.86,515.95,515.95,9767400.0
2024-08-13,520.01,528.54,528.54,13743800.0
2024-08-14,528.06,526.76,526.76,11435500.0
2024-08-15,531.79,537.33,537.33,13482100.0
2024-08-16,531.9,527.42,527.42,14776700.0
2024-08-19,526.87,529.28,529.28,9879700.0
2024-08-20,528.35,526.73,526.73,7944400.0
2024-08-21,527.4,535.16,535.16,12803510.0
2024-08-22,537.0,531.93,531.93,15708300.0
2024-08-23,536.92,528.0,528.0,11308600.0
2024-08-26,527.68,521.12,521.12,9547234.0
2024-08-27,519.08,519.1,519.1,6232946.0
2024-08-28,517.56,516.78,516.78,9011685.0
2024-08-29,519.05,518.22,518.22,8311200.0
2024-08-30,521.35,521.31,521.31,9153100.0
2024-09-03,519.64,511.76,511.76,12431000.0
2024-09-04,506.07,512.74,512.74,8335200.0
2024-09-05,511.72,516.86,516.86,8582843.0
2024-09-06,522.03,500.27,500.27,14653925.0
2024-09-09,506.16,504.79,504.79,10438451.0
2024-09-10,508.16,504.79,504.79,9899000.0
2024-09-11,507.01,511.83,511.83,10782500.0
2024-09-12,517.05,525.6,525.6,11993300.0
2024-09-13,520.34,524.62,524.62,10315100.0
2024-09-16,524.54,533.28,533.28,9527600.0
2024-09-17,537.6,536.32,536.32,11690800.0
2024-09-18,537.07,537.95,537.95,10323500.0
2024-09-19,550.0,559.1,559.1,15647000.0
2024-09-20,559.98,561.35,561.35,21485980.0
2024-09-23,569.5,564.41,564.41,12830700.0
2024-09-24,566.68,563.33,563.33,12924300.0
2024-09-25,564.05,568.31,568.31,16543400.0
2024-09-26,575.73,567.84,567.84,14383100.0
2024-09-27,570.1,567.36,567.36,9393400.0
2024-09-30,568.12,572.44,572.44,12422489.0
2024-10-01,578.61,576.47,576.47,14711346.0
2024-10-02,574.86,572.81,572.81,6524700.0
2024-10-03,570.15,582.77,582.77,11581000.0
2024-10-04,583.73,595.94,595.94,14169500.0
2024-10-07,598.22,584.78,584.78,12014200.0
2024-10-08,589.69,592.89,592.89,7857400.0
2024-10-09,593.99,590.51,590.51,9519500.0
2024-10-10,587.57,583.83,583.83,7740400.0
2024-10-11,584.83,589.95,589.95,8587100.0
2024-10-14,594.22,590.42,590.42,8252000.0
2024-10-15,590.16,586.27,586.27,9564200.0
2024-10-16,581.4,576.79,576.79,11268400.0
2024-10-17,583.33,576.93,576.93,8687000.0
2024-10-18,580.8,579.7,579.7,2831100.0
2024-10-21,576.03,575.16,575.16,8171900.0
2024-10-22,574.29,582.01,582.01,8544500.0
2024-10-23,579.97,563.69,563.69,14185600.0
2024-10-24,567.13,567.78,567.78,7184700.0
2024-10-25,573.93,573.25,573.25,11318300.0
2024-10-28,582.0,578.16,578.16,10904900.0
2024-10-29,580.15,593.28,593.28,13019100.0
2024-10-30,600.98,591.8,591.8,26864900.0
2024-10-31,585.0,567.58,567.58,26838400.0
2024-11-01,567.61,567.16,567.16,15267400.0
2024-11-04,564.1,560.68,560.68,12064600.0
2024-11-05,567.3,572.43,572.43,9748300.0
2024-11-06,562.75,572.05,572.05,18305400.0
2024-11-07,576.89,591.7,591.7,14653700.0
2024-11-08,591.54,589.34,589.34,9403300.0
2024-11-11,586.36,583.17,583.17,10187900.0
2024-11-12,588.54,584.82,584.82,16287700.0
2024-11-13,582.56,580.0,580.0,10038132.0
2024-11-14,577.0,577.16,577.16,11033500.0
2024-11-15,571.22,554.08,554.08,17672400.0
2024-11-18,557.04,554.4,554.4,14346700.0
2024-11-19,551.86,561.09,561.09,9522400.0
2024-11-20,562.93,565.52,565.52,9797300.0
2024-11-21,569.52,563.09,563.09,11154700.0
2024-11-22,563.55,559.14,559.14,9164000.0
2024-11-25,562.1,565.11,565.11,13599800.0
2024-11-26,566.0,573.54,573.54,10356600.0
2024-11-27,574.89,569.2,569.2,7200200.0
2024-11-29,569.0,574.32,574.32,7130500.0
2024-12-02,577.5,592.83,592.83,12522400.0
2024-12-03,595.0,613.65,613.65,14907200.0
2024-12-04,612.96,613.78,613.78,14697000.0
2024-12-05,617.08,608.93,608.93,8056992.0
2024-12-06,610.1,623.77,623.77,16924300.0
2024-12-09,623.92,613.57,613.57,11426000.0
2024-12-10,617.56,619.32,619.32,10938900.0
2024-12-11,623.37,632.68,632.68,10837200.0
2024-12-12,631.5,630.79,630.79,7474700.0
2024-12-13,627.22,620.35,620.35,8443500.0
2024-12-16,629.98,624.24,624.24,10869500.0
2024-12-17,626.17,619.44,619.44,12897800.0
2024-12-18,621.0,597.19,597.19,17075500.0
2024-12-19,610.39,595.57,595.57,14958100.0
2024-12-20,590.58,585.25,585.25,48917700.0
2024-12-23,589.6,599.85,599.85,10205800.0
2024-12-24,602.72,607.75,607.75,4726100.0
2024-12-26,605.29,603.35,603.35,6063622.0
2024-12-27,599.41,599.81,599.81,8079000.0
2024-12-30,588.71,591.24,591.24,6911825.0
2024-12-31,592.27,585.51,585.51,6010400.0
2025-01-02,589.6,599.24,599.24,12005526.0
2025-01-03,604.84,604.63,604.63,9905423.0
2025-01-06,611.83,630.2,630.2,14560800.0
2025-01-07,631.7,617.89,617.89,12071500.0
2025-01-08,613.4,610.72,610.72,10085800.0
2025-01-10,610.03,615.86,615.86,19236800.0
2025-01-13,607.1,608.33,608.33,10785000.0
2025-01-14,605.07,594.25,594.25,13579900.0
2025-01-15,610.5,617.12,617.12,14439925.0
2025-01-16,611.5,611.3,611.3,8339000.0
2025-01-17,624.9,614.29,614.29,8049002.0
2025-01-21,617.83,616.46,616.46,11674000.0
2025-01-22,623.3,623.5,623.5,12257900.0
2025-01-23,627.36,636.45,636.45,9910200.0
2025-01-24,636.47,647.49,647.49,18993269.0
2025-01-27,626.61,659.88,659.88,28399200.0
2025-01-28,666.0,674.33,674.33,20915300.0
2025-01-29,674.8,670.71,670.71,1154042.0
2025-01-30,696.82,687.0,687.0,29322900.0
2025-01-31,691.69,689.18,689.18,19268294.0
2025-02-03,675.91,697.46,697.46,21264400.0
2025-02-04,702.0,704.19,704.19,13689893.0
2025-02-05,703.55,704.87,704.87,17778200.0
2025-02-06,705.88,711.99,711.99,13023780.0
2025-02-07,716.8,714.52,714.52,16404800.0
2025-02-10,718.56,717.4,717.4,12891100.0
2025-02-11,713.32,712.77,712.77,5629821.0
2025-02-12,715.62,725.38,725.38,11687524.0
2025-02-13,721.52,722.5,722.5,2016814.0
2025-02-14,726.14,736.67,736.67,16884300.0
2025-02-18,735.35,715.73,715.73,21938700.0
2025-02-19,703.47,703.14,703.14,17535500.0
2025-02-20,696.66,694.22,694.22,12587400.0
2025-02-21,695.96,682.94,682.94,15660400.0
2025-02-24,685.67,667.54,667.54,15677000.0
2025-02-25,665.38,656.92,656.92,20579700.0
2025-02-26,659.06,673.1,673.1,14488700.0
2025-02-27,681.84,657.65,657.65,12500000.0
2025-02-28,657.46,667.61,667.61,17534200.0
2025-03-03,673.08,654.47,654.47,10843800.0
2025-03-04,644.94,639.43,639.43,21495200.0
2025-03-05,640.43,655.89,655.89,13770000.0
2025-03-06,647.42,627.37,627.37,13446500.0
2025-03-07,624.81,625.1,625.1,21375700.0
2025-03-10,607.53,597.46,597.46,21999900.0
2025-03-11,594.52,605.17,605.17,17401500.0
2025-03-12,629.34,619.01,619.01,15747000.0
2025-03-13,619.7,590.11,590.11,16480300.0
2025-03-14,602.8,607.6,607.6,12364500.0
2025-03-17,607.46,604.9,604.9,15473900.0
2025-03-18,600.05,582.36,582.36,20297700.0
2025-03-19,584.28,584.06,584.06,20537500.0
2025-03-20,582.76,586.0,586.0,24336500.0
2025-03-21,583.42,596.25,596.25,25015900.0
2025-03-24,614.97,618.85,618.85,15741300.0
2025-03-25,626.76,626.31,626.31,15312500.0
2025-03-26,624.89,610.98,610.98,12609800.0
2025-03-27,602.0,602.58,602.58,10436500.0
2025-03-28,600.31,576.74,576.74,17602800.0
2025-03-31,563.5,576.36,576.36,21124700.0
2025-04-01,570.84,586.0,586.0,12836600.0
2025-04-02,574.91,583.93,583.93,13470800.0
2025-04-03,546.22,531.62,531.62,34777500.0
2025-04-04,506.62,504.73,504.73,38589800.0
2025-04-07,485.1,516.25,516.25,36606100.0
2025-04-08,543.25,510.45,510.45,28034200.0
2025-04-09,509.27,585.77,585.77,39216600.0
2025-04-10,575.49,546.29,546.29,28173500.0
2025-04-11,535.51,543.57,543.57,17642300.0
2025-04-14,556.17,531.48,531.48,14130900.0
2025-04-15,532.11,521.52,521.52,15558700.0
2025-04-16,508.51,502.31,502.31,18735100.0
2025-04-17,505.25,501.48,501.48,14593500.0
2025-04-21,491.33,484.66,484.66,16166000.0
2025-04-22,491.87,500.28,500.28,17399400.0
2025-04-23,528.53,520.27,520.27,18173900.0
2025-04-24,518.73,533.15,533.15,13910000.0
2025-04-25,546.8,547.27,547.27,17071600.0
2025-04-28,555.64,549.74,549.74,15145500.0
2025-04-29,545.26,555.33,555.33,8813748.0
2025-04-30,538.4,549.0,549.0,29244000.0
2025-05-01,592.08,572.21,572.21,31159000.0
2025-05-02,583.46,597.02,597.02,24739300.0
2025-05-05,591.22,599.27,599.27,13887700.0
2025-05-06,592.53,587.31,587.31,10600700.0
2025-05-07,590.36,596.81,596.81,13139100.0
2025-05-08,606.29,598.01,598.01,14622800.0
2025-05-09,603.72,592.49,592.49,10427300.0
2025-05-12,630.92,639.43,639.43,21965100.0
2025-05-13,645.54,656.03,656.03,18570800.0
2025-05-14,661.21,659.36,659.36,12348200.0
2025-05-15,654.28,643.88,643.88,14341800.0
2025-05-16,637.96,640.34,640.34,18405900.0
2025-05-19,628.25,640.43,640.43,9503530.0
2025-05-20,636.01,637.1,637.1,6743500.0
2025-05-21,631.5,635.5,635.5,11402682.0
2025-05-22,634.05,636.57,636.57,8228400.0
2025-05-23,624.0,627.06,627.06,8454100.0
2025-05-27,635.41,642.32,642.32,9508400.0
2025-05-28,642.6,643.58,643.58,9042900.0
2025-05-29,651.65,645.05,645.05,8883400.0
2025-05-30,642.5,647.49,647.49,16241000.0
2025-06-02,644.39,670.9,670.9,15766300.0
2025-06-03,671.45,666.85,666.85,11585000.0
2025-06-04,669.33,687.95,687.95,13734845.0
2025-06-05,691.66,684.62,684.62,13083100.0
2025-06-06,696.17,697.71,697.71,11728000.0
2025-06-09,698.46,694.06,694.06,12773200.0
2025-06-10,701.35,702.4,702.4,10850100.0
2025-06-11,703.71,694.14,694.14,9582500.0
2025-06-12,693.3,693.36,693.36,7322700.0
2025-06-13,687.95,682.87,682.87,9261100.0
2025-06-16,699.33,702.12,702.12,13720300.0
2025-06-17,702.0,697.23,697.23,10066100.0
2025-06-18,698.18,695.77,695.77,10068300.0
2025-06-20,700.75,695.7,695.7,3429649.0
2025-06-23,683.69,698.53,698.53,11080100.0
2025-06-24,704.89,712.2,712.2,13823200.0
2025-06-25,713.32,708.68,708.68,9320400.0
2025-06-26,714.36,726.09,726.09,13964800.0
2025-06-27,726.52,733.63,733.63,18761600.0
2025-06-30,744.55,738.09,738.09,15402100.0
2025-07-01,736.88,719.22,719.22,13431200.0
2025-07-02,715.33,713.57,713.57,9336700.0
2025-07-03,726.61,719.01,719.01,8601700.0
2025-07-07,717.6,718.35,718.35,9440300.0
2025-07-08,721.54,717.65,717.65,3305457.0
2025-07-09,722.72,732.78,732.78,11418000.0
2025-07-10,731.55,727.24,727.24,9913600.0
2025-07-11,722.5,717.51,717.51,10857000.0
2025-07-14,717.6,720.92,720.92,8939400.0
2025-07-15,723.9,710.39,710.39,11505600.0
2025-07-16,713.37,708.55,708.55,636095.0
2025-07-17,704.39,702.43,702.43,1498214.0
2025-07-18,702.19,704.28,704.28,12779800.0
2025-07-21,706.8,712.97,712.97,9404400.0
2025-07-22,716.19,704.81,704.81,8921100.0
2025-07-23,706.37,713.58,713.58,8771600.0
2025-07-24,717.05,714.8,714.8,10920800.0
2025-07-25,716.92,712.68,712.68,8271700.0
2025-07-28,715.2,717.63,717.63,8715700.0
2025-07-29,720.0,700.0,700.0,13267000.0
2025-07-30,708.09,695.21,695.21,27077300.0
2025-07-31,775.2,773.44,773.44,38831100.0
2025-08-01,760.73,750.01,750.01,19028700.0
2025-08-04,760.0,776.37,776.37,15801700.0
2025-08-05,776.45,763.46,763.46,11640300.0
2025-08-06,770.0,771.99,771.99,9733900.0
2025-08-07,773.49,761.83,761.83,9019700.0
2025-08-08,762.75,769.3,769.3,7320800.0
2025-08-11,770.08,765.87,765.87,7612000.0
2025-08-12,773.0,790.0,790.0,14563100.0
2025-08-13,791.15,780.08,780.08,8811800.0
2025-08-14,777.88,782.13,782.13,8116200.0
2025-08-15,784.15,785.23,785.23,13375400.0
2025-08-18,775.09,767.37,767.37,16513700.0
2025-08-19,767.12,751.48,751.48,12286700.0
2025-08-20,747.57,747.72,747.72,11898200.0
2025-08-21,744.71,739.1,739.1,8876300.0
2025-08-22,739.23,754.79,754.79,10612700.0
2025-08-25,754.82,753.3,753.3,6861200.0
2025-08-26,750.8,754.1,754.1,7593000.0
2025-08-27,752.3,749.6,749.6,781286.0
2025-08-28,744.0,751.11,751.11,7468000.0
2025-08-29,745.28,738.7,738.7,9070500.0
2025-09-02,726.04,735.11,735.11,9350900.0
2025-09-03,736.0,737.05,737.05,7699300.0
2025-09-04,748.57,748.65,748.65,11439100.0
2025-09-05,752.62,752.45,752.45,9663400.0
2025-09-08,756.0,752.3,752.3,13087800.0
2025-09-09,757.49,765.7,765.7,10999000.0
2025-09-10,765.13,751.98,751.98,12478300.0
2025-09-11,754.65,750.9,750.9,7923300.0
2025-09-12,748.73,755.59,755.59,8248600.0
2025-09-15,757.47,764.7,764.7,10533800.0
2025-09-16,767.0,779.0,779.0,11782500.0
2025-09-17,779.99,775.72,775.72,9400900.0
2025-09-18,780.75,780.25,780.25,10955000.0
2025-09-19,786.42,778.38,778.38,23663700.0
2025-09-22,781.85,765.16,765.16,11683800.0
2025-09-23,769.25,752.93,752.93,6389324.0
2025-09-24,757.5,760.66,760.66,8828200.0
2025-09-25,753.45,748.91,748.91,10591100.0
2025-09-26,750.0,743.75,743.75,9684800.0
2025-09-29,748.72,743.4,743.4,9246800.0
2025-09-30,742.25,734.38,734.38,16226800.0
2025-10-01,721.49,717.34,717.34,20280535.0
2025-10-02,722.58,727.05,727.05,11415300.0
2025-10-03,729.63,710.56,710.56,16154300.0
2025-10-06,705.19,715.66,715.66,21624300.0
2025-10-07,716.98,707.67,707.67,8361432.0
2025-10-08,713.45,717.84,717.84,10758500.0
2025-10-09,718.28,733.51,733.51,12692100.0
2025-10-10,713.51,715.05,715.05,4719102.0
2025-10-13,713.01,715.7,715.7,9251800.0
2025-10-14,707.78,708.65,708.65,8829800.0
2025-10-15,716.86,717.55,717.55,10162472.0
2025-10-16,717.56,715.23,715.23,3510944.0
2025-10-17,707.08,716.92,716.92,12232400.0
2025-10-20,721.19,732.17,732.17,8900200.0
2025-10-21,736.02,733.27,733.27,7647300.0
2025-10-22,733.83,733.41,733.41,8734500.0
2025-10-23,734.7,734.0,734.0,9856000.0
2025-10-24,736.79,738.36,738.36,9151300.0
2025-10-27,749.73,750.82,750.82,11321100.0
2025-10-28,752.63,751.44,751.44,12193800.0
2025-10-29,754.75,751.67,751.67,26818600.0
2025-10-30,669.15,666.47,666.47,88440100.0
2025-10-31,674.51,648.35,648.35,56953200.0
2025-11-03,656.0,637.71,637.71,33003600.0
2025-11-04,628.04,627.32,627.32,27356600.0
2025-11-05,632.31,635.95,635.95,20219900.0
2025-11-06,635.85,618.94,618.94,23628800.0
2025-11-07,616.49,621.71,621.71,29868200.0
2025-11-10,631.09,631.76,631.76,19245000.0
2025-11-11,628.0,627.08,627.08,13302200.0
2025-11-12,628.13,609.01,609.01,24493300.0
2025-11-13,613.07,609.89,609.89,20973800.0
2025-11-14,601.79,609.46,609.46,20724100.0
2025-11-17,609.04,602.01,602.01,16501300.0
2025-11-18,591.6,597.69,597.69,25500600.0
2025-11-19,593.72,590.32,590.32,24744700.0
2025-11-20,603.5,589.15,589.15,20603000.0
2025-11-21,588.5,594.25,594.25,21052600.0
2025-11-24,598.72,613.05,613.05,23554900.0
2025-11-25,624.0,636.22,636.22,25168800.0
2025-11-26,637.69,633.61,633.61,15209500.0
2025-11-28,636.08,647.95,647.95,10930322.0
2025-12-01,639.55,640.87,640.87,13014000.0
2025-12-02,642.34,647.1,647.1,11640900.0
2025-12-03,644.41,639.6,639.6,11134300.0
2025-12-04,676.0,661.53,661.53,29874600.0
2025-12-05,664.0,673.42,673.42,21207900.0
2025-12-08,669.34,666.8,666.8,13161000.0
2025-12-09,663.77,656.96,656.96,12997100.0
2025-12-10,649.95,650.13,650.13,16910900.0
2025-12-11,643.29,652.71,652.71,13056700.0
2025-12-12,650.21,644.23,644.23,10143568.0
2025-12-15,645.7,647.51,647.51,15549100.0
2025-12-16,643.5,657.15,657.15,14309100.0
2025-12-17,655.61,649.5,649.5,15598500.0
2025-12-18,657.03,664.45,664.45,20260300.0
2025-12-19,666.42,658.77,658.77,49977100.0
2025-12-22,661.65,661.5,661.5,15659400.0
2025-12-23,660.05,664.94,664.94,8486800.0
2025-12-24,662.53,667.55,667.55,5627500.0
2025-12-26,668.06,663.29,663.29,7062300.0
2025-12-29,668.1,655.73,655.73,3879556.0
2025-12-30,658.69,666.0,666.0,4767239.0
2025-12-31,664.75,660.09,660.09,7940400.0
2026-01-02,662.73,650.41,650.41,13726500.0
2026-01-05,651.01,658.79,658.79,12213700.0
2026-01-06,659.57,660.62,660.62,11054900.0
2026-01-07,655.64,648.69,648.69,12846300.0
2026-01-08,645.65,646.06,646.06,11774880.0
2026-01-09,645.44,653.06,653.06,11621500.0
2026-01-12,652.53,641.97,641.97,14797200.0
2026-01-13,642.27,631.09,631.09,18030400.0
2026-01-14,626.5,615.52,615.52,15527900.0
2026-01-15,618.48,620.8,620.8,13076100.0
2026-01-16,624.18,620.25,620.25,17012500.0
2026-01-20,607.88,604.12,604.12,15169600.0
2026-01-21,606.74,612.96,612.96,14494700.0
2026-01-22,629.35,647.63,647.63,21394700.0
2026-01-23,644.77,658.76,658.76,22797700.0
2026-01-26,665.13,672.36,672.36,16327400.0
2026-01-27,674.59,672.97,672.97,13297400.0
2026-01-28,674.5,668.73,668.73,25709600.0
2026-01-29,737.43,738.31,738.31,59852900.0
2026-01-30,727.5,716.5,716.5,23473277.0
2026-02-02,714.6,706.41,706.41,14365200.0
2026-02-03,707.37,691.7,691.7,13760700.0
2026-02-04,687.73,668.99,668.99,16882800.0
2026-02-05,663.58,670.21,670.21,17131800.0
2026-02-06,665.49,661.46,661.46,18134400.0
2026-02-09,663.18,677.22,677.22,14837500.0
2026-02-10,677.6,670.72,670.72,10455800.0
2026-02-11,674.0,668.69,668.69,14300400.0
2026-02-12,669.97,649.81,649.81,14960100.0
2026-02-13,645.1,639.77,639.77,12336400.0
2026-02-17,639.5,639.29,639.29,12674700.0
2026-02-18,633.8,643.22,643.22,14649200.0
2026-02-19,638.57,644.78,644.78,10035700.0
2026-02-20,639.69,655.66,655.66,14166900.0
2026-02-23,652.54,637.25,637.25,8581100.0
2026-02-24,633.08,639.3,639.3,10117900.0
2026-02-25,642.51,649.15,649.15,5277842.0
2026-02-26,650.55,657.01,657.01,10637700.0
2026-02-27,643.45,648.18,648.18,15703000.0
2026-03-02,637.16,653.56,653.56,9816100.0
2026-03-03,648.29,655.08,655.08,12240600.0
2026-03-04,657.96,668.13,668.13,5351242.0
2026-03-05,661.93,660.57,660.57,13341400.0
2026-03-06,647.9,644.86,644.86,13000591.0
2026-03-09,634.78,647.39,647.39,13489700.0
2026-03-10,653.56,654.07,654.07,9844600.0
2026-03-11,654.76,654.86,654.86,8977200.0
2026-03-12,648.75,638.18,638.18,11617500.0
2026-03-13,623.27,613.71,613.71,18957637.0
2026-03-16,632.0,627.45,627.45,14353381.0
2026-03-17,627.99,622.66,622.66,10348800.0
2026-03-18,616.34,615.68,615.68,11726300.0
2026-03-19,612.15,606.7,606.7,13247700.0
2026-03-20,603.53,593.66,593.66,19820750.0
2026-03-23,605.79,604.06,604.06,13638000.0
2026-03-24,599.1,592.92,592.92,10700300.0
2026-03-25,598.74,597.54,597.54,5634198.0
2026-03-26,582.49,547.54,547.54,35780100.0
2026-03-27,540.1,525.72,525.72,29980300.0
2026-03-30,536.38,532.56,532.56,8910585.0
2026-03-31,549.98,572.13,572.13,32809500.0
2026-04-01,581.07,576.84,576.84,5000885.0
2026-04-02,566.04,574.46,574.46,13518500.0
2026-04-06,577.69,573.02,573.02,9515700.0
2026-04-07,572.48,575.05,575.05,9580800.0
2026-04-08,606.0,612.42,612.42,32036600.0
2026-04-09,626.97,628.39,628.39,19012900.0
2026-04-10,634.47,629.86,629.86,13294800.0
2026-04-13,629.5,634.53,634.53,9488700.0
2026-04-14,643.01,663.86,663.86,8568942.0
2026-04-15,667.0,671.58,671.58,14952600.0
2026-04-16,675.99,676.87,676.87,9544800.0
2026-04-17,678.6,688.55,688.55,16283500.0
2026-04-20,681.36,670.91,670.91,12534000.0
2026-04-21,671.0,668.84,668.84,8660100.0
2026-04-22,674.36,674.72,674.72,9215600.0
2026-04-23,663.7,659.15,659.15,11667000.0
2026-04-24,660.32,675.03,675.03,13348300.0
2026-04-27,671.0,678.62,678.62,12805200.0
2026-04-28,674.24,671.34,671.34,10606800.0
2026-04-29,668.91,669.12,669.12,18947500.0
2026-04-30,619.32,611.91,611.91,52765000.0
2026-05-01,614.69,608.75,608.75,21404000.0
2026-05-04,607.94,610.41,610.41,16171300.0
2026-05-05,613.37,601.7,601.7,9255756.0
2026-05-06,601.05,612.88,612.88,19915460.0
2026-05-07,614.72,616.81,616.81,12307372.0
2026-05-08,615.2,609.63,609.63,13556963.0
2026-05-11,604.57,598.86,598.86,15940622.0
2026-05-12,594.82,603.0,603.0,11351559.0
2026-05-13,598.83,616.63,616.63,14634394.0
2026-05-14,616.0,618.43,618.43,10651173.0
2026-05-15,613.99,614.23,614.23,13272567.0
2026-05-18,609.11,611.21,611.21,13772443.0
2026-05-19,608.92,602.61,602.61,11749947.0
2026-05-20,600.76,605.06,605.06,11217028.0
2026-05-21,600.0,607.38,607.38,13476078.0
2026-05-22,607.88,610.26,610.26,11688623.0
2026-05-26,608.89,612.34,612.34,12234166.0
2026-05-27,609.4,635.26,635.26,23143594.0
2026-05-28,639.495,635.29,635.29,16772379
2026-05-29,633.5,632.51,632.51,19806536
2026-06-01,630.4,600.47,600.47,29138805
2026-06-02,603.24,597.63,597.63,18251964
2026-06-03,603.0,622.98,622.98,23020056
