date,open_price_usd,close_price_usd,adj_close_price_usd,total_volume_usd
2015-01-02,39.5225,39.6072,39.6072,27913900
2015-01-05,39.2768,39.243,39.243,39673900
2015-01-06,39.2853,38.667,38.667,36447900
2015-01-07,38.9465,39.1583,39.1583,29114100
2015-01-08,39.5987,40.3102,40.3102,29645200
2015-01-09,40.3272,39.9714,39.9714,23944200
2015-01-12,40.1662,39.4717,39.4717,23651900
2015-01-13,39.785,39.2684,39.2684,35270600
2015-01-14,38.9296,38.9296,38.9296,29719600
2015-01-15,39.1498,38.523,38.523,32750800
2015-01-16,38.379,39.1667,39.1667,35695300
2015-01-20,39.2176,39.2938,39.2938,36161900
2015-01-21,38.9126,38.8957,38.8957,39081100
2015-01-22,39.2853,39.9206,39.9206,35898000
2015-01-23,40.1154,39.9629,39.9629,26211600
2015-01-26,39.8105,39.8189,39.8189,42525500
2015-01-27,36.38,36.1344,36.1344,169164000
2015-01-28,36.2021,34.8892,34.8892,84507100
2015-01-29,34.669,35.5838,35.5838,63585300
2015-01-30,35.1941,34.2201,34.2201,78004900
2015-02-02,34.381,34.9655,34.9655,50352500
2015-02-03,35.2619,35.2365,35.2365,52082400
2015-02-04,35.5245,35.4398,35.4398,41614800
2015-02-05,35.7617,35.9565,35.9565,36548200
2015-02-06,36.1513,35.9226,35.9226,34616600
2015-02-09,35.7786,35.8802,35.8802,31381100
2015-02-10,36.2021,36.0835,36.0835,29670700
2015-02-11,36.1259,35.8972,35.8972,38262500
2015-02-12,36.1343,36.4986,36.4986,33268800
2015-02-13,36.7442,37.1593,37.1593,40264900
2015-02-17,37.509,37.1763,37.1763,33695700
2015-02-18,37.219,37.1337,37.1337,27111700
2015-02-19,36.8351,37.1081,37.1081,27603400
2015-02-20,37.1166,37.4152,37.4152,29721100
2015-02-23,37.2787,37.6626,37.6626,32518800
2015-02-24,37.6626,37.6114,37.6114,25271700
2015-02-25,37.492,37.5261,37.5261,29759800
2015-02-26,37.5261,37.5858,37.5858,28957300
2015-02-27,37.6455,37.4066,37.4066,33807700
2015-03-02,37.2531,37.4322,37.4322,31924000
2015-03-03,37.1593,36.9204,36.9204,31748600
2015-03-04,36.6901,36.7327,36.7327,25748700
2015-03-05,36.7413,36.7754,36.7754,23193500
2015-03-06,36.6815,36.1356,36.1356,36248800
2015-03-09,35.9906,36.5536,36.5536,32108000
2015-03-10,36.127,35.8541,35.8541,39159700
2015-03-11,36.0929,35.8114,35.8114,32215300
2015-03-12,35.2569,34.9925,34.9925,59992500
2015-03-13,34.7195,35.2996,35.2996,58007700
2015-03-16,35.3764,35.4531,35.4531,35273500
2015-03-17,35.2911,35.5726,35.5726,31673400
2015-03-18,35.3423,36.255,36.255,44194800
2015-03-19,36.0503,36.0759,36.0759,33879100
2015-03-20,36.3062,36.5792,36.5792,71904500
2015-03-23,36.5792,36.5621,36.5621,26246100
2015-03-24,36.4939,36.5962,36.5962,25513300
2015-03-25,36.6133,35.3678,35.3678,43469900
2015-03-26,35.1631,35.1546,35.1546,37495600
2015-03-27,35.0778,34.9498,34.9498,34401400
2015-03-30,35.0607,34.9413,34.9413,35049700
2015-03-31,34.7878,34.6854,34.6854,34887200
2015-04-01,34.6342,34.7366,34.7366,36865300
2015-04-02,34.6854,34.3698,34.3698,37487500
2015-04-06,34.4124,35.4446,35.4446,39223700
2015-04-07,35.4958,35.4276,35.4276,28809400
2015-04-08,35.3678,35.3337,35.3337,24753400
2015-04-09,35.1887,35.3849,35.3849,25723900
2015-04-10,35.5129,35.5896,35.5896,28022000
2015-04-13,35.3166,35.6237,35.6237,30276700
2015-04-14,35.6579,35.5299,35.5299,24244400
2015-04-15,35.6237,36.0503,36.0503,27343600
2015-04-16,35.7858,35.965,35.965,22509700
2015-04-17,35.547,35.5043,35.5043,42387600
2015-04-20,35.5982,36.6048,36.6048,46057700
2015-04-21,36.6815,36.3744,36.3744,26013800
2015-04-22,36.4,36.673,36.673,25064300
2015-04-23,36.5877,36.9716,36.9716,46309500
2015-04-24,38.9507,40.8359,40.8359,130933700
2015-04-27,40.29,40.9724,40.9724,59248200
2015-04-28,40.7592,41.9364,41.9364,60730800
2015-04-29,41.561,41.8511,41.8511,47804600
2015-04-30,41.544,41.4928,41.4928,64725500
2015-05-01,41.4416,41.5099,41.5099,38937300
2015-05-04,41.2625,41.1516,41.1516,34039500
2015-05-05,40.7933,40.6056,40.6056,50369200
2015-05-06,40.58,39.4796,39.4796,52433000
2015-05-07,39.4711,39.8379,39.8379,32971700
2015-05-08,40.563,40.7336,40.7336,35364900
2015-05-11,40.563,40.4094,40.4094,24609400
2015-05-12,39.9658,40.3924,40.3924,29928300
2015-05-13,41.1089,40.6312,40.6312,34184600
2015-05-14,40.9724,41.5611,41.5611,32980900
2015-05-15,41.689,41.2028,41.2028,28642700
2015-05-18,40.9298,40.9554,40.9554,24136500
2015-05-19,40.8352,40.8523,40.8523,28574800
2015-05-20,40.6892,40.8523,40.8523,25047900
2015-05-21,40.5948,40.715,40.715,22410700
2015-05-22,40.6119,40.2685,40.2685,25720600
2015-05-26,40.2084,40.0023,40.0023,29581900
2015-05-27,40.1998,40.8781,40.8781,27335600
2015-05-28,40.7837,40.7407,40.7407,19283700
2015-05-29,40.7235,40.2341,40.2341,36519600
2015-06-01,40.4059,40.5518,40.5518,28837300
2015-06-02,40.2943,40.2857,40.2857,21498300
2015-06-03,40.672,40.2256,40.2256,28002200
2015-06-04,40.174,39.8048,39.8048,27745500
2015-06-05,39.7619,39.616,39.616,25438100
2015-06-08,39.7533,39.2639,39.2639,22121600
2015-06-09,39.2897,39.1952,39.1952,24406100
2015-06-10,39.3154,40.0195,40.0195,28417400
2015-06-11,40.0624,39.8735,39.8735,27347800
2015-06-12,39.6847,39.47,39.47,23931000
2015-06-15,39.0235,39.0493,39.0493,33254500
2015-06-16,38.9377,39.3498,39.3498,27070300
2015-06-17,39.2639,39.47,39.47,28704100
2015-06-18,39.6846,40.1139,40.1139,32658300
2015-06-19,40.1741,39.5816,39.5816,63837000
2015-06-22,39.7791,39.6932,39.6932,20318100
2015-06-23,39.6074,39.4185,39.4185,25896500
2015-06-24,39.2124,39.1867,39.1867,34890900
2015-06-25,39.5215,39.1952,39.1952,20616000
2015-06-26,39.1952,38.8604,38.8604,49835300
2015-06-29,38.6715,38.0962,38.0962,34081700
2015-06-30,38.3882,37.9073,37.9073,35945400
2015-07-01,38.1735,38.1649,38.1649,28343900
2015-07-02,38.1907,38.122,38.122,21752000
2015-07-06,37.7442,38.1134,38.1134,23034000
2015-07-07,38.0705,38.0361,38.0361,36435800
2015-07-08,38.1563,37.9846,37.9846,39785900
2015-07-09,38.4225,38.225,38.225,32424700
2015-07-10,38.6457,38.3023,38.3023,25465800
2015-07-13,38.62,39.1008,39.1008,28178300
2015-07-14,39.0235,39.1695,39.1695,22880300
2015-07-15,39.221,39.2897,39.2897,26629600
2015-07-16,39.5043,40.0624,40.0624,26271700
2015-07-17,39.968,40.0281,40.0281,29467100
2015-07-20,40.0538,40.2857,40.2857,30631900
2015-07-21,40.1655,40.5948,40.5948,42781900
2015-07-22,39.0149,39.1008,39.1008,59152400
2015-07-23,38.869,39.5902,39.5902,33934000
2015-07-24,39.4185,39.4442,39.4442,32333200
2015-07-27,39.4442,38.9377,38.9377,39701400
2015-07-28,39.1351,38.9291,38.9291,34328900
2015-07-29,38.9806,39.7447,39.7447,40945900
2015-07-30,39.719,40.2513,40.2513,39777900
2015-07-31,40.6034,40.0968,40.0968,31201500
2015-08-03,40.3372,40.1912,40.1912,24125900
2015-08-04,40.1397,40.818,40.818,33403900
2015-08-05,41.1958,40.8523,40.8523,26959700
2015-08-06,40.9639,40.0281,40.0281,27368000
2015-08-07,39.8306,40.1311,40.1311,19163000
2015-08-10,40.3114,40.6377,40.6377,23079900
2015-08-11,40.1998,39.8478,39.8478,29237400
2015-08-12,39.6589,40.1311,40.1311,30181400
2015-08-13,40.4059,40.1225,40.1225,22627200
2015-08-14,39.9508,40.3544,40.3544,21473400
2015-08-17,40.1912,40.6291,40.6291,21099700
2015-08-18,40.4822,40.8538,40.8538,23574100
2015-08-19,40.4303,40.2834,40.2834,31485500
2015-08-20,39.8167,39.4624,39.4624,36238200
2015-08-21,39.1512,37.2239,37.2239,70053100
2015-08-24,34.9595,36.0226,36.0226,88753700
2015-08-25,36.7918,34.9768,34.9768,70616600
2015-08-26,36.3078,36.9128,36.9128,63408000
2015-08-27,37.3622,37.9412,37.9412,50943200
2015-08-28,37.5091,37.9672,37.9672,28246700
2015-08-31,37.6474,37.6128,37.6128,34441700
2015-09-01,36.4461,36.1436,36.1436,49688900
2015-09-02,36.6103,37.4745,37.4745,37671500
2015-09-03,37.5177,37.5955,37.5955,28285200
2015-09-04,36.9992,36.8263,36.8263,37138800
2015-09-08,37.4227,37.9326,37.9326,32469800
2015-09-09,38.2092,37.2239,37.2239,33469500
2015-09-10,37.2671,37.414,37.414,31366600
2015-09-11,37.2844,37.5782,37.5782,27132500
2015-09-14,37.535,37.198,37.198,23656000
2015-09-15,37.3276,38.0104,38.0104,28882200
2015-09-16,38.0018,38.287,38.287,23372200
2015-09-17,38.2783,38.2437,38.2437,32768200
2015-09-18,37.5955,37.5782,37.5782,63143700
2015-09-21,37.6992,38.1227,38.1227,26177200
2015-09-22,37.4918,37.9412,37.9412,28085900
2015-09-23,37.9672,37.9153,37.9153,17145200
2015-09-24,37.5523,37.9499,37.9499,27905600
2015-09-25,38.4425,37.9758,37.9758,29384600
2015-09-28,37.8807,37.414,37.414,27613800
2015-09-29,37.4832,37.5437,37.5437,32763600
2015-09-30,37.9239,38.2524,38.2524,34958900
2015-10-01,38.6759,38.5549,38.5549,28657900
2015-10-02,38.261,39.3846,39.3846,41839000
2015-10-05,39.5401,40.3007,40.3007,34369300
2015-10-06,40.0414,40.4044,40.4044,27017200
2015-10-07,40.7069,40.4476,40.4476,27711500
2015-10-08,40.2402,41.0094,41.0094,33772700
2015-10-09,41.0094,40.7155,40.7155,28600600
2015-10-12,40.6032,40.6205,40.6205,19769100
2015-10-13,40.2402,40.5254,40.5254,19987800
2015-10-14,40.318,40.3439,40.3439,24697800
2015-10-15,40.6291,40.6291,40.6291,27189400
2015-10-16,40.6377,41.0612,41.0612,26450300
2015-10-19,40.9835,41.1563,41.1563,29387600
2015-10-20,41.0007,41.2859,41.2859,30802200
2015-10-21,41.4156,40.7933,40.7933,25144300
2015-10-22,41.0785,41.5106,41.5106,56637100
2015-10-23,45.2011,45.6937,45.6937,135227100
2015-10-26,45.3998,46.8864,46.8864,64633300
2015-10-27,46.6617,46.4024,46.4024,50999900
2015-10-28,46.2728,46.653,46.653,47000800
2015-10-29,46.2728,46.1172,46.1172,30202100
2015-10-30,46.0826,45.4949,45.4949,46619800
2015-11-02,45.6764,46.0135,46.0135,30285000
2015-11-03,45.7455,46.8,46.8,36596900
2015-11-04,46.8259,47.016,47.016,37087800
2015-11-05,47.0938,46.9987,46.9987,31468500
2015-11-06,46.7481,47.4654,47.4654,32851200
2015-11-09,47.1457,46.8086,46.8086,32513100
2015-11-10,46.7308,46.2468,46.2468,55283700
2015-11-11,46.411,46.3678,46.3678,36516300
2015-11-12,46.2209,46.0826,46.0826,35361100
2015-11-13,45.8666,45.6678,45.6678,36848200
2015-11-16,45.8752,46.4715,46.4715,32165200
2015-11-17,46.2627,46.0887,46.0887,31551300
2015-11-18,46.1148,46.8544,46.8544,29710000
2015-11-19,46.9762,46.9327,46.9327,28149200
2015-11-20,47.2024,47.1502,47.1502,37147600
2015-11-23,47.2024,47.1502,47.1502,28235900
2015-11-24,46.9153,47.2024,47.2024,24600000
2015-11-25,47.0632,46.7152,46.7152,21005100
2015-11-27,46.8109,46.924,46.924,9009100
2015-11-30,47.4547,47.2894,47.2894,56241400
2015-12-01,47.3416,48.0464,48.0464,39952800
2015-12-02,48.1334,48.0377,48.0377,47274900
2015-12-03,48.2813,47.1589,47.1589,38627800
2015-12-04,47.0893,48.6468,48.6468,43963700
2015-12-07,48.5424,48.5598,48.5598,30709800
2015-12-08,48.2639,48.5424,48.5424,32878000
2015-12-09,48.1769,47.8376,47.8376,36373200
2015-12-10,48.1943,48.0899,48.0899,31775800
2015-12-11,47.6027,47.0371,47.0371,39549500
2015-12-14,47.272,47.9768,47.9768,46768900
2015-12-15,48.4293,48.029,48.029,39843000
2015-12-16,48.3248,48.8382,48.8382,37503300
2015-12-17,49.0383,48.464,48.464,41280900
2015-12-18,48.5249,47.098,47.098,84684200
2015-12-21,47.7506,47.7071,47.7071,37246300
2015-12-22,47.8463,48.1595,48.1595,28322200
2015-12-23,48.4641,48.5685,48.5685,27279800
2015-12-24,48.6033,48.4379,48.4379,9558500
2015-12-28,48.1595,48.6816,48.6816,22458300
2015-12-29,48.9774,49.2036,49.2036,27731400
2015-12-30,49.134,48.9948,48.9948,21704500
2015-12-31,48.7599,48.2726,48.2726,27334100
2016-01-04,47.2633,47.681,47.681,53778000
2016-01-05,47.7941,47.8985,47.8985,34079700
2016-01-06,47.2633,47.0284,47.0284,39518900
2016-01-07,45.8538,45.3926,45.3926,56564900
2016-01-08,45.5666,45.5318,45.5318,48754000
2016-01-11,45.6885,45.5057,45.5057,36943800
2016-01-12,45.906,45.9234,45.9234,36095500
2016-01-13,46.8109,44.9315,44.9315,66883600
2016-01-14,45.2447,46.2105,46.2105,52381900
2016-01-15,44.6444,44.3659,44.3659,71820700
2016-01-19,44.7923,43.9918,43.9918,43564500
2016-01-20,43.4871,44.1919,44.1919,63273000
2016-01-21,44.3746,43.9222,43.9222,40191200
2016-01-22,44.7314,45.497,45.497,37555800
2016-01-25,45.1925,45.062,45.062,34707700
2016-01-26,45.062,45.3926,45.3926,28900800
2016-01-27,45.2534,44.566,44.566,36775200
2016-01-28,45.1229,45.2969,45.2969,62513800
2016-01-29,47.6201,47.9333,47.9333,83611700
2016-02-01,47.7506,47.6027,47.6027,44208500
2016-02-02,47.1328,46.1148,46.1148,56313800
2016-02-03,46.3323,45.3839,45.3839,57559800
2016-02-04,45.3317,45.2447,45.2447,46987100
2016-02-05,45.1925,43.6437,43.6437,62009000
2016-02-08,43.113,42.9912,42.9912,59290500
2016-02-09,42.6518,42.8781,42.8781,46740500
2016-02-10,43.4088,43.2522,43.2522,38237000
2016-02-11,42.356,43.2348,43.2348,48878600
2016-02-12,43.722,43.9396,43.9396,34243300
2016-02-16,44.6056,44.7721,44.7721,37291200
2016-02-17,45.1226,45.9376,45.9376,40789000
2016-02-18,45.8588,45.7361,45.7361,27176000
2016-02-19,45.5433,45.4118,45.4118,33559100
2016-02-22,45.8149,46.1392,46.1392,25008300
2016-02-23,45.8675,44.851,44.851,28895300
2016-02-24,44.4215,45.0087,45.0087,33014500
2016-02-25,45.333,45.6572,45.6572,26939500
2016-02-26,46.0954,44.9561,44.9561,35975900
2016-02-29,44.9999,44.5881,44.5881,31654000
2016-03-01,44.6669,46.0778,46.0778,33024500
2016-03-02,45.9289,46.4021,46.4021,29289900
2016-03-03,46.4196,45.8763,45.8763,24427800
2016-03-04,45.9201,45.5959,45.5959,33034200
2016-03-07,45.184,44.7195,44.7195,38407800
2016-03-08,44.5179,45.2628,45.2628,33835100
2016-03-09,45.4732,46.3057,46.3057,28251600
2016-03-10,46.3846,45.6134,45.6134,38387800
2016-03-11,46.4459,46.5072,46.5072,32275700
2016-03-14,46.1918,46.5949,46.5949,24083600
2016-03-15,46.2268,46.9629,46.9629,21104800
2016-03-16,46.8403,47.629,47.629,31691700
2016-03-17,47.5063,47.9006,47.9006,28223900
2016-03-18,48.1285,46.8753,46.8753,67625500
2016-03-21,46.665,47.1995,47.1995,23925700
2016-03-22,46.9805,47.3836,47.3836,23124100
2016-03-23,47.4186,47.2959,47.2959,20129000
2016-03-24,47.182,47.5063,47.5063,19950000
2016-03-28,47.5063,46.9191,46.9191,17025100
2016-03-29,47.0243,47.9444,47.9444,23924300
2016-03-30,48.1372,48.2424,48.2424,23008300
2016-03-31,48.1548,48.4001,48.4001,26360500
2016-04-01,48.2424,48.6981,48.6981,24399200
2016-04-04,48.5754,48.5754,48.5754,18928800
2016-04-05,48.3651,47.813,47.813,19272300
2016-04-06,47.6377,48.3037,48.3037,21188700
2016-04-07,48.0847,47.7254,47.7254,19225100
2016-04-08,47.9094,47.6903,47.6903,22167200
2016-04-11,47.7516,47.5939,47.5939,21414200
2016-04-12,47.6465,47.8919,47.8919,24944300
2016-04-13,48.3037,48.5053,48.5053,20818000
2016-04-14,48.3914,48.5141,48.5141,20877100
2016-04-15,48.4615,48.7682,48.7682,28793800
2016-04-18,48.628,49.478,49.478,23786000
2016-04-19,49.627,49.4167,49.4167,29596800
2016-04-20,49.3291,48.7156,48.7156,36195700
2016-04-21,48.8996,48.8821,48.8821,38909100
2016-04-22,45.4907,45.3768,45.3768,126834100
2016-04-25,45.3768,45.666,45.666,33226900
2016-04-26,45.7974,45.0788,45.0788,33532600
2016-04-27,45.1139,44.6406,44.6406,43369300
2016-04-28,44.3602,43.7293,43.7293,43134800
2016-04-29,43.2473,43.703,43.703,48411700
2016-05-02,43.8169,44.3515,44.3515,33114500
2016-05-03,44.1148,43.6241,43.6241,26460200
2016-05-04,43.6767,43.703,43.703,24257600
2016-05-05,43.703,43.7643,43.7643,25390700
2016-05-06,43.7468,44.1587,44.1587,24787300
2016-05-09,44.2463,43.8782,43.8782,17951600
2016-05-10,44.1061,44.7108,44.7108,22891000
2016-05-11,44.8071,44.737,44.737,24039100
2016-05-12,44.8685,45.1402,45.1402,24102800
2016-05-13,45.0788,44.7633,44.7633,22592300
2016-05-16,44.518,45.4206,45.4206,20032000
2016-05-17,45.6412,44.5734,44.5734,27803500
2016-05-18,44.547,44.8382,44.8382,24907500
2016-05-19,44.5381,44.4058,44.4058,23842400
2016-05-20,44.5469,44.6705,44.6705,23905800
2016-05-23,44.6528,44.1498,44.1498,26118700
2016-05-24,44.7411,45.5265,45.5265,34757900
2016-05-25,45.8177,45.9942,45.9942,24040200
2016-05-26,45.8265,45.7912,45.7912,24335200
2016-05-27,45.8177,46.1707,46.1707,17721400
2016-05-31,46.1177,46.7708,46.7708,37653100
2016-06-01,46.2766,46.6384,46.6384,25324800
2016-06-02,46.4531,46.3119,46.3119,22840800
2016-06-03,46.2236,45.703,45.703,23368300
2016-06-06,45.8795,46.003,46.003,18243300
2016-06-07,46.1001,45.9765,45.9765,20866800
2016-06-08,45.9059,45.9236,45.9236,21149400
2016-06-09,45.8883,45.5529,45.5529,20305700
2016-06-10,45.05,45.4294,45.4294,25833200
2016-06-13,43.7527,44.2469,44.2469,83217800
2016-06-14,44.0351,43.9733,43.9733,42577100
2016-06-15,43.9292,43.8498,43.8498,33757600
2016-06-16,43.6998,44.4675,44.4675,31188600
2016-06-17,44.4852,44.2381,44.2381,45710500
2016-06-20,44.6881,44.1851,44.1851,35607900
2016-06-21,44.2999,45.1735,45.1735,34097800
2016-06-22,45.0764,44.997,44.997,28816800
2016-06-23,45.2529,45.8089,45.8089,29028800
2016-06-24,43.9557,43.9733,43.9733,133503000
2016-06-27,43.3291,42.7379,42.7379,50216300
2016-06-28,43.1703,43.6292,43.6292,38140700
2016-06-29,44.0439,44.5999,44.5999,31304000
2016-06-30,44.7587,45.1558,45.1558,28527800
2016-07-01,45.1205,45.147,45.147,21400400
2016-07-05,44.8558,45.1558,45.1558,24806400
2016-07-06,44.8117,45.3412,45.3412,28167500
2016-07-07,45.3765,45.3412,45.3412,19585200
2016-07-08,45.65,46.153,46.153,28391000
2016-07-11,46.3295,46.4089,46.4089,22269200
2016-07-12,46.7178,46.9561,46.9561,27317600
2016-07-13,47.2649,47.2208,47.2208,25356800
2016-07-14,47.512,47.4238,47.4238,24545500
2016-07-15,47.6091,47.3885,47.3885,32024400
2016-07-18,47.3885,47.6179,47.6179,31433900
2016-07-19,47.3973,46.8502,46.8502,53336500
2016-07-20,49.5505,49.3388,49.3388,89893300
2016-07-21,49.4005,49.2417,49.2417,32776700
2016-07-22,49.4888,49.9212,49.9212,32157200
2016-07-25,49.8329,50.0624,50.0624,25610600
2016-07-26,49.877,50.0888,50.0888,28079000
2016-07-27,49.9565,49.5858,49.5858,32327500
2016-07-28,49.4182,49.6035,49.6035,37550400
2016-07-29,49.6476,50.0182,50.0182,30558700
2016-08-01,49.9476,49.93,49.93,26003400
2016-08-02,50.1682,49.93,49.93,35122000
2016-08-03,50.0182,50.2742,50.2742,22075600
2016-08-04,50.1241,50.6448,50.6448,26587700
2016-08-05,50.8742,51.1478,51.1478,29335200
2016-08-08,51.236,51.236,51.236,19473500
2016-08-09,51.3331,51.3596,51.3596,16920700
2016-08-10,51.3243,51.2007,51.2007,15756900
2016-08-11,51.2096,51.4478,51.4478,18162300
2016-08-12,51.2096,51.1302,51.1302,21655200
2016-08-15,51.1919,51.289,51.289,19283900
2016-08-16,51.1558,51.0048,51.0048,20523500
2016-08-17,51.0936,51.1114,51.1114,18856400
2016-08-18,50.9871,51.1469,51.1469,14214300
2016-08-19,50.996,51.1647,51.1647,17271000
2016-08-22,51.1469,51.2091,51.2091,15221900
2016-08-23,51.4133,51.4044,51.4044,18732400
2016-08-24,51.3245,51.4577,51.4577,18151500
2016-08-25,51.3956,51.6531,51.6531,18552600
2016-08-26,51.7507,51.5287,51.5287,20971200
2016-08-29,51.6619,51.5909,51.5909,16417200
2016-08-30,51.4843,51.4044,51.4044,16930200
2016-08-31,51.1913,51.0226,51.0226,20860300
2016-09-01,50.623,51.138,51.138,26075400
2016-09-02,51.2091,51.2091,51.2091,18900500
2016-09-06,51.3068,51.1558,51.1558,16278400
2016-09-07,51.0315,51.2002,51.2002,17493400
2016-09-08,51.1736,50.996,50.996,20146100
2016-09-09,50.4277,49.9126,49.9126,35113900
2016-09-12,49.7262,50.6585,50.6585,29303000
2016-09-13,50.1701,50.1968,50.1968,30130200
2016-09-14,50.0725,49.957,49.957,24062500
2016-09-15,49.8593,50.7828,50.7828,26847000
2016-09-16,51.1735,50.8361,50.8361,44607000
2016-09-19,50.8539,50.552,50.552,20937100
2016-09-20,50.9249,50.4454,50.4454,17384000
2016-09-21,51.067,51.289,51.289,33707300
2016-09-22,51.4311,51.3423,51.3423,19822200
2016-09-23,51.3867,50.996,50.996,19955300
2016-09-26,50.6852,50.5253,50.5253,21688700
2016-09-27,50.552,51.4577,51.4577,28065100
2016-09-28,51.3955,51.5287,51.5287,20536400
2016-09-29,51.3334,50.9693,50.9693,25463500
2016-09-30,51.1203,51.1469,51.1469,29910800
2016-10-03,50.9782,50.9871,50.9871,19189500
2016-10-04,50.8539,50.8273,50.8273,20085900
2016-10-05,50.8716,51.1824,51.1824,16726400
2016-10-06,51.2712,51.2712,51.2712,16212600
2016-10-07,51.3689,51.3245,51.3245,20089000
2016-10-10,51.4222,51.5376,51.5376,18196500
2016-10-11,51.4044,50.7828,50.7828,26497400
2016-10-12,50.7118,50.7118,50.7118,22177500
2016-10-13,50.3477,50.5431,50.5431,25313700
2016-10-14,50.7207,50.9871,50.9871,27402500
2016-10-17,50.9338,50.8095,50.8095,23830000
2016-10-18,51.0848,51.2002,51.2002,19149500
2016-10-19,51.0315,51.0848,51.0848,22878400
2016-10-20,51.0581,50.8361,50.8361,49455600
2016-10-21,53.5267,52.9761,52.9761,80032200
2016-10-24,53.2248,54.166,54.166,54067000
2016-10-25,54.0328,54.1571,54.1571,35137200
2016-10-26,53.9973,53.8375,53.8375,29911600
2016-10-27,53.8197,53.3668,53.3668,28479900
2016-10-28,53.2869,53.1626,53.1626,33574700
2016-10-31,53.4201,53.207,53.207,26434700
2016-11-01,53.2514,53.1005,53.1005,24533000
2016-11-02,53.1182,52.7719,52.7719,22147000
2016-11-03,52.8607,52.5765,52.5765,21600400
2016-11-04,52.0793,52.1326,52.1326,28697000
2016-11-07,53.0827,53.651,53.651,31664800
2016-11-08,53.7664,53.6954,53.6954,22935400
2016-11-09,53.278,53.429,53.429,49632500
2016-11-10,53.7043,52.1237,52.1237,57822400
2016-11-11,51.7063,52.4078,52.4078,38767800
2016-11-14,52.4078,51.6087,51.6087,41328400
2016-11-15,52.145,52.6278,52.6278,35904100
2016-11-16,52.6904,53.3251,53.3251,27332500
2016-11-17,54.0045,54.2101,54.2101,32132700
2016-11-18,54.3352,53.9508,53.9508,27686300
2016-11-21,54.0849,54.4068,54.4068,19652600
2016-11-22,54.514,54.6392,54.6392,23206700
2016-11-23,54.5409,53.9955,53.9955,21848900
2016-11-25,53.9062,54.1118,54.1118,8409600
2016-11-28,53.9419,54.1833,54.1833,20732600
2016-11-29,54.219,54.6124,54.6124,22366700
2016-11-30,54.4068,53.8704,53.8704,34655400
2016-12-01,53.7363,52.9228,52.9228,34542100
2016-12-02,52.8155,52.9675,52.9675,25515700
2016-12-05,53.3698,53.8346,53.8346,23552700
2016-12-06,54.0224,53.5933,53.5933,19907000
2016-12-07,53.6469,54.8627,54.8627,30809000
2016-12-08,54.8001,54.5409,54.5409,21220800
2016-12-09,54.6928,55.3991,55.3991,27349400
2016-12-12,55.265,55.5779,55.5779,20198100
2016-12-13,55.8729,56.302,56.302,35718900
2016-12-14,56.3199,56.0338,56.0338,30352700
2016-12-15,56.0517,55.9444,55.9444,27669900
2016-12-16,56.2752,55.6941,55.6941,42453100
2016-12-19,55.9265,56.8741,56.8741,34338200
2016-12-20,56.9367,56.8026,56.8026,26028400
2016-12-21,56.7043,56.8026,56.8026,17096300
2016-12-22,57.0708,56.8115,56.8115,22176600
2016-12-23,56.7221,56.5344,56.5344,12403800
2016-12-27,56.5076,56.5702,56.5702,11763200
2016-12-28,56.6774,56.3109,56.3109,14653300
2016-12-29,56.1947,56.2305,56.2305,10250600
2016-12-30,56.2841,55.551,55.551,25579900
2017-01-03,56.1321,55.9444,55.9444,20694100
2017-01-04,55.855,55.6941,55.6941,21340000
2017-01-05,55.5957,55.6941,55.6941,24876000
2017-01-06,55.6941,56.1768,56.1768,19922900
2017-01-09,56.1053,55.998,55.998,20382700
2017-01-10,56.0785,55.9801,55.9801,18593000
2017-01-11,55.9712,56.4897,56.4897,21517300
2017-01-12,56.3735,55.9712,55.9712,20968200
2017-01-13,55.9802,56.0517,56.0517,19422300
2017-01-17,56.0338,55.8997,55.8997,20664000
2017-01-18,56.0249,55.8729,55.8729,19670100
2017-01-19,55.6404,55.6941,55.6941,18451700
2017-01-20,56.0248,56.0874,56.0874,30213500
2017-01-23,56.0517,56.2841,56.2841,23097600
2017-01-24,56.4986,56.7847,56.7847,24672900
2017-01-25,57.1691,56.9278,56.9278,23672700
2017-01-26,57.3211,57.4552,57.4552,43554600
2017-01-27,58.4564,58.8051,58.8051,44818000
2017-01-30,58.7246,58.224,58.224,31651400
2017-01-31,57.9826,57.7949,57.7949,25270500
2017-02-01,57.5357,56.8384,56.8384,39671500
2017-02-02,56.5434,56.4718,56.4718,45827000
2017-02-03,56.7668,56.9278,56.9278,30301800
2017-02-06,56.7668,56.892,56.892,19796400
2017-02-07,56.9814,56.7043,56.7043,20277200
2017-02-08,56.8294,56.6238,56.6238,18096400
2017-02-09,56.7847,57.2675,57.2675,22644400
2017-02-10,57.4373,57.2138,57.2138,18170700
2017-02-13,57.4284,57.8575,57.8575,22920100
2017-02-14,57.9294,58.0733,58.0733,23108400
2017-02-15,58.0104,58.0374,58.0374,17005200
2017-02-16,58.2262,58.0284,58.0284,20546300
2017-02-17,57.9834,58.1183,58.1183,21248800
2017-02-21,58.1093,58.0014,58.0014,20655900
2017-02-22,57.8575,57.8845,57.8845,19292700
2017-02-23,57.9384,58.1183,58.1183,20273100
2017-02-24,58.0374,58.1183,58.1183,21796800
2017-02-27,58.0464,57.7676,57.7676,15871500
2017-02-28,57.6326,57.5427,57.5427,23239800
2017-03-01,57.6776,58.4061,58.4061,26937500
2017-03-02,58.1813,57.5697,57.5697,24539600
2017-03-03,57.5517,57.7855,57.7855,18135900
2017-03-06,57.5337,57.8035,57.8035,18750300
2017-03-07,57.7316,57.9204,57.9204,18521000
2017-03-08,57.7945,58.4511,58.4511,21510900
2017-03-09,58.631,58.2172,58.2172,19846800
2017-03-10,58.559,58.3971,58.3971,19538200
2017-03-13,58.4691,58.1992,58.1992,20100000
2017-03-14,58.0374,57.9294,57.9294,14280200
2017-03-15,58.0554,58.2352,58.2352,24833800
2017-03-16,58.2352,58.1363,58.1363,20674300
2017-03-17,58.3791,58.3432,58.3432,49219700
2017-03-20,58.3791,58.3971,58.3971,14598100
2017-03-21,58.631,57.7496,57.7496,26640500
2017-03-22,57.6686,58.487,58.487,20680000
2017-03-23,58.4061,58.3432,58.3432,19269200
2017-03-24,58.7838,58.4421,58.4421,22617100
2017-03-27,58.1273,58.55,58.55,18614700
2017-03-28,58.4241,58.7209,58.7209,20080400
2017-03-29,58.568,58.8828,58.8828,13618400
2017-03-30,58.8378,59.0986,59.0986,15122800
2017-03-31,59.0447,59.2336,59.2336,21040300
2017-04-03,59.1886,58.9548,58.9548,20400900
2017-04-04,58.8108,59.1166,59.1166,12997400
2017-04-05,59.6293,58.9637,58.9637,21448600
2017-04-06,58.9997,59.1166,59.1166,18103500
2017-04-07,59.2245,59.0716,59.0716,14108500
2017-04-10,59.0087,58.9367,58.9367,17952700
2017-04-11,58.9997,58.8918,58.8918,18791500
2017-04-12,58.8378,58.6669,58.6669,17108500
2017-04-13,58.7209,58.4151,58.4151,17896500
2017-04-17,58.4961,58.8918,58.8918,16689300
2017-04-18,58.7569,58.8108,58.8108,15155600
2017-04-19,59.0447,58.496,58.496,26992800
2017-04-20,58.8738,58.9098,58.9098,22299500
2017-04-21,59.0627,59.7192,59.7192,32522600
2017-04-24,60.6906,60.7355,60.7355,29770000
2017-04-25,61.0683,61.0863,61.0863,30242700
2017-04-26,61.2302,61.0053,61.0053,26190800
2017-04-27,61.2931,61.4011,61.4011,34971000
2017-04-28,61.9767,61.5719,61.5719,39548800
2017-05-01,61.7698,62.4264,62.4264,31954400
2017-05-02,62.6962,62.3274,62.3274,23906100
2017-05-03,62.3994,62.1296,62.1296,28928000
2017-05-04,62.0846,61.8867,61.8867,21749400
2017-05-05,61.9677,62.0576,62.0576,19128800
2017-05-08,62.0306,62.0036,62.0036,18566100
2017-05-09,61.9317,62.0936,62.0936,22858400
2017-05-10,62.0486,62.3364,62.3364,17977800
2017-05-11,61.482,61.5719,61.5719,28789400
2017-05-12,61.7068,61.5,61.5,18714100
2017-05-15,61.2841,61.545,61.545,31530300
2017-05-16,61.7168,62.7842,62.7842,34956000
2017-05-17,62.3138,61.0384,61.0384,30548800
2017-05-18,60.9661,61.2465,61.2465,25201300
2017-05-19,61.0565,61.2284,61.2284,26961100
2017-05-22,61.4093,61.9158,61.9158,16237600
2017-05-23,62.16,62.1238,62.1238,15425800
2017-05-24,62.2957,62.2053,62.2053,14593900
2017-05-25,62.3862,62.9741,62.9741,21854100
2017-05-26,63.137,63.2817,63.2817,19827900
2017-05-30,63.1279,63.6887,63.6887,17072800
2017-05-31,63.7973,63.1731,63.1731,30436400
2017-06-01,63.5349,63.4083,63.4083,21603600
2017-06-02,63.7158,64.9098,64.9098,34770300
2017-06-05,65.0998,65.3802,65.3802,33316800
2017-06-06,65.3983,65.5973,65.5973,31511100
2017-06-07,65.7059,65.4797,65.4797,22301800
2017-06-08,65.5883,65.0817,65.0817,24588300
2017-06-09,65.1631,63.6073,63.6073,49187400
2017-06-12,62.6394,63.1188,63.1188,47761700
2017-06-13,63.3359,63.9058,63.9058,25258600
2017-06-14,64.141,63.5621,63.5621,25510700
2017-06-15,62.6575,63.2274,63.2274,26068700
2017-06-16,63.0736,63.3179,63.3179,48345100
2017-06-19,63.7701,64.1048,64.1048,23798300
2017-06-20,64.0596,63.2365,63.2365,21512200
2017-06-21,63.5078,63.5621,63.5621,19891100
2017-06-22,63.8063,63.5531,63.5531,22965700
2017-06-23,63.3993,64.4123,64.4123,27617300
2017-06-26,64.5842,63.7973,63.7973,19607000
2017-06-27,63.4174,62.6033,62.6033,25215100
2017-06-28,62.6033,63.137,63.137,25806200
2017-06-29,62.757,61.952,61.952,28918700
2017-06-30,62.2143,62.35,62.35,24161100
2017-07-03,62.7118,61.6625,61.6625,16165500
2017-07-05,61.744,62.4857,62.4857,21176300
2017-07-06,61.753,62.0244,62.0244,21117600
2017-07-07,62.1419,62.8294,62.8294,16878300
2017-07-10,62.8294,63.2998,63.2998,15014500
2017-07-11,63.3179,63.3088,63.3088,17460000
2017-07-12,63.942,64.3581,64.3581,17750900
2017-07-13,64.6747,64.9189,64.9189,20269800
2017-07-14,65.344,65.8325,65.8325,25868100
2017-07-17,65.8506,66.3481,66.3481,21803900
2017-07-18,66.1129,66.3028,66.3028,26435300
2017-07-19,66.4838,66.8094,66.8094,22416200
2017-07-20,67.0988,67.135,67.135,42361000
2017-07-21,66.4385,66.7461,66.7461,46717100
2017-07-24,66.5109,66.5742,66.5742,21394800
2017-07-25,66.7551,67.1079,67.1079,22018700
2017-07-26,67.2436,66.9813,66.9813,16252200
2017-07-27,66.7189,66.1762,66.1762,36844200
2017-07-28,65.733,66.0677,66.0677,18306700
2017-07-31,66.3028,65.7601,65.7601,23600100
2017-08-01,66.1219,65.6516,65.6516,22132300
2017-08-02,65.6244,65.3621,65.3621,26499200
2017-08-03,65.2988,65.2626,65.2626,18214400
2017-08-04,65.4888,65.742,65.742,22579000
2017-08-07,65.8506,65.4888,65.4888,18705700
2017-08-08,65.2083,65.8415,65.8415,22044600
2017-08-09,65.3531,65.5521,65.5521,22213400
2017-08-10,65.0365,64.5933,64.5933,24734500
2017-08-11,64.7742,65.5792,65.5792,21443700
2017-08-14,66.0858,66.5652,66.5652,20096600
2017-08-15,66.9198,66.5834,66.5834,19181400
2017-08-16,66.6925,66.9744,66.9744,18150400
2017-08-17,66.9107,65.8377,65.8377,22977500
2017-08-18,65.7194,65.9195,65.9195,18761500
2017-08-21,65.9013,65.6103,65.6103,17734800
2017-08-22,65.7922,66.5288,66.5288,14343700
2017-08-23,66.3469,66.1287,66.1287,13766500
2017-08-24,66.1469,66.1014,66.1014,17098300
2017-08-25,66.256,66.2196,66.2196,12794300
2017-08-28,66.4379,66.2287,66.2287,14569700
2017-08-29,65.7013,66.4287,66.4287,11478400
2017-08-30,66.3924,67.3018,67.3018,16897800
2017-08-31,67.3199,67.9929,67.9929,27652800
2017-09-01,67.9383,67.2381,67.2381,21736200
2017-09-05,66.6925,66.938,66.938,21556000
2017-09-06,67.0562,66.747,66.747,16535800
2017-09-07,67.0016,67.6018,67.6018,17471200
2017-09-08,67.5927,67.2745,67.2745,14703800
2017-09-11,67.5746,67.9838,67.9838,17910400
2017-09-12,67.9838,67.911,67.911,14394900
2017-09-13,68.1383,68.393,68.393,13380800
2017-09-14,68.202,67.9929,67.9929,15733900
2017-09-15,68.0474,68.4839,68.4839,38578400
2017-09-18,68.4112,68.3475,68.3475,23307000
2017-09-19,68.393,68.6021,68.6021,16093300
2017-09-20,68.5203,68.1475,68.1475,21587900
2017-09-21,68.3021,67.4836,67.4836,19186100
2017-09-22,67.2836,67.6655,67.6655,14111400
2017-09-25,67.3745,66.6197,66.6197,24149200
2017-09-26,66.9926,66.6197,66.6197,18019600
2017-09-27,66.8834,67.1562,67.1562,19565100
2017-09-28,66.8744,67.1744,67.1744,10883800
2017-09-29,67.2381,67.7382,67.7382,17079100
2017-10-02,67.9383,67.8474,67.8474,15304800
2017-10-03,67.9019,67.5291,67.5291,12190400
2017-10-04,67.3745,67.9201,67.9201,13317700
2017-10-05,68.4021,69.0841,69.0841,21195300
2017-10-06,68.8113,69.1114,69.1114,13959800
2017-10-09,69.0841,69.3751,69.3751,11386500
2017-10-10,69.4114,69.3751,69.3751,13944500
2017-10-11,69.4388,69.4933,69.4933,15388900
2017-10-12,69.5569,70.1298,70.1298,16876500
2017-10-13,70.5573,70.4663,70.4663,15335700
2017-10-16,70.4027,70.6118,70.6118,12380100
2017-10-17,70.4481,70.5572,70.5572,16824000
2017-10-18,70.63,70.5754,70.5754,13300700
2017-10-19,70.5391,70.8483,70.8483,15092800
2017-10-20,71.2211,71.6667,71.6667,22866400
2017-10-23,71.8304,71.6849,71.6849,20627200
2017-10-24,71.7485,71.7122,71.7122,17517200
2017-10-25,71.4575,71.503,71.503,20410800
2017-10-26,72.0213,71.6212,71.6212,32120700
2017-10-27,76.7227,76.2135,76.2135,71066700
2017-10-30,76.1135,76.2862,76.2862,31756700
2017-10-31,76.7136,75.6406,75.6406,27086600
2017-11-01,76.0953,75.6406,75.6406,22307400
2017-11-02,75.7952,76.4317,76.4317,23992900
2017-11-03,76.459,76.5136,76.5136,17633500
2017-11-06,76.5681,76.8137,76.8137,19860900
2017-11-07,77.0865,76.6318,76.6318,17939700
2017-11-08,76.5136,76.8955,76.8955,18034200
2017-11-09,76.4863,76.4681,76.4681,21178400
2017-11-10,76.1953,76.268,76.268,19397800
2017-11-13,76.0771,76.3226,76.3226,14196900
2017-11-14,75.9316,76.4317,76.4317,18801300
2017-11-15,76.2855,75.8377,75.8377,19383100
2017-11-16,75.9473,76.0387,76.0387,20962800
2017-11-17,75.9656,75.3076,75.3076,22079000
2017-11-20,75.3076,75.4264,75.4264,16315000
2017-11-21,75.6183,76.514,76.514,21237500
2017-11-22,76.6145,75.9565,75.9565,20553100
2017-11-24,75.8651,76.0936,76.0936,7425600
2017-11-27,76.1392,76.651,76.651,18265200
2017-11-28,76.8338,77.5741,77.5741,21926000
2017-11-29,77.4187,76.1666,76.1666,27381100
2017-11-30,76.322,76.9252,76.9252,33054600
2017-12-01,76.4043,77.0075,77.0075,29532100
2017-12-04,77.1537,74.1012,74.1012,39094900
2017-12-05,74.3388,74.5673,74.5673,26152300
2017-12-06,74.5308,75.6549,75.6549,26162100
2017-12-07,75.4355,75.3898,75.3898,23184500
2017-12-08,76.4317,76.9161,76.9161,24489100
2017-12-11,77.0349,77.894,77.894,22857900
2017-12-12,77.9671,78.2139,78.2139,23924100
2017-12-13,78.3601,78.0037,78.0037,22062700
2017-12-14,78.0768,77.4005,77.4005,19306000
2017-12-15,77.9214,79.3746,79.3746,53936700
2017-12-18,79.6213,78.945,78.945,22283800
2017-12-19,78.9176,78.4424,78.4424,23524800
2017-12-20,78.7805,78.159,78.159,23674900
2017-12-21,78.6434,78.1408,78.1408,17990700
2017-12-22,78.0494,78.1499,78.1499,14145800
2017-12-26,77.9671,78.0494,78.0494,9891200
2017-12-27,78.2778,78.3327,78.3327,14678000
2017-12-28,78.5063,78.3418,78.3418,10594300
2017-12-29,78.2596,78.1773,78.1773,18717400
2018-01-02,78.7165,78.552,78.552,22483800
2018-01-03,78.6526,78.9176,78.9176,26061400
2018-01-04,79.1369,79.6122,79.6122,21912000
2018-01-05,80.1148,80.5992,80.5992,23407100
2018-01-08,80.6084,80.6815,80.6815,22113000
2018-01-09,81.0196,80.6267,80.6267,19484300
2018-01-10,80.2976,80.2611,80.2611,18652200
2018-01-11,80.5444,80.4987,80.4987,17808900
2018-01-12,81.0379,81.8879,81.8879,24271500
2018-01-16,82.3448,80.7455,80.7455,36599700
2018-01-17,81.4126,82.3814,82.3814,25621200
2018-01-18,82.0707,82.3448,82.3448,24159700
2018-01-19,82.3814,82.2534,82.2534,36875000
2018-01-22,82.2534,83.7248,83.7248,23601600
2018-01-23,83.9899,83.9899,83.9899,23412800
2018-01-24,84.5839,83.9168,83.9168,33277500
2018-01-25,84.5108,84.3829,84.3829,26383200
2018-01-26,85.1049,85.964,85.964,29172200
2018-01-29,86.951,85.836,85.836,31569900
2018-01-30,85.2694,84.7576,84.7576,38635100
2018-01-31,85.6806,86.8322,86.8322,48756300
2018-02-01,86.6311,86.1468,86.1468,47227900
2018-02-02,85.5801,83.8802,83.8802,47867800
2018-02-05,82.7652,80.4256,80.4256,51031500
2018-02-06,79.4111,83.469,83.469,67998600
2018-02-07,82.7013,81.897,81.897,41107600
2018-02-08,81.9884,77.693,77.693,55628700
2018-02-09,78.8719,80.5901,80.5901,63499100
2018-02-12,81.1019,81.4583,81.4583,35720300
2018-02-13,81.2755,82.0981,82.0981,26407700
2018-02-14,81.2717,83.3836,83.3836,34960900
2018-02-15,83.7509,85.0823,85.0823,27823900
2018-02-16,84.8894,84.4762,84.4762,30596900
2018-02-20,83.9988,85.1374,85.1374,30911700
2018-02-21,85.3761,84.008,84.008,26922500
2018-02-22,84.5222,84.2283,84.2283,24392800
2018-02-23,85.9454,86.3678,86.3678,26329200
2018-02-26,86.68,87.6166,87.6166,30199800
2018-02-27,87.9104,86.4963,86.4963,25869100
2018-02-28,87.084,86.1015,86.1015,31167300
2018-03-01,86.3035,85.2567,85.2567,37135600
2018-03-02,84.0906,85.4404,85.4404,32830400
2018-03-05,84.7884,85.9821,85.9821,23901600
2018-03-06,86.6249,85.6883,85.6883,22175800
2018-03-07,85.5414,86.1842,86.1842,26716100
2018-03-08,86.5606,86.7075,86.7075,25887800
2018-03-09,87.4972,88.645,88.645,36937300
2018-03-12,88.6083,88.8562,88.8562,26073700
2018-03-13,89.0674,86.6892,86.6892,35387800
2018-03-14,87.3411,86.1749,86.1749,32132000
2018-03-15,85.8811,86.478,86.478,27611000
2018-03-16,86.9371,86.8636,86.8636,49081300
2018-03-19,86.074,85.2935,85.2935,33344100
2018-03-20,85.4404,85.5138,85.5138,23075200
2018-03-21,85.3302,84.917,84.917,24457100
2018-03-22,83.806,82.447,82.447,38604700
2018-03-23,82.1807,80.0504,80.0504,44068900
2018-03-26,83.1999,86.1107,86.1107,56396800
2018-03-27,87.1758,82.1532,82.1532,56569000
2018-03-28,82.4746,82.0797,82.0797,52501100
2018-03-29,82.8051,83.8059,83.8059,45867500
2018-04-02,83.0714,81.2808,81.2808,48515400
2018-04-03,82.2542,82.3735,82.3735,37213800
2018-04-04,80.6656,84.7793,84.7793,35560000
2018-04-05,84.8803,84.8252,84.8252,29771900
2018-04-06,84.008,82.851,82.851,38026000
2018-04-09,83.5948,83.3469,83.3469,31533900
2018-04-10,84.8344,85.2843,85.2843,26812000
2018-04-11,84.4854,84.3477,84.3477,24872100
2018-04-12,84.8711,85.927,85.927,26758900
2018-04-13,86.3586,85.4679,85.4679,23346100
2018-04-16,86.377,86.4688,86.4688,20288100
2018-04-17,87.2309,88.2134,88.2134,26771000
2018-04-18,88.3511,88.5531,88.5531,21043300
2018-04-19,88.5532,88.2502,88.2502,23552500
2018-04-20,88.0665,87.2309,87.2309,31154400
2018-04-23,87.9104,87.5523,87.5523,22331800
2018-04-24,88.3695,85.5047,85.5047,34524800
2018-04-25,85.6699,84.7609,84.7609,33729300
2018-04-26,85.8995,86.5515,86.5515,42529000
2018-04-27,89.6183,87.9839,87.9839,48272800
2018-04-30,88.4522,85.872,85.872,41523600
2018-05-01,85.5873,87.2309,87.2309,31408900
2018-05-02,87.2217,85.8628,85.8628,27471000
2018-05-03,85.3577,86.377,86.377,31142500
2018-05-04,85.6883,87.3778,87.3778,22531300
2018-05-07,87.387,88.3511,88.3511,24242000
2018-05-08,88.0114,87.9747,87.9747,23484600
2018-05-09,88.1583,89.0123,89.0123,27327400
2018-05-10,89.4897,89.9029,89.9029,22388100
2018-05-11,89.8019,89.7101,89.7101,16778300
2018-05-14,89.9121,90.0131,90.0131,19454100
2018-05-15,89.2877,89.3612,89.3612,24594000
2018-05-16,89.7854,89.5918,89.5918,17384700
2018-05-17,89.2321,88.6972,88.6972,17246700
2018-05-18,88.5405,88.8632,88.8632,17865800
2018-05-21,89.4534,90.0067,90.0067,19422500
2018-05-22,90.0805,89.9145,89.9145,15441200
2018-05-23,89.186,90.9842,90.9842,21251200
2018-05-24,91.0488,90.6615,90.6615,26649300
2018-05-25,90.6523,90.7076,90.7076,18363900
2018-05-29,90.2281,90.3848,90.3848,28671000
2018-05-30,90.6615,91.2517,91.2517,22158500
2018-05-31,91.5653,91.1503,91.1503,34140900
2018-06-01,91.556,92.9486,92.9486,28655600
2018-06-04,93.382,93.7601,93.7601,27281600
2018-06-05,94.0644,94.2396,94.2396,23514400
2018-06-06,94.5071,94.5163,94.5163,21122900
2018-06-07,94.6638,93.0315,93.0315,28232200
2018-06-08,93.2252,93.7232,93.7232,22165100
2018-06-11,93.1514,93.1883,93.1883,23490900
2018-06-12,93.2344,93.4281,93.4281,18325200
2018-06-13,93.8062,93.0039,93.0039,29492900
2018-06-14,93.7416,93.5295,93.5295,25691800
2018-06-15,93.6125,92.3399,92.3399,65738600
2018-06-18,92.2292,93.0131,93.0131,23586000
2018-06-19,91.8972,93.0131,93.0131,28653100
2018-06-20,93.4834,93.9445,93.9445,26180800
2018-06-21,94.1382,93.2713,93.2713,23198200
2018-06-22,92.5981,92.5981,92.5981,38923100
2018-06-25,92.22,90.7353,90.7353,35433300
2018-06-26,91.1318,91.3716,91.3716,26897200
2018-06-27,91.8327,89.9514,89.9514,31298400
2018-06-28,89.8039,90.9566,90.9566,26650700
2018-06-29,91.2333,90.9381,90.9381,28053200
2018-07-02,90.4678,92.2292,92.2292,19564500
2018-07-03,92.6627,91.3439,91.3439,14670300
2018-07-05,91.7589,91.9987,91.9987,18977400
2018-07-06,92.1186,93.2898,93.2898,19234600
2018-07-09,93.7416,93.9261,93.9261,18212000
2018-07-10,94.0644,94.1751,94.1751,19293100
2018-07-11,93.2806,94.046,94.046,19644600
2018-07-12,94.7745,96.084,96.084,24335900
2018-07-13,96.25,97.2276,97.2276,24635200
2018-07-16,97.1999,96.748,96.748,21786900
2018-07-17,96.4714,97.7071,97.7071,25901700
2018-07-18,97.6979,96.9417,96.9417,29493900
2018-07-19,96.7665,96.2777,96.2777,40171600
2018-07-20,99.6714,98.0022,98.0022,56004000
2018-07-23,98.0299,99.5699,99.5699,29707000
2018-07-24,100.1233,99.2841,99.2841,26316600
2018-07-25,99.5607,102.2074,102.2074,30702100
2018-07-26,102.1245,101.0916,101.0916,31372100
2018-07-27,101.608,99.3025,99.3025,37005300
2018-07-30,98.8506,97.1722,97.1722,34668300
2018-07-31,98.2051,97.827,97.827,27655200
2018-08-01,97.7809,98.0114,98.0114,23628700
2018-08-02,97.1999,99.2011,99.2011,26104300
2018-08-03,99.4132,99.6345,99.6345,18659600
2018-08-06,99.7083,99.7175,99.7175,20265900
2018-08-07,100.114,100.4091,100.4091,16080200
2018-08-08,100.8241,100.9717,100.9717,15487500
2018-08-09,101.1746,101.1377,101.1377,13677200
2018-08-10,100.9071,100.5198,100.5198,18183700
2018-08-13,100.7412,99.7913,99.7913,18472500
2018-08-14,100.114,101.0362,101.0362,16788300
2018-08-15,100.4345,99.6661,99.6661,29982800
2018-08-16,100.2586,99.6476,99.6476,21384300
2018-08-17,99.3884,99.5921,99.5921,18061500
2018-08-20,99.5273,98.9348,98.9348,17914200
2018-08-21,98.9811,98.1109,98.1109,22881900
2018-08-22,97.9905,99.1107,99.1107,18000600
2018-08-23,99.194,99.5736,99.5736,18167700
2018-08-24,99.6754,100.3512,100.3512,17234000
2018-08-27,101.1566,101.4621,101.4621,19662300
2018-08-28,101.7768,102.0731,102.0731,19151500
2018-08-29,102.249,103.7024,103.7024,20818000
2018-08-30,103.3784,103.6376,103.6376,22798700
2018-08-31,103.3969,103.9894,103.9894,23222700
2018-09-04,102.6193,103.4154,103.4154,22634600
2018-09-05,102.7674,100.4345,100.4345,32872400
2018-09-06,100.2123,100.6659,100.6659,23477600
2018-09-07,100.1938,100.1753,100.1753,22498600
2018-09-10,100.7585,101.2584,101.2584,20727900
2018-09-11,100.8141,102.9803,102.9803,24301800
2018-09-12,103.1562,103.4154,103.4154,18891100
2018-09-13,103.795,104.5263,104.5263,26055600
2018-09-14,104.9429,104.9522,104.9522,19122300
2018-09-17,105.2484,103.8135,103.8135,20736500
2018-09-18,103.8598,104.804,104.804,22170900
2018-09-19,104.6559,103.4062,103.4062,21728400
2018-09-20,103.9431,105.1373,105.1373,23714500
2018-09-21,105.5354,105.7761,105.7761,71229700
2018-09-24,104.6374,106.1556,106.1556,27334500
2018-09-25,106.276,105.952,105.952,22668000
2018-09-26,105.9705,105.5169,105.5169,19352000
2018-09-27,106.2575,105.915,105.915,19091300
2018-09-28,105.7113,105.8779,105.8779,21647800
2018-10-01,106.2297,107.0258,107.0258,18883100
2018-10-02,106.7389,106.6,106.6,20787200
2018-10-03,106.85,106.6185,106.6185,16648000
2018-10-04,106.1001,104.4152,104.4152,34821700
2018-10-05,104.2671,103.8042,103.8042,29068900
2018-10-08,103.3691,102.6193,102.6193,29640600
2018-10-09,102.8878,103.9246,103.9246,26198600
2018-10-10,102.9803,98.2775,98.2775,61376300
2018-10-11,97.5276,98.0461,98.0461,63904300
2018-10-12,100.9159,101.4343,101.4343,47742100
2018-10-15,100.8233,99.6106,99.6106,32068100
2018-10-16,101.4065,102.7581,102.7581,31610200
2018-10-17,103.3876,102.4897,102.4897,26548200
2018-10-18,101.925,100.4438,100.4438,32506200
2018-10-19,100.8419,100.5919,100.5919,32785500
2018-10-22,101.2029,101.4899,101.4899,26545600
2018-10-23,99.768,100.0735,100.0735,43770400
2018-10-24,100.3604,94.7226,94.7226,63897800
2018-10-25,98.6386,100.2586,100.2586,61646800
2018-10-26,97.8424,99.0181,99.0181,55523100
2018-10-29,100.0827,96.139,96.139,55162000
2018-10-30,95.9631,96.0279,96.0279,65350900
2018-10-31,97.611,98.8793,98.8793,51062400
2018-11-01,99.1014,98.0553,98.0553,33384200
2018-11-02,98.5738,98.2775,98.2775,37680200
2018-11-05,98.472,99.5273,99.5273,27922100
2018-11-06,99.4069,99.7217,99.7217,24340200
2018-11-07,101.314,103.6469,103.6469,37901700
2018-11-08,103.4987,103.4525,103.4525,25644100
2018-11-09,102.6193,101.4343,101.4343,32039200
2018-11-12,101.2955,98.9348,98.9348,33621800
2018-11-13,99.5643,98.9996,98.9996,35374600
2018-11-14,100.5058,97.5957,97.5957,39495100
2018-11-15,97.6143,99.7434,99.7434,38505200
2018-11-16,99.5575,100.6825,100.6825,33502100
2018-11-19,100.6639,97.2703,97.2703,44773900
2018-11-20,94.6484,94.5647,94.5647,64052500
2018-11-21,96.3219,95.8663,95.8663,28130600
2018-11-23,94.9924,95.8292,95.8292,13823100
2018-11-26,97.4283,98.9903,98.9903,32336200
2018-11-27,98.8044,99.6132,99.6132,29124500
2018-11-28,100.3106,103.3137,103.3137,46788500
2018-11-29,102.5791,102.449,102.449,28123200
2018-11-30,102.9231,103.0998,103.0998,33665600
2018-12-03,105.0616,104.2155,104.2155,34732800
2018-12-04,104.076,100.8963,100.8963,45197000
2018-12-06,98.386,101.5192,101.5192,49107400
2018-12-07,100.7661,97.4562,97.4562,45044900
2018-12-10,97.4376,100.0316,100.0316,40801500
2018-12-11,102.0864,100.9614,100.9614,42381900
2018-12-12,103.0998,101.4169,101.4169,36183000
2018-12-13,101.8818,101.7609,101.7609,31333400
2018-12-14,100.6452,98.5812,98.5812,47043100
2018-12-17,98.0048,95.6618,95.6618,56957300
2018-12-18,96.4614,96.6659,96.6659,49319200
2018-12-19,96.3684,96.4056,96.4056,68198200
2018-12-20,95.8106,94.3788,94.3788,70334200
2018-12-21,94.4903,91.3292,91.3292,111242100
2018-12-24,90.8178,87.5172,87.5172,43935200
2018-12-26,88.4563,93.4955,93.4955,51634800
2018-12-27,92.324,94.072,94.072,49498500
2018-12-28,94.918,93.3374,93.3374,38196300
2018-12-31,94.1742,94.4345,94.4345,33173800
2019-01-02,92.5565,94.0162,94.0162,35329300
2019-01-03,93.0678,90.5575,90.5575,42579100
2019-01-04,92.7145,94.7692,94.7692,44060600
2019-01-07,94.4996,94.8901,94.8901,35656100
2019-01-08,95.8013,95.5781,95.5781,31514400
2019-01-09,96.5637,96.9448,96.9448,32280800
2019-01-10,95.9686,96.3219,96.3219,30067600
2019-01-11,95.9407,95.5781,95.5781,28314200
2019-01-14,94.7413,94.8808,94.8808,28437100
2019-01-15,95.3085,97.6329,97.6329,31587600
2019-01-16,97.8653,97.9769,97.9769,29853900
2019-01-17,97.6236,98.6649,98.6649,28393000
2019-01-18,99.9108,100.1432,100.1432,37427600
2019-01-22,99.2506,98.2558,98.2558,32371300
2019-01-23,98.6649,99.2135,99.2135,25874300
2019-01-24,99.3529,98.7393,98.7393,23164800
2019-01-25,99.7062,99.6411,99.6411,31225600
2019-01-28,98.795,97.6979,97.6979,29476700
2019-01-29,97.512,95.7083,95.7083,31490500
2019-01-30,97.2703,98.9066,98.9066,49471900
2019-01-31,96.5079,97.0936,97.0936,55636400
2019-02-01,96.4893,95.5595,95.5595,35535700
2019-02-04,95.6432,98.3116,98.3116,31315100
2019-02-05,98.6091,99.6876,99.6876,27325400
2019-02-06,99.4831,98.5812,98.5812,20609800
2019-02-07,97.8003,97.8746,97.8746,29760700
2019-02-08,97.0564,98.2465,98.2465,21461100
2019-02-11,98.7393,97.856,97.856,18914100
2019-02-12,98.6835,99.3808,99.3808,25056600
2019-02-13,99.948,99.3064,99.3064,18394900
2019-02-14,98.8416,99.3901,99.3901,21784700
2019-02-15,100.3291,100.6174,100.6174,26606900
2019-02-19,100.2176,100.5709,100.5709,18038500
2019-02-20,100.7109,100.048,100.048,21607700
2019-02-21,99.8146,102.1582,102.1582,29063200
2019-02-22,102.7558,103.6148,103.6148,27763200
2019-02-25,104.3525,104.1937,104.1937,23750600
2019-02-26,103.8856,104.9127,104.9127,21536700
2019-02-27,104.2871,104.7352,104.7352,21487100
2019-02-28,104.6139,104.6045,104.6045,29083900
2019-03-01,105.4075,105.0714,105.0714,23501200
2019-03-04,105.5289,104.8193,104.8193,26608000
2019-03-05,104.81,104.2964,104.2964,19538300
2019-03-06,104.4551,104.3431,104.3431,17687000
2019-03-07,104.0163,103.0732,103.0732,25339000
2019-03-08,101.9248,103.1853,103.1853,22818400
2019-03-11,103.6335,105.3515,105.3515,26491600
2019-03-12,105.3422,106.0892,106.0892,26132700
2019-03-13,106.5654,106.9108,106.9108,35513800
2019-03-14,106.9482,106.9949,106.9949,30763400
2019-03-15,107.6952,108.2274,108.2274,54681100
2019-03-18,108.4701,109.7774,109.7774,31207600
2019-03-19,110.2629,109.852,109.852,37588700
2019-03-20,109.6093,109.7307,109.7307,28113300
2019-03-21,109.3758,112.2517,112.2517,29854400
2019-03-22,111.5794,109.2918,109.2918,33624500
2019-03-25,108.8343,109.8614,109.8614,27067100
2019-03-26,110.7577,110.0948,110.0948,26097700
2019-03-27,110.0668,109.0304,109.0304,22733400
2019-03-28,109.656,109.1798,109.1798,18334800
2019-03-29,110.2442,110.1228,110.1228,25399800
2019-04-01,111.0659,111.1312,111.1312,22789100
2019-04-02,111.1686,111.29,111.29,18142300
2019-04-03,111.9156,112.0183,112.0183,22860700
2019-04-04,112.1397,111.4487,111.4487,20112800
2019-04-05,111.4767,111.9436,111.9436,15826200
2019-04-08,111.8689,111.9809,111.9809,15116200
2019-04-09,110.7671,111.374,111.374,17612000
2019-04-10,111.8222,112.2237,112.2237,16477200
2019-04-11,112.5505,112.3544,112.3544,14209100
2019-04-12,112.6438,112.9333,112.9333,19745100
2019-04-15,112.924,113.0267,113.0267,15792600
2019-04-16,113.5776,112.7652,112.7652,14071800
2019-04-17,113.2041,113.699,113.699,19300900
2019-04-18,114.0911,115.1929,115.1929,27991000
2019-04-22,114.4926,115.5571,115.5571,15648700
2019-04-23,115.8745,117.1257,117.1257,24025500
2019-04-24,117.4525,116.7242,116.7242,31257000
2019-04-25,121.4395,120.5898,120.5898,38033900
2019-04-26,121.1034,121.2808,121.2808,23654900
2019-04-29,121.2901,121.1687,121.1687,16324200
2019-04-30,121.206,121.9437,121.9437,24166500
2019-05-01,121.8783,119.404,119.404,26821700
2019-05-02,119.4974,117.8447,117.8447,27350200
2019-05-03,118.9184,120.3564,120.3564,24911100
2019-05-06,118.0127,119.6561,119.6561,24239800
2019-05-07,118.0781,117.2004,117.2004,36017700
2019-05-08,117.1257,117.1911,117.1911,28419000
2019-05-09,116.0519,117.1817,117.1817,27235800
2019-05-10,116.6309,118.7037,118.7037,30915100
2019-05-13,115.8839,115.1742,115.1742,33944900
2019-05-14,115.6598,116.4628,116.4628,25266300
2019-05-15,116.4534,118.1028,118.1028,24722700
2019-05-16,118.787,120.83,120.83,30112200
2019-05-17,120.249,120.024,120.024,25770500
2019-05-20,118.5714,118.2903,118.2903,23706900
2019-05-21,119.4243,118.9276,118.9276,15293300
2019-05-22,118.6651,119.6492,119.6492,15396500
2019-05-23,118.2715,118.2528,118.2528,23603800
2019-05-24,118.9369,118.309,118.309,14123400
2019-05-28,119.0025,118.234,118.234,23128400
2019-05-29,117.503,117.0907,117.0907,22763100
2019-05-30,117.3906,117.8311,117.8311,16829600
2019-05-31,116.4253,115.9098,115.9098,26646800
2019-06-03,116.0692,112.3111,112.3111,37983600
2019-06-04,113.6606,115.4225,115.4225,29382600
2019-06-05,117.1,117.9248,117.9248,24926100
2019-06-06,118.4964,119.7897,119.7897,21459000
2019-06-07,121.0737,123.1448,123.1448,33885600
2019-06-10,124.082,124.2694,124.2694,26477100
2019-06-11,125.469,123.8008,123.8008,23913700
2019-06-12,123.1448,123.2292,123.2292,17092500
2019-06-13,123.6884,124.0071,124.0071,17200800
2019-06-14,123.9508,124.1289,124.1289,17821700
2019-06-17,124.2975,124.5037,124.5037,14517800
2019-06-18,125.7596,126.6686,126.6686,25934500
2019-06-19,126.5187,127.1653,127.1653,23744400
2019-06-20,128.8147,128.3461,128.3461,33042600
2019-06-21,127.9994,128.3649,128.3649,36727900
2019-06-24,128.3931,129.1241,129.1241,20628800
2019-06-25,128.6273,125.0473,125.0473,33327400
2019-06-26,125.9095,125.5159,125.5159,23657700
2019-06-27,125.7127,125.7221,125.7221,16557500
2019-06-28,126.1157,125.544,125.544,30043000
2019-07-01,128.0463,127.1559,127.1559,22613500
2019-07-02,127.5683,127.9994,127.9994,15237800
2019-07-03,128.2055,128.8241,128.8241,13629300
2019-07-05,127.3996,128.4492,128.4492,18141100
2019-07-08,127.8307,128.3555,128.3555,16779700
2019-07-09,127.4558,127.8869,127.8869,19953100
2019-07-10,128.5148,129.1896,129.1896,24204400
2019-07-11,129.5176,129.705,129.705,22327900
2019-07-12,130.1268,130.1736,130.1736,18936800
2019-07-15,130.6797,130.1736,130.1736,16651500
2019-07-16,130.2298,128.4679,128.4679,22726100
2019-07-17,129.049,127.7089,127.7089,20211000
2019-07-18,127.0341,127.8495,127.8495,30381800
2019-07-19,131.4107,128.0369,128.0369,48992400
2019-07-22,128.7772,129.7331,129.7331,25074900
2019-07-23,130.9796,130.5392,130.5392,18034600
2019-07-24,130.1736,131.8793,131.8793,20738300
2019-07-25,131.6075,131.3826,131.3826,18356900
2019-07-26,131.5513,132.4604,132.4604,19037600
2019-07-29,132.6103,132.1698,132.1698,16605900
2019-07-30,131.3357,131.5326,131.5326,16846500
2019-07-31,131.5138,127.7089,127.7089,38598800
2019-08-01,128.393,129.3864,129.3864,40557500
2019-08-02,129.4146,128.2993,128.2993,30791600
2019-08-05,124.9255,123.904,123.904,42749600
2019-08-06,125.3941,126.2281,126.2281,32696700
2019-08-07,125.3847,126.7811,126.7811,33414500
2019-08-08,128.0182,130.1643,130.1643,27496500
2019-08-09,129.9019,129.0585,129.0585,23466700
2019-08-12,128.4586,127.259,127.259,20484300
2019-08-13,127.5028,129.8926,129.8926,25154600
2019-08-14,128.2188,125.9809,125.9809,32527300
2019-08-15,126.3664,125.6987,125.6987,28074400
2019-08-16,126.8271,128.0025,128.0025,24449100
2019-08-19,129.6198,130.1464,130.1464,24355700
2019-08-20,129.9584,129.0651,129.0651,21170800
2019-08-21,130.278,130.5037,130.5037,14970300
2019-08-22,130.3815,129.554,129.554,18697000
2019-08-23,128.9992,125.4261,125.4261,38508600
2019-08-26,126.9305,127.3631,127.3631,20312600
2019-08-27,128.247,127.6358,127.6358,23102100
2019-08-28,126.8272,127.4666,127.4666,17393300
2019-08-29,129.0556,129.8737,129.8737,20168700
2019-08-30,130.8421,129.6292,129.6292,23940100
2019-09-03,128.4538,127.9178,127.9178,18869300
2019-09-04,129.1027,129.413,129.413,17995900
2019-09-05,130.8046,131.6885,131.6885,26101800
2019-09-06,131.6696,130.7952,130.7952,20824500
2019-09-09,131.2559,129.3095,129.3095,25773900
2019-09-10,128.6325,127.9555,127.9555,28903400
2019-09-11,127.7956,127.9931,127.9931,24726100
2019-09-12,129.6198,129.3095,129.3095,27010000
2019-09-13,129.554,129.1215,129.1215,23363100
2019-09-16,127.7204,128.1906,128.1906,16731400
2019-09-17,128.7829,129.1873,129.1873,17814200
2019-09-18,129.1591,130.2498,130.2498,23982100
2019-09-19,131.9236,132.6476,132.6476,35772100
2019-09-20,132.5911,131.1149,131.1149,39167300
2019-09-23,130.9174,130.8328,130.8328,17139300
2019-09-24,131.9799,129.1779,129.1779,29773200
2019-09-25,129.2907,131.0396,131.0396,21382000
2019-09-26,131.1149,131.2089,131.2089,17456600
2019-09-27,131.7825,129.507,129.507,22477700
2019-09-30,129.8079,130.7294,130.7294,17280900
2019-10-01,131.3218,128.8864,128.8864,21466600
2019-10-02,128.1154,126.6109,126.6109,30521700
2019-10-03,126.893,128.1436,128.1436,24132900
2019-10-04,128.5855,129.8737,129.8737,22897700
2019-10-07,128.9522,128.9334,128.9334,15303700
2019-10-08,128.8958,127.57,127.57,25550500
2019-10-09,129.2531,129.9866,129.9866,19749900
2019-10-10,130.2216,130.7952,130.7952,17654600
2019-10-11,131.7543,131.3406,131.3406,25446000
2019-10-14,131.3499,131.2183,131.2183,13304300
2019-10-15,131.6979,133.1177,133.1177,19695700
2019-10-16,132.3843,132.027,132.027,20751600
2019-10-17,132.5347,131.35,131.35,21460600
2019-10-18,131.4158,129.2061,129.2061,32273500
2019-10-21,130.184,130.1652,130.1652,20078200
2019-10-22,130.673,128.2282,128.2282,27431000
2019-10-23,128.7077,129.0462,129.0462,29844600
2019-10-24,131.0678,131.585,131.585,37029300
2019-10-25,131.0209,132.3279,132.3279,25959700
2019-10-28,135.7788,135.5813,135.5813,35280100
2019-10-29,135.4779,134.3025,134.3025,20589500
2019-10-30,134.9513,135.9762,135.9762,18496600
2019-10-31,136.2489,134.8103,134.8103,24605100
2019-11-01,135.6471,135.1394,135.1394,33128400
2019-11-04,136.1831,135.9198,135.9198,16912000
2019-11-05,136.3147,135.8352,135.8352,18250200
2019-11-06,135.7506,135.4591,135.4591,16575800
2019-11-07,135.2522,135.6471,135.6471,17786700
2019-11-08,135.3838,137.2456,137.2456,16732700
2019-11-11,136.6626,137.3867,137.3867,14362600
2019-11-12,137.5465,138.2893,138.2893,18641600
2019-11-13,137.979,138.515,138.515,16919200
2019-11-14,138.2423,139.2202,139.2202,19729800
2019-11-15,140.0383,141.0162,141.0162,23485700
2019-11-18,141.1102,141.3641,141.3641,21534000
2019-11-19,141.8719,141.4111,141.4111,23935700
2019-11-20,141.8169,141.1659,141.1659,25696800
2019-11-21,140.9583,141.0338,141.0338,18576100
2019-11-22,141.5904,141.1375,141.1375,15901800
2019-11-25,141.5244,142.6849,142.6849,22420900
2019-11-26,142.8075,143.4397,143.4397,24620100
2019-11-27,143.7227,143.7133,143.7133,15184400
2019-11-29,143.5056,142.8263,142.8263,11977300
2019-12-02,143.2321,141.0998,141.0998,27418400
2019-12-03,139.1562,140.8734,140.8734,24066000
2019-12-04,141.6565,141.3828,141.3828,17574700
2019-12-05,141.5715,141.4583,141.4583,17869100
2019-12-06,142.4584,143.1755,143.1755,16403500
2019-12-09,142.5339,142.8075,142.8075,16687400
2019-12-10,142.7414,142.5905,142.5905,16476100
2019-12-11,142.9773,143.1283,143.1283,18856600
2019-12-12,143.0811,144.5813,144.5813,24612100
2019-12-13,144.3548,145.7984,145.7984,23845400
2019-12-16,146.3456,146.7419,146.7419,24144200
2019-12-17,146.6664,145.9494,145.9494,25425600
2019-12-18,145.5814,145.6474,145.6474,24129200
2019-12-19,145.2983,146.9117,146.9117,24958900
2019-12-20,148.459,148.5157,148.5157,53477500
2019-12-23,149.1855,148.5157,148.5157,17718200
2019-12-24,148.5817,148.4874,148.4874,8989200
2019-12-26,148.6571,149.7044,149.7044,14520600
2019-12-27,150.4404,149.9781,149.9781,18412800
2019-12-30,150.0064,148.6855,148.6855,16348400
2019-12-31,147.9118,148.7892,148.7892,18369400
2020-01-02,149.8082,151.5443,151.5443,22622100
2020-01-03,149.3742,149.6573,149.6573,21116200
2020-01-06,148.2043,150.0441,150.0441,20813700
2020-01-07,150.3178,148.6761,148.6761,21634100
2020-01-08,149.9497,151.0442,151.0442,27746500
2020-01-09,152.6954,152.9312,152.9312,21385000
2020-01-10,153.62,152.2236,152.2236,20725900
2020-01-13,152.6198,154.054,154.054,21626500
2020-01-14,154.1577,152.9689,152.9689,23477400
2020-01-15,153.4312,153.9596,153.9596,21417900
2020-01-16,155.0635,156.7807,156.7807,23865400
2020-01-17,157.96,157.6581,157.6581,34371700
2020-01-21,157.2619,157.092,157.092,29517200
2020-01-22,157.9412,156.3372,156.3372,24138800
2020-01-23,156.7996,157.2996,157.2996,19680800
2020-01-24,158.0449,155.7145,155.7145,24918100
2020-01-27,152.0443,153.1105,153.1105,32078100
2020-01-28,154.5257,156.1108,156.1108,24899900
2020-01-29,158.3563,158.545,158.545,34754500
2020-01-30,164.2154,163.0172,163.0172,51597500
2020-01-31,162.4794,160.6113,160.6113,36142700
2020-02-03,160.8,164.5268,164.5268,30107000
2020-02-04,167.1308,169.9424,169.9424,36433300
2020-02-05,173.6315,169.7348,169.7348,39186300
2020-02-06,170.7444,173.2541,173.2541,27751400
2020-02-07,172.5181,173.4994,173.4994,33529100
2020-02-10,173.2069,178.0376,178.0376,35844300
2020-02-11,179.8774,174.0183,174.0183,53159900
2020-02-12,175.0939,174.2731,174.2731,47062900
2020-02-13,172.7352,173.3296,173.3296,35295800
2020-02-14,172.8956,174.8769,174.8769,23149500
2020-02-18,175.1222,176.6507,176.6507,27792200
2020-02-19,177.9184,177.1805,177.1805,29997500
2020-02-20,176.8683,174.4747,174.4747,36862400
2020-02-21,173.2921,168.9591,168.9591,48572600
2020-02-24,158.7226,161.6744,161.6744,68311100
2020-02-25,164.8059,159.0065,159.0065,68073300
2020-02-26,160.558,160.9932,160.9932,56206100
2020-02-27,154.5126,149.6498,149.6498,93174900
2020-02-28,144.1909,153.2732,153.2732,97012700
2020-03-02,156.3953,163.4719,163.4719,71030800
2020-03-03,164.4275,155.6384,155.6384,71677000
2020-03-04,159.4038,161.3527,161.3527,49814400
2020-03-05,157.0954,157.3035,157.3035,47817300
2020-03-06,153.8409,152.857,152.857,72821100
2020-03-09,142.857,142.4975,142.4975,70419300
2020-03-10,149.6309,152.242,152.242,65354400
2020-03-11,148.6564,145.3452,145.3452,56371600
2020-03-12,137.4644,131.5609,131.5609,93226400
2020-03-13,139.5457,150.2647,150.2647,92727400
2020-03-16,132.4502,128.1172,128.1172,87905900
2020-03-17,132.4502,138.6659,138.6659,81059800
2020-03-18,130.558,132.8286,132.8286,81593200
2020-03-19,135.0708,135.014,135.014,85922700
2020-03-20,138.1266,129.9431,129.9431,84866200
2020-03-23,129.6214,128.6469,128.6469,78975200
2020-03-24,135.9979,140.3404,140.3404,82516700
2020-03-25,140.8797,138.997,138.997,75638200
2020-03-26,140.3972,147.6914,147.6914,64568100
2020-03-27,143.5666,141.6271,141.6271,57042300
2020-03-30,144.2193,151.5892,151.5892,63420300
2020-03-31,150.804,149.2051,149.2051,77927200
2020-04-01,144.7491,143.9071,143.9071,57969900
2020-04-02,143.6706,146.8872,146.8872,49630700
2020-04-03,146.7359,145.5343,145.5343,41243300
2020-04-06,151.6744,156.3575,156.3575,67111700
2020-04-07,160.4444,154.6734,154.6734,62769000
2020-04-08,156.7359,156.225,156.225,48318200
2020-04-09,157.3887,156.2345,156.2345,51385100
2020-04-13,155.487,156.5845,156.5845,41905300
2020-04-14,159.8863,164.3328,164.3328,52874300
2020-04-15,161.9677,162.611,162.611,40940800
2020-04-16,164.9005,167.4927,167.4927,50479600
2020-04-17,169.82,168.9686,168.9686,52765600
2020-04-20,167.1048,165.6195,165.6195,36669600
2020-04-21,164.1436,158.7699,158.7699,56203700
2020-04-22,162.1474,164.1625,164.1625,34620200
2020-04-23,164.7207,162.1758,162.1758,32790800
2020-04-24,162.7812,165.137,165.137,34277600
2020-04-27,167.067,164.664,164.664,33194400
2020-04-28,166.1209,160.6526,160.6526,34392700
2020-04-29,163.8787,167.8617,167.8617,51286600
2020-04-30,170.2931,169.5457,169.5457,53875900
2020-05-01,166.3196,165.1559,165.1559,39370500
2020-05-04,165.0802,169.1956,169.1956,30372900
2020-05-05,170.8796,171.0121,171.0121,36839200
2020-05-06,172.2609,172.6961,172.6961,32139300
2020-05-07,174.2382,173.6989,173.6989,28316000
2020-05-08,175.0045,174.7207,174.7207,30877800
2020-05-11,173.2732,176.6696,176.6696,30892700
2020-05-12,176.7264,172.6678,172.6678,32038200
2020-05-13,172.7056,170.0566,170.0566,44711500
2020-05-14,167.9657,170.7945,170.7945,41873900
2020-05-15,169.4038,173.2827,173.2827,46610400
2020-05-18,175.733,174.9383,174.9383,35264500
2020-05-19,175.0518,173.7273,173.7273,26799100
2020-05-20,175.3306,176.137,176.137,31261300
2020-05-21,175.8904,174.0214,174.0214,29119500
2020-05-22,173.7937,174.0973,174.0973,20826900
2020-05-26,176.7822,172.2569,172.2569,36073600
2020-05-27,170.9571,172.4845,172.4845,39517100
2020-05-28,171.4694,172.0955,172.0955,33810200
2020-05-29,173.3573,173.8507,173.8507,42130400
2020-06-01,173.1771,173.4522,173.4522,22622400
2020-06-02,174.7994,175.4255,175.4255,30794600
2020-06-03,175.3402,175.8525,175.8525,27311000
2020-06-04,174.8468,173.5376,173.5376,28761800
2020-06-05,173.253,177.5981,177.5981,39893600
2020-06-08,176.4027,178.6986,178.6986,33211600
2020-06-09,178.357,180.0647,180.0647,29783900
2020-06-10,181.3265,186.7436,186.7436,43872300
2020-06-11,183.2239,176.7158,176.7158,52854700
2020-06-12,180.7668,178.1104,178.1104,43373600
2020-06-15,175.1124,179.2488,179.2488,32770200
2020-06-16,182.9962,183.6413,183.6413,42556700
2020-06-17,185.0264,184.2769,184.2769,25687800
2020-06-18,184.0493,186.2503,186.2503,23061600
2020-06-19,188.4038,185.1403,185.1403,44441100
2020-06-22,185.7475,190.2823,190.2823,32818900
2020-06-23,191.7243,191.5535,191.5535,30917400
2020-06-24,191.2594,187.6923,187.6923,36740600
2020-06-25,187.6544,190.0641,190.0641,27803900
2020-06-26,189.4853,186.2597,186.2597,54675800
2020-06-29,185.738,188.2616,188.2616,26701600
2020-06-30,187.7303,193.0715,193.0715,34310300
2020-07-01,192.7205,194.2005,194.2005,32061200
2020-07-02,195.1302,195.6804,195.6804,29315800
2020-07-06,198.1186,199.8927,199.8927,31897600
2020-07-07,199.6555,197.5683,197.5683,33600700
2020-07-08,199.295,201.9135,201.9135,33600000
2020-07-09,205.2339,203.327,203.327,33121700
2020-07-10,202.6629,202.7104,202.7104,26177600
2020-07-13,203.4788,196.4489,196.4489,38135600
2020-07-14,195.5571,197.6633,197.6633,37591800
2020-07-15,198.8112,197.3691,197.3691,32179400
2020-07-16,194.8645,193.4604,193.4604,29940700
2020-07-17,193.9822,192.4738,192.4738,31635300
2020-07-20,194.4851,200.7466,200.7466,36884800
2020-07-21,202.7009,198.0427,198.0427,37990400
2020-07-22,198.4696,200.8888,200.8888,49605700
2020-07-23,196.5627,192.1512,192.1512,67457000
2020-07-24,190.14,190.9749,190.9749,39827000
2020-07-27,191.1361,193.394,193.394,30160900
2020-07-28,193.1664,191.6579,191.6579,23251400
2020-07-29,192.1133,193.5933,193.5933,19632600
2020-07-30,190.6902,193.4415,193.4415,25079600
2020-07-31,193.9158,194.4945,194.4945,51044000
2020-08-03,200.6706,205.4331,205.4331,78983000
2020-08-04,203.1847,202.3499,202.3499,49280100
2020-08-05,203.8772,202.0178,202.0178,28806400
2020-08-06,201.4485,205.2529,205.2529,32656800
2020-08-07,203.8298,201.5814,201.5814,27820400
2020-08-10,200.8129,197.5683,197.5683,36716500
2020-08-11,196.5343,192.9482,192.9482,36446500
2020-08-12,194.7602,198.4601,198.4601,28013100
2020-08-13,198.6973,197.9952,197.9952,22588900
2020-08-14,198.0522,198.185,198.185,17958900
2020-08-17,198.8491,199.4942,199.4942,20184800
2020-08-18,199.7314,200.6422,200.6422,21336200
2020-08-19,201.1272,199.4249,199.4249,27627600
2020-08-20,199.2727,204.0658,204.0658,26981500
2020-08-21,203.381,202.5822,202.5822,36249300
2020-08-24,204.2655,203.2194,203.2194,25460100
2020-08-25,202.6583,205.8632,205.8632,23043700
2020-08-26,207.2041,210.3138,210.3138,39600800
2020-08-27,211.9686,215.4778,215.4778,57602200
2020-08-28,216.9994,217.6936,217.6936,26292900
2020-08-31,215.8772,214.4792,214.4792,28774200
2020-09-01,214.4602,216.134,216.134,25725500
2020-09-02,216.7997,220.2993,220.2993,34080800
2020-09-03,218.036,206.6525,206.6525,58400300
2020-09-04,204.5603,203.752,203.752,59664100
2020-09-08,196.3817,192.7299,192.7299,52924300
2020-09-09,197.4278,200.9369,200.9369,45679000
2020-09-10,202.9436,195.307,195.307,35461500
2020-09-11,197.0474,194.0327,194.0327,33620100
2020-09-14,194.2324,195.3451,195.3451,30375800
2020-09-15,198.2076,198.5499,198.5499,21823900
2020-09-16,200.2998,195.0027,195.0027,26328100
2020-09-17,190.2477,192.9676,192.9676,34011300
2020-09-18,192.863,190.571,190.571,55225300
2020-09-21,187.5279,192.6157,192.6157,39839700
2020-09-22,195.0122,197.2566,197.2566,33517100
2020-09-23,197.7131,190.7613,190.7613,30803800
2020-09-24,190.0575,193.2339,193.2339,31202500
2020-09-25,193.5762,197.637,197.637,29437300
2020-09-28,200.5471,199.1776,199.1776,32004900
2020-09-29,199.092,197.1044,197.1044,24221900
2020-09-30,197.5514,200.024,200.024,33829100
2020-10-01,203.0292,202.0497,202.0497,27158400
2020-10-02,197.8082,196.0869,196.0869,33154800
2020-10-05,197.0664,200.0715,200.0715,21331600
2020-10-06,198.588,195.8206,195.8206,28554300
2020-10-07,196.9143,199.5485,199.5485,25681100
2020-10-08,200.1952,200.2618,200.2618,19925800
2020-10-09,200.8799,205.2355,205.2355,26458000
2020-10-12,208.0695,210.5516,210.5516,40461400
2020-10-13,211.807,211.9401,211.9401,28950800
2020-10-14,212.0732,210.0381,210.0381,23421700
2020-10-15,206.4623,208.8969,208.8969,22733100
2020-10-16,209.3628,208.8969,208.8969,26057900
2020-10-19,209.6196,203.7234,203.7234,27625800
2020-10-20,205.226,204.1323,204.1323,22753500
2020-10-21,202.6773,204.275,204.275,22724900
2020-10-22,203.4476,204.3605,204.3605,22351500
2020-10-23,204.4937,205.6349,205.6349,18879600
2020-10-26,203.3716,199.7863,199.7863,37111600
2020-10-27,201.2223,202.8009,202.8009,36700300
2020-10-28,197.4943,192.7488,192.7488,51195600
2020-10-29,194.0708,194.6889,194.6889,31432600
2020-10-30,193.5287,192.5492,192.5492,36953700
2020-11-02,194.28,192.416,192.416,30842200
2020-11-03,193.8996,196.3151,196.3151,27512000
2020-11-04,203.5332,205.7871,205.7871,42311800
2020-11-05,211.1602,212.349,212.349,36080100
2020-11-06,211.3694,212.7579,212.7579,25231900
2020-11-09,213.4426,207.6891,207.6891,44395000
2020-11-10,203.9897,200.6707,200.6707,44045100
2020-11-11,201.9831,205.9392,205.9392,29440800
2020-11-12,206.5669,204.8836,204.8836,21593900
2020-11-13,205.7585,205.9012,205.9012,18621100
2020-11-16,204.3416,206.5859,206.5859,24953300
2020-11-17,205.5113,203.9516,203.9516,24154100
2020-11-18,203.7133,201.2628,201.2628,28372800
2020-11-19,201.5489,202.5405,202.5405,24792700
2020-11-20,202.3307,200.6049,200.6049,22843100
2020-11-23,201.1388,200.3379,200.3379,25683500
2020-11-24,199.8421,203.9135,203.9135,33979700
2020-11-25,205.1054,203.923,203.923,21012900
2020-11-27,204.8574,205.2198,205.2198,14512200
2020-11-30,204.1424,204.1138,204.1138,33064800
2020-12-01,204.5333,206.1542,206.1542,30904500
2020-12-02,204.8861,205.3533,205.3533,23724500
2020-12-03,204.6286,204.2758,204.2758,25120900
2020-12-04,204.2568,204.3902,204.3902,24666000
2020-12-07,204.3998,204.3235,204.3235,24620000
2020-12-08,204.0184,205.9635,205.9635,23284100
2020-12-09,205.153,201.9493,201.9493,32440600
2020-12-10,201.9207,200.7289,200.7289,26733300
2020-12-11,200.2807,203.3414,203.3414,30979400
2020-12-14,203.1889,204.2377,204.2377,28798400
2020-12-15,205.1626,204.1709,204.1709,27000600
2020-12-16,204.7621,209.0815,209.0815,35023300
2020-12-17,209.644,209.2149,209.2149,32515800
2020-12-18,208.4235,208.4235,208.4235,63354900
2020-12-21,207.4319,212.2375,212.2375,37181900
2020-12-22,212.3328,213.5247,213.5247,22612200
2020-12-23,212.7333,210.7405,210.7405,18699600
2020-12-24,211.1219,212.3901,212.3901,10550600
2020-12-28,214.011,214.4973,214.4973,17933500
2020-12-29,215.7845,213.7249,213.7249,17403200
2020-12-30,214.7547,211.3698,211.3698,20272300
2020-12-31,211.3889,212.0754,212.0754,20942100
2021-01-04,212.1803,207.5654,207.5654,37130100
2021-01-05,207.1553,207.7656,207.7656,23823000
2021-01-06,202.3021,202.3784,202.3784,35930700
2021-01-07,204.0851,208.1375,208.1375,27694500
2021-01-08,208.5093,209.4056,209.4056,22956200
2021-01-11,208.3091,207.3747,207.3747,23031300
2021-01-12,206.4307,204.9337,204.9337,23249300
2021-01-13,204.0661,206.2782,206.2782,20087100
2021-01-14,205.8682,203.1126,203.1126,29480800
2021-01-15,203.5894,202.7598,202.7598,31746500
2021-01-19,203.8086,206.3735,206.3735,30480900
2021-01-20,207.5749,213.9061,213.9061,37777300
2021-01-21,214.2494,214.5068,214.5068,30709400
2021-01-22,216.5187,215.4412,215.4412,30172700
2021-01-25,218.4638,218.8547,218.8547,33152100
2021-01-26,221.0764,221.5245,221.5245,49169600
2021-01-27,226.9308,222.0679,222.0679,69870600
2021-01-28,224.6519,227.8175,227.8175,49111200
2021-01-29,225.0142,221.1717,221.1717,42503100
2021-02-01,224.1275,228.504,228.504,33314200
2021-02-02,230.0773,228.3706,228.3706,25916300
2021-02-03,228.4278,231.6982,231.6982,27158100
2021-02-04,231.3741,230.7543,230.7543,25296100
2021-02-05,230.964,230.9354,230.9354,18054800
2021-02-08,231.8412,231.1929,231.1929,22211900
2021-02-09,230.6208,232.4324,232.4324,23565000
2021-02-10,233.6052,231.5266,231.5266,22186700
2021-02-11,233.3954,233.1189,233.1189,15751100
2021-02-12,232.585,233.5957,233.5957,16561100
2021-02-16,233.6338,232.3657,232.3657,26728500
2021-02-17,230.6264,233.3787,233.3787,21653500
2021-02-18,231.085,232.9868,232.9868,16925600
2021-02-19,232.9487,230.2919,230.2919,25262600
2021-02-22,226.8991,224.1181,224.1181,36446900
2021-02-23,220.1234,222.9331,222.9331,30228700
2021-02-24,219.8175,224.1563,224.1563,26339700
2021-02-25,221.7958,218.8427,218.8427,39542200
2021-02-26,221.2701,222.0825,222.0825,37819200
2021-03-01,225.4465,226.4404,226.4404,25324000
2021-03-02,226.5073,223.5064,223.5064,22812500
2021-03-03,221.8723,217.4761,217.4761,34029500
2021-03-04,216.6924,216.6828,216.6828,44727800
2021-03-05,219.3492,221.337,221.337,41872800
2021-03-08,221.1172,217.3136,217.3136,35267400
2021-03-09,222.5603,223.4204,223.4204,33080500
2021-03-10,226.4978,222.1207,222.1207,29746800
2021-03-11,224.5482,226.622,226.622,29907600
2021-03-12,223.6402,225.3031,225.3031,22653700
2021-03-15,224.5482,224.4048,224.4048,26034900
2021-03-16,225.8097,227.1763,227.1763,28092200
2021-03-17,225.6854,226.536,226.536,29562100
2021-03-18,222.2545,220.496,220.496,34833000
2021-03-19,220.7827,220.1424,220.1424,46430700
2021-03-22,220.066,225.5325,225.5325,30127000
2021-03-23,226.9661,227.0521,227.0521,31638400
2021-03-24,227.3101,225.026,225.026,25620100
2021-03-25,224.8731,222.0443,222.0443,34061900
2021-03-26,221.2893,226.0008,226.0008,25479900
2021-03-29,226.1059,224.8158,224.8158,25227500
2021-03-30,223.1815,221.576,221.576,24792000
2021-03-31,222.589,225.3223,225.3223,43623500
2021-04-01,227.9026,231.6106,231.6106,30338000
2021-04-05,232.0025,238.0329,238.0329,36910600
2021-04-06,236.6376,236.8765,236.8765,22931900
2021-04-07,236.8287,238.8261,238.8261,22719800
2021-04-08,241.569,242.0277,242.0277,23625200
2021-04-09,241.6645,244.5124,244.5124,24326800
2021-04-12,243.4229,244.5697,244.5697,27148700
2021-04-13,245.86,247.0354,247.0354,23837500
2021-04-14,246.0702,244.2639,244.2639,23070900
2021-04-15,246.5002,248.0006,248.0006,25627500
2021-04-16,247.9721,249.1858,249.1858,24878600
2021-04-19,248.6601,247.2744,247.2744,23209300
2021-04-20,246.3952,246.8157,246.8157,19722900
2021-04-21,247.4655,249.0329,249.0329,24030400
2021-04-22,248.6792,245.7739,245.7739,25606200
2021-04-23,246.4525,249.5776,249.5776,21462600
2021-04-26,250.065,249.9599,249.9599,19763300
2021-04-27,249.9886,250.3613,250.3613,31014200
2021-04-28,244.7322,243.2796,243.2796,46903100
2021-04-29,244.1397,241.3204,241.3204,40589000
2021-04-30,238.6732,241.0051,241.0051,30945100
2021-05-03,242.171,240.6992,240.6992,19626600
2021-05-04,239.8487,236.8096,236.8096,32756100
2021-05-05,238.0233,235.5481,235.5481,21901300
2021-05-06,235.529,238.6636,238.6636,26491100
2021-05-07,240.9764,241.2727,241.2727,27032900
2021-05-10,239.7531,236.2266,236.2266,29299900
2021-05-11,233.7132,235.3187,235.3187,33641600
2021-05-12,231.4387,228.4091,228.4091,36684400
2021-05-13,231.0851,232.2606,232.2606,29624300
2021-05-14,234.6975,237.1537,237.1537,23901100
2021-05-17,235.6245,234.3152,234.3152,24970200
2021-05-18,235.3569,232.3083,232.3083,20168000
2021-05-19,229.2335,232.8831,232.8831,25739800
2021-05-20,233.6877,236.1016,236.1016,21800700
2021-05-21,237.1457,234.8467,234.8467,21863100
2021-05-24,237.3564,240.2205,240.2205,21411500
2021-05-25,241.1689,241.121,241.121,17704300
2021-05-26,240.8432,240.9007,240.9007,17771600
2021-05-27,240.5941,238.8124,238.8124,24426200
2021-05-28,240.4312,239.1668,239.1668,18270200
2021-06-01,240.6516,236.9829,236.9829,23213300
2021-06-02,237.6821,236.8871,236.8871,19406700
2021-06-03,234.8947,235.364,235.364,25307700
2021-06-04,237.3277,240.2301,240.2301,25281100
2021-06-07,239.4542,243.1229,243.1229,23079200
2021-06-08,244.4161,241.9352,241.9352,22455000
2021-06-09,243.123,242.9122,242.9122,17937600
2021-06-10,243.5827,246.4085,246.4085,24563600
2021-06-11,247.1269,247.0312,247.0312,18999700
2021-06-14,247.0407,248.9469,248.9469,19150500
2021-06-15,248.832,247.4813,247.4813,18038900
2021-06-16,248.4776,246.5426,246.5426,27220000
2021-06-17,245.2878,249.9144,249.9144,27565500
2021-06-18,248.6979,248.5063,248.5063,37202200
2021-06-21,248.8799,251.5715,251.5715,26696100
2021-06-22,251.6577,254.3303,254.3303,24694100
2021-06-23,254.7901,254.1004,254.1004,19518700
2021-06-24,254.9529,255.4606,255.4606,21446900
2021-06-25,255.02,253.861,253.861,25611100
2021-06-28,254.9816,257.4051,257.4051,19590000
2021-06-29,257.5489,259.9724,259.9724,19937800
2021-06-30,259.2922,259.4933,259.4933,21656500
2021-07-01,258.2577,260.1639,260.1639,16725300
2021-07-02,261.3325,265.9591,265.9591,26458000
2021-07-06,266.3231,265.9687,265.9687,31565600
2021-07-07,267.6355,268.1432,268.1432,23260000
2021-07-08,265.2406,265.7387,265.7387,24618600
2021-07-09,264.1104,266.2369,266.2369,23916700
2021-07-12,267.4055,265.643,265.643,18931700
2021-07-13,265.8346,269.1489,269.1489,26120100
2021-07-14,270.4612,270.6144,270.6144,23113700
2021-07-15,270.1259,269.1968,269.1968,22604200
2021-07-16,270.193,268.9286,268.9286,26186800
2021-07-19,267.1852,265.3461,265.3461,32935600
2021-07-20,266.3231,267.5588,267.5588,26259700
2021-07-21,267.1564,269.5512,269.5512,24364300
2021-07-22,271.8884,274.0916,274.0916,23384100
2021-07-23,275.2698,277.473,277.473,22768100
2021-07-26,276.8312,276.8791,276.8791,23176100
2021-07-27,277.2431,274.4748,274.4748,33604100
2021-07-28,276.8216,274.1683,274.1683,33566900
2021-07-29,274.1874,274.4365,274.4365,18168300
2021-07-30,273.1625,272.9134,272.9134,20944800
2021-08-02,274.3023,272.8272,272.8272,16267400
2021-08-03,273.4021,275.0305,275.0305,17879000
2021-08-04,274.1683,274.4461,274.4461,16191300
2021-08-05,274.8005,277.3293,277.3293,13900200
2021-08-06,276.362,277.2719,277.2719,16589300
2021-08-09,277.5496,276.1894,276.1894,16117600
2021-08-10,276.6396,274.3789,274.3789,18616600
2021-08-11,275.1166,274.8676,274.8676,13955900
2021-08-12,274.5609,277.607,277.607,14561300
2021-08-13,277.291,280.5191,280.5191,18249000
2021-08-16,280.8448,282.1954,282.1954,22507600
2021-08-17,280.0785,280.7394,280.7394,20075300
2021-08-18,280.2788,279.0215,279.0215,21813000
2021-08-19,277.0637,284.8183,284.8183,29850500
2021-08-20,287.6495,292.1026,292.1026,40817600
2021-08-23,291.0373,292.381,292.381,22830200
2021-08-24,292.736,290.4326,290.4326,18175800
2021-08-25,292.045,289.8473,289.8473,20006100
2021-08-26,288.8683,287.0449,287.0449,17666100
2021-08-27,286.9489,287.6495,287.6495,22605700
2021-08-30,288.9931,291.3636,291.3636,16348100
2021-08-31,292.1602,289.7225,289.7225,26285300
2021-09-01,290.6726,289.6745,289.6745,18983800
2021-09-02,290.0296,289.0218,289.0218,16285600
2021-09-03,288.8683,289.0122,289.0122,14747900
2021-09-07,288.8875,288.0909,288.0909,17180400
2021-09-08,287.7071,288.1198,288.1198,15046800
2021-09-09,288.7052,285.279,285.279,19927000
2021-09-10,286.4018,283.801,283.801,19633400
2021-09-13,285.5668,285.0294,285.0294,23652900
2021-09-14,287.4959,287.7166,287.7166,21853400
2021-09-15,291.0469,292.5441,292.5441,28356300
2021-09-16,291.5268,292.928,292.928,19550800
2021-09-17,291.9203,287.7935,287.7935,41372500
2021-09-20,284.396,282.4477,282.4477,38278700
2021-09-21,283.7817,282.9276,282.9276,22364100
2021-09-22,284.7798,286.5553,286.5553,26626300
2021-09-23,286.8145,287.4959,287.4959,18604600
2021-09-24,286.2194,287.2943,287.2943,14999000
2021-09-27,284.2137,282.323,282.323,23571700
2021-09-28,278.1289,272.1018,272.1018,43186200
2021-09-29,273.6183,272.5626,272.5626,26353700
2021-09-30,274.2037,270.5664,270.5664,32343600
2021-10-01,270.7582,277.4571,277.4571,30086300
2021-10-04,275.8256,271.7084,271.7084,31350700
2021-10-05,272.6105,277.1308,277.1308,24993000
2021-10-06,274.2709,281.3057,281.3057,28002600
2021-10-07,283.2922,282.9755,282.9755,20430500
2021-10-08,284.2903,282.9755,282.9755,17685700
2021-10-11,281.1233,282.3805,282.3805,19298600
2021-10-12,283.4458,281.0849,281.0849,17974100
2021-10-13,283.0332,284.3768,284.3768,23416300
2021-10-14,287.16,290.5574,290.5574,27262900
2021-10-15,290.1639,291.9586,291.9586,25384800
2021-10-18,291.3444,294.9146,294.9146,22729300
2021-10-19,295.9319,295.8167,295.8167,17682100
2021-10-20,296.7573,295.0298,295.0298,16537100
2021-10-21,294.7995,298.2449,298.2449,16918100
2021-10-22,297.8993,296.7093,296.7093,17449300
2021-10-25,296.9013,295.7208,295.7208,17554500
2021-10-26,298.4752,297.621,297.621,28107300
2021-10-27,303.2738,310.1551,310.1551,52588700
2021-10-28,311.2683,311.2875,311.2875,26297900
2021-10-29,311.0764,318.2648,318.2648,34766000
2021-11-01,318.0153,316.1054,316.1054,27073200
2021-11-02,317.0075,319.714,319.714,26487100
2021-11-03,320.453,320.549,320.549,21500100
2021-11-04,319.4836,322.8907,322.8907,23992200
2021-11-05,324.8773,322.5259,322.5259,22570100
2021-11-08,323.716,323.4185,323.4185,20897000
2021-11-09,323.5336,322.4204,322.4204,21307400
2021-11-10,321.0959,317.4778,317.4778,25500900
2021-11-11,317.9097,319.0422,319.0422,16849800
2021-11-12,320.4722,323.1594,323.1594,23831000
2021-11-15,323.9463,322.5355,322.5355,16723000
2021-11-16,322.1612,325.837,325.837,20886800
2021-11-17,325.8851,326.0581,326.0581,19053400
2021-11-18,325.1544,328.1254,328.1254,22463500
2021-11-19,329.4426,329.8944,329.8944,21963400
2021-11-22,331.3463,326.7408,326.7408,31031100
2021-11-23,324.0679,324.6736,324.6736,30427600
2021-11-24,323.3275,324.8947,324.8947,21661300
2021-11-26,321.4719,316.9818,316.9818,24217200
2021-11-29,322.0391,323.664,323.664,28563500
2021-11-30,322.4045,317.8567,317.8567,42885600
2021-12-01,322.2218,317.3663,317.3663,33337600
2021-12-02,317.5779,316.7991,316.7991,30766000
2021-12-03,319.2028,310.5687,310.5687,41779300
2021-12-06,311.4725,313.6262,313.6262,30032600
2021-12-07,318.8662,322.0199,322.0199,31021900
2021-12-08,322.3949,322.068,322.068,24761000
2021-12-09,321.5296,320.27,320.27,22214200
2021-12-10,322.0777,329.3465,329.3465,38095700
2021-12-13,327.5581,326.3274,326.3274,28899400
2021-12-14,320.3854,315.6933,315.6933,44438700
2021-12-15,315.9529,321.7603,321.7603,35381100
2021-12-16,322.7795,312.3859,312.3859,35034800
2021-12-17,308.5206,311.3282,311.3282,47750300
2021-12-20,307.7227,307.5881,307.5881,28326500
2021-12-21,310.8378,314.6838,314.6838,24740600
2021-12-22,315.6549,320.3662,320.3662,24831500
2021-12-23,319.9335,321.7988,321.7988,19617800
2021-12-27,322.5391,329.2599,329.2599,19947000
2021-12-28,329.9329,328.1061,328.1061,15661500
2021-12-29,328.1542,328.7792,328.7792,15042000
2021-12-30,328.7407,326.2505,326.2505,15994500
2021-12-31,325.4716,323.366,323.366,18000800
2022-01-03,322.4334,321.8565,321.8565,28865100
2022-01-04,321.9333,316.3375,316.3375,32674300
2022-01-05,313.3089,304.1941,304.1941,40054300
2022-01-06,301.0885,301.7903,301.7903,39646100
2022-01-07,302.0499,301.9442,301.9442,32720000
2022-01-10,297.5694,302.1653,302.1653,44289500
2022-01-11,301.3096,302.848,302.848,29386800
2022-01-12,307.3573,306.0112,306.0112,34372200
2022-01-13,308.1265,293.06,293.06,45366000
2022-01-14,292.5312,298.252,298.252,39846400
2022-01-18,292.3581,290.9928,290.9928,42333200
2022-01-19,294.4926,291.6466,291.6466,45933900
2022-01-20,297.1656,289.9833,289.9833,35380700
2022-01-21,291.0314,284.6279,284.6279,57984400
2022-01-24,280.9453,284.9547,284.9547,85731500
2022-01-25,280.2916,277.3783,277.3783,72848600
2022-01-26,296.1272,285.2816,285.2816,90428900
2022-01-27,291.0025,288.2911,288.2911,53481300
2022-01-28,288.6661,296.3868,296.3868,49743700
2022-01-31,297.0502,299.002,299.002,46444500
2022-02-01,298.454,296.8675,296.8675,40950400
2022-02-02,297.704,301.3865,301.3865,36636000
2022-02-03,297.5694,289.6468,289.6468,43730000
2022-02-04,288.6468,294.1562,294.1562,35096500
2022-02-07,294.3773,289.3584,289.3584,28533300
2022-02-08,289.6468,292.8293,292.8293,32421200
2022-02-09,297.9347,299.2231,299.2231,31284700
2022-02-10,292.3293,290.7332,290.7332,45386200
2022-02-11,291.512,283.6759,283.6759,39175600
2022-02-14,282.4548,283.6375,283.6375,36359500
2022-02-15,288.4545,288.8968,288.8968,27058300
2022-02-16,287.4708,288.5595,288.5595,29982100
2022-02-17,285.5343,280.11,280.11,32461600
2022-02-18,282.3452,277.4122,277.4122,34264000
2022-02-22,274.5893,277.2099,277.2099,41736100
2022-02-23,279.5801,270.0321,270.0321,37811200
2022-02-24,262.5555,283.829,283.829,56989700
2022-02-25,284.3588,286.4496,286.4496,32546700
2022-02-28,283.5592,287.8756,287.8756,34627500
2022-03-01,285.5728,284.1758,284.1758,31217800
2022-03-02,284.5708,289.2244,289.2244,31873000
2022-03-03,291.8258,285.1104,285.1104,27314500
2022-03-04,283.5399,279.2717,279.2717,32356500
2022-03-07,277.9904,268.7218,268.7218,43157200
2022-03-08,267.6522,265.7735,265.7735,48159500
2022-03-09,273.0863,277.9615,277.9615,35204500
2022-03-10,272.6816,275.1577,275.1577,30628000
2022-03-11,277.4412,269.8394,269.8394,27209300
2022-03-14,270.0995,266.342,266.342,30660700
2022-03-15,270.1091,276.6607,276.6607,34245100
2022-03-16,278.5492,283.6363,283.6363,37826300
2022-03-17,282.5765,284.4359,284.4359,30816600
2022-03-18,284.5804,289.4556,289.4556,43390600
2022-03-21,287.9719,288.232,288.232,28351200
2022-03-22,288.8486,292.953,292.953,27599700
2022-03-23,289.5327,288.55,288.55,25715400
2022-03-24,288.2129,292.9917,292.9917,24484500
2022-03-25,294.0803,292.5869,292.5869,22566500
2022-03-28,293.2132,299.3505,299.3505,29578200
2022-03-29,302.4432,303.8884,303.8884,30393400
2022-03-30,302.2988,302.3951,302.3951,28163600
2022-03-31,302.4335,297.0477,297.0477,33422100
2022-04-01,298.0691,298.1173,298.1173,27110500
2022-04-04,298.7628,303.4645,303.4645,24289600
2022-04-05,301.8266,299.5239,299.5239,23156700
2022-04-06,294.0417,288.5595,288.5595,40110400
2022-04-07,285.8234,290.3613,290.3613,31411200
2022-04-08,289.4653,286.122,286.122,24361900
2022-04-11,281.1312,274.8398,274.8398,34569300
2022-04-12,278.6744,271.7567,271.7567,30966700
2022-04-13,272.4023,277.1136,277.1136,21907200
2022-04-14,277.5664,269.6082,269.6082,28221600
2022-04-18,268.7218,270.2729,270.2729,20778000
2022-04-19,269.1747,274.8784,274.8784,22297700
2022-04-20,278.8285,275.8995,275.8995,22906700
2022-04-21,278.0385,270.5523,270.5523,29454600
2022-04-22,271.3906,264.0201,264.0201,29405800
2022-04-25,263.3071,270.4657,270.4657,35678900
2022-04-26,267.3633,260.3492,260.3492,46518400
2022-04-27,271.7952,272.8743,272.8743,63477700
2022-04-28,274.7723,279.0501,279.0501,33646600
2022-04-29,278.0674,267.3825,267.3825,37073900
2022-05-02,267.5655,274.0786,274.0786,35151100
2022-05-03,273.5873,271.4869,271.4869,25978600
2022-05-04,272.2673,279.3874,279.3874,33599300
2022-05-05,275.1096,267.2188,267.2188,43260400
2022-05-06,264.7715,264.6945,264.6945,37780300
2022-05-09,260.195,254.9152,254.9152,47726000
2022-05-10,261.7655,259.6555,259.6555,39336400
2022-05-11,255.975,251.0324,251.0324,48975900
2022-05-12,248.2769,246.0224,246.0224,51033800
2022-05-13,247.9493,251.5816,251.5816,34925100
2022-05-16,250.464,251.9478,251.9478,32550900
2022-05-17,256.3893,257.0734,257.0734,28828800
2022-05-18,253.9831,245.3689,245.3689,31356000
2022-05-19,245.1951,244.4612,244.4612,32692300
2022-05-20,248.4206,243.901,243.901,39199300
2022-05-23,246.7306,251.7137,251.7137,33175400
2022-05-24,249.0483,250.719,250.719,29043900
2022-05-25,249.2897,253.5195,253.5195,28547900
2022-05-26,253.2781,256.7837,256.7837,25002100
2022-05-27,259.2753,263.872,263.872,26910800
2022-05-31,263.1863,262.5489,262.5489,37827700
2022-06-01,265.7648,263.0801,263.0801,25292200
2022-06-02,255.3834,265.1661,265.1661,44008200
2022-06-03,261.0425,260.7624,260.7624,28059000
2022-06-06,262.7325,259.5359,259.5359,22400300
2022-06-07,257.4983,263.1574,263.1574,22860700
2022-06-08,262.3945,261.139,261.139,17372300
2022-06-09,258.5992,255.7117,255.7117,26439700
2022-06-10,251.6461,244.3163,244.3163,31422800
2022-06-13,236.7064,233.9541,233.9541,46135800
2022-06-14,235.4993,236.1077,236.1077,28651500
2022-06-15,239.7967,243.1284,243.1284,33111700
2022-06-16,237.5466,236.5713,236.5713,33169200
2022-06-17,236.3105,239.1594,239.1594,43084800
2022-06-21,241.6799,245.0406,245.0406,29928300
2022-06-22,243.254,244.4515,244.4515,25939900
2022-06-23,246.8079,249.9851,249.9851,25861400
2022-06-24,252.8339,258.522,258.522,33923200
2022-06-27,259.0145,255.8083,255.8083,24615100
2022-06-28,254.9295,247.6867,247.6867,27295500
2022-06-29,248.7586,251.3371,251.3371,20069800
2022-06-30,248.2371,248.0246,248.0246,31730900
2022-07-01,247.5997,250.6803,250.6803,22837700
2022-07-05,247.3776,253.8383,253.8383,22941000
2022-07-06,254.7074,257.083,257.083,23824400
2022-07-07,256.0305,259.198,259.198,20859900
2022-07-08,255.7118,258.4834,258.4834,19658800
2022-07-11,256.5422,255.4413,255.4413,19455200
2022-07-12,256.7644,244.973,244.973,35868500
2022-07-13,241.6123,244.0556,244.0556,29497400
2022-07-14,241.9793,245.3689,245.3689,25102800
2022-07-15,246.9527,247.9184,247.9184,29774100
2022-07-18,250.8445,245.5331,245.5331,20975000
2022-07-19,248.7489,250.6321,250.6321,25012600
2022-07-20,250.9894,253.2781,253.2781,22788300
2022-07-21,250.8832,255.76,255.76,22404700
2022-07-22,256.1463,251.4336,251.4336,21881300
2022-07-25,252.0517,249.956,249.956,21056000
2022-07-26,250.9508,243.2637,243.2637,39348000
2022-07-27,252.2062,259.5263,259.5263,45994000
2022-07-28,260.5017,266.9334,266.9334,33459300
2022-07-29,268.1791,271.1149,271.1149,32152800
2022-08-01,268.295,268.4785,268.4785,21539600
2022-08-02,266.5374,265.3978,265.3978,22754200
2022-08-03,267.2713,272.7856,272.7856,23518900
2022-08-04,272.1385,273.9251,273.9251,18098700
2022-08-05,269.5794,273.2104,273.2104,16774600
2022-08-08,274.3114,270.7093,270.7093,18739200
2022-08-09,270.0527,272.6214,272.6214,23405200
2022-08-10,278.2901,279.2462,279.2462,24687800
2022-08-11,280.8782,277.1795,277.1795,20065900
2022-08-12,278.5896,281.9019,281.9019,22619700
2022-08-15,281.0231,283.4084,283.4084,18085700
2022-08-16,281.9792,282.6745,282.6745,18102900
2022-08-17,280.4003,281.9294,281.9294,18253400
2022-08-18,280.8358,280.8164,280.8164,17186200
2022-08-19,279.5873,276.926,276.926,20570000
2022-08-22,272.9871,268.7967,268.7967,25061100
2022-08-23,267.529,267.529,267.529,17527400
2022-08-24,266.5321,266.8999,266.8999,18137000
2022-08-25,268.3902,269.8613,269.8613,16583400
2022-08-26,270.0839,259.4482,259.4482,27549300
2022-08-29,257.2803,256.6803,256.6803,20338500
2022-08-30,258.0739,254.4932,254.4932,22767100
2022-08-31,256.8352,253.0415,253.0415,24791800
2022-09-01,250.5254,252.006,252.006,23263400
2022-09-02,253.2641,247.8059,247.8059,22855400
2022-09-06,247.9414,245.0865,245.0865,21328200
2022-09-07,246.4897,249.7705,249.7705,24126700
2022-09-08,249.2092,250.1866,250.1866,20319900
2022-09-09,252.1028,255.9352,255.9352,22084700
2022-09-12,257.2126,258.0545,258.0545,18747700
2022-09-13,250.4963,243.8671,243.8671,33353300
2022-09-14,245.3575,244.0897,244.0897,23913000
2022-09-15,241.7187,237.4702,237.4702,31530900
2022-09-16,236.3863,236.8508,236.8508,39791800
2022-09-19,234.654,236.6379,236.6379,26826900
2022-09-20,234.2669,234.6346,234.6346,26660300
2022-09-21,236.396,231.2474,231.2474,28625600
2022-09-22,230.2023,233.212,233.212,31061200
2022-09-23,231.8184,230.2507,230.2507,34176000
2022-09-26,229.4087,229.7958,229.7958,27694200
2022-09-27,232.2442,228.7893,228.7893,27018700
2022-09-28,229.1765,233.2991,233.2991,29029700
2022-09-29,231.1894,229.8442,229.8442,27484200
2022-09-30,230.6087,225.3925,225.3925,35694800
2022-10-03,227.8216,232.9798,232.9798,28880400
2022-10-04,237.1895,240.8574,240.8574,34888400
2022-10-05,238.0605,241.1671,241.1671,20347100
2022-10-06,239.938,238.8347,238.8347,20239900
2022-10-07,233.1346,226.6893,226.6893,37769600
2022-10-10,225.5376,221.8601,221.8601,29743600
2022-10-11,220.2827,218.1439,218.1439,30474000
2022-10-12,218.1342,218.4729,218.4729,21903900
2022-10-13,212.7631,226.6893,226.6893,42551800
2022-10-14,227.9474,221.1924,221.1924,30198600
2022-10-17,228.2183,229.8732,229.8732,28142300
2022-10-18,235.3991,230.8119,230.8119,26329600
2022-10-19,229.399,228.8571,228.8571,19985700
2022-10-20,228.1699,228.5377,228.5377,21811000
2022-10-21,227.1732,234.3153,234.3153,26299700
2022-10-24,235.9024,239.2799,239.2799,24911200
2022-10-25,239.2896,242.58,242.58,34775500
2022-10-26,223.7183,223.8634,223.8634,82543200
2022-10-27,223.5924,219.4407,219.4407,40424600
2022-10-28,218.9472,228.2667,228.2667,40647700
2022-10-31,226.2248,224.6473,224.6473,28357300
2022-11-01,227.0377,220.815,220.815,30592300
2022-11-02,222.0634,213.0051,213.0051,38407000
2022-11-03,212.9954,207.3436,207.3436,36633900
2022-11-04,210.5373,214.2535,214.2535,36789100
2022-11-07,214.8341,220.5246,220.5246,33498000
2022-11-08,221.3278,221.4924,221.4924,28192500
2022-11-09,220.0407,217.2729,217.2729,27852900
2022-11-10,227.8409,235.1475,235.1475,46268000
2022-11-11,235.1573,239.1445,239.1445,34620200
2022-11-14,234.1894,233.7636,233.7636,31123300
2022-11-15,237.7412,234.1701,234.1701,31390100
2022-11-16,235.6258,234.5971,234.5971,24093300
2022-11-17,230.7637,234.5486,234.5486,23123500
2022-11-18,236.3246,234.1021,234.1021,27613500
2022-11-21,234.306,234.9077,234.9077,26394700
2022-11-22,236.4022,237.7997,237.7997,19665700
2022-11-23,237.8774,240.2745,240.2745,19508500
2022-11-25,240.0125,240.1872,240.1872,9200800
2022-11-28,238.8188,234.6263,234.6263,24778200
2022-11-29,234.2769,233.2384,233.2384,17956300
2022-11-30,233.4714,247.6114,247.6114,47594200
2022-12-01,246.3789,247.1747,247.1747,26041500
2022-12-02,242.4484,247.495,247.495,21528500
2022-12-05,244.5737,242.8172,242.8172,23435300
2022-12-06,243.4189,237.8871,237.8871,22463700
2022-12-07,237.6056,237.1592,237.1592,20481500
2022-12-08,237.6153,240.0998,240.0998,22611800
2022-12-09,237.4795,238.1782,238.1782,20609700
2022-12-12,240.1483,245.059,245.059,30665100
2022-12-13,253.9681,249.3389,249.3389,42196900
2022-12-14,249.5427,249.6301,249.6301,35410900
2022-12-15,246.2333,241.6623,241.6623,35560400
2022-12-16,241.2159,237.4698,237.4698,86102000
2022-12-19,237.6347,233.3549,233.3549,29696400
2022-12-20,232.3359,234.6651,234.6651,25150800
2022-12-21,234.5583,237.2174,237.2174,23690600
2022-12-22,234.141,231.1616,231.1616,28651700
2022-12-23,229.143,231.6857,231.6857,21207000
2022-12-27,231.6565,229.9679,229.9679,16688600
2022-12-28,229.8999,227.6096,227.6096,17457100
2022-12-29,228.6965,233.8983,233.8983,19770700
2022-12-30,231.181,232.7435,232.7435,21938500
2023-01-03,235.9073,232.5105,232.5105,25740000
2023-01-04,225.4259,222.3398,222.3398,50623400
2023-01-05,220.4959,215.7502,215.7502,39585600
2023-01-06,216.4198,218.2928,218.2928,43613600
2023-01-09,219.768,220.4182,220.4182,27369800
2023-01-10,221.0394,222.0972,222.0972,27033900
2023-01-11,224.4652,228.813,228.813,28669300
2023-01-12,228.318,231.4721,231.4721,27269500
2023-01-13,230.0067,232.1709,232.1709,21333300
2023-01-17,230.9481,233.2578,233.2578,29831300
2023-01-18,234.4418,228.8518,228.8518,30028700
2023-01-19,226.8817,225.0863,225.0863,28623000
2023-01-20,227.9298,233.1317,233.1317,35389800
2023-01-23,233.9857,235.422,235.422,31934000
2023-01-24,235.3444,234.8979,234.8979,40234400
2023-01-25,227.561,233.5101,233.5101,66526600
2023-01-26,236.4605,240.6821,240.6821,33454500
2023-01-27,241.6429,240.8374,240.8374,26498900
2023-01-30,237.2951,235.5482,235.5482,25867400
2023-01-31,236.2664,240.4977,240.4977,26541100
2023-02-01,240.6821,245.2919,245.2919,31259900
2023-02-02,251.1828,256.7922,256.7922,39940400
2023-02-03,251.8816,250.7267,250.7267,29077300
2023-02-06,249.8436,249.1933,249.1933,22518000
2023-02-07,252.8424,259.6649,259.6649,50841400
2023-02-08,265.1385,258.8594,258.8594,54686000
2023-02-09,265.7208,255.8412,255.8412,42375100
2023-02-10,253.8129,255.3366,255.3366,25818500
2023-02-13,259.7427,263.3141,263.3141,44630900
2023-02-14,264.6242,264.1389,264.1389,37047900
2023-02-15,261.0548,262.0277,262.0277,28922400
2023-02-16,256.8711,255.0518,255.0518,29603600
2023-02-17,252.3665,251.0725,251.0725,30000100
2023-02-21,247.5895,245.8285,245.8285,28397400
2023-02-22,247.21,244.6999,244.6999,22491100
2023-02-23,248.6402,247.8716,247.8716,29219100
2023-02-24,243.1919,242.4719,242.4719,24990900
2023-02-27,245.6242,243.3865,243.3865,21190000
2023-02-28,242.326,242.6665,242.6665,22491000
2023-03-01,243.9702,239.6018,239.6018,27565300
2023-03-02,239.8742,244.3107,244.3107,24808200
2023-03-03,245.3615,248.3775,248.3775,30760100
2023-03-06,249.4867,249.9147,249.9147,24109800
2023-03-07,249.3602,247.2684,247.2684,21473200
2023-03-08,247.1614,246.8306,246.8306,17340200
2023-03-09,248.8932,245.488,245.488,26653400
2023-03-10,244.2815,241.859,241.859,28333900
2023-03-13,240.7012,247.0446,247.0446,33339700
2023-03-14,249.798,253.7286,253.7286,33620300
2023-03-15,252.9406,258.2527,258.2527,46028000
2023-03-16,258.029,268.7214,268.7214,54768800
2023-03-17,270.7256,271.8639,271.8639,69527400
2023-03-20,269.4803,264.8589,264.8589,43466600
2023-03-21,267.4372,266.3669,266.3669,34558700
2023-03-22,265.9972,264.9173,264.9173,34873300
2023-03-23,270.4142,270.1418,270.1418,36610900
2023-03-24,269.7332,272.9731,272.9731,28172000
2023-03-27,272.905,268.8965,268.8965,26840200
2023-03-28,268.3225,267.7776,267.7776,21878600
2023-03-29,271.4066,272.9147,272.9147,25087000
2023-03-30,276.5339,276.3588,276.3588,25053400
2023-03-31,276.0475,280.4938,280.4938,32766000
2023-04-03,278.7619,279.4527,279.4527,24883300
2023-04-04,279.4527,279.4041,279.4041,25824300
2023-04-05,278.1101,276.641,276.641,22064800
2023-04-06,275.5415,283.7043,283.7043,29770300
2023-04-10,281.3791,281.5543,281.5543,23103000
2023-04-11,278.0128,275.1718,275.1718,27276600
2023-04-12,277.0788,275.814,275.814,27403400
2023-04-13,275.9112,281.992,281.992,24222700
2023-04-14,279.229,278.3923,278.3923,20987900
2023-04-17,282.0796,280.9802,280.9802,23836200
2023-04-18,283.6752,280.5619,280.5619,20161800
2023-04-19,278.2463,280.6397,280.6397,17150300
2023-04-20,277.5264,278.3631,278.3631,23244400
2023-04-21,277.2928,278.0225,278.0225,21676400
2023-04-24,274.4519,274.1406,274.1406,26611000
2023-04-25,271.9418,267.9625,267.9625,45772200
2023-04-26,288.6663,287.3723,287.3723,64599200
2023-04-27,287.9561,296.5761,296.5761,46462600
2023-04-28,295.7784,298.9404,298.9404,36469600
2023-05-01,298.6582,297.2864,297.2864,21294100
2023-05-02,299.4268,297.1404,297.1404,26404400
2023-05-03,298.3177,296.1578,296.1578,22360800
2023-05-04,297.9479,297.1404,297.1404,22519900
2023-05-05,297.4421,302.2386,302.2386,28197100
2023-05-08,301.7327,300.2928,300.2928,21318600
2023-05-09,299.6603,298.6874,298.6874,21340800
2023-05-10,300.2635,303.8536,303.8536,30078000
2023-05-11,301.7034,301.7131,301.7131,31680200
2023-05-12,302.1413,300.6041,300.6041,19774700
2023-05-15,300.7306,301.0808,301.0808,16336500
2023-05-16,301.4408,303.2991,303.2991,26730300
2023-05-17,304.4984,306.1657,306.1657,24315000
2023-05-18,306.6824,310.5729,310.5729,27276000
2023-05-19,308.8373,310.3974,310.3974,27546700
2023-05-22,310.6509,313.1665,313.1665,24115700
2023-05-23,312.0452,307.3943,307.3943,30797200
2023-05-24,306.8775,306.0194,306.0194,23384900
2023-05-25,315.1751,317.7883,317.7883,43301700
2023-05-26,315.9357,324.5844,324.5844,36630600
2023-05-30,326.8661,322.9464,322.9464,29503100
2023-05-31,323.9994,320.1967,320.1967,45950600
2023-06-01,317.798,324.2821,324.2821,26773900
2023-06-02,325.9104,327.0317,327.0317,25873800
2023-06-05,326.8563,327.5583,327.5583,21307100
2023-06-06,326.9635,325.3547,325.3547,20396200
2023-06-07,323.3754,315.3117,315.3117,40717100
2023-06-08,315.8576,317.1447,317.1447,23277700
2023-06-09,316.8815,318.6366,318.6366,22529000
2023-06-12,320.3819,323.5703,323.5703,24260300
2023-06-13,326.125,325.9495,325.9495,22951300
2023-06-14,325.9982,328.9233,328.9233,26003800
2023-06-15,329.0599,339.4149,339.4149,38899100
2023-06-16,342.5546,333.7889,333.7889,46552000
2023-06-20,330.8442,329.6156,329.6156,26375400
2023-06-21,327.9776,325.2377,325.2377,25117800
2023-06-22,325.7837,331.2343,331.2343,23556800
2023-06-23,326.0177,326.6613,326.6613,23146900
2023-06-26,325.3937,320.4014,320.4014,21520600
2023-06-27,323.5801,326.2225,326.2225,24354100
2023-06-28,326.3103,327.4706,327.4706,20259500
2023-06-29,326.359,326.6905,326.6905,16997000
2023-06-30,329.3232,332.0435,332.0435,26832800
2023-07-03,330.7273,329.5572,329.5572,12508700
2023-07-05,326.7294,329.713,329.713,18172400
2023-07-06,328.8843,332.7553,332.7553,28161200
2023-07-07,330.854,328.8064,328.8064,21214800
2023-07-10,326.2517,323.5508,323.5508,32791400
2023-07-11,322.8,324.1749,324.1749,26698200
2023-07-12,328.2018,328.7869,328.7869,29995300
2023-07-13,331.0879,334.1106,334.1106,20567200
2023-07-14,338.9177,336.6263,336.6263,28352700
2023-07-17,337.0554,337.1041,337.1041,20363900
2023-07-18,337.2016,350.5208,350.5208,64738600
2023-07-19,352.7244,346.2208,346.2208,39732900
2023-07-20,344.7485,338.2156,338.2156,33778400
2023-07-21,340.4386,335.1929,335.1929,69405400
2023-07-24,337.2211,336.4996,336.4996,26678100
2023-07-25,338.4496,342.2231,342.2231,41637700
2023-07-26,332.9211,329.3426,329.3426,58383700
2023-07-27,331.985,322.4685,322.4685,39635300
2023-07-28,325.345,329.9277,329.9277,28484900
2023-07-31,328.5138,327.5388,327.5388,25446000
2023-08-01,326.827,327.9483,327.9483,18311900
2023-08-02,325.306,319.3289,319.3289,27761300
2023-08-03,317.8664,318.5099,318.5099,18253700
2023-08-04,323.5996,319.6019,319.6019,23741500
2023-08-07,320.1772,321.8737,321.8737,17741500
2023-08-08,318.8024,317.9151,317.9151,22327600
2023-08-09,318.3246,314.1904,314.1904,22373300
2023-08-10,317.8858,314.8729,314.8729,20113700
2023-08-11,312.2696,313.0009,313.0009,24355500
2023-08-14,313.3713,315.9552,315.9552,18836100
2023-08-15,314.9411,313.8296,313.8296,16966300
2023-08-16,313.4583,313.0675,313.0675,20698900
2023-08-17,313.2043,309.628,309.628,21257200
2023-08-18,307.2927,309.2372,309.2372,24755000
2023-08-21,310.654,314.5136,314.5136,24040000
2023-08-22,318.0507,315.0803,315.0803,16084600
2023-08-23,316.4092,319.5164,319.5164,21166400
2023-08-24,325.2325,312.6473,312.6473,23281400
2023-08-25,314.113,315.5884,315.5884,21684100
2023-08-28,318.2071,316.2919,316.2919,14808500
2023-08-29,314.5136,320.8942,320.8942,19284600
2023-08-30,321.1482,321.2654,321.2654,15222100
2023-08-31,321.6661,320.259,320.259,26411000
2023-09-01,323.7278,321.1384,321.1384,14942000
2023-09-05,321.4706,325.9165,325.9165,18553900
2023-09-06,325.7504,325.2618,325.2618,17535800
2023-09-07,323.7082,322.3598,322.3598,18381000
2023-09-08,322.5357,326.62,326.62,19530100
2023-09-11,329.5221,330.2061,330.2061,16583300
2023-09-12,328.1345,324.1772,324.1772,17565500
2023-09-13,323.7278,328.369,328.369,16544400
2023-09-14,331.3883,330.9486,330.9486,20267000
2023-09-15,329.2094,322.6627,322.6627,37679800
2023-09-18,320.2981,321.5293,321.5293,16834200
2023-09-19,318.7054,321.1287,321.1287,16505900
2023-09-20,321.969,313.429,313.429,21436500
2023-09-21,311.9536,312.2174,312.2174,35560400
2023-09-22,313.9664,309.755,309.755,21447900
2023-09-25,309.3446,310.2729,310.2729,17836000
2023-09-26,307.9181,304.9965,304.9965,26297600
2023-09-27,305.1528,305.6316,305.6316,19410100
2023-09-28,303.8728,306.4622,306.4622,19683600
2023-09-29,310.4781,308.5239,308.5239,24147300
2023-10-02,309.0417,314.4354,314.4354,20570000
2023-10-03,313.4876,306.2179,306.2179,21033500
2023-10-04,306.8432,311.6604,311.6604,20720100
2023-10-05,311.7874,312.0512,312.0512,16965600
2023-10-06,309.3056,319.7705,319.7705,25673600
2023-10-09,317.3179,322.2719,322.2719,19891200
2023-10-10,323.3858,320.8746,320.8746,20557100
2023-10-11,323.63,324.8124,324.8124,20063200
2023-10-12,323.0047,323.5812,323.5812,19313100
2023-10-13,324.7733,320.2297,320.2297,21072400
2023-10-16,323.4737,325.0273,325.0273,22158000
2023-10-17,322.0472,324.4607,324.4607,18338500
2023-10-18,324.8808,322.5552,322.5552,23153600
2023-10-19,324.5485,323.7375,323.7375,25052100
2023-10-20,324.1284,319.194,319.194,25027700
2023-10-23,318.0214,321.7833,321.7833,24374700
2023-10-24,323.718,322.9656,322.9656,31153600
2023-10-25,337.1241,332.8736,332.8736,55053800
2023-10-26,332.7465,320.386,320.386,37828500
2023-10-27,322.8679,322.2621,322.2621,29856500
2023-10-30,325.7797,329.5904,329.5904,22828100
2023-10-31,331.0953,330.3722,330.3722,20265300
2023-11-01,332.0137,338.15,338.15,28158800
2023-11-02,339.2932,340.3485,340.3485,24348100
2023-11-03,341.6285,344.7259,344.7259,23637700
2023-11-06,345.361,348.3705,348.3705,23828300
2023-11-07,351.1749,352.2791,352.2791,25833900
2023-11-08,353.4027,354.8879,354.8879,26767800
2023-11-09,354.0085,352.4354,352.4354,24847300
2023-11-10,353.2171,361.2099,361.2099,28042100
2023-11-13,359.7931,358.2883,358.2883,19986500
2023-11-14,362.5193,361.7962,361.7962,27683900
2023-11-15,363.5193,361.943,361.943,26860100
2023-11-16,363.2061,368.3072,368.3072,27182300
2023-11-17,365.8006,362.1193,362.1193,40157000
2023-11-20,363.4606,369.5506,369.5506,52465100
2023-11-21,367.8176,365.272,365.272,28423100
2023-11-22,370.0989,369.9521,369.9521,23345300
2023-11-24,369.4429,369.5408,369.5408,10176600
2023-11-27,368.9044,370.6962,370.6962,22179200
2023-11-28,370.4415,374.7006,374.7006,20453100
2023-11-29,375.7385,370.9311,370.9311,28963400
2023-11-30,370.5787,370.9899,370.9899,30554400
2023-12-01,368.8848,366.6819,366.6819,33040500
2023-12-04,361.385,361.4241,361.4241,32063300
2023-12-05,358.7903,364.7334,364.7334,23065000
2023-12-06,365.7321,361.0912,361.0912,21182100
2023-12-07,360.5331,363.1963,363.1963,23118900
2023-12-08,361.4829,366.4077,366.4077,20154400
2023-12-11,360.7778,363.5389,363.5389,27708800
2023-12-12,363.0984,366.5546,366.5546,24838300
2023-12-13,368.1603,366.5448,366.5448,30955500
2023-12-14,365.5069,358.2812,358.2812,43277500
2023-12-15,359.182,362.9809,362.9809,78502300
2023-12-18,361.7276,364.8607,364.8607,21802900
2023-12-19,363.725,365.458,365.458,20603700
2023-12-20,367.1616,362.8732,362.8732,26316700
2023-12-21,364.7726,365.7321,365.7321,17708000
2023-12-22,365.8692,366.7504,366.7504,17107500
2023-12-26,367.1617,366.8288,366.8288,12673100
2023-12-27,365.8791,366.2511,366.2511,14905400
2023-12-28,367.5239,367.4358,367.4358,14327000
2023-12-29,368.1407,368.1799,368.1799,18730800
2024-01-02,366.0454,363.118,363.118,25258600
2024-01-03,361.2968,362.8535,362.8535,23083500
2024-01-04,362.9221,360.2492,360.2492,20901500
2024-01-05,361.2576,360.0631,360.0631,21004600
2024-01-08,361.5808,366.8581,366.8581,23134000
2024-01-09,364.2341,367.9351,367.9351,20830000
2024-01-10,368.5029,374.7692,374.7692,25514200
2024-01-11,377.9317,376.5903,376.5903,27850800
2024-01-12,377.4323,380.35,380.35,21661200
2024-01-16,385.4316,382.1124,382.1124,27202300
2024-01-17,379.8703,381.3291,381.3291,22234100
2024-01-18,383.5321,385.6372,385.6372,23392100
2024-01-19,387.4877,390.3369,390.3369,29331100
2024-01-22,391.6587,388.222,388.222,27016900
2024-01-23,387.4779,390.562,390.562,20525900
2024-01-24,393.1469,394.1456,394.1456,24867000
2024-01-25,395.8687,396.4072,396.4072,21021200
2024-01-26,395.9177,395.4869,395.4869,17803300
2024-01-29,397.5724,401.1559,401.1559,24510200
2024-01-30,403.6428,400.0495,400.0495,33477600
2024-01-31,398.4536,389.2697,389.2697,47871100
2024-02-01,393.4308,395.34,395.34,30657700
2024-02-02,395.3694,402.6245,402.6245,28256700
2024-02-05,401.3321,397.171,397.171,25352300
2024-02-06,397.3961,397.0143,397.0143,18382600
2024-02-07,398.9235,405.3954,405.3954,22340500
2024-02-08,405.3954,405.4541,405.4541,21225300
2024-02-09,406.5703,411.7595,411.7595,22032800
2024-02-12,411.7693,406.5801,406.5801,21202900
2024-02-13,396.4758,397.827,397.827,27824900
2024-02-14,400.2792,401.6721,401.6721,20401200
2024-02-15,400.3479,398.7981,398.7981,21825500
2024-02-16,400.1714,396.3458,396.3458,22296500
2024-02-20,395.5414,395.1,395.1,24307900
2024-02-21,392.5301,394.5017,394.5017,18518900
2024-02-22,402.3587,403.7908,403.7908,27009900
2024-02-23,407.7342,402.5059,402.5059,16295900
2024-02-26,403.6045,399.7594,399.7594,16193500
2024-02-27,400.2008,399.7005,399.7005,14835800
2024-02-28,400.3871,399.9359,399.9359,13183100
2024-02-29,400.8383,405.7429,405.7429,31947300
2024-03-01,403.4181,407.5674,407.5674,17823400
2024-03-04,405.5467,406.9985,406.9985,17596000
2024-03-05,406.0567,394.9626,394.9626,26919200
2024-03-06,395.2765,394.4133,394.4133,22344100
2024-03-07,398.3664,401.3288,401.3288,18718500
2024-03-08,400.1713,398.4645,398.4645,18002200
2024-03-11,396.0515,396.7969,396.7969,16120800
2024-03-12,399.8378,407.3515,407.3515,22457000
2024-03-13,410.1177,407.175,407.175,17115900
2024-03-14,412.2169,417.1018,417.1018,34157300
2024-03-15,411.285,408.4698,408.4698,45079900
2024-03-18,406.3413,409.3527,409.3527,20106000
2024-03-19,409.8528,413.3645,413.3645,19837900
2024-03-20,413.9433,417.1116,417.1116,17860100
2024-03-21,421.6238,421.1725,421.1725,21296200
2024-03-22,421.4963,420.5546,420.5546,17648500
2024-03-25,417.1214,414.7868,414.7868,18060500
2024-03-26,417.4843,413.5999,413.5999,16725600
2024-03-27,416.3367,413.3841,413.3841,16705000
2024-03-28,412.9231,412.6877,412.6877,21871200
2024-04-01,415.856,416.4642,416.4642,16316000
2024-04-02,412.0894,413.394,413.394,17912000
2024-04-03,411.7166,412.4228,412.4228,16502300
2024-04-04,416.8762,409.9019,409.9019,19370900
2024-04-05,411.9913,417.3961,417.3961,16554800
2024-04-08,417.0527,416.4838,416.4838,14272400
2024-04-09,418.2985,418.1415,418.1415,12496900
2024-04-10,414.1296,415.1792,415.1792,16216600
2024-04-11,417.6903,419.76,419.76,17966400
2024-04-12,415.9541,413.8452,413.8452,19253800
2024-04-15,418.4554,405.7429,405.7429,20273500
2024-04-16,406.6551,406.6649,406.6649,16765600
2024-04-17,409.284,403.9773,403.9773,15855500
2024-04-18,402.7903,396.5518,396.5518,21029900
2024-04-19,396.3163,391.5001,391.5001,30565800
2024-04-22,392.4418,393.305,393.305,20286900
2024-04-23,396.5223,399.7888,399.7888,15734500
2024-04-24,401.7408,401.2503,401.2503,15065300
2024-04-25,386.5072,391.4216,391.4216,40586500
2024-04-26,404.3009,398.5626,398.5626,29694700
2024-04-29,397.5131,394.5704,394.5704,19582100
2024-04-30,393.8248,381.897,381.897,28781400
2024-05-01,385.1143,387.3998,387.3998,23562500
2024-05-02,390.068,390.2445,390.2445,17709400
2024-05-03,394.5997,398.8961,398.8961,17446700
2024-05-06,400.956,405.6448,405.6448,16996600
2024-05-07,406.7434,401.525,401.525,20018200
2024-05-08,400.3773,402.7021,402.7021,11792300
2024-05-09,402.7315,404.4481,404.4481,14689700
2024-05-10,405.0562,406.8219,406.8219,13402300
2024-05-13,410.0294,405.8213,405.8213,15440200
2024-05-14,404.1538,408.6071,408.6071,15109300
2024-05-15,410.6609,415.7512,415.7512,22239500
2024-05-16,414.4934,413.6974,413.6974,17530100
2024-05-17,415.2206,412.9309,412.9309,15352200
2024-05-20,412.931,417.9721,417.9721,16272100
2024-05-21,419.4363,421.608,421.608,21453300
2024-05-22,422.6398,423.0623,423.0623,18073700
2024-05-23,425.4699,419.6033,419.6033,17211700
2024-05-24,419.79,422.7086,422.7086,11855300
2024-05-28,422.1877,422.8658,422.8658,15718000
2024-05-29,418.316,421.7357,421.7357,15517100
2024-05-30,416.9501,407.4869,407.4869,28394500
2024-05-31,409.5308,407.9389,407.9389,47995300
2024-06-03,408.3319,406.3568,406.3568,17484700
2024-06-04,405.2857,408.8627,408.8627,14348900
2024-06-05,410.5725,416.6651,416.6651,16988000
2024-06-06,416.6651,417.1663,417.1663,14861300
2024-06-07,418.8171,416.5078,416.5078,13621700
2024-06-10,417.3432,420.4583,420.4583,13982900
2024-06-11,418.1097,425.1849,425.1849,14551100
2024-06-12,427.7791,433.4197,433.4197,22366200
2024-06-13,433.2134,433.9307,433.9307,15960600
2024-06-14,430.6879,434.9036,434.9036,13582000
2024-06-17,434.9232,440.6031,440.6031,20790000
2024-06-18,441.9199,438.6083,438.6083,17112500
2024-06-20,438.5689,437.9793,437.9793,19877400
2024-06-21,439.6303,441.9887,441.9887,34187100
2024-06-24,442.0083,439.9152,439.9152,15913700
2024-06-25,440.4852,443.1385,443.1385,16413400
2024-06-26,441.2222,444.3275,444.3275,16507000
2024-06-27,444.3471,445.0055,445.0055,14806300
2024-06-28,445.2217,439.2077,439.2077,28362300
2024-07-01,440.8881,448.8183,448.8183,17662800
2024-07-02,445.3495,451.3242,451.3242,13979800
2024-07-03,450.253,452.7883,452.7883,9932800
2024-07-05,451.6484,459.4607,459.4607,16000300
2024-07-08,458.4682,458.1635,458.1635,12962300
2024-07-09,458.9104,451.5797,451.5797,17207200
2024-07-10,453.2305,458.1734,458.1734,18196100
2024-07-11,454.96,446.8235,446.8235,23111200
2024-07-12,446.4599,445.6934,445.6934,16324300
2024-07-15,445.4477,446.0963,446.0963,14429400
2024-07-16,446.3518,441.7332,441.7332,17175700
2024-07-17,434.9232,435.8371,435.8371,21778000
2024-07-18,436.6429,432.7416,432.7416,20794800
2024-07-19,425.5977,429.5382,429.5382,20940400
2024-07-22,434.1371,435.2672,435.2672,15808800
2024-07-23,436.2105,437.1441,437.1441,13107100
2024-07-24,432.8203,421.4704,421.4704,26805800
2024-07-25,421.3722,411.1523,411.1523,29943800
2024-07-26,410.9558,417.9033,417.9033,23583800
2024-07-29,424.104,419.338,419.338,15125800
2024-07-30,420.3108,415.594,415.594,32687600
2024-07-31,413.2159,411.1031,411.1031,42891400
2024-08-01,413.5009,409.8846,409.8846,30296400
2024-08-02,405.3446,401.4139,401.4139,29437900
2024-08-05,382.4286,388.305,388.305,40709200
2024-08-06,393.071,392.6877,392.6877,24946500
2024-08-07,401.5614,391.5283,391.5283,20650900
2024-08-08,395.4687,395.7144,395.7144,20203000
2024-08-09,397.0311,398.9867,398.9867,19276700
2024-08-12,400.0087,399.7631,399.7631,16762900
2024-08-13,402.4948,406.8383,406.8383,19414300
2024-08-14,407.6146,409.6389,409.6389,18267000
2024-08-15,413.2715,414.4824,414.4824,20752100
2024-08-16,414.0591,411.9622,411.9622,22775600
2024-08-19,412.4446,414.9746,414.9746,15234000
2024-08-20,415.1421,418.1938,418.1938,16387600
2024-08-21,417.485,417.5441,417.5441,16067300
2024-08-22,417.7606,409.0876,409.0876,19361900
2024-08-23,410.4954,410.3084,410.3084,18493800
2024-08-26,409.8949,407.0597,407.0597,13152800
2024-08-27,406.4395,407.4043,407.4043,13492900
2024-08-28,408.4281,404.2146,404.2146,14882700
2024-08-29,408.4872,406.6955,406.6955,17045200
2024-08-30,409.1369,410.6529,410.6529,24308300
2024-09-03,411.4109,403.0727,403.0727,20313600
2024-09-04,399.5976,402.5411,402.5411,15135800
2024-09-05,401.281,402.039,402.039,14195500
2024-09-06,402.6986,395.453,395.453,19609500
2024-09-09,400.9068,399.4105,399.4105,15295100
2024-09-10,401.8519,407.7586,407.7586,19594300
2024-09-11,409.0384,416.4612,416.4612,19266900
2024-09-12,416.727,420.3596,420.3596,17395700
2024-09-13,419.2078,423.8937,423.8937,15874600
2024-09-16,423.9036,424.6321,424.6321,13834700
2024-09-17,433.3838,428.3828,428.3828,18874200
2024-09-18,428.2352,424.1103,424.1103,18898000
2024-09-19,434.3683,431.8678,431.8678,21706600
2024-09-20,430.4207,428.501,428.501,55167100
2024-09-23,427.5264,426.7683,426.7683,15128900
2024-09-24,426.2662,422.4958,422.4958,17015800
2024-09-25,423.1456,425.3901,425.3901,13396400
2024-09-26,428.3237,424.6025,424.6025,14492000
2024-09-27,424.8093,421.3637,421.3637,14896100
2024-09-30,421.5508,423.6082,423.6082,16807300
2024-10-01,421.787,414.1477,414.1477,19092900
2024-10-02,416.0083,410.6431,410.6431,16582300
2024-10-03,411.1353,410.0623,410.0623,13686400
2024-10-04,411.7358,409.5897,409.5897,19169700
2024-10-07,409.5306,403.1711,403.1711,20919800
2024-10-08,404.51,408.2607,408.2607,19229300
2024-10-09,409.3928,410.968,410.968,14974300
2024-10-10,408.7727,409.3732,409.3732,13848400
2024-10-11,409.6685,409.8457,409.8457,14144900
2024-10-14,411.2731,412.6219,412.6219,16653100
2024-10-15,415.6145,412.228,412.228,18900200
2024-10-16,408.7136,409.6488,409.6488,15508900
2024-10-17,415.7917,410.2394,410.2394,14820000
2024-10-18,410.6529,411.6571,411.6571,17145300
2024-10-21,409.6488,412.2674,412.2674,14206100
2024-10-22,411.9819,420.8617,420.8617,25482200
2024-10-23,424.1595,417.9969,417.9969,19654400
2024-10-24,418.7155,418.1249,418.1249,13581600
2024-10-25,420.1233,421.4917,421.4917,16899100
2024-10-28,424.9471,419.956,419.956,14882400
2024-10-29,421.344,425.2326,425.2326,17644100
2024-10-30,430.6372,425.8036,425.8036,29749100
2024-10-31,408.9006,400.0307,400.0307,53971000
2024-11-01,402.6493,403.9882,403.9882,24230400
2024-11-04,403.4271,402.1079,402.1079,19672300
2024-11-05,402.0193,405.0612,405.0612,17626000
2024-11-06,406.0064,413.6457,413.6457,26681800
2024-11-07,414.7285,418.814,418.814,19901800
2024-11-08,418.7057,415.969,415.969,16891400
2024-11-11,415.9493,411.5094,411.5094,24503300
2024-11-12,411.7456,416.4513,416.4513,19401200
2024-11-13,415.083,418.5876,418.5876,21502200
2024-11-14,418.3907,420.2513,420.2513,30246900
2024-11-15,413.2912,408.5462,408.5462,28247600
2024-11-18,408.4182,409.2944,409.2944,24727000
2024-11-19,406.6856,411.2928,411.2928,18133500
2024-11-20,410.3871,409.0286,409.0286,19191700
2024-11-21,413.8029,407.2629,407.2629,20780200
2024-11-22,405.7833,411.3368,411.3368,24814600
2024-11-25,412.6981,413.1025,413.1025,27691100
2024-11-26,413.8916,422.1775,422.1775,23458900
2024-11-27,419.3367,417.2455,417.2455,18332400
2024-11-29,414.3848,417.709,417.709,16271900
2024-12-02,415.8447,425.127,425.127,20207200
2024-12-03,424.0024,425.344,425.344,18302000
2024-12-04,427.1491,431.4795,431.4795,26009400
2024-12-05,431.9727,436.6089,436.6089,21697800
2024-12-06,436.2932,437.546,437.546,18821000
2024-12-09,436.5891,439.9626,439.9626,19144400
2024-12-10,438.3548,437.3092,437.3092,18469500
2024-12-11,438.0195,442.8924,442.8924,19200200
2024-12-12,443.0107,443.4546,443.4546,20834800
2024-12-13,442.3499,441.1957,441.1957,20177800
2024-12-16,441.1957,445.457,445.457,23598800
2024-12-17,444.885,448.2881,448.2881,22733500
2024-12-18,445.1907,431.4499,431.4499,24444500
2024-12-19,435.6224,431.0948,431.0948,22963700
2024-12-20,427.228,430.6706,430.6706,64263700
2024-12-23,430.8087,429.339,429.339,19152500
2024-12-24,428.7471,433.3635,433.3635,7164500
2024-12-26,433.1169,432.1601,432.1601,8194200
2024-12-27,428.6978,424.683,424.683,18117700
2024-12-30,420.2738,419.0605,419.0605,13158700
2024-12-31,420.3132,415.7757,415.7757,13246500
2025-01-02,419.7509,412.8953,412.8953,16896500
2025-01-03,415.3614,417.6006,417.6006,16662900
2025-01-06,422.1874,422.0395,422.0395,20573600
2025-01-07,423.1738,416.6339,416.6339,18139100
2025-01-08,417.7091,418.7942,418.7942,15054600
2025-01-10,418.8632,413.2603,413.2603,20201100
2025-01-13,409.6007,411.5242,411.5242,17604800
2025-01-14,412.1358,410.0249,410.0249,16935900
2025-01-15,413.4379,420.5204,420.5204,19637800
2025-01-16,422.8779,418.8138,418.8138,15300000
2025-01-17,428.1946,423.2034,423.2034,26197500
2025-01-21,424.3575,422.6806,422.6806,26085700
2025-01-22,431.6176,440.1403,440.1403,27803800
2025-01-23,435.9973,440.6433,440.6433,18389300
2025-01-24,439.1144,438.0293,438.0293,15549500
2025-01-27,418.2516,428.6583,428.6583,35647800
2025-01-28,428.6978,441.1267,441.1267,23491700
2025-01-29,440.6236,436.3228,436.3228,23581400
2025-01-30,413.0828,409.3541,409.3541,54586300
2025-01-31,413.2899,409.4232,409.4232,34161900
2025-02-03,406.0102,405.3394,405.3394,25679100
2025-02-04,407.0854,406.7697,406.7697,20532100
2025-02-05,406.75,407.6772,407.6772,16316700
2025-02-06,408.3776,410.1729,410.1729,16309800
2025-02-07,410.8239,404.1853,404.1853,22886800
2025-02-10,408.0915,406.6217,406.6217,20817900
2025-02-11,404.0768,405.8523,405.8523,18140600
2025-02-12,401.6797,403.4849,403.4849,19121700
2025-02-13,401.4726,404.9646,404.9646,23891700
2025-02-14,402.2519,402.8832,402.8832,22758500
2025-02-18,402.459,404.0768,404.0768,21423100
2025-02-19,402.3406,409.1371,409.1371,24114200
2025-02-20,410.4714,411.3017,411.3017,23508700
2025-02-21,412.4976,403.4735,403.4735,27524800
2025-02-24,403.7701,399.3124,399.3124,26443700
2025-02-25,396.4461,393.2832,393.2832,29387400
2025-02-26,393.3919,395.0919,395.0919,19619000
2025-02-27,396.6141,387.9755,387.9755,21127400
2025-02-28,388.104,392.3838,392.3838,32845700
2025-03-03,394.1926,383.9824,383.9824,23007700
2025-03-04,378.9514,384.101,384.101,29342900
2025-03-05,384.8225,396.367,396.367,23433100
2025-03-06,389.7052,392.2849,392.2849,23304600
2025-03-07,387.7679,388.7464,388.7464,22034100
2025-03-10,381.3631,375.749,375.749,32840100
2025-03-11,374.6025,376.0357,376.0357,30380200
2025-03-12,378.5067,378.8229,378.8229,24253600
2025-03-13,378.7142,374.3752,374.3752,20473000
2025-03-14,375.3734,384.0515,384.0515,19952800
2025-03-17,382.2132,384.19,384.19,22474300
2025-03-18,382.5789,379.07,379.07,19486900
2025-03-19,381.0567,383.3202,383.3202,19185500
2025-03-20,381.2643,382.3515,382.3515,18470500
2025-03-21,378.7736,386.7203,386.7203,39675900
2025-03-24,390.8122,388.5191,388.5191,21004500
2025-03-25,389.3494,390.575,390.575,15775000
2025-03-26,390.4169,385.4452,385.4452,16108400
2025-03-27,385.6033,386.0481,386.0481,13766800
2025-03-28,383.5771,374.4048,374.4048,21632000
2025-03-31,368.2175,371.0344,371.0344,35184700
2025-04-01,370.3029,377.7555,377.7555,19689500
2025-04-02,373.5845,377.7061,377.7061,16092600
2025-04-03,370.4414,368.7808,368.7808,30198000
2025-04-04,359.9051,355.6648,355.6648,49209900
2025-04-07,346.8088,353.7078,353.7078,50425000
2025-04-08,363.9871,350.4461,350.4461,35868900
2025-04-09,349.4379,385.9592,385.9592,50199700
2025-04-10,377.627,376.9252,376.9252,38024400
2025-04-11,376.2235,383.9429,383.9429,23839200
2025-04-14,388.6575,383.3103,383.3103,19251200
2025-04-15,384.0021,381.2544,381.2544,17199900
2025-04-16,376.2532,367.2982,367.2982,21967800
2025-04-17,369.4134,363.5127,363.5127,21120200
2025-04-21,358.6102,354.9531,354.9531,20807300
2025-04-22,359.1638,362.5638,362.5638,19485000
2025-04-23,371.6966,370.046,370.046,20545500
2025-04-24,371.3408,382.8062,382.8062,22232300
2025-04-25,382.5097,387.3034,387.3034,18973200
2025-04-28,387.4121,386.6214,386.6214,16579400
2025-04-29,386.7598,389.468,389.468,14974000
2025-04-30,385.7714,390.6738,390.6738,36461100
2025-05-01,426.1079,420.4641,420.4641,58938100
2025-05-02,426.7306,430.2295,430.2295,30757400
2025-05-05,427.8474,431.1092,431.1092,20136100
2025-05-06,427.1852,428.2823,428.2823,15104200
2025-05-07,428.8062,428.3219,428.3219,23295300
2025-05-08,432.8487,433.086,433.086,23491300
2025-05-09,434.8947,433.6394,433.6394,15324200
2025-05-12,440.7658,444.0473,444.0473,22821900
2025-05-13,442.5845,443.9287,443.9287,23618800
2025-05-14,442.9403,447.6846,447.6846,19902800
2025-05-15,446.3577,448.6946,448.6946,21992300
2025-05-16,447.6252,449.8234,449.8234,23849800
2025-05-19,446.4666,454.3784,454.3784,21336500
2025-05-20,451.1305,453.6853,453.6853,15441800
2025-05-21,450.1205,448.1401,448.1401,19216900
2025-05-22,450.4968,450.4077,450.4077,18025600
2025-05-23,445.5754,445.7734,445.7734,16883500
2025-05-27,452.0118,456.1806,456.1806,20974300
2025-05-28,456.7054,452.8832,452.8832,17086300
2025-05-29,457.0322,454.1903,454.1903,13974800
2025-05-30,455.2201,455.8538,455.8538,34770500
2025-06-02,452.6654,457.4481,457.4481,16626500
2025-06-03,456.953,458.4383,458.4383,15743800
2025-06-04,459.4582,459.3295,459.3295,14162700
2025-06-05,460.4088,463.1022,463.1022,20131700
2025-06-06,465.4886,465.7758,465.7758,15285600
2025-06-09,465.1024,468.1225,468.1225,16469900
2025-06-10,466.5778,466.3104,466.3104,15375900
2025-06-11,465.4192,467.9938,467.9938,16399200
2025-06-12,470.3703,474.1826,474.1826,18950600
2025-06-13,471.7468,470.3109,470.3109,16814500
2025-06-16,470.5584,474.45,474.45,15626100
2025-06-17,470.7466,473.3608,473.3608,15414100
2025-06-18,473.3211,475.5392,475.5392,17526500
2025-06-20,477.5098,472.727,472.727,37576200
2025-06-23,473.5291,481.2429,481.2429,24864000
2025-06-24,484.164,485.3126,485.3126,22305600
2025-06-25,487.2237,487.4515,487.4515,17495100
2025-06-26,488.1545,492.5808,492.5808,21578900
2025-06-27,492.6798,491.0856,491.0856,34539200
2025-06-30,492.1748,492.5412,492.5412,28369000
2025-07-01,491.6104,487.2336,487.2336,19945400
2025-07-02,485.1938,486.283,486.283,16319600
2025-07-03,488.9764,493.9572,493.9572,13984800
2025-07-07,492.5114,492.8481,492.8481,13981600
2025-07-08,492.3728,491.7589,491.7589,11846600
2025-07-09,495.4029,498.5815,498.5815,18659500
2025-07-10,498.126,496.5714,496.5714,16492100
2025-07-11,493.5908,498.3933,498.3933,16459500
2025-07-14,496.6109,498.0963,498.0963,12058800
2025-07-15,498.0963,500.8689,500.8689,14927200
2025-07-16,500.2351,500.6708,500.6708,15154400
2025-07-17,500.7302,506.6913,506.6913,17503100
2025-07-18,509.4441,505.0574,505.0574,21209700
2025-07-21,501.7501,505.0673,505.0673,14066800
2025-07-22,505.9684,500.3242,500.3242,13868600
2025-07-23,501.7897,500.9183,500.9183,16396600
2025-07-24,503.79,505.8793,505.8793,16107000
2025-07-25,507.4537,508.6816,508.6816,19125700
2025-07-28,509.048,507.4835,507.4835,14308000
2025-07-29,510.4838,507.5528,507.5528,16469200
2025-07-30,510.1273,508.2162,508.2162,26380400
2025-07-31,549.7952,528.278,528.278,51617300
2025-08-01,529.7632,518.9798,518.9798,28977600
2025-08-04,523.0992,530.397,530.397,25349000
2025-08-05,531.9219,522.5842,522.5842,19171600
2025-08-06,525.7034,519.8017,519.8017,21355700
2025-08-07,521.6435,515.7419,515.7419,16079100
2025-08-08,517.4846,516.9301,516.9301,15531000
2025-08-11,517.1875,516.6627,516.6627,20194400
2025-08-12,518.6233,524.0596,524.0596,18667000
2025-08-13,526.9015,515.4844,515.4844,19619200
2025-08-14,517.445,517.3657,517.3657,20269100
2025-08-15,517.653,515.0784,515.0784,25213300
2025-08-18,516.4845,512.0384,512.0384,23760600
2025-08-19,509.959,504.7802,504.7802,21481000
2025-08-20,504.8792,500.7699,500.7699,27723000
2025-08-21,499.5797,500.1252,500.1252,18443300
2025-08-22,500.1351,503.0908,503.0908,24324200
2025-08-25,502.4956,500.145,500.145,21638600
2025-08-26,500.2441,497.9431,497.9431,30835700
2025-08-27,497.9035,502.6048,502.6048,17277900
2025-08-28,502.9519,505.4811,505.4811,18015600
2025-08-29,504.5091,502.5551,502.5551,20961600
2025-09-02,496.3859,500.998,500.998,18128000
2025-09-03,499.6788,501.2261,501.2261,16345100
2025-09-04,500.1846,503.8247,503.8247,15509500
2025-09-05,504.9157,490.9605,490.9605,31994800
2025-09-08,494.0452,494.1345,494.1345,16771000
2025-09-09,497.3381,494.3427,494.3427,14410500
2025-09-10,498.8754,496.2867,496.2867,21611800
2025-09-11,498.1514,496.9215,496.9215,18881600
2025-09-12,502.5154,505.7389,505.7389,23624900
2025-09-15,504.638,511.1544,511.1544,17143800
2025-09-16,512.662,504.886,504.886,19711900
2025-09-17,506.4531,505.8579,505.8579,15816600
2025-09-18,507.316,504.3008,504.3008,18913700
2025-09-19,506.3935,513.7034,513.7034,52474100
2025-09-22,511.3826,510.2519,510.2519,20009300
2025-09-23,509.6071,505.0744,505.0744,19799600
2025-09-24,506.215,505.9869,505.9869,13533700
2025-09-25,504.152,502.8924,502.8924,15786500
2025-09-26,505.8976,507.2862,507.2862,16213100
2025-09-29,507.3259,510.4005,510.4005,17617800
2025-09-30,509.0517,513.7233,513.7233,19728200
2025-10-01,510.599,515.4689,515.4689,22632300
2025-10-02,513.4158,511.5313,511.5313,21222900
2025-10-03,512.8802,513.1281,513.1281,15112300
2025-10-06,514.3778,524.2566,524.2566,21388600
2025-10-07,523.9788,519.704,519.704,14615200
2025-10-08,519.0098,520.5669,520.5669,13363400
2025-10-09,518.0775,518.137,518.137,18343600
2025-10-10,515.3995,506.7903,506.7903,24133800
2025-10-13,512.1958,509.8551,509.8551,14284200
2025-10-14,506.0663,509.379,509.379,14684300
2025-10-15,510.7577,509.2401,509.2401,14694700
2025-10-16,508.3971,507.435,507.435,15559600
2025-10-17,504.8859,509.3889,509.3889,19867800
2025-10-20,510.4106,512.5728,512.5728,14665600
2025-10-21,513.2769,513.4356,513.4356,15586200
2025-10-22,516.8972,516.2921,516.2921,18962700
2025-10-23,518.1964,516.3119,516.3119,14023500
2025-10-24,518.5238,519.3371,519.3371,15532400
2025-10-27,527.4404,527.1825,527.1825,18734700
2025-10-28,545.5116,537.6464,537.6464,29986700
2025-10-29,540.493,537.1306,537.1306,36023000
2025-10-30,526.1509,521.4695,521.4695,41023100
2025-10-31,524.5641,513.5844,513.5844,34006400
2025-11-03,515.5681,512.8108,512.8108,22374700
2025-11-04,507.5837,510.1328,510.1328,20958700
2025-11-05,509.1112,503.0213,503.0213,23024300
2025-11-06,501.5335,493.0434,493.0434,27406500
2025-11-07,492.8946,492.7657,492.7657,24019800
2025-11-10,495.9594,501.8708,501.8708,26101500
2025-11-11,500.6806,504.5289,504.5289,17980000
2025-11-12,505.2033,506.9688,506.9688,26574900
2025-11-13,506.1456,499.1829,499.1829,25273100
2025-11-14,494.1642,506.0166,506.0166,28505700
2025-11-17,504.3008,503.3486,503.3486,19092800
2025-11-18,491.3275,489.7604,489.7604,33815100
2025-11-19,486.1005,483.1448,483.1448,23245300
2025-11-20,489.6039,475.4139,475.4139,26802500
2025-11-21,475.4834,469.1436,469.1436,31769200
2025-11-24,472.0055,471.0118,471.0118,34421000
2025-11-25,471.0814,473.983,473.983,28019800
2025-11-26,483.2442,482.4393,482.4393,25709100
2025-11-28,484.5261,488.9083,488.9083,14386700
2025-12-01,485.3608,483.6715,483.6715,23964000
2025-12-02,483.6516,486.9109,486.9109,19562700
2025-12-03,473.3172,474.7183,474.7183,34615100
2025-12-04,476.7355,477.8087,477.8087,22318200
2025-12-05,479.4781,480.1141,480.1141,22608700
2025-12-08,481.8332,487.9245,487.9245,21965900
2025-12-09,486.0166,488.9182,488.9182,14696100
2025-12-10,480.9786,475.5431,475.5431,35756200
2025-12-11,473.6253,480.4221,480.4221,24669200
2025-12-12,476.7952,475.5133,475.5133,21248100
2025-12-15,477.0734,471.8267,471.8267,23727700
2025-12-16,468.935,473.3868,473.3868,20705600
2025-12-17,473.9035,473.1184,473.1184,24527200
2025-12-18,475.1754,480.9289,480.9289,28573500
2025-12-19,484.2876,482.8567,482.8567,70836100
2025-12-22,483.0554,481.863,481.863,16963000
2025-12-23,481.9226,483.7808,483.7808,14683600
2025-12-24,482.6182,484.9434,484.9434,5855900
2025-12-26,483.6417,484.6354,484.6354,8842200
2025-12-29,481.8033,484.0292,484.0292,10893400
2025-12-30,482.8666,484.4069,484.4069,13944500
2025-12-31,484.7646,480.5712,480.5712,15601600
2026-01-02,481.3363,469.9585,469.9585,25571600
2026-01-05,471.0714,469.8691,469.8691,25250300
2026-01-06,470.813,475.4934,475.4934,23037700
2026-01-07,476.7355,480.4221,480.4221,25564200
2026-01-08,478.2062,475.0959,475.0959,18162600
2026-01-09,471.0715,476.2585,476.2585,18491000
2026-01-12,473.665,474.1718,474.1718,23519900
2026-01-13,471.6875,467.7028,467.7028,28545800
2026-01-14,463.5194,456.484,456.484,28184300
2026-01-15,461.1941,453.7811,453.7811,23225800
2026-01-16,454.9437,456.9609,456.9609,34246700
2026-01-20,448.3754,451.6546,451.6546,26130000
2026-01-21,449.7467,441.3102,441.3102,37980500
2026-01-22,444.7981,448.296,448.296,25349400
2026-01-23,449.0213,463.0126,463.0126,38000200
2026-01-26,462.3766,467.3153,467.3153,29291200
2026-01-27,470.7137,477.5503,477.5503,29213900
2026-01-28,480.1637,478.5937,478.5937,36875400
2026-01-29,437.2162,430.7672,430.7672,128855300
2026-01-30,436.4014,427.5774,427.5774,58566800
2026-02-02,427.5277,420.701,420.701,42219900
2026-02-03,419.3496,408.6177,408.6177,61424100
2026-02-04,408.409,411.5789,411.5789,45012400
2026-02-05,404.8714,391.1883,391.1883,66289200
2026-02-06,396.6536,398.6112,398.6112,53515300
2026-02-09,402.2978,410.9926,410.9926,45480500
2026-02-10,416.9746,410.6646,410.6646,44857900
2026-02-11,413.5563,401.8208,401.8208,42491000
2026-02-12,402.4468,399.3068,399.3068,40802400
2026-02-13,401.9003,398.79,398.79,34091600
2026-02-17,396.7033,394.3581,394.3581,32078800
2026-02-18,395.6201,397.0808,397.0808,23223400
2026-02-19,399.0728,396.8518,396.8518,28234000
2026-02-20,394.5112,395.6267,395.6267,34015200
2026-02-23,393.4057,382.9182,382.9182,43238300
2026-02-24,382.5896,387.4299,387.4299,33884700
2026-02-25,388.9538,398.9831,398.9831,43625500
2026-02-26,403.0765,400.0986,400.0986,34405900
2026-02-27,389.3024,391.1548,391.1548,51367200
2026-03-02,391.2743,396.9414,396.9414,35474900
2026-03-03,391.5533,402.2997,402.2997,38199200
2026-03-04,399.6504,403.5646,403.5646,35808000
2026-03-05,402.7877,409.0224,409.0224,39001300
2026-03-06,407.5484,407.3094,407.3094,31123900
2026-03-09,403.2857,407.7576,407.7576,30131900
2026-03-10,408.3751,404.1223,404.1223,31706400
2026-03-11,403.9331,403.2458,403.2458,25512100
2026-03-12,402.9968,400.238,400.238,27263900
2026-03-13,399.3815,393.9535,393.9535,26848000
2026-03-16,396.4633,398.3358,398.3358,27733700
2026-03-17,398.6545,397.7979,397.7979,26228300
2026-03-18,395.5271,390.2087,390.2087,25908500
2026-03-19,388.5255,387.4499,387.4499,25138800
2026-03-20,385.2289,380.3287,380.3287,50853200
2026-03-23,382.3506,381.4542,381.4542,29680100
2026-03-24,380.8167,371.2356,371.2356,42733600
2026-03-25,375.3987,369.5424,369.5424,31181200
2026-03-26,369.3233,364.4929,364.4929,36836600
2026-03-27,360.4393,355.33,355.33,37883400
2026-03-30,360.4393,357.5112,357.5112,44797000
2026-03-31,363.0786,368.676,368.676,45244400
2026-04-01,371.9825,367.8792,367.8792,29417200
2026-04-02,365.7279,371.9527,371.9527,24099100
2026-04-06,371.9826,371.375,371.375,16146600
2026-04-07,368.8453,370.7874,370.7874,21443300
2026-04-08,383.4262,372.8191,372.8191,33064800
2026-04-09,370.9965,371.5642,371.5642,30435300
2026-04-10,371.4746,369.3731,369.3731,28111100
2026-04-13,372.1021,382.8186,382.8186,35745800
2026-04-14,386.3543,391.5233,391.5233,37504500
2026-04-15,396.3936,409.5603,409.5603,45063400
2026-04-16,418.1654,418.5638,418.5638,41642400
2026-04-17,423.1054,421.0836,421.0836,48568200
2026-04-20,419.4502,416.3826,416.3826,27582200
2026-04-21,418.5438,422.448,422.448,32048500
2026-04-22,424.4699,431.1727,431.1727,29378200
2026-04-23,418.1953,414.072,414.072,38308000
2026-04-24,415.2871,422.9062,422.9062,27457400
2026-04-27,420.6752,423.1054,423.1054,30867300
2026-04-28,422.8564,427.5175,427.5175,30438100
2026-04-29,422.8663,422.7468,422.7468,38288300
2026-04-30,409.1519,406.1342,406.1342,70909400
2026-05-01,411.1339,412.7673,412.7673,31372400
2026-05-04,409.879,411.9506,411.9506,28066500
2026-05-05,413.6437,409.7196,409.7196,25700900
2026-05-06,406.3532,412.2892,412.2892,30285900
2026-05-07,418.4144,419.0717,419.0717,34942400
2026-05-08,415.7054,413.4445,413.4445,33383800
2026-05-11,406.2238,410.9944,410.9944,35657900
2026-05-12,412.8071,406.1242,406.1242,38594200
2026-05-13,401.5727,403.5745,403.5745,29667100
2026-05-14,402.8475,407.7775,407.7775,27077500
2026-05-15,412.5979,420.2171,420.2171,50771200
2026-05-18,414.9385,421.8306,421.8306,32564100
2026-05-19,428.1649,415.7353,415.7353,33018700
2026-05-20,412.4984,419.3605,419.3605,27864000
2026-05-21,423.9519,418.3025,418.3025,31393500
2026-05-22,418.7517,417.7835,417.7835,22390300
2026-05-26,415.6475,415.2483,415.2483,30398000
2026-05-27,410.2377,411.8946,411.8946,28901500
2026-05-28,412.204,426.1877,426.1877,47250500
2026-05-29,431.7372,449.394,449.394,79654400
2026-06-01,463.9666,459.6547,459.6547,53628900
2026-06-02,446.0403,440.4808,440.4808,37036800
2026-06-03,437.6262,426.537,426.537,39037000
2026-06-04,434.9911,427.2457,427.2457,26899500
2026-06-05,427.5351,415.8871,415.8871,34782200
2026-06-08,413.3619,410.9663,410.9663,32086700
2026-06-09,408.2614,402.652,402.652,35317300
2026-06-10,397.8011,396.6133,396.6133,32576000
2026-06-11,394.4674,389.6066,389.6066,47224100
2026-06-12,390.6945,390.0058,390.0058,34865800
2026-06-15,396.0544,399.0089,399.0089,32266400
2026-06-16,395.0463,393.09,393.09,31506800
2026-06-17,389.5167,378.198,378.198,41987800
2026-06-18,377.1101,378.6871,378.6871,59714200
2026-06-22,375.034,366.6498,366.6498,45171100
2026-06-23,371.6803,373.2374,373.2374,40647600
2026-06-24,370.8719,364.7733,364.7733,44509900
2026-06-25,362.0883,352.167,352.167,66179000
2026-06-26,356.4789,372.2692,372.2692,186201600
2026-06-29,376.7907,367.8775,367.8775,51229900
2026-06-30,370.3328,372.3191,372.3191,44945700
2026-07-01,380.1144,383.558,383.558,48065800
2026-07-02,383.7576,389.7563,389.7563,42128900
2026-07-06,386.3128,386.0133,386.0133,34224500
2026-07-07,391.7525,388.1094,388.1094,29297500
2026-07-08,383.3084,382.6197,382.6197,25908300
2026-07-09,373.7464,383.6378,383.6378,31083200
2026-07-10,387.0713,384.3764,384.3764,24644600
2026-07-13,387.0214,390.2553,390.2553,28914900
2026-07-14,382.1007,384.2067,384.2067,27863900
2026-07-15,387.0713,394.8866,394.8866,36253700
2026-07-16,397.5616,400.3463,400.3463,37047400
2026-07-17,394.118,393.08,393.08,33049800
2026-07-20,390.6746,401.5341,401.5341,27915800
2026-07-21,398.0606,397.0026,397.0026,24126600
2026-07-22,398.8292,389.6066,389.6066,28142500
2026-07-23,389.2373,380.863,380.863,30351800
2026-07-24,386.3227,380.9828,380.9828,27659400
2026-07-27,389.347,388.3689,388.3689,27856200
2026-07-28,392.4213,392.6109,392.6109,32367500
2026-07-29,392.6608,389.8062,389.8062,47209000
2026-07-30,437.0772,450.2524,450.2524,110160700
2026-07-31,449.1545,463.8468,463.8468,60846000
2026-08-03,475.2354,486.7337,486.7337,66762100
2026-08-04,479.9964,491.884,491.884,50455500
2026-08-05,495.4273,486.5441,486.5441,33388900
2026-08-06,487.632,498.9207,498.9207,36441500
2026-08-07,498.272,499.0505,499.0505,28846200
2026-08-10,502.4941,505.1091,505.1091,31206100
2026-08-11,503.3824,502.8633,502.8633,23049800
2026-08-12,499.0505,491.5047,491.5047,29001500
2026-08-13,492.3431,495.9464,495.9464,23039000
2026-08-14,495.4273,494.4691,494.4691,16217600
2026-08-17,489.2191,479.4474,479.4474,29635800
2026-08-18,480.6352,480.725,480.725,24087600
2026-08-19,479.168,483.4,483.4,19961900
2026-08-20,483.3,481.15,481.15,20020800
2026-08-21,479.88,483.24,483.24,22489200
2026-08-24,483.205,487.31,487.31,17230751
2026-08-25,485.44,491.71,491.71,19518987
