date,open_price_usd,close_price_usd,adj_close_price_usd,total_volume_usd
2013-04-29,13.4400,13.5600,12.6000,26971200.0
2013-04-30,13.6000,13.7600,12.8000,27671200.0
2013-05-01,13.7600,13.6400,12.6800,34131600.0
2013-05-02,13.6400,13.8000,12.8400,32348000.0
2013-05-03,13.8800,13.8800,12.8800,29386400.0
2013-05-06,13.8800,13.8400,12.8400,21711600.0
2013-05-07,13.8400,13.6400,12.6800,44806800.0
2013-05-08,13.6800,13.8800,12.9200,33403200.0
2013-05-09,13.6400,13.9200,12.9200,56680000.0
2013-05-10,14.2000,14.5200,13.5200,86113600.0
2013-05-13,14.4400,14.2400,13.2400,28981200.0
2013-05-14,14.4000,14.4400,13.4400,45414000.0
2013-05-15,14.4000,14.6800,13.6400,31317200.0
2013-05-16,14.6800,14.6400,13.6000,30836800.0
2013-05-17,14.6800,14.8800,13.8000,31211600.0
2013-05-20,14.8000,14.8400,13.8000,23638000.0
2013-05-21,14.8400,14.9200,13.9200,35778400.0
2013-05-22,14.9600,14.4000,13.4400,48040400.0
2013-05-23,14.2400,14.6400,13.6400,39388400.0
2013-05-24,14.5600,14.5200,13.5600,28330400.0
2013-05-28,14.6400,14.5200,13.5600,27930000.0
2013-05-29,14.4400,14.4400,13.4800,33505200.0
2013-05-30,14.4400,14.6400,13.6400,28450400.0
2013-05-31,14.5600,14.4800,13.5200,57750800.0
2013-06-03,14.4800,14.4400,13.4800,44446800.0
2013-06-04,14.5200,14.4800,13.5200,36367600.0
2013-06-05,14.4400,14.1600,13.2400,46452000.0
2013-06-06,14.1600,14.2400,13.3200,34104400.0
2013-06-07,14.3600,14.4400,13.4800,27458400.0
2013-06-10,14.4000,14.4400,13.4800,22414800.0
2013-06-11,14.2400,14.1600,13.2400,29633600.0
2013-06-12,14.2400,14.0400,13.1200,31258800.0
2013-06-13,14.0000,14.3600,13.4000,23625600.0
2013-06-14,14.4400,14.3600,13.4000,23601200.0
2013-06-17,14.4800,14.4800,13.5200,25533600.0
2013-06-18,14.5600,14.4000,13.4400,48677200.0
2013-06-19,14.5200,14.8400,13.8400,115958800.0
2013-06-20,14.7200,14.4400,13.4800,62869600.0
2013-06-21,14.5200,14.4400,13.4800,71422800.0
2013-06-24,14.2000,14.1200,13.2000,58077200.0
2013-06-25,14.2800,14.2400,13.2800,45736000.0
2013-06-26,14.4000,14.1600,13.2000,57975200.0
2013-06-27,14.2000,14.0000,13.0800,80803600.0
2013-06-28,14.0000,14.0400,13.1200,43153600.0
2013-07-01,14.1600,14.1200,13.1600,19952400.0
2013-07-02,14.0400,14.0800,13.1600,25639200.0
2013-07-03,13.9600,14.1200,13.2000,14038800.0
2013-07-05,14.1600,14.2400,13.2800,18468400.0
2013-07-08,14.2800,14.1600,13.2400,26208400.0
2013-07-09,14.2000,14.2400,13.2800,15736400.0
2013-07-10,14.2400,14.4400,13.4800,20846800.0
2013-07-11,14.5200,14.6400,13.6400,23983200.0
2013-07-12,14.6000,14.6400,13.6800,21636000.0
2013-07-15,14.6800,14.6000,13.6400,20133200.0
2013-07-16,14.6800,14.6800,13.7200,16256000.0
2013-07-17,14.6800,14.6000,13.6400,16610000.0
2013-07-18,14.6000,14.5600,13.6000,34448800.0
2013-07-19,14.4800,14.2400,13.2800,48053200.0
2013-07-22,14.3600,14.2400,13.2800,29238400.0
2013-07-23,14.4000,14.2000,13.2800,24679200.0
2013-07-24,14.3600,14.2000,13.2800,28425200.0
2013-07-25,14.2000,14.2800,13.3200,24332000.0
2013-07-26,14.0800,14.2000,13.2400,22736000.0
2013-07-29,14.1600,14.1600,13.2400,17954000.0
2013-07-30,14.2400,14.4000,13.4400,26607600.0
2013-07-31,14.3600,14.4400,13.4800,27016000.0
2013-08-01,14.4800,14.6400,13.6800,27764800.0
2013-08-02,14.6000,14.7600,13.8000,20962800.0
2013-08-05,14.7200,14.8400,13.8400,18518800.0
2013-08-06,14.8400,14.6000,13.6400,20660800.0
2013-08-07,14.5200,14.6000,13.6400,24438000.0
2013-08-08,14.6800,14.6800,13.7200,34569600.0
2013-08-09,14.1200,14.4800,13.5200,90622400.0
2013-08-12,13.8800,14.3600,13.4000,25756800.0
2013-08-13,14.4000,14.4400,13.4800,19746800.0
2013-08-14,14.4000,15.0400,14.0400,82850800.0
2013-08-15,14.8800,15.1200,14.1200,72361600.0
2013-08-16,15.1200,15.2000,14.2000,66045600.0
2013-08-19,15.1200,14.9600,13.9600,39343200.0
2013-08-20,14.8800,14.9600,14.0400,23419200.0
2013-08-21,14.8400,14.8800,13.9600,26154000.0
2013-08-22,14.8800,14.9600,14.0400,12901600.0
2013-08-23,14.9600,14.9600,14.0400,24512000.0
2013-08-26,14.9600,15.0000,14.0800,30015200.0
2013-08-27,14.8400,14.8000,13.8800,27746400.0
2013-08-28,14.8400,14.8000,13.8800,31882400.0
2013-08-29,14.7600,14.7600,13.8400,27621600.0
2013-08-30,14.7600,14.7600,13.8400,37812000.0
2013-09-03,14.8000,14.7600,13.8400,28468000.0
2013-09-04,14.7600,14.8800,14.0000,22208000.0
2013-09-05,14.8400,14.9200,14.0000,17490400.0
2013-09-06,14.9600,14.8800,13.9600,22675600.0
2013-09-09,15.0000,15.1200,14.2000,24640800.0
2013-09-10,15.2400,15.4400,14.4800,29213200.0
2013-09-11,15.4400,15.7200,14.7600,39616400.0
2013-09-12,15.6400,15.6800,14.7200,30380800.0
2013-09-13,15.7600,15.8000,14.8400,15969600.0
2013-09-16,15.9200,15.8000,14.8400,23141200.0
2013-09-17,15.8800,15.8400,14.8800,16860800.0
2013-09-18,15.8800,16.0000,15.0000,26816800.0
2013-09-19,16.0800,15.9200,14.9600,22757200.0
2013-09-20,15.9600,15.8000,14.8000,35603600.0
2013-09-23,15.7600,15.6400,14.6800,27124400.0
2013-09-24,15.6400,15.6800,14.7200,22973200.0
2013-09-25,15.6800,15.7200,14.7600,23315600.0
2013-09-26,15.7600,15.6800,14.7200,14881600.0
2013-09-27,15.5600,15.5600,14.6000,15192000.0
2013-09-30,15.4400,15.5600,14.6000,22664000.0
2013-10-01,15.5600,15.5600,14.6000,22697600.0
2013-10-02,15.4000,15.5200,14.6000,16203600.0
2013-10-03,15.5600,15.4000,14.4400,43676800.0
2013-10-04,15.3600,15.6000,14.6400,24622800.0
2013-10-07,15.5200,15.6000,14.6400,16995200.0
2013-10-08,15.5600,15.4800,14.5200,29071200.0
2013-10-09,15.5600,15.2400,14.2800,27586000.0
2013-10-10,15.3200,15.4000,14.4400,22348400.0
2013-10-11,15.1600,15.2800,14.3200,21370400.0
2013-10-14,15.2400,15.4800,14.5200,16662800.0
2013-10-15,15.4800,15.4000,14.4800,20882000.0
2013-10-16,15.5200,15.6000,14.6400,21007200.0
2013-10-17,15.4800,15.6400,14.6800,21332400.0
2013-10-18,15.6000,15.8000,14.8400,25506800.0
2013-10-21,16.0000,15.8400,14.8800,19500800.0
2013-10-22,15.8400,15.7600,14.8000,17945200.0
2013-10-23,15.7200,15.5200,14.5600,25221600.0
2013-10-24,15.5200,15.4000,14.4400,23643600.0
2013-10-25,15.4800,15.2400,14.3200,33049200.0
2013-10-28,15.2400,15.2000,14.2800,39402400.0
2013-10-29,15.2000,15.2400,14.2800,38795200.0
2013-10-30,15.2800,15.2400,14.2800,20403200.0
2013-10-31,15.2400,15.2000,14.2400,29336800.0
2013-11-01,15.2800,15.2800,14.3200,20613600.0
2013-11-04,15.3200,14.8000,13.9200,41026400.0
2013-11-05,14.7200,14.8000,13.8800,42236800.0
2013-11-06,14.8000,14.8800,14.0000,19804400.0
2013-11-07,14.8400,14.5600,13.6400,55307600.0
2013-11-08,15.0000,15.5600,14.6000,73453200.0
2013-11-11,15.5200,15.6800,14.7200,29762400.0
2013-11-12,15.7600,15.7200,14.7600,31603200.0
2013-11-13,15.6800,16.1600,15.1600,33279200.0
2013-11-14,16.1200,16.2000,15.2400,30798000.0
2013-11-15,16.2800,16.1600,15.1600,45033200.0
2013-11-18,15.8000,15.7600,14.8000,31694800.0
2013-11-19,15.6000,15.4400,14.5600,20671600.0
2013-11-20,15.4400,15.2000,14.3600,20477600.0
2013-11-21,15.2400,15.3200,14.4800,21356800.0
2013-11-22,15.3600,15.2000,14.3200,15866800.0
2013-11-25,15.2000,15.5200,14.6400,24820800.0
2013-11-26,15.6800,15.6400,14.7600,75317600.0
2013-11-27,15.6400,15.6800,14.8000,18127200.0
2013-11-29,15.6800,15.6000,14.7200,11696400.0
2013-12-02,15.5200,15.7600,14.8400,37387200.0
2013-12-03,15.7600,15.7200,14.8400,29056000.0
2013-12-04,15.6800,15.9600,15.0400,49317600.0
2013-12-05,16.0000,15.6800,14.8000,27181200.0
2013-12-06,15.8800,15.4800,14.6000,28100000.0
2013-12-09,15.4800,15.2000,14.3600,38522000.0
2013-12-10,15.2000,15.5600,14.6800,52426800.0
2013-12-11,15.6000,15.4000,14.5200,41415600.0
2013-12-12,15.3600,15.1200,14.2400,25872400.0
2013-12-13,15.1600,15.0400,14.1600,18458800.0
2013-12-16,15.0400,15.0400,14.2000,23762000.0
2013-12-17,15.0400,15.1200,14.2400,27410400.0
2013-12-18,15.1600,15.3200,14.4400,42623200.0
2013-12-19,15.3200,15.4000,14.5200,25854400.0
2013-12-20,15.4000,15.6800,14.8000,38208000.0
2013-12-23,15.7600,15.7600,14.8800,16856800.0
2013-12-24,15.8800,15.8000,14.9200,7960000.0
2013-12-26,15.8800,15.6800,14.8000,16892000.0
2013-12-27,15.7600,15.7600,14.8800,21097600.0
2013-12-30,15.7600,15.9600,15.0800,24818000.0
2013-12-31,16.0000,16.0400,15.1200,23577600.0
2014-01-02,15.9200,15.8400,14.9600,26009200.0
2014-01-03,15.8800,15.6800,14.8000,25933200.0
2014-01-06,15.8400,15.8800,15.0000,40949200.0
2014-01-07,16.0400,16.1200,15.2400,33328800.0
2014-01-08,16.2000,16.3600,15.4400,30819200.0
2014-01-09,16.1200,15.7600,14.8400,29217200.0
2014-01-10,15.8000,15.7200,14.8400,21849200.0
2014-01-13,15.7200,15.3600,14.4800,24333200.0
2014-01-14,15.4400,15.8400,14.9600,24182800.0
2014-01-15,15.9200,16.0000,15.1200,17504400.0
2014-01-16,16.0000,16.0400,15.1600,22065200.0
2014-01-17,16.0400,16.0000,15.0800,34040000.0
2014-01-21,16.0000,16.0400,15.1600,24607600.0
2014-01-22,16.0800,16.0400,15.1200,33794000.0
2014-01-23,15.9600,15.9600,15.0800,18502800.0
2014-01-24,15.8400,15.5600,14.6800,24669600.0
2014-01-27,15.5600,15.4800,14.6000,23381200.0
2014-01-28,15.4400,15.6000,14.7200,16799600.0
2014-01-29,15.5600,15.4800,14.6000,16294400.0
2014-01-30,15.5600,15.7200,14.8400,20289600.0
2014-01-31,15.5200,15.6800,14.8000,33534800.0
2014-02-03,15.8000,15.4800,14.6000,43172800.0
2014-02-04,15.4800,15.5600,14.6800,28069200.0
2014-02-05,15.4800,15.4400,14.5600,21467600.0
2014-02-06,15.4800,15.6400,14.7600,16838000.0
2014-02-07,15.6800,15.8800,14.9600,15724800.0
2014-02-10,15.8400,15.9200,15.0000,32437200.0
2014-02-11,16.0000,16.2400,15.3200,23538400.0
2014-02-12,16.2800,16.8400,15.8800,74452800.0
2014-02-13,17.2400,17.3600,16.3600,90283600.0
2014-02-14,17.2000,17.9200,16.8800,81753600.0
2014-02-18,17.9200,17.8800,16.8800,42898800.0
2014-02-19,17.8800,18.1200,17.1200,45034000.0
2014-02-20,18.2000,18.8000,17.7200,39808800.0
2014-02-21,18.7600,18.6400,17.6000,45105200.0
2014-02-24,18.6000,18.9200,17.8400,40311200.0
2014-02-25,18.8000,18.7200,17.7600,24218400.0
2014-02-26,18.7200,18.7200,17.7200,36088400.0
2014-02-27,18.7200,18.5200,17.5200,38884800.0
2014-02-28,18.4000,18.3600,17.4000,32169200.0
2014-03-03,17.9600,18.2800,17.3200,37594800.0
2014-03-04,18.3600,18.4800,17.5200,26034400.0
2014-03-05,18.4400,18.6400,17.6800,24147200.0
2014-03-06,18.6800,18.3600,17.4000,29014400.0
2014-03-07,18.4400,18.3600,17.4000,26845200.0
2014-03-10,18.2800,18.0800,17.1600,30088800.0
2014-03-11,18.2000,18.2800,17.3200,29722000.0
2014-03-12,18.2000,18.3200,17.3600,23942800.0
2014-03-13,18.3600,17.7200,16.8000,38517200.0
2014-03-14,17.5600,17.8000,16.8800,46004800.0
2014-03-17,17.8800,17.8000,16.8800,29965600.0
2014-03-18,17.8800,18.2400,17.2800,29390400.0
2014-03-19,18.3600,18.5600,17.6000,36616800.0
2014-03-20,18.4400,18.5600,17.6000,19180000.0
2014-03-21,18.7200,18.5600,17.5600,56611600.0
2014-03-24,18.5600,18.4400,17.4800,30609600.0
2014-03-25,18.6400,18.4400,17.4800,30442400.0
2014-03-26,18.6400,18.0400,17.0800,55775600.0
2014-03-27,18.0000,17.8000,16.8400,54072800.0
2014-03-28,17.7600,17.8800,16.9600,39882000.0
2014-03-31,17.9200,17.9200,16.9600,27340400.0
2014-04-01,18.4800,18.6400,17.6800,65627200.0
2014-04-02,18.6400,18.5200,17.5600,23994800.0
2014-04-03,18.5600,18.7200,17.7600,59954800.0
2014-04-04,18.8400,18.1600,17.2000,36803200.0
2014-04-07,18.1600,18.2000,17.2400,42857600.0
2014-04-08,18.2000,18.8800,17.8800,47069200.0
2014-04-09,18.9600,18.8400,17.8400,42196800.0
2014-04-10,18.7600,18.3600,17.4000,37274800.0
2014-04-11,18.2400,18.1200,17.1600,35311200.0
2014-04-14,18.2400,18.3200,17.3600,29018400.0
2014-04-15,18.3600,18.4400,17.4800,30463600.0
2014-04-16,18.5600,18.4800,17.5200,23513600.0
2014-04-17,18.4400,18.5600,17.6000,15353200.0
2014-04-21,18.5600,18.7200,17.7200,11700400.0
2014-04-22,18.7200,18.8800,17.8800,25512000.0
2014-04-23,18.8800,19.0800,18.0800,26158000.0
2014-04-24,19.2000,19.2800,18.2400,39149200.0
2014-04-25,19.2000,18.7200,17.7600,31360000.0
2014-04-28,18.8800,18.6400,17.6800,22678800.0
2014-04-29,18.7200,18.6800,17.7200,17130000.0
2014-04-30,18.6400,18.4800,17.5200,30574000.0
2014-05-01,18.7600,18.5600,17.6000,19810400.0
2014-05-02,18.6400,18.4400,17.4800,15637600.0
2014-05-05,18.4000,18.6400,17.6400,23926000.0
2014-05-06,18.8000,18.2400,17.2800,41618800.0
2014-05-07,18.2400,18.2800,17.3200,29390000.0
2014-05-08,18.2000,18.5200,17.5200,43272800.0
2014-05-09,17.9600,18.0400,17.1200,53953200.0
2014-05-12,18.0800,18.5600,17.6000,29985600.0
2014-05-13,18.3200,18.2800,17.3200,22110400.0
2014-05-14,18.2800,18.1200,17.1600,21432000.0
2014-05-15,18.0400,18.0000,17.0400,32589600.0
2014-05-16,17.8800,17.9600,17.0400,28396000.0
2014-05-19,18.1600,18.5600,17.5600,36007600.0
2014-05-20,18.4400,18.2400,17.3600,25620000.0
2014-05-21,18.3200,18.2400,17.3600,21671200.0
2014-05-22,18.2000,18.3200,17.4400,13036400.0
2014-05-23,18.4400,18.4800,17.6000,18265600.0
2014-05-27,18.6000,18.8000,17.9200,20968000.0
2014-05-28,18.8800,18.9600,18.0800,22467600.0
2014-05-29,18.9600,18.9600,18.0400,17188400.0
2014-05-30,18.9600,19.0000,18.0800,23912800.0
2014-06-02,19.0400,18.9600,18.0400,18150000.0
2014-06-03,18.9600,18.8800,17.9600,24321200.0
2014-06-04,18.8000,18.8800,17.9600,16123600.0
2014-06-05,18.9200,18.9600,18.0400,18869600.0
2014-06-06,19.0400,19.0400,18.1200,16105200.0
2014-06-09,19.0000,19.0400,18.1200,24745600.0
2014-06-10,18.9600,19.1600,18.2400,21760800.0
2014-06-11,19.0800,19.4000,18.4800,26622800.0
2014-06-12,19.4000,19.5200,18.6000,33714800.0
2014-06-13,19.7200,19.5600,18.6000,22785200.0
2014-06-16,19.4400,19.4800,18.5600,19862000.0
2014-06-17,19.5200,19.6000,18.6800,15760800.0
2014-06-18,19.5600,19.6000,18.6400,21553600.0
2014-06-19,19.2400,19.1200,18.2400,47459200.0
2014-06-20,19.2000,18.9200,18.0400,35314800.0
2014-06-23,18.6800,18.7200,17.8000,41420000.0
2014-06-24,18.6800,18.4400,17.5200,27578000.0
2014-06-25,18.4800,18.6000,17.7200,21542000.0
2014-06-26,18.6000,18.3600,17.4800,25690800.0
2014-06-27,18.3600,18.3600,17.4800,30282000.0
2014-06-30,18.3200,18.5600,17.6400,18051200.0
2014-07-01,18.5200,18.7600,17.8400,32118000.0
2014-07-02,18.6800,18.6800,17.8000,17928400.0
2014-07-03,18.5200,18.8400,17.9600,13689200.0
2014-07-07,18.8800,18.7200,17.8000,12749600.0
2014-07-08,18.6400,18.5600,17.6800,22194000.0
2014-07-09,18.7200,19.1200,18.2000,38766800.0
2014-07-10,18.7600,19.0000,18.0800,26630800.0
2014-07-11,19.0400,19.0400,18.1200,19118800.0
2014-07-14,19.1200,19.2800,18.3600,27263600.0
2014-07-15,19.3200,19.3600,18.4400,39544000.0
2014-07-16,19.4400,19.3600,18.4400,31972800.0
2014-07-17,19.1200,19.2800,18.3600,32483200.0
2014-07-18,18.8800,18.4400,17.5600,56781600.0
2014-07-21,18.3600,18.5600,17.6800,24336400.0
2014-07-22,18.6800,18.4800,17.6000,29881600.0
2014-07-23,18.4800,18.0800,17.2000,29735200.0
2014-07-24,18.2000,18.1200,17.2400,25457600.0
2014-07-25,18.0400,17.8000,16.9200,26613200.0
2014-07-28,17.8800,17.7200,16.8800,33035200.0
2014-07-29,17.7200,17.8000,16.9200,21797200.0
2014-07-30,17.8800,18.0800,17.2000,24618400.0
2014-07-31,17.8800,17.5200,16.6800,40188000.0
2014-08-01,17.5200,17.6800,16.8400,21988400.0
2014-08-04,17.6800,17.6400,16.8000,24172400.0
2014-08-05,17.6000,17.6400,16.8000,29813600.0
2014-08-06,17.5600,17.6400,16.8000,22345600.0
2014-08-07,17.8000,17.4400,16.6400,40769600.0
2014-08-08,18.2000,19.0000,18.0800,89434800.0
2014-08-11,19.0400,18.8800,18.0000,34462400.0
2014-08-12,18.8800,18.8800,18.0000,29615200.0
2014-08-13,18.9200,19.0000,18.0800,25659600.0
2014-08-14,19.0800,18.8000,17.8800,25599200.0
2014-08-15,18.8800,19.0400,18.1200,36979600.0
2014-08-18,19.1200,19.2800,18.3600,28407600.0
2014-08-19,19.2000,19.3600,18.5200,24826000.0
2014-08-20,19.2800,19.2400,18.4000,22146800.0
2014-08-21,19.2000,19.0800,18.2400,27279600.0
2014-08-22,19.0400,19.0800,18.2400,25122400.0
2014-08-25,19.1600,19.1200,18.2800,15338000.0
2014-08-26,19.1600,19.4400,18.6000,26963600.0
2014-08-27,19.3200,19.2400,18.4000,18297200.0
2014-08-28,19.2000,19.4000,18.5600,17970400.0
2014-08-29,19.4400,19.4400,18.6000,20793200.0
2014-09-02,19.5200,19.5200,18.6400,19263600.0
2014-09-03,19.6000,19.6800,18.8000,25945600.0
2014-09-04,19.6400,20.0400,19.1600,49183200.0
2014-09-05,20.0000,19.9600,19.0800,25379200.0
2014-09-08,19.9600,19.8000,18.9200,31928800.0
2014-09-09,19.7200,19.5600,18.6800,19858800.0
2014-09-10,19.6400,19.6000,18.7600,17237600.0
2014-09-11,19.4800,19.4000,18.5600,25072000.0
2014-09-12,19.5200,19.1200,18.2800,26253600.0
2014-09-15,19.2000,18.8800,18.0400,29415200.0
2014-09-16,18.8000,19.1200,18.3200,21993600.0
2014-09-17,19.0800,19.1600,18.3200,17358400.0
2014-09-18,19.2800,19.4400,18.6000,21960400.0
2014-09-19,19.5200,19.0800,18.2400,60131600.0
2014-09-22,19.4800,18.8800,18.0800,22146400.0
2014-09-23,18.8000,18.8000,18.0000,19614400.0
2014-09-24,18.8000,18.9200,18.0800,15959200.0
2014-09-25,18.8800,18.5200,17.7200,29844000.0
2014-09-26,18.5600,18.5600,17.7200,24118800.0
2014-09-29,18.4000,18.5200,17.7200,20854000.0
2014-09-30,18.4400,18.4400,17.6400,27720400.0
2014-10-01,18.4800,18.2800,17.4800,35097600.0
2014-10-02,18.2400,18.2000,17.4000,28899600.0
2014-10-03,18.2800,18.2400,17.4400,23914000.0
2014-10-06,18.2800,18.1200,17.3200,19903200.0
2014-10-07,18.0400,17.9200,17.1600,30189600.0
2014-10-08,17.9200,18.2800,17.4800,26017200.0
2014-10-09,18.2000,17.9200,17.1200,30695600.0
2014-10-10,17.7600,16.8400,16.1200,69137600.0
2014-10-13,16.9600,16.8000,16.0400,39762800.0
2014-10-14,17.0400,17.2000,16.4400,37662000.0
2014-10-15,16.9200,17.4400,16.6800,40442800.0
2014-10-16,17.1200,17.4400,16.6800,35111600.0
2014-10-17,17.6400,17.4400,16.6400,29071600.0
2014-10-20,17.4400,17.5600,16.8000,20033600.0
2014-10-21,17.7200,18.3200,17.5200,35109200.0
2014-10-22,18.2800,17.8800,17.1200,23951200.0
2014-10-23,18.2000,18.2800,17.4800,21447600.0
2014-10-24,18.4000,18.4800,17.6800,21015600.0
2014-10-27,18.4800,18.4800,17.6800,14509200.0
2014-10-28,18.4400,18.9200,18.1200,19258000.0
2014-10-29,18.8400,18.8000,18.0000,16834000.0
2014-10-30,18.7600,18.6800,17.8800,17026000.0
2014-10-31,19.1200,19.5600,18.6800,25631600.0
2014-11-03,20.0000,19.8800,19.0000,30873200.0
2014-11-04,20.0000,20.1200,19.2400,36019600.0
2014-11-05,20.2400,20.1200,19.2400,33565200.0
2014-11-06,20.1600,20.2000,19.3200,39408800.0
2014-11-07,20.4400,19.8000,18.9200,45080000.0
2014-11-10,19.7600,20.0400,19.1600,29338800.0
2014-11-11,19.8800,19.8000,18.9200,21299200.0
2014-11-12,19.7200,19.6400,18.8000,20458400.0
2014-11-13,19.7200,19.5600,18.6800,22532800.0
2014-11-14,19.5600,19.8000,18.9200,16024800.0
2014-11-17,19.7200,19.7200,18.8400,15873200.0
2014-11-18,19.7200,20.1600,19.2800,20777200.0
2014-11-19,20.1200,20.0000,19.2000,24030000.0
2014-11-20,19.8800,20.3600,19.5200,22096800.0
2014-11-21,20.5200,20.4400,19.6400,19897600.0
2014-11-24,20.5200,20.5600,19.7600,13600400.0
2014-11-25,20.5600,20.5600,19.7600,19024000.0
2014-11-26,20.4400,20.9200,20.0800,21926400.0
2014-11-28,21.0000,20.9600,20.1200,12483200.0
2014-12-01,20.8800,20.5600,19.7600,19006000.0
2014-12-02,20.5600,20.6000,19.8000,24595200.0
2014-12-03,20.7200,21.1200,20.3200,28442400.0
2014-12-04,21.1200,20.9600,20.1200,18533200.0
2014-12-05,20.9600,21.0800,20.2400,16568000.0
2014-12-08,21.0400,20.8000,19.9600,22694400.0
2014-12-09,20.6800,20.7200,19.9200,23944800.0
2014-12-10,20.6800,20.2800,19.4800,20436400.0
2014-12-11,20.4000,20.2800,19.4400,13565200.0
2014-12-12,20.0000,19.6400,18.8400,32396400.0
2014-12-15,19.8800,19.5600,18.8000,25469600.0
2014-12-16,19.5600,19.3600,18.6000,18530800.0
2014-12-17,19.7200,20.1200,19.3600,34559600.0
2014-12-18,20.4000,20.2000,19.4000,22615600.0
2014-12-19,20.3600,20.4400,19.6000,32552800.0
2014-12-22,20.4000,20.8000,19.9600,14897600.0
2014-12-23,20.9600,20.6400,19.8400,10928000.0
2014-12-24,20.7200,20.5600,19.7600,4564400.0
2014-12-26,20.5600,20.6000,19.7600,5263600.0
2014-12-29,20.5200,20.5600,19.7600,8294400.0
2014-12-30,20.4400,20.3600,19.5600,11212000.0
2014-12-31,20.4000,20.0400,19.2400,16630000.0
2015-01-02,20.1200,20.1200,19.3200,11368000.0
2015-01-05,20.1200,19.8000,19.0000,19795200.0
2015-01-06,19.8000,19.2000,18.4400,19776400.0
2015-01-07,19.3200,19.1200,18.4000,32180800.0
2015-01-08,19.3600,19.8800,19.0800,28378000.0
2015-01-09,19.9200,19.9600,19.1600,20954000.0
2015-01-12,20.0000,19.6800,18.9200,19073200.0
2015-01-13,19.8400,19.6400,18.8800,23672000.0
2015-01-14,19.4400,19.7200,18.9600,15526000.0
2015-01-15,19.8800,19.6000,18.8400,18893200.0
2015-01-16,19.5600,19.9600,19.1600,18151200.0
2015-01-20,20.1200,20.0400,19.2400,14030800.0
2015-01-21,19.9200,20.2800,19.4800,14478000.0
2015-01-22,20.3600,20.6400,19.8400,15971200.0
2015-01-23,20.6800,20.7200,19.8800,12041600.0
2015-01-26,20.6400,20.6400,19.8000,13324000.0
2015-01-27,20.2800,19.6400,18.8400,35794800.0
2015-01-28,19.8800,19.3200,18.5600,27272800.0
2015-01-29,19.3200,19.8000,19.0000,23534000.0
2015-01-30,19.6400,19.2000,18.4400,29820000.0
2015-02-02,19.3200,19.6400,18.8400,25960400.0
2015-02-03,19.7600,20.1200,19.3200,18346800.0
2015-02-04,20.0400,20.1600,19.3600,18151600.0
2015-02-05,20.2000,20.4800,19.6800,14044800.0
2015-02-06,20.4800,20.4000,19.6000,21052400.0
2015-02-09,20.2800,20.3600,19.5600,27394400.0
2015-02-10,20.4000,20.9600,20.1200,22620400.0
2015-02-11,21.0000,20.8000,20.0000,32083200.0
2015-02-12,22.0000,22.2800,21.4000,67690400.0
2015-02-13,22.2400,22.3200,21.4400,31008400.0
2015-02-17,22.2800,22.3600,21.4800,20334000.0
2015-02-18,22.3600,22.1200,21.2400,17094800.0
2015-02-19,22.4000,22.2000,21.2800,16943200.0
2015-02-20,22.1600,22.3600,21.4400,15775200.0
2015-02-23,22.3200,22.1600,21.2800,12500800.0
2015-02-24,22.1600,22.3200,21.5200,14935600.0
2015-02-25,22.2000,22.1200,21.3600,12382000.0
2015-02-26,22.1600,22.2000,21.4000,15286400.0
2015-02-27,22.1200,22.0400,21.2800,15749200.0
2015-03-02,22.0000,22.6000,21.8000,30151200.0
2015-03-03,22.4400,22.2000,21.4000,16034400.0
2015-03-04,22.1200,22.4400,21.6400,22684000.0
2015-03-05,22.4400,22.8800,22.0400,32305600.0
2015-03-06,22.7200,22.5600,21.7200,25739200.0
2015-03-09,22.5600,22.6000,21.8000,22238800.0
2015-03-10,22.7200,23.0000,22.1600,52721200.0
2015-03-11,23.0000,22.8800,22.0400,26212000.0
2015-03-12,22.6400,22.6800,21.8400,40697200.0
2015-03-13,22.5600,22.7200,21.8800,35928800.0
2015-03-16,22.8800,22.9600,22.1600,23695600.0
2015-03-17,22.9200,23.2400,22.4000,29990000.0
2015-03-18,23.2400,22.8800,22.0400,41384400.0
2015-03-19,22.9600,23.2000,22.4000,31075600.0
2015-03-20,23.4000,23.4800,22.6400,46208400.0
2015-03-23,22.7600,22.7200,21.8800,42601200.0
2015-03-24,22.6400,22.4000,21.6000,33048000.0
2015-03-25,22.4000,21.0400,20.2800,54255200.0
2015-03-26,20.6000,20.9600,20.2000,31192000.0
2015-03-27,21.0800,21.3600,20.6000,31828800.0
2015-03-30,21.4800,21.4800,20.6800,25325200.0
2015-03-31,21.4000,20.9200,20.1600,35727600.0
2015-04-01,21.0000,21.0000,20.2400,33076800.0
2015-04-02,21.1200,21.0400,20.3200,19220400.0
2015-04-06,20.9600,21.6800,20.8800,51586400.0
2015-04-07,21.6800,21.8800,21.0800,41396400.0
2015-04-08,21.8800,22.0400,21.2400,36643200.0
2015-04-09,21.8400,22.5200,21.7200,37943200.0
2015-04-10,22.5600,22.7600,21.9600,25872800.0
2015-04-13,22.7200,22.5600,21.7200,23672400.0
2015-04-14,22.4400,22.3600,21.5600,22027600.0
2015-04-15,22.4400,22.6400,21.8000,24356000.0
2015-04-16,22.5200,22.4800,21.6800,15528400.0
2015-04-17,22.0400,22.2000,21.4000,29363600.0
2015-04-20,22.2800,22.0800,21.2800,23162400.0
2015-04-21,22.3600,22.0400,21.2800,23045600.0
2015-04-22,22.2000,22.3200,21.5200,20742000.0
2015-04-23,21.8800,22.2000,21.4400,25938000.0
2015-04-24,22.2000,22.0400,21.2400,24096000.0
2015-04-27,22.1200,22.2000,21.4000,24845600.0
2015-04-28,22.1600,22.3200,21.5200,23448400.0
2015-04-29,22.1600,22.1200,21.3600,19515600.0
2015-04-30,22.0400,22.2000,21.4000,21884400.0
2015-05-01,22.3600,22.7600,21.9200,25696800.0
2015-05-04,22.7200,22.6000,21.8000,20072000.0
2015-05-05,22.5200,22.0400,21.2400,29292800.0
2015-05-06,22.1600,22.1200,21.3200,31648400.0
2015-05-07,22.0000,22.4800,21.6800,53456400.0
2015-05-08,21.0000,20.8400,20.0800,114655200.0
2015-05-11,20.5600,20.6400,19.8800,54414400.0
2015-05-12,20.4800,20.8400,20.0800,38880000.0
2015-05-13,20.9600,20.9600,20.2000,30852400.0
2015-05-14,21.0000,21.2800,20.5200,29305200.0
2015-05-15,21.3600,21.2800,20.5200,21582400.0
2015-05-18,21.2400,21.2800,20.5200,32497200.0
2015-05-19,21.2000,21.0400,20.3600,25380800.0
2015-05-20,21.0400,21.0400,20.3600,19682400.0
2015-05-21,21.0400,20.8800,20.2400,23969200.0
2015-05-22,20.9600,20.8800,20.2000,21259200.0
2015-05-26,20.7600,20.7200,20.0800,25973200.0
2015-05-27,20.8800,21.8400,21.1600,43233200.0
2015-05-28,21.8400,22.1200,21.4400,32765600.0
2015-05-29,22.1200,22.1200,21.4400,33516800.0
2015-06-01,22.2800,22.3600,21.6800,37266000.0
2015-06-02,22.2400,21.9600,21.2400,22430400.0
2015-06-03,22.0000,21.7200,21.0000,25078800.0
2015-06-04,21.5600,22.0800,21.4000,32371200.0
2015-06-05,22.0400,22.2800,21.5600,31332000.0
2015-06-08,22.2000,21.7600,21.0800,34281200.0
2015-06-09,21.7600,21.8800,21.1600,25688800.0
2015-06-10,21.6000,21.4800,20.8000,52946000.0
2015-06-11,21.4800,21.7200,21.0000,28305200.0
2015-06-12,21.5600,21.1200,20.4400,32372800.0
2015-06-15,21.0000,21.0800,20.4000,30654800.0
2015-06-16,21.0400,21.3200,20.6400,25689200.0
2015-06-17,21.3200,21.5600,20.8800,23354400.0
2015-06-18,21.7600,21.9600,21.2400,29940400.0
2015-06-19,21.9600,21.8800,21.2000,35565600.0
2015-06-22,21.9200,21.8000,21.0800,51423600.0
2015-06-23,21.8000,21.2000,20.5600,41406400.0
2015-06-24,21.2000,21.0000,20.3600,25336800.0
2015-06-25,21.0000,21.1600,20.5200,35046000.0
2015-06-26,21.0000,20.7200,20.0800,42129600.0
2015-06-29,20.5200,20.1200,19.4800,39172400.0
2015-06-30,20.2400,20.1200,19.4800,31591600.0
2015-07-01,20.6000,20.4000,19.7600,30289200.0
2015-07-02,20.4000,20.4400,19.7600,14576400.0
2015-07-06,20.2400,20.1600,19.5200,21477600.0
2015-07-07,20.0400,19.8000,19.1600,59425200.0
2015-07-08,19.6800,19.6400,19.0400,33249200.0
2015-07-09,19.9600,19.4000,18.8000,35758800.0
2015-07-10,19.6400,19.7600,19.1200,21670800.0
2015-07-13,19.9600,19.8800,19.2400,21247200.0
2015-07-14,19.9200,19.8800,19.2800,24921600.0
2015-07-15,19.8400,19.7600,19.1200,26573200.0
2015-07-16,19.8800,20.2000,19.5600,28284800.0
2015-07-17,20.1200,20.0800,19.4400,22037200.0
2015-07-20,20.0800,19.7200,19.0800,18841200.0
2015-07-21,19.6400,19.8000,19.1600,14972000.0
2015-07-22,19.6400,19.4000,18.8000,35647200.0
2015-07-23,19.4400,19.6400,19.0400,16991600.0
2015-07-24,19.8000,19.4400,18.8000,18884400.0
2015-07-27,19.2400,19.3200,18.7200,19242000.0
2015-07-28,19.3600,19.7200,19.1200,19830800.0
2015-07-29,19.6800,19.9600,19.3600,23268000.0
2015-07-30,19.9200,20.0400,19.4000,19018000.0
2015-07-31,20.1200,19.9600,19.3200,21834000.0
2015-08-03,20.1200,20.2800,19.6400,39713200.0
2015-08-04,20.2000,20.3600,19.7200,26010000.0
2015-08-05,20.8800,20.5600,19.9200,23462800.0
2015-08-06,20.5200,20.4400,19.8000,65567600.0
2015-08-07,22.4400,22.9600,22.2400,140524800.0
2015-08-10,22.8000,23.8000,23.0400,66230400.0
2015-08-11,23.4400,23.6400,22.9200,43500800.0
2015-08-12,23.2800,23.7200,22.9600,38404800.0
2015-08-13,23.7600,23.5200,22.7600,27688400.0
2015-08-14,23.5200,23.5600,22.8000,21465200.0
2015-08-17,23.5200,23.4000,22.6400,27388000.0
2015-08-18,23.2000,23.0800,22.4400,28708400.0
2015-08-19,23.0400,23.0000,22.3600,24924800.0
2015-08-20,22.7200,22.1600,21.5600,42693200.0
2015-08-21,22.0000,21.4800,20.8800,38266400.0
2015-08-24,20.2800,20.7200,20.1600,68228400.0
2015-08-25,21.6400,20.2800,19.7200,62268400.0
2015-08-26,20.9600,21.8000,21.2000,61497600.0
2015-08-27,22.0400,22.6400,22.0000,46376400.0
2015-08-28,22.6400,22.7200,22.1200,32094400.0
2015-08-31,22.6400,22.4800,21.8800,21935200.0
2015-09-01,21.8400,21.5600,20.9600,35340800.0
2015-09-02,22.1600,22.2000,21.6000,34404400.0
2015-09-03,22.5600,22.2800,21.6400,26255600.0
2015-09-04,21.8800,21.7600,21.1600,28797200.0
2015-09-08,22.2800,22.6800,22.0400,23844800.0
2015-09-09,22.7600,22.2400,21.6000,28939200.0
2015-09-10,22.1200,22.5600,21.9600,35707600.0
2015-09-11,22.3200,22.6400,22.0400,30158400.0
2015-09-14,22.7600,22.6800,22.0800,19246000.0
2015-09-15,22.7200,22.9600,22.3200,32797600.0
2015-09-16,22.8800,23.1200,22.4800,17350800.0
2015-09-17,23.5200,23.3200,22.6800,26871200.0
2015-09-18,23.0000,23.2800,22.6400,32641200.0
2015-09-21,23.3200,23.5200,22.8800,28184000.0
2015-09-22,23.0400,22.8800,22.2800,22835600.0
2015-09-23,22.9200,23.0000,22.3600,16163200.0
2015-09-24,22.8800,23.4400,22.8000,38244000.0
2015-09-25,23.7200,23.6000,22.9600,36969200.0
2015-09-28,23.6000,23.2800,22.6800,39558400.0
2015-09-29,23.5600,23.7200,23.0400,38073600.0
2015-09-30,23.9200,24.6400,23.9600,55638000.0
2015-10-01,24.6400,24.1600,23.5200,48929600.0
2015-10-02,24.0400,24.8000,24.1200,38614400.0
2015-10-05,24.9600,25.4400,24.7200,48202400.0
2015-10-06,25.1600,25.7600,25.0400,45321600.0
2015-10-07,25.8000,26.0400,25.3200,31015200.0
2015-10-08,25.9200,26.1600,25.4400,46006800.0
2015-10-09,26.0400,26.0800,25.3600,42324800.0
2015-10-12,26.1200,26.3600,25.6400,22758800.0
2015-10-13,26.1200,26.4000,25.6800,29844400.0
2015-10-14,26.4400,27.3600,26.6000,61214800.0
2015-10-15,27.4000,27.4400,26.6800,52604800.0
2015-10-16,27.5200,27.8800,27.0800,44839600.0
2015-10-19,27.9600,27.8000,27.0400,29471200.0
2015-10-20,27.6800,27.7600,27.0000,26482400.0
2015-10-21,27.9600,27.4000,26.6400,38628000.0
2015-10-22,27.7200,28.4000,27.6400,30688400.0
2015-10-23,28.6400,28.6000,27.8000,38177600.0
2015-10-26,28.6000,28.4400,27.6800,24743600.0
2015-10-27,28.3200,28.4400,27.6400,20826800.0
2015-10-28,28.6400,28.6800,27.8800,21703600.0
2015-10-29,28.2000,27.6800,26.9200,32716800.0
2015-10-30,27.9600,28.3600,27.6000,30116000.0
2015-11-02,28.4400,28.7200,27.9200,19008800.0
2015-11-03,28.5200,28.5200,27.7200,37676800.0
2015-11-04,28.4400,28.0400,27.2800,44226400.0
2015-11-05,28.1600,27.7200,26.9600,47880000.0
2015-11-06,30.4400,31.5600,30.6800,117227200.0
2015-11-09,31.2400,31.4000,30.5600,49256800.0
2015-11-10,31.0000,30.8000,29.9600,55226000.0
2015-11-11,30.8400,30.5200,29.6800,61989600.0
2015-11-12,30.4400,30.4000,29.5600,29108000.0
2015-11-13,30.4400,29.8000,29.0000,29294000.0
2015-11-16,30.2000,30.4000,29.5600,34428000.0
2015-11-17,30.4800,30.4000,29.5600,25704800.0
2015-11-18,30.4000,31.0400,30.2800,35021600.0
2015-11-19,31.1200,31.1200,30.4000,25407200.0
2015-11-20,31.3600,31.4000,30.6400,23974400.0
2015-11-23,31.6400,30.9200,30.2000,24255200.0
2015-11-24,30.9200,31.1600,30.4400,19542800.0
2015-11-25,31.1200,31.1200,30.4000,13830000.0
2015-11-27,31.2000,31.4000,30.6400,8699600.0
2015-11-30,31.4400,31.7200,30.9600,32724400.0
2015-12-01,32.0000,32.7600,31.9600,40949600.0
2015-12-02,32.8000,32.5200,31.7200,29424000.0
2015-12-03,32.7600,32.4400,31.6400,24665600.0
2015-12-04,32.4400,33.7600,32.9600,45875600.0
2015-12-07,33.7600,33.1200,32.3200,33358800.0
2015-12-08,32.7200,33.5600,32.7600,31448800.0
2015-12-09,33.5600,32.7200,31.9200,37267600.0
2015-12-10,32.8000,32.9600,32.2000,23659600.0
2015-12-11,32.6400,32.4800,31.7200,22732000.0
2015-12-14,32.5200,32.5600,31.8000,27589200.0
2015-12-15,32.9200,32.9600,32.2000,30729600.0
2015-12-16,33.0400,33.1600,32.4000,23635600.0
2015-12-17,33.2400,32.6800,31.8800,25416000.0
2015-12-18,32.4400,32.1200,31.3600,39589600.0
2015-12-21,32.4800,32.9200,32.1200,28421600.0
2015-12-22,33.0000,32.9200,32.1600,13001200.0
2015-12-23,32.9600,33.0800,32.2800,12252400.0
2015-12-24,32.9600,33.1600,32.4000,5244800.0
2015-12-28,32.8000,33.1200,32.3600,14202400.0
2015-12-29,33.1600,33.6800,32.8800,20366000.0
2015-12-30,33.6400,33.4000,32.6000,18034400.0
2015-12-31,33.3600,32.9600,32.1600,14852800.0
2016-01-04,32.2800,32.3600,31.6000,35807600.0
2016-01-05,32.9600,32.8800,32.1200,49027200.0
2016-01-06,32.3600,31.5200,30.8000,44934400.0
2016-01-07,30.7200,30.2800,29.5600,64530400.0
2016-01-08,30.6800,29.6400,28.9200,39847200.0
2016-01-11,29.6400,29.6800,28.9600,40937200.0
2016-01-12,30.2000,30.2000,29.4800,46935600.0
2016-01-13,30.4000,29.2800,28.5600,48167200.0
2016-01-14,28.6400,28.6800,28.0000,60023600.0
2016-01-15,27.5200,27.1200,26.4800,84145200.0
2016-01-19,27.6800,27.3200,26.6800,45714000.0
2016-01-20,26.8000,27.4800,26.8400,48118000.0
2016-01-21,27.8000,27.8000,27.1200,48145600.0
2016-01-22,28.3200,28.4400,27.7600,25799600.0
2016-01-25,28.4400,28.4400,27.7600,27072800.0
2016-01-26,28.4800,28.7200,28.0000,22794400.0
2016-01-27,28.6400,28.3600,27.6800,23170000.0
2016-01-28,28.6000,28.0400,27.4000,27677600.0
2016-01-29,28.2800,29.2800,28.6000,31050400.0
2016-02-01,29.2800,29.2800,28.6000,28988400.0
2016-02-02,29.0000,28.0400,27.4000,34190800.0
2016-02-03,28.2800,28.2000,27.5200,32677200.0
2016-02-04,28.2400,28.2000,27.5200,34814000.0
2016-02-05,28.0400,26.4400,25.8000,60042800.0
2016-02-08,26.0400,25.2000,24.6400,60885200.0
2016-02-09,24.9200,25.4800,24.8800,42537200.0
2016-02-10,25.6400,25.4400,24.8400,33580000.0
2016-02-11,24.8000,25.2800,24.6800,34014400.0
2016-02-12,25.7200,25.7200,25.1200,34081600.0
2016-02-16,26.1200,27.0000,26.3600,48535200.0
2016-02-17,27.3200,27.6400,27.0000,77146800.0
2016-02-18,29.9200,30.0400,29.3200,106866000.0
2016-02-19,29.8800,30.4400,29.7200,52562800.0
2016-02-22,30.8800,31.5200,30.7600,44966800.0
2016-02-23,31.2800,31.6000,30.8400,36938000.0
2016-02-24,31.4800,31.8000,31.0800,33685200.0
2016-02-25,31.9600,31.8800,31.1200,34961600.0
2016-02-26,32.0400,31.6800,30.9200,36196400.0
2016-02-29,31.6000,31.3600,30.7200,32334400.0
2016-03-01,31.4400,32.7600,32.0800,34870000.0
2016-03-02,32.5600,32.9200,32.2800,23381200.0
2016-03-03,32.9200,32.6400,32.0000,30200400.0
2016-03-04,32.9200,32.5600,31.8800,17530400.0
2016-03-07,32.3600,32.3600,31.6800,23996800.0
2016-03-08,32.0000,31.7600,31.1200,27494000.0
2016-03-09,32.0400,31.7200,31.0800,22278800.0
2016-03-10,31.9200,31.6800,31.0400,28608400.0
2016-03-11,32.1600,32.2400,31.5600,27740000.0
2016-03-14,32.0800,32.2800,31.6400,19031200.0
2016-03-15,32.1200,32.1200,31.4800,22621600.0
2016-03-16,31.8800,33.0800,32.4400,36364400.0
2016-03-17,32.9600,32.8000,32.1600,35368000.0
2016-03-18,33.2000,33.8000,33.1200,54551200.0
2016-03-21,33.5200,33.9200,33.2400,33778000.0
2016-03-22,33.8000,33.8400,33.1600,24201200.0
2016-03-23,34.0000,34.4400,33.7200,42900800.0
2016-03-24,34.1200,34.4800,33.8000,24495600.0
2016-03-28,34.4000,34.8400,34.1200,26538800.0
2016-03-29,34.6800,35.4000,34.6800,26181200.0
2016-03-30,35.5200,35.7600,35.0400,37670000.0
2016-03-31,35.9200,35.6400,34.9200,37988400.0
2016-04-01,35.4000,36.1600,35.4000,34829200.0
2016-04-04,36.4400,35.8000,35.0800,39394000.0
2016-04-05,35.4800,35.7600,35.0400,33956800.0
2016-04-06,35.2800,35.8000,35.0800,45337600.0
2016-04-07,35.5600,35.4400,34.7200,37810400.0
2016-04-08,35.7200,35.6400,34.9200,25593600.0
2016-04-11,35.8800,35.8800,35.1600,38752400.0
2016-04-12,36.0000,35.8400,35.1200,29276400.0
2016-04-13,36.0000,36.7600,36.0000,35071600.0
2016-04-14,36.6400,36.8400,36.0800,41656400.0
2016-04-15,36.8400,37.1200,36.4000,43697200.0
2016-04-18,37.0800,36.9600,36.2400,30732000.0
2016-04-19,37.1200,36.3200,35.5600,30915200.0
2016-04-20,36.2400,36.4400,35.7200,20017200.0
2016-04-21,36.4400,36.4000,35.6800,17828000.0
2016-04-22,36.5200,36.2800,35.5200,22354000.0
2016-04-25,36.2800,36.4400,35.7200,19197200.0
2016-04-26,36.6800,36.4800,35.7600,21453600.0
2016-04-27,36.4000,37.3200,36.5600,35239600.0
2016-04-28,37.0800,36.2000,35.4800,38122400.0
2016-04-29,36.0400,35.5200,34.8000,32190400.0
2016-05-02,35.8800,36.0000,35.2800,25607600.0
2016-05-03,35.6000,35.5600,34.8400,22402400.0
2016-05-04,35.1200,34.7600,34.0400,52576400.0
2016-05-05,35.0400,34.9600,34.2800,24688400.0
2016-05-06,34.9200,35.3200,34.6000,18324000.0
2016-05-09,35.4000,35.2800,34.5600,33333600.0
2016-05-10,35.5200,35.9600,35.2400,26967600.0
2016-05-11,36.0800,36.0800,35.3200,32817600.0
2016-05-12,36.3200,35.5600,34.8400,67054000.0
2016-05-13,39.2000,40.9600,40.1600,211025600.0
2016-05-16,40.6800,42.2000,41.3200,97303200.0
2016-05-17,42.0000,42.2800,41.4400,62839200.0
2016-05-18,42.0000,43.3600,42.4800,54107200.0
2016-05-19,43.2000,43.5600,42.6800,39888000.0
2016-05-20,43.8000,44.3200,43.4400,39108400.0
2016-05-23,44.5200,44.4000,43.5200,41363600.0
2016-05-24,44.4000,45.3600,44.5600,41578800.0
2016-05-25,45.5200,45.1600,44.3600,45807600.0
2016-05-26,45.2400,45.6400,44.8400,30996400.0
2016-05-27,45.7200,45.9200,45.0800,27741600.0
2016-05-31,46.0800,46.7200,45.8800,41252400.0
2016-06-01,46.5200,46.8000,46.0000,38713200.0
2016-06-02,47.0800,47.1200,46.3200,32920800.0
2016-06-03,46.6800,46.4800,45.6400,46107600.0
2016-06-06,46.6000,46.2400,45.4400,32251200.0
2016-06-07,46.5200,46.3200,45.5200,19340000.0
2016-06-08,46.3600,46.2000,45.3600,23461600.0
2016-06-09,46.0400,47.4000,46.5600,47216800.0
2016-06-10,46.8000,46.2000,45.4000,40002400.0
2016-06-13,46.2400,46.8000,45.9600,47558800.0
2016-06-14,46.6800,46.8800,46.0400,29834400.0
2016-06-15,47.2800,47.3600,46.5200,30103600.0
2016-06-16,47.0000,47.5600,46.7200,24645600.0
2016-06-17,47.6000,46.7200,45.8800,47100000.0
2016-06-20,47.4800,47.5600,46.7200,29376800.0
2016-06-21,47.7600,47.2800,46.4400,21250800.0
2016-06-22,47.3600,47.2400,46.4000,20262000.0
2016-06-23,47.6800,48.4800,47.6400,29788000.0
2016-06-24,46.5200,45.7200,44.9200,101768400.0
2016-06-27,45.3600,45.2400,44.4400,44908800.0
2016-06-28,46.0800,45.9200,45.0800,38192000.0
2016-06-29,46.2800,46.6400,45.8400,31893200.0
2016-06-30,46.7200,47.0000,46.2000,43094000.0
2016-07-01,46.7600,46.6400,45.8400,21848800.0
2016-07-05,46.4000,47.3600,46.5200,37108400.0
2016-07-06,47.0400,47.6400,46.8000,27310400.0
2016-07-07,47.9600,48.8800,48.0400,39540000.0
2016-07-08,49.4000,50.8400,49.9600,48193200.0
2016-07-11,51.6000,52.0400,51.1200,44877600.0
2016-07-12,52.6000,52.8000,51.8800,43676000.0
2016-07-13,52.9200,52.7600,51.8400,32460400.0
2016-07-14,53.0800,53.3200,52.3600,31689200.0
2016-07-15,52.6400,52.7200,51.7600,42861600.0
2016-07-18,53.3600,52.9600,52.0400,25299200.0
2016-07-19,52.9200,53.5200,52.5600,38265200.0
2016-07-20,53.7200,54.2400,53.2800,29646000.0
2016-07-21,54.0800,53.2400,52.2800,36130800.0
2016-07-22,53.4000,54.6800,53.7200,31576800.0
2016-07-25,55.0000,55.6800,54.6800,31252800.0
2016-07-26,56.1600,56.6400,55.6400,51450800.0
2016-07-27,57.1200,56.0800,55.0800,44667600.0
2016-07-28,56.2000,56.2000,55.2000,22191600.0
2016-07-29,56.4000,57.0800,56.0800,40958800.0
2016-08-01,57.3600,56.7200,55.7200,30112000.0
2016-08-02,57.0000,56.0400,55.0400,28274800.0
2016-08-03,55.9600,56.2000,55.2000,29982800.0
2016-08-04,56.4400,57.2400,56.2000,27271200.0
2016-08-05,57.8800,58.2000,57.1600,37158800.0
2016-08-08,59.0000,58.7600,57.7200,30506400.0
2016-08-09,59.0400,58.8800,57.8400,37234400.0
2016-08-10,59.4000,58.5200,57.4800,37574000.0
2016-08-11,58.8000,59.7200,58.6400,68106400.0
2016-08-12,61.9200,63.0400,61.9200,142574400.0
2016-08-15,63.1200,62.9600,61.8800,57330400.0
2016-08-16,62.8800,62.6000,61.4800,28765200.0
2016-08-17,62.6000,61.1600,60.0800,59521200.0
2016-08-18,61.0800,62.0800,61.0000,33168400.0
2016-08-19,62.0800,62.2400,61.1600,29156000.0
2016-08-22,62.4400,62.5200,61.4000,24474800.0
2016-08-23,63.0400,62.9200,61.9200,33976400.0
2016-08-24,63.1200,61.9200,60.9600,29844800.0
2016-08-25,61.9600,61.5200,60.5600,40603200.0
2016-08-26,61.6800,62.0400,61.0400,30002400.0
2016-08-29,62.2800,62.0000,61.0000,27465200.0
2016-08-30,61.9200,61.6400,60.6400,28554400.0
2016-08-31,61.7600,61.3600,60.3600,38854400.0
2016-09-01,61.4000,63.1600,62.1600,42849200.0
2016-09-02,63.2800,62.5200,61.5200,32314800.0
2016-09-06,62.7600,63.1200,62.1200,30681200.0
2016-09-07,62.9200,62.2000,61.2000,39798800.0
2016-09-08,62.1200,62.6400,61.6400,31580800.0
2016-09-09,61.9600,59.5200,58.5600,69776000.0
2016-09-12,58.7200,60.7600,59.8000,59826000.0
2016-09-13,60.6000,59.8800,58.9200,47176800.0
2016-09-14,60.0000,60.4000,59.4400,31904800.0
2016-09-15,60.5200,62.6800,61.6800,51521200.0
2016-09-16,62.9200,62.8400,61.8400,90244400.0
2016-09-19,63.5200,63.6800,62.6800,41712800.0
2016-09-20,64.4000,63.0800,62.0800,33111200.0
2016-09-21,63.2800,64.8800,63.8400,33621200.0
2016-09-22,65.2400,65.0000,64.0000,30873200.0
2016-09-23,65.0800,64.9600,63.9200,27613200.0
2016-09-26,64.2000,64.3200,63.3200,23004000.0
2016-09-27,64.0800,66.5600,65.4800,40275200.0
2016-09-28,66.6400,66.7600,65.7200,31978800.0
2016-09-29,66.6800,67.4000,66.3200,33668400.0
2016-09-30,67.7600,68.5200,67.4400,42993200.0
2016-10-03,68.5200,68.4400,67.3600,24259600.0
2016-10-04,68.5600,68.3200,67.2000,28162400.0
2016-10-05,68.8800,68.2400,67.1600,30544000.0
2016-10-06,67.4000,67.3200,66.2800,36021200.0
2016-10-07,67.8000,66.8400,65.8000,28626000.0
2016-10-10,67.2000,67.0800,66.0400,28787600.0
2016-10-11,66.8800,66.1200,65.0800,38854000.0
2016-10-12,65.8800,66.4400,65.3600,41992000.0
2016-10-13,65.6400,65.3600,64.3200,39011600.0
2016-10-14,66.1600,66.0000,64.9600,33063600.0
2016-10-17,66.0000,65.6000,64.5600,19532800.0
2016-10-18,66.5200,66.6000,65.5600,26937200.0
2016-10-19,66.1600,66.4800,65.4000,19906000.0
2016-10-20,67.2400,67.7200,66.6400,31208400.0
2016-10-21,67.4800,67.5600,66.4800,27950800.0
2016-10-24,68.0000,70.7200,69.6000,33983600.0
2016-10-25,70.6000,71.8800,70.7200,39746000.0
2016-10-26,71.2800,72.1600,71.0000,33379200.0
2016-10-27,72.7200,70.6800,69.5600,38866400.0
2016-10-28,71.0000,70.5600,69.4400,29085600.0
2016-10-31,70.8000,71.1600,70.0400,25238800.0
2016-11-01,71.4000,69.0400,67.9600,47322400.0
2016-11-02,69.6000,68.7600,67.6800,29584800.0
2016-11-03,69.0800,67.9600,66.8800,30966400.0
2016-11-04,67.5200,67.5600,66.4800,32878000.0
2016-11-07,69.5600,71.2800,70.1600,48758000.0
2016-11-08,71.5600,71.1600,70.0400,42988400.0
2016-11-09,69.2400,69.9600,68.8400,45653200.0
2016-11-10,71.4800,67.7600,66.6800,86928000.0
2016-11-11,79.5200,87.9600,86.5600,217534400.0
2016-11-14,88.0800,83.6400,82.3200,134879600.0
2016-11-15,84.2800,86.2000,84.8400,62609200.0
2016-11-16,87.3200,91.6400,90.1600,98798400.0
2016-11-17,92.3200,92.4000,90.9200,83298800.0
2016-11-18,92.4000,93.3600,91.8800,57606000.0
2016-11-21,94.0800,93.0000,91.5200,43643600.0
2016-11-22,93.3200,93.6400,92.1600,33036800.0
2016-11-23,93.7200,93.9600,92.6000,44323600.0
2016-11-25,94.4000,94.1600,92.8000,19556400.0
2016-11-28,93.8800,94.1200,92.7600,27873600.0
2016-11-29,94.0000,93.2400,91.9200,44456800.0
2016-11-30,93.6000,92.2000,90.8800,44050000.0
2016-12-01,92.0800,87.6400,86.4000,103552400.0
2016-12-02,86.2400,88.4400,87.1600,47829200.0
2016-12-05,90.0000,91.8800,90.5600,60228400.0
2016-12-06,92.2000,93.4000,92.0400,49879600.0
2016-12-07,92.8400,95.0800,93.7200,48080400.0
2016-12-08,95.2000,93.4800,92.1200,38154400.0
2016-12-09,94.2000,91.8000,90.5200,38231200.0
2016-12-12,89.8400,89.6000,88.3200,60133200.0
2016-12-13,90.0800,91.1600,89.8800,38779600.0
2016-12-14,92.5600,96.4400,95.0800,98398000.0
2016-12-15,96.9200,98.7200,97.2800,74654800.0
2016-12-16,99.8400,100.4000,98.9600,108952800.0
2016-12-19,99.6800,101.6400,100.1600,74465600.0
2016-12-20,104.6000,105.1600,103.6400,84805600.0
2016-12-21,105.6400,105.8400,104.3200,57613600.0
2016-12-22,106.8000,107.1200,105.5600,71861200.0
2016-12-23,106.3600,109.7600,108.2000,64769200.0
2016-12-27,112.0400,117.3200,115.6400,119427200.0
2016-12-28,119.6000,109.2400,107.6800,229576400.0
2016-12-29,104.9200,111.4400,109.8400,217536800.0
2016-12-30,111.3600,106.7200,105.2000,121293200.0
2017-01-03,104.4000,102.0000,100.5600,150199600.0
2017-01-04,103.4000,104.4000,102.8800,119922000.0
2017-01-05,104.5200,101.7200,100.2800,98429600.0
2017-01-06,102.8400,103.0800,101.6000,82285600.0
2017-01-09,103.5200,107.2800,105.7200,91624800.0
2017-01-10,107.8000,106.4800,104.9600,88092000.0
2017-01-11,106.0000,105.1600,103.6400,52566400.0
2017-01-12,104.2400,103.4400,101.9600,62561600.0
2017-01-13,103.6000,103.4400,101.9600,45782000.0
2017-01-17,103.0000,101.1200,99.6400,58061200.0
2017-01-18,100.2400,102.9600,101.4800,65442400.0
2017-01-19,103.0800,105.1600,103.6400,64487200.0
2017-01-20,106.0800,104.0000,102.5200,49202400.0
2017-01-23,103.8000,105.0800,103.6000,36990400.0
2017-01-24,105.5200,107.3200,105.8000,42805200.0
2017-01-25,109.0400,107.8000,106.2400,52276000.0
2017-01-26,107.9200,109.6400,108.0800,45880000.0
2017-01-27,109.9200,111.7600,110.1600,47199600.0
2017-01-30,110.9200,110.0000,108.4400,49600400.0
2017-01-31,108.9600,109.2000,107.6000,36275600.0
2017-02-01,110.6000,113.9600,112.3200,59000400.0
2017-02-02,113.3200,115.4000,113.7200,48324000.0
2017-02-03,115.4400,114.3600,112.7200,37274400.0
2017-02-06,114.0000,117.3200,115.6400,50676800.0
2017-02-07,118.6800,119.1200,117.4000,74622400.0
2017-02-08,118.4000,118.6000,116.9200,44958000.0
2017-02-09,118.8800,116.3600,114.7200,84256800.0
2017-02-10,119.9200,113.6400,112.0000,165109200.0
2017-02-13,113.4000,108.3600,106.8400,118072400.0
2017-02-14,108.0000,108.7600,107.2000,85063200.0
2017-02-15,108.9200,109.0000,107.4400,37302000.0
2017-02-16,109.4000,107.2400,105.7200,64717600.0
2017-02-17,106.6800,107.2400,105.6800,56374000.0
2017-02-21,108.2400,111.0800,109.4800,55195200.0
2017-02-22,111.4000,110.7600,109.3200,43377200.0
2017-02-23,105.5200,100.4800,99.1600,159288800.0
2017-02-24,97.0800,101.4400,100.1200,102990400.0
2017-02-27,102.2000,104.4000,103.0400,71540000.0
2017-02-28,104.8000,101.4800,100.1600,62536000.0
2017-03-01,103.8000,102.8000,101.4400,50480400.0
2017-03-02,102.2800,99.0000,97.7200,75433200.0
2017-03-03,98.5600,98.4400,97.1200,86469200.0
2017-03-06,96.9600,97.6800,96.4000,88356800.0
2017-03-07,97.6800,98.7200,97.4400,60340000.0
2017-03-08,100.6800,98.5600,97.2800,63871200.0
2017-03-09,97.9200,98.5600,97.2400,47806000.0
2017-03-10,99.6000,99.1200,97.8000,49974000.0
2017-03-13,99.5600,101.8400,100.5200,77413600.0
2017-03-14,102.3600,101.7600,100.4400,52201600.0
2017-03-15,102.2400,102.5600,101.2000,61503600.0
2017-03-16,103.0000,103.8000,102.4400,52310000.0
2017-03-17,104.5200,106.0800,104.6800,111968800.0
2017-03-20,106.7600,109.4400,108.0000,74856800.0
2017-03-21,108.7600,105.9200,104.5200,91348400.0
2017-03-22,105.4400,108.0800,106.6400,61676400.0
2017-03-23,107.7600,107.0800,105.6800,53394000.0
2017-03-24,108.9600,107.4800,106.0400,43950000.0
2017-03-27,105.6000,108.2400,106.8400,50664400.0
2017-03-28,108.3200,107.6800,106.2800,43244400.0
2017-03-29,108.0000,107.3200,105.9200,34999200.0
2017-03-30,107.6400,109.4000,107.9600,52553200.0
2017-03-31,109.0000,108.9200,107.5200,44080800.0
2017-04-03,108.9600,108.3600,106.9600,44523200.0
2017-04-04,103.4000,100.7600,99.4400,127128000.0
2017-04-05,100.0000,100.0400,98.7200,74704800.0
2017-04-06,100.2400,100.7600,99.4400,63512000.0
2017-04-07,101.0000,100.3200,99.0000,42906800.0
2017-04-10,100.3600,97.7600,96.4800,75633200.0
2017-04-11,96.5600,98.1200,96.8400,61814800.0
2017-04-12,98.1200,97.3200,96.0400,41409200.0
2017-04-13,96.3200,95.4800,94.2400,50689200.0
2017-04-17,96.0000,99.2400,97.9200,49729200.0
2017-04-18,98.6400,99.2800,98.0000,37011600.0
2017-04-19,100.0000,99.6800,98.3600,38082800.0
2017-04-20,100.2800,101.2800,99.9200,40401600.0
2017-04-21,100.8400,101.6800,100.3600,34189600.0
2017-04-24,102.9600,102.9600,101.6000,37182000.0
2017-04-25,103.5600,104.7200,103.3600,38844000.0
2017-04-26,105.2800,104.0000,102.6400,32700400.0
2017-04-27,104.3200,105.6400,104.2400,31970000.0
2017-04-28,105.3600,104.3200,102.9200,34824800.0
2017-05-01,104.7200,106.6400,105.2400,30773200.0
2017-05-02,105.5600,103.4800,102.1200,62997200.0
2017-05-03,103.2000,104.2400,102.8800,33690400.0
2017-05-04,104.5200,103.8400,102.4800,20978800.0
2017-05-05,103.3600,103.8800,102.4800,22842800.0
2017-05-08,104.3200,102.7600,101.4400,36524000.0
2017-05-09,103.0000,102.9600,101.6000,84767200.0
2017-05-10,114.2800,121.2800,119.6800,212909600.0
2017-05-11,120.0400,126.5200,124.8400,193979200.0
2017-05-12,126.6400,127.8800,126.2000,96262000.0
2017-05-15,129.5600,134.3200,132.5600,108754000.0
2017-05-16,136.4000,136.8000,135.0000,112070000.0
2017-05-17,134.1200,127.7200,126.0400,127136800.0
2017-05-18,129.5200,133.0800,131.3200,115603200.0
2017-05-19,137.0400,136.0000,134.3600,101837200.0
2017-05-22,137.7600,138.8800,137.2400,83660800.0
2017-05-23,139.6800,137.0400,135.3600,68124800.0
2017-05-24,140.9600,138.5600,136.8800,81599600.0
2017-05-25,140.0000,138.2400,136.6000,60822800.0
2017-05-26,137.9200,141.8400,140.1200,77914000.0
2017-05-30,143.6800,144.8800,143.1200,98965200.0
2017-05-31,146.6800,144.3600,142.6000,88731600.0
2017-06-01,145.0000,144.3600,142.6000,50334000.0
2017-06-02,144.2400,143.6400,141.9200,48745600.0
2017-06-05,142.9600,148.0000,146.2400,81737600.0
2017-06-06,147.8400,147.3200,145.5600,75872800.0
2017-06-07,148.3200,149.1200,147.3200,61261200.0
2017-06-08,153.4800,159.9600,158.0000,116174400.0
2017-06-09,164.7600,149.6000,147.8000,369292800.0
2017-06-12,145.8800,149.9600,148.1600,169753200.0
2017-06-13,154.4000,151.4000,149.5600,167250400.0
2017-06-14,151.5200,151.7200,149.8800,118464000.0
2017-06-15,146.9600,152.3600,150.5200,96382400.0
2017-06-16,152.7600,151.6000,149.8000,92496000.0
2017-06-19,153.4000,157.3200,155.4000,77817600.0
2017-06-20,159.0400,157.0800,155.2000,109544400.0
2017-06-21,158.2000,159.4800,157.5600,68265200.0
2017-06-22,159.8000,158.3600,156.4400,46913200.0
2017-06-23,158.6800,153.8400,151.9600,108858800.0
2017-06-26,155.1600,152.1600,150.3200,106396000.0
2017-06-27,151.4400,146.6000,144.8000,99949200.0
2017-06-28,149.3200,151.7600,149.9200,99494800.0
2017-06-29,150.6000,146.6800,144.9200,106442400.0
2017-06-30,147.4000,144.5600,142.8000,73106000.0
2017-07-03,145.0400,139.3200,137.6400,70907200.0
2017-07-05,141.8800,143.0400,141.3200,82018800.0
2017-07-06,141.8800,143.4800,141.7600,74628400.0
2017-07-07,145.7600,146.7600,145.0000,65497200.0
2017-07-10,149.7600,153.6800,151.8400,95849200.0
2017-07-11,153.8400,155.8800,154.0000,75795600.0
2017-07-12,158.3200,162.5200,160.5600,114520800.0
2017-07-13,163.0000,160.6400,158.6800,136913200.0
2017-07-14,161.2800,164.9600,162.9600,94194800.0
2017-07-17,166.3200,164.2400,162.2800,93079200.0
2017-07-18,161.7600,165.9600,163.9600,77664000.0
2017-07-19,166.3200,165.1200,163.1200,68704400.0
2017-07-20,165.9200,167.5200,165.4800,69959600.0
2017-07-21,166.6800,168.1200,166.0800,64833200.0
2017-07-24,168.4000,166.1600,164.1600,65252400.0
2017-07-25,165.2400,165.3600,163.3600,49655600.0
2017-07-26,167.6800,167.2400,165.2400,64040400.0
2017-07-27,168.2800,161.7600,159.8000,78285600.0
2017-07-28,160.2800,164.4000,162.4000,51334800.0
2017-07-31,164.9600,162.5200,160.5600,55967200.0
2017-08-01,162.1200,164.4800,162.5200,43138400.0
2017-08-02,165.7600,164.4000,162.4000,47844400.0
2017-08-03,164.3600,166.4800,164.4800,44242000.0
2017-08-04,167.4000,167.2000,165.2000,58909600.0
2017-08-07,168.4000,172.3600,170.2800,71741200.0
2017-08-08,173.8800,170.3200,168.2400,75533600.0
2017-08-09,168.4400,172.1200,170.0400,53078400.0
2017-08-10,172.1600,164.7600,162.7600,132808800.0
2017-08-11,157.1200,155.9600,154.0800,149719600.0
2017-08-14,159.6800,168.4000,166.3600,127902000.0
2017-08-15,168.6000,166.9600,164.9600,76453200.0
2017-08-16,167.6000,165.1600,163.1600,59663200.0
2017-08-17,164.8000,161.4800,159.5200,52544400.0
2017-08-18,163.6800,161.5200,159.5600,60120400.0
2017-08-21,162.4800,159.1600,157.2400,62367200.0
2017-08-22,160.4800,162.5600,160.7200,45045600.0
2017-08-23,161.2000,165.8000,163.9600,57952000.0
2017-08-24,167.1200,165.2000,163.3200,46970000.0
2017-08-25,166.1600,163.8000,161.9600,35720000.0
2017-08-28,164.6000,164.9600,163.1200,38949600.0
2017-08-29,162.6000,164.6800,162.8400,32409600.0
2017-08-30,165.5200,165.6800,163.8400,38440000.0
2017-08-31,166.5200,169.4400,167.5200,61268400.0
2017-09-01,169.9600,170.4800,168.5600,44543200.0
2017-09-05,168.4000,165.9200,164.0400,69536400.0
2017-09-06,167.2400,165.8000,163.9600,39767200.0
2017-09-07,166.4800,166.6000,164.7200,35286800.0
2017-09-08,166.1200,163.6800,161.8400,49885600.0
2017-09-11,165.5200,169.0000,167.1200,56744400.0
2017-09-12,170.0000,169.6000,167.7200,41148800.0
2017-09-13,168.6000,170.3600,168.4400,58096000.0
2017-09-14,168.8000,169.4000,167.5200,51371200.0
2017-09-15,172.8800,180.1200,178.0800,136479200.0
2017-09-18,185.1200,187.5600,185.4400,168446000.0
2017-09-19,185.5200,187.3600,185.2400,87428000.0
2017-09-20,187.5200,185.8400,183.7600,72492000.0
2017-09-21,181.6400,180.7600,178.7200,107560000.0
2017-09-22,180.3200,179.0000,177.0000,49123200.0
2017-09-25,177.7600,171.0000,169.0800,87458000.0
2017-09-26,176.4400,171.9600,170.0400,112562000.0
2017-09-27,175.6000,175.7200,173.7600,71372000.0
2017-09-28,176.0400,175.6800,173.7200,43524400.0
2017-09-29,179.0800,178.7600,176.7600,61909200.0
2017-10-02,180.8000,179.0000,177.0000,50348000.0
2017-10-03,179.2400,179.3600,177.3600,39033200.0
2017-10-04,179.6000,180.8800,178.8400,42784800.0
2017-10-05,181.8800,180.7600,178.7600,43736400.0
2017-10-06,179.6400,181.3200,179.2800,31880000.0
2017-10-09,182.8000,185.4000,183.3200,56349200.0
2017-10-10,191.4400,188.9200,186.8000,97487600.0
2017-10-11,189.6000,190.9600,188.8000,52950800.0
2017-10-12,191.0800,191.0400,188.8800,52829200.0
2017-10-13,193.5600,194.6000,192.4000,62872800.0
2017-10-16,195.8000,197.9200,195.7200,57664000.0
2017-10-17,197.0800,197.7600,195.5200,47859600.0
2017-10-18,198.1200,197.6000,195.3600,56731600.0
2017-10-19,194.4400,197.8000,195.6000,57077200.0
2017-10-20,198.4800,196.8800,194.6800,45162000.0
2017-10-23,197.7600,196.6000,194.4000,42869600.0
2017-10-24,197.0000,198.6800,196.4400,40724400.0
2017-10-25,197.0800,193.6800,191.4800,82816000.0
2017-10-26,194.7600,195.6800,193.4800,32274400.0
2017-10-27,197.8000,201.8800,199.6000,57219200.0
2017-10-30,201.8800,203.8400,201.5600,50405600.0
2017-10-31,205.1200,206.8000,204.4800,41190800.0
2017-11-01,209.3600,207.2000,204.8800,50257600.0
2017-11-02,206.0000,205.9600,203.6400,34230800.0
2017-11-03,207.2000,208.6800,206.3600,35364000.0
2017-11-06,207.2000,209.6400,207.2800,38994400.0
2017-11-07,210.5600,212.0400,209.6400,42770000.0
2017-11-08,211.8400,209.1600,206.8000,52298800.0
2017-11-09,205.2800,205.3200,203.0000,97856400.0
2017-11-10,213.0800,216.1200,213.7200,125325600.0
2017-11-13,216.1200,212.6400,210.2400,58237600.0
2017-11-14,213.0000,214.1600,211.7600,52929200.0
2017-11-15,211.9600,209.9600,207.6400,50194800.0
2017-11-16,212.9600,211.6000,209.2400,44176800.0
2017-11-17,213.9200,211.3600,209.0000,51566400.0
2017-11-20,212.0000,214.0800,211.6800,39610000.0
2017-11-21,215.6800,216.0400,213.6400,39917600.0
2017-11-22,217.0000,214.9200,212.6800,35664000.0
2017-11-24,215.6000,216.9600,214.6800,18075200.0
2017-11-27,217.3200,214.1200,211.8800,42289600.0
2017-11-28,214.3600,210.7200,208.4800,51275200.0
2017-11-29,210.0000,196.4000,194.3600,139678800.0
2017-11-30,199.2000,200.7200,198.6000,82376800.0
2017-12-01,199.3200,197.6800,195.6000,81154800.0
2017-12-04,200.0400,186.6800,184.6800,124084400.0
2017-12-05,182.4000,187.7600,185.7600,98148800.0
2017-12-06,185.6800,189.2400,187.2800,46703200.0
2017-12-07,191.9600,192.0000,189.9600,54260000.0
2017-12-08,194.0000,191.4800,189.4800,46687600.0
2017-12-11,192.0400,194.6800,192.6000,37274800.0
2017-12-12,192.8800,190.8400,188.8400,45501600.0
2017-12-13,192.5200,186.1600,184.2000,55428000.0
2017-12-14,185.9200,186.4800,184.5200,43816400.0
2017-12-15,188.2400,191.5600,189.5600,67003600.0
2017-12-18,193.2000,197.8800,195.8000,47770400.0
2017-12-19,197.5200,196.1200,194.0400,37310000.0
2017-12-20,197.6800,196.8000,194.7200,28882000.0
2017-12-21,196.9600,195.8800,193.8400,30090400.0
2017-12-22,194.4000,195.2800,193.2000,46627600.0
2017-12-26,193.0400,197.4400,195.3600,35508000.0
2017-12-27,196.8800,197.1600,195.0800,32948800.0
2017-12-28,198.1200,197.4000,195.3200,24024800.0
2017-12-29,198.4800,193.5200,191.4800,27996400.0
2018-01-02,195.7600,199.3600,197.2400,35561600.0
2018-01-03,204.1200,212.4800,210.2400,91470400.0
2018-01-04,215.7600,213.6000,211.3600,58326800.0
2018-01-05,214.2000,215.4000,213.1200,58012400.0
2018-01-08,220.4000,222.0000,219.6800,88121600.0
2018-01-09,222.2400,221.9600,219.6000,49700000.0
2018-01-10,218.2000,223.6800,221.3200,58266400.0
2018-01-11,225.0000,224.0800,221.7200,40603200.0
2018-01-12,223.6000,222.9600,220.6400,35991600.0
2018-01-16,224.0400,220.1200,217.8000,70234800.0
2018-01-17,220.6800,224.7200,222.3600,53840800.0
2018-01-18,223.9600,224.4400,222.0800,40863200.0
2018-01-19,228.0800,230.1200,227.6800,60938000.0
2018-01-22,230.4400,233.6800,231.2400,55094400.0
2018-01-23,235.8400,238.9200,236.4000,47522800.0
2018-01-24,239.0400,235.8000,233.3200,57997200.0
2018-01-25,238.0000,236.3600,233.8800,40988400.0
2018-01-26,238.1200,243.3200,240.7600,51635600.0
2018-01-29,242.7600,246.8400,244.2400,45511600.0
2018-01-30,241.1200,242.7200,240.1600,57083200.0
2018-01-31,245.7600,245.8000,243.2000,47857600.0
2018-02-01,238.5200,240.5200,237.9600,51922400.0
2018-02-02,237.0000,233.5200,231.0800,71846400.0
2018-02-05,227.0000,213.6800,211.4400,116520400.0
2018-02-06,204.4000,225.6000,223.2000,111480000.0
2018-02-07,229.6000,228.8000,226.4000,80293200.0
2018-02-08,233.8800,217.5200,215.2400,114400000.0
2018-02-09,238.2400,232.0800,229.6400,167460400.0
2018-02-12,235.3600,228.0400,225.6400,109317200.0
2018-02-13,226.5600,232.6400,230.2000,62552400.0
2018-02-14,231.0000,241.4000,238.8800,74498800.0
2018-02-15,244.8000,246.5200,243.9200,69890000.0
2018-02-16,245.4000,243.8400,241.2800,63765600.0
2018-02-20,244.7600,249.0800,246.4400,68624000.0
2018-02-21,251.6800,241.5200,238.9600,89229200.0
2018-02-22,242.7200,242.1600,239.7600,53436400.0
2018-02-23,244.5600,245.9200,243.4800,41530000.0
2018-02-26,247.8000,246.6000,244.1200,46931200.0
2018-02-27,245.5200,246.0400,243.6400,45543600.0
2018-02-28,246.5200,242.0000,239.6000,52311600.0
2018-03-01,241.9200,232.2000,229.9200,104012000.0
2018-03-02,227.8800,236.5200,234.2000,91342800.0
2018-03-05,234.5200,235.6400,233.3200,62077600.0
2018-03-06,239.1200,242.1600,239.7600,63680800.0
2018-03-07,238.0000,241.8400,239.4400,58120800.0
2018-03-08,242.9600,241.1600,238.8000,41191200.0
2018-03-09,243.1200,245.3200,242.8800,50552400.0
2018-03-12,247.0000,249.7600,247.2800,60506000.0
2018-03-13,251.4800,247.7200,245.2400,61977200.0
2018-03-14,249.4400,248.7600,246.2800,50549600.0
2018-03-15,249.2800,249.3200,246.8800,40195200.0
2018-03-16,250.0000,250.4800,248.0000,39945600.0
2018-03-19,248.1600,241.0000,238.6000,71377200.0
2018-03-20,241.1200,249.6000,247.1200,55469600.0
2018-03-21,249.3200,248.5600,246.0800,43868800.0
2018-03-22,246.0000,241.8400,239.4400,55119600.0
2018-03-23,242.4000,232.9600,230.6800,73562000.0
2018-03-26,238.0000,244.4800,242.0400,61142400.0
2018-03-27,247.7600,225.5200,223.2800,140900000.0
2018-03-28,224.1200,221.3600,219.1600,94590400.0
2018-03-29,224.1200,231.6000,229.2800,91662800.0
2018-04-02,228.7600,221.0400,218.8400,92209200.0
2018-04-03,227.8000,225.3600,223.1200,66743200.0
2018-04-04,215.0000,226.2400,224.0000,78916800.0
2018-04-05,228.6000,221.4000,219.2000,70124000.0
2018-04-06,217.2400,214.2400,212.1200,66298800.0
2018-04-09,216.8000,215.4000,213.2800,49952400.0
2018-04-10,224.7200,227.9200,225.6400,76167600.0
2018-04-11,227.3200,226.2400,224.0000,46024400.0
2018-04-12,230.0000,234.6000,232.2800,59392000.0
2018-04-13,237.1600,231.5200,229.2000,50303600.0
2018-04-16,231.7600,231.4800,229.2000,35079200.0
2018-04-17,233.6000,237.5200,235.2000,44722400.0
2018-04-18,235.5200,236.3600,234.0400,39136400.0
2018-04-19,231.7600,229.0400,226.7600,47199600.0
2018-04-20,228.6800,228.7200,226.4400,38620000.0
2018-04-23,229.4400,223.8800,221.6800,42750800.0
2018-04-24,224.9200,221.2000,219.0000,41459600.0
2018-04-25,220.0000,216.6800,214.5200,58849200.0
2018-04-26,223.2000,225.2400,223.0000,37582400.0
2018-04-27,229.5200,226.3200,224.0800,40084800.0
2018-04-30,227.0000,224.8800,222.6800,32784400.0
2018-05-01,224.5600,227.1200,224.8800,25378800.0
2018-05-02,227.0000,226.3200,224.0800,26824800.0
2018-05-03,227.6000,233.0000,230.6800,44314400.0
2018-05-04,231.8400,239.0400,236.6800,40066000.0
2018-05-07,243.2800,248.6800,246.2000,68761600.0
2018-05-08,248.6800,250.4000,247.9200,50661600.0
2018-05-09,251.2000,255.7600,253.2400,59676000.0
2018-05-10,257.9200,260.1200,257.5600,99408000.0
2018-05-11,252.7600,254.5200,252.0000,121445600.0
2018-05-14,256.0800,255.3600,252.8400,52314000.0
2018-05-15,252.8000,245.5600,243.1200,96352800.0
2018-05-16,244.0000,246.0000,243.5600,55382800.0
2018-05-17,246.0800,247.7200,245.2400,51978400.0
2018-05-18,249.8000,245.9600,243.5200,48371600.0
2018-05-21,249.8800,244.2400,241.8000,64062400.0
2018-05-22,244.7600,242.6800,240.2800,51826400.0
2018-05-23,240.2800,247.5200,245.2400,44295600.0
2018-05-24,247.4000,247.6800,245.4000,43737200.0
2018-05-25,248.2000,249.2800,246.9600,29211200.0
2018-05-29,248.5600,248.6000,246.2800,35268400.0
2018-05-30,249.9600,253.0000,250.6400,39099600.0
2018-05-31,251.6800,252.2000,249.8400,49386800.0
2018-06-01,254.0000,257.6000,255.2400,42196800.0
2018-06-04,259.0000,264.8400,262.4000,64202400.0
2018-06-05,265.0000,265.0800,262.6000,39171200.0
2018-06-06,261.4400,265.1600,262.6800,37135600.0
2018-06-07,265.0000,262.8800,260.4400,36944800.0
2018-06-08,259.9600,262.2800,259.8400,36045600.0
2018-06-11,261.7600,260.6000,258.2000,26537200.0
2018-06-12,261.6800,262.5600,260.1200,31916000.0
2018-06-13,262.6400,262.4000,259.9600,33820800.0
2018-06-14,264.2400,266.9200,264.4400,43001600.0
2018-06-15,264.6000,265.2800,262.8000,43226000.0
2018-06-18,263.4800,265.0800,262.6400,35626800.0
2018-06-19,260.9200,260.1600,257.7600,59493200.0
2018-06-20,261.8400,262.3200,259.8800,36978000.0
2018-06-21,263.6000,257.1200,254.7200,35951600.0
2018-06-22,257.9600,250.9600,248.6000,43416000.0
2018-06-25,246.6400,239.1200,236.8800,66581600.0
2018-06-26,243.6800,242.0000,239.7200,47888400.0
2018-06-27,243.7600,235.7200,233.5200,45389200.0
2018-06-28,235.3200,240.8800,238.6000,33801200.0
2018-06-29,243.4800,236.8800,234.6800,39230000.0
2018-07-02,234.0800,242.2400,240.0000,35757200.0
2018-07-03,243.6400,236.8400,234.6400,22273200.0
2018-07-05,239.0800,242.7200,240.4800,30621600.0
2018-07-06,241.7600,247.3200,245.0400,29635200.0
2018-07-09,250.3200,249.2400,246.9200,30388000.0
2018-07-10,249.7600,253.2400,250.8800,36001600.0
2018-07-11,249.5200,247.5200,245.2400,36750800.0
2018-07-12,249.3600,251.2400,248.8800,34550800.0
2018-07-13,251.9600,249.3200,247.0000,24698800.0
2018-07-16,248.2000,248.2000,245.8800,19703600.0
2018-07-17,246.2000,253.6800,251.3200,36213600.0
2018-07-18,253.4000,251.6800,249.3600,27764000.0
2018-07-19,250.9600,252.0400,249.6800,23575200.0
2018-07-20,251.9200,250.8800,248.5600,22235200.0
2018-07-23,249.8400,249.4000,247.0800,30158400.0
2018-07-24,251.3600,248.7200,246.4000,35462000.0
2018-07-25,249.0800,251.8800,249.5200,31911200.0
2018-07-26,251.0400,254.8400,252.4800,32512400.0
2018-07-27,256.3200,252.0400,249.6800,29542000.0
2018-07-30,252.6000,244.1200,241.8400,34034000.0
2018-07-31,243.7200,244.8800,242.6000,28398800.0
2018-08-01,246.1200,246.4800,244.1600,28355600.0
2018-08-02,243.6000,250.6000,248.2800,26966800.0
2018-08-03,251.6000,252.1200,249.7600,21428800.0
2018-08-06,251.6000,254.0400,251.6800,20750800.0
2018-08-07,256.0000,256.9600,254.5600,25813200.0
2018-08-08,257.0000,258.4400,256.0000,26210000.0
2018-08-09,259.1600,256.4400,254.0800,20428000.0
2018-08-10,253.1600,254.8000,252.4400,25639600.0
2018-08-13,255.1200,256.1200,253.7200,37520800.0
2018-08-14,260.4000,261.4400,259.0000,46622000.0
2018-08-15,262.2800,259.0800,256.6800,59113600.0
2018-08-16,261.8800,257.4400,255.0400,80126000.0
2018-08-17,252.9600,244.8400,242.5600,114318800.0
2018-08-20,243.1600,247.8400,245.5200,85438800.0
2018-08-21,248.5200,253.3200,250.9600,67398800.0
2018-08-22,252.0000,262.8400,260.3600,74985600.0
2018-08-23,261.2800,266.8400,264.3600,72068400.0
2018-08-24,267.1600,272.2400,269.6800,53151200.0
2018-08-27,273.4400,275.8800,273.3200,50577600.0
2018-08-28,275.6800,274.4000,271.8400,47538400.0
2018-08-29,273.9200,278.4800,276.0400,42010800.0
2018-08-30,277.2400,277.8000,275.3600,34660800.0
2018-08-31,277.0000,280.6800,278.2400,30659200.0
2018-09-04,280.1600,283.7200,281.2000,39172000.0
2018-09-05,283.0000,278.4400,276.0000,39315600.0
2018-09-06,277.7600,272.7200,270.3200,32279600.0
2018-09-07,269.0000,271.8400,269.4800,29542000.0
2018-09-10,272.7600,274.7200,272.3200,22014000.0
2018-09-11,272.8400,272.8000,270.4000,24311200.0
2018-09-12,271.2000,268.2000,265.8400,41909200.0
2018-09-13,270.8400,271.3200,268.9600,30553600.0
2018-09-14,275.0000,276.4400,274.0000,38693600.0
2018-09-17,275.4000,273.9200,271.5200,20552800.0
2018-09-18,274.0800,271.0000,268.6400,29952000.0
2018-09-19,270.2800,272.0000,269.6000,22486000.0
2018-09-20,267.0400,266.2800,263.9600,43058400.0
2018-09-21,266.7600,263.4400,261.1600,43512800.0
2018-09-24,262.2000,265.7200,263.3600,29391200.0
2018-09-25,268.3600,268.4000,266.0400,28038800.0
2018-09-26,268.6000,266.9200,264.6000,26854800.0
2018-09-27,268.3200,267.4000,265.0400,21442800.0
2018-09-28,272.7200,281.0000,278.5600,70939600.0
2018-10-01,284.1600,289.3600,286.8400,62206000.0
2018-10-02,288.2400,286.4800,283.9600,38396400.0
2018-10-03,289.3200,286.7200,284.2000,32055200.0
2018-10-04,285.2800,279.2800,276.8400,39122000.0
2018-10-05,278.2800,269.8400,267.4800,42663600.0
2018-10-08,266.5200,265.7600,263.4400,40861200.0
2018-10-09,264.9600,265.5600,263.2000,27350000.0
2018-10-10,261.2800,245.6800,243.5200,68494000.0
2018-10-11,242.1600,235.1200,233.0800,72543600.0
2018-10-12,245.5200,246.5200,244.4000,60823600.0
2018-10-15,246.0000,235.4000,233.3200,44976000.0
2018-10-16,239.9200,245.8400,243.6800,40871200.0
2018-10-17,248.3200,243.0400,240.9200,32966800.0
2018-10-18,245.8800,239.5200,237.4400,52402000.0
2018-10-19,241.7600,229.1600,227.1600,61360800.0
2018-10-22,231.2800,231.2400,229.2000,36884400.0
2018-10-23,220.4400,221.0400,219.1200,62643600.0
2018-10-24,219.5200,199.4000,197.6800,88428800.0
2018-10-25,195.4800,207.8400,206.0000,95172000.0
2018-10-26,198.3200,198.2800,196.5600,66478400.0
2018-10-29,204.0000,185.6000,184.0000,75801600.0
2018-10-30,186.5600,203.0000,201.2400,80719200.0
2018-10-31,209.6400,210.8400,209.0000,74577200.0
2018-11-01,212.3200,218.1200,216.2000,56652800.0
2018-11-02,217.7200,214.9200,213.0400,45296000.0
2018-11-05,214.4000,211.7600,209.9200,37933200.0
2018-11-06,211.4400,211.0400,209.2000,29901200.0
2018-11-07,213.7600,213.8000,211.9200,48381200.0
2018-11-08,211.4000,206.0000,204.2000,51135200.0
2018-11-09,202.4000,205.6800,203.8800,41324000.0
2018-11-12,201.9600,189.5200,187.8800,61711600.0
2018-11-13,193.4800,199.3200,197.5600,64471200.0
2018-11-14,206.3200,197.2000,195.4800,52658000.0
2018-11-15,196.9600,202.4000,200.6000,84070800.0
2018-11-16,163.3200,164.4400,163.0000,196352000.0
2018-11-19,161.8000,144.6800,143.4400,169782000.0
2018-11-20,134.0400,149.0800,147.7600,169203200.0
2018-11-21,154.6000,144.7200,143.4400,102549600.0
2018-11-23,143.3200,145.0000,143.7200,41196800.0
2018-11-26,149.8800,153.0400,151.7200,81483200.0
2018-11-27,152.0000,153.7200,152.4000,73806000.0
2018-11-28,158.4800,160.0800,158.6800,80452400.0
2018-11-29,160.0000,157.3600,156.1200,54917200.0
2018-11-30,157.7600,163.4400,162.1600,72956400.0
2018-12-03,172.6000,170.0400,168.7200,89080400.0
2018-12-04,168.2400,157.1200,155.8800,81211200.0
2018-12-06,151.4400,158.2800,157.0800,69230800.0
2018-12-07,158.4800,147.6000,146.4800,68167600.0
2018-12-10,145.8000,151.8800,150.6800,62947200.0
2018-12-11,155.5600,148.2000,147.0400,67191200.0
2018-12-12,148.4000,148.8800,147.7600,65413600.0
2018-12-13,150.8000,148.8800,147.7200,47138400.0
2018-12-14,147.2000,146.4400,145.3200,47182000.0
2018-12-17,145.2400,143.6000,142.4800,66286800.0
2018-12-18,145.3600,146.9600,145.8000,56437200.0
2018-12-19,145.6000,138.5200,137.4400,74536400.0
2018-12-20,138.1600,135.1200,134.0400,74958800.0
2018-12-21,136.1600,129.5600,128.5600,86374000.0
2018-12-24,126.4800,127.0800,126.0800,46384000.0
2018-12-26,128.9600,133.1200,132.0800,69510000.0
2018-12-27,131.0000,131.1600,130.1600,63704400.0
2018-12-28,132.0000,133.6400,132.6000,62872800.0
2018-12-31,135.4000,133.5200,132.4800,46514000.0
2019-01-02,130.6400,136.2400,135.1600,50875200.0
2019-01-03,133.8000,128.0000,127.0000,70555200.0
2019-01-04,130.9600,136.2000,135.1200,58562000.0
2019-01-07,138.5200,143.4000,142.2800,70916000.0
2019-01-08,146.6800,139.8400,138.7600,78601600.0
2019-01-09,141.8800,142.6000,141.4800,61726000.0
2019-01-10,141.8000,145.2400,144.1200,52315600.0
2019-01-11,144.3200,148.8400,147.6800,87476400.0
2019-01-14,146.7200,150.4400,149.2800,73016800.0
2019-01-15,151.7600,149.8800,148.7200,61701200.0
2019-01-16,150.9600,148.8400,147.6800,47010400.0
2019-01-17,147.5200,151.7200,150.5600,49343600.0
2019-01-18,153.7200,156.9200,155.7200,65133600.0
2019-01-22,155.7200,148.7600,147.6000,66155200.0
2019-01-23,151.0000,149.2800,148.1200,59102000.0
2019-01-24,152.6800,157.8400,156.6000,70897200.0
2019-01-25,155.4400,160.1600,158.9200,115457200.0
2019-01-28,136.5600,138.0000,136.9200,251152800.0
2019-01-29,136.1600,131.6000,130.5600,115393200.0
2019-01-30,134.6800,137.4000,136.3200,97422800.0
2019-01-31,137.2400,143.7600,142.6400,84285200.0
2019-02-01,144.5200,144.7200,143.6000,62504800.0
2019-02-04,145.3600,149.1600,148.0400,52859200.0
2019-02-05,149.6800,149.9600,148.8000,54242400.0
2019-02-06,151.2800,153.0000,151.8000,70246400.0
2019-02-07,151.1200,147.4000,146.2800,63712000.0
2019-02-08,144.7200,148.1600,147.0000,46160400.0
2019-02-11,146.4000,146.4400,145.3200,49518000.0
2019-02-12,148.0000,151.1600,150.0000,59106000.0
2019-02-13,152.3600,152.8800,151.6800,60537200.0
2019-02-14,152.8400,154.5200,153.3200,82726400.0
2019-02-15,162.9600,157.3200,156.1200,151674800.0
2019-02-19,156.9200,156.6400,155.4400,55189200.0
2019-02-20,157.8400,158.5600,157.3200,54098800.0
2019-02-21,159.0400,155.7600,154.5600,44854800.0
2019-02-22,157.8800,159.2000,157.9600,40174000.0
2019-02-25,162.5600,158.6800,157.4400,65602000.0
2019-02-26,158.5200,157.1200,155.8800,48846400.0
2019-02-27,156.5200,155.4000,154.2000,50025600.0
2019-02-28,155.0000,154.2400,153.2000,32494400.0
2019-03-01,156.2800,156.4400,155.4000,35718800.0
2019-03-04,158.0000,156.7600,155.7200,40999200.0
2019-03-05,156.1600,156.5200,155.4800,36292400.0
2019-03-06,156.1600,152.0400,151.0400,40352400.0
2019-03-07,151.1200,149.2400,148.2400,45010400.0
2019-03-08,145.6800,150.6400,149.6400,42241600.0
2019-03-11,151.6000,161.1200,160.0400,85972800.0
2019-03-12,162.2400,162.5200,161.4400,57957600.0
2019-03-13,164.0400,168.6000,167.4800,76890000.0
2019-03-14,169.0000,165.5600,164.4400,51938400.0
2019-03-15,167.3200,169.8000,168.6800,66148400.0
2019-03-18,171.0800,168.9600,167.8000,48699200.0
2019-03-19,172.7600,175.7200,174.5200,85497200.0
2019-03-20,176.8800,174.4000,173.2400,71914800.0
2019-03-21,175.3200,183.9600,182.6800,82431200.0
2019-03-22,182.8400,177.5200,176.3200,74764400.0
2019-03-25,175.8800,173.7600,172.6000,52521200.0
2019-03-26,179.4800,176.8800,175.6800,70350800.0
2019-03-27,177.8800,176.5200,175.3200,47437200.0
2019-03-28,177.5600,177.2400,176.0400,48026400.0
2019-03-29,179.9600,179.5600,178.3600,45689600.0
2019-04-01,183.2400,182.2800,181.0400,48382400.0
2019-04-02,183.2400,183.0000,181.7600,44092000.0
2019-04-03,185.0000,188.6000,187.3600,78350400.0
2019-04-04,188.0000,188.2400,187.0000,45737600.0
2019-04-05,190.0000,190.9600,189.6800,48174400.0
2019-04-08,189.7200,191.8000,190.4800,42419200.0
2019-04-09,190.4400,189.2400,188.0000,43997200.0
2019-04-10,189.2400,192.1200,190.8000,44477200.0
2019-04-11,192.2000,191.5200,190.2400,37460000.0
2019-04-12,193.1200,190.0000,188.7200,47170800.0
2019-04-15,189.6800,184.6800,183.4400,44009200.0
2019-04-16,186.2800,188.2000,186.9600,39496400.0
2019-04-17,189.6000,187.2800,186.0400,35100400.0
2019-04-18,187.5600,186.3200,185.0400,38098800.0
2019-04-22,185.3600,188.4800,187.2000,27993600.0
2019-04-23,189.0000,190.6800,189.4000,34685600.0
2019-04-24,191.0800,191.1600,189.8800,31820400.0
2019-04-25,189.5600,186.9200,185.6400,49929600.0
2019-04-26,180.7200,178.0800,176.8800,86898800.0
2019-04-29,178.4000,179.3200,178.1200,39192000.0
2019-04-30,178.0400,181.0000,179.7600,36292000.0
2019-05-01,183.1200,180.4800,179.2400,35428000.0
2019-05-02,180.8800,183.2000,181.9600,39468400.0
2019-05-03,183.5200,183.0000,181.7600,33682400.0
2019-05-06,175.5200,179.8400,178.6400,42217600.0
2019-05-07,177.8800,173.1200,171.9600,55522000.0
2019-05-08,172.0000,173.9200,172.7600,41916800.0
2019-05-09,171.1200,170.2000,169.0400,66024800.0
2019-05-10,168.9600,168.8400,167.6800,56950000.0
2019-05-13,163.5200,158.4400,157.4000,65691200.0
2019-05-14,160.0400,162.0400,160.9600,52488000.0
2019-05-15,159.8000,159.6000,158.5200,50232000.0
2019-05-16,159.3600,160.2000,159.1200,78108800.0
2019-05-17,158.5200,156.5200,155.4800,102206800.0
2019-05-20,152.5600,151.7600,150.7200,57206400.0
2019-05-21,154.2000,155.0400,154.0000,36184800.0
2019-05-22,153.5200,152.2000,151.1600,32586800.0
2019-05-23,149.6800,147.3200,146.3200,59184400.0
2019-05-24,148.0800,145.1600,144.1600,35758400.0
2019-05-28,145.8800,143.3200,142.3600,42835600.0
2019-05-29,141.4000,140.3200,139.4000,55980000.0
2019-05-30,140.3200,139.1200,138.3200,39430000.0
2019-05-31,137.1200,135.4800,134.6800,38972000.0
2019-06-03,135.9200,133.7600,133.0400,47864400.0
2019-06-04,136.3600,143.0000,142.2000,64183600.0
2019-06-05,145.9600,141.2800,140.4800,51161600.0
2019-06-06,141.4400,143.7600,142.9600,40814000.0
2019-06-07,144.0400,145.5200,144.6800,34885600.0
2019-06-10,147.7600,148.4400,147.6000,40278000.0
2019-06-11,150.8400,150.7600,149.9200,38387200.0
2019-06-12,149.0000,146.2000,145.3600,35889200.0
2019-06-13,147.0800,148.2400,147.4400,30808000.0
2019-06-14,144.5200,144.6400,143.8400,39442800.0
2019-06-17,144.5600,145.0400,144.2000,27604000.0
2019-06-18,147.5200,152.8800,152.0400,58192000.0
2019-06-19,154.3200,153.1200,152.2800,33164400.0
2019-06-20,156.7600,154.1200,153.2400,35016800.0
2019-06-21,153.5200,151.7600,150.9200,43442800.0
2019-06-24,152.6000,152.6800,151.8000,28294800.0
2019-06-25,152.8800,151.4800,150.6400,31186800.0
2019-06-26,156.6000,159.2400,158.3600,58407200.0
2019-06-27,162.7200,163.2400,162.3200,44544000.0
2019-06-28,165.0000,164.2400,163.3200,39766800.0
2019-07-01,172.5600,166.1600,165.2400,70975600.0
2019-07-02,165.5200,162.2400,161.3200,40022800.0
2019-07-03,163.1600,162.7600,161.8400,24663600.0
2019-07-05,160.4000,160.2400,159.3200,39655200.0
2019-07-08,157.8400,157.2000,156.3200,32978800.0
2019-07-09,155.5200,157.3200,156.4400,34286000.0
2019-07-10,159.0400,160.0400,159.1600,45207600.0
2019-07-11,163.0000,166.2800,165.3600,68256000.0
2019-07-12,167.4000,167.6000,166.6800,50639200.0
2019-07-15,168.4800,167.2800,166.3200,28984000.0
2019-07-16,166.6800,167.0800,166.1600,34144400.0
2019-07-17,167.1600,169.7200,168.7600,34820400.0
2019-07-18,170.1200,170.1600,169.2400,44219200.0
2019-07-19,171.7200,168.4400,167.4800,34489600.0
2019-07-22,169.3200,171.3200,170.3600,31594000.0
2019-07-23,172.8800,175.6800,174.6800,42817600.0
2019-07-24,177.4000,178.6800,177.6400,36623600.0
2019-07-25,177.0000,173.4000,172.4000,39270000.0
2019-07-26,174.4800,175.0800,174.0800,27416000.0
2019-07-29,174.7600,174.8400,173.8400,24816000.0
2019-07-30,172.9600,175.4400,174.4800,19777200.0
2019-07-31,174.1600,168.7200,167.7600,35941600.0
2019-08-01,169.1200,164.9200,164.0000,42121200.0
2019-08-02,161.2000,161.2000,160.2800,42834800.0
2019-08-05,153.8000,150.8000,149.9600,58915600.0
2019-08-06,153.8000,152.3600,151.4800,36127200.0
2019-08-07,149.8800,153.8800,153.0400,37256000.0
2019-08-08,156.2000,158.2400,157.3600,30930000.0
2019-08-09,156.6000,154.1600,153.3200,34181600.0
2019-08-12,152.0800,151.4400,150.6000,27920000.0
2019-08-13,151.4000,156.0400,155.1600,35195600.0
2019-08-14,152.5200,150.0800,149.2400,41988000.0
2019-08-15,150.8400,148.7600,147.9200,47720000.0
2019-08-16,159.3600,159.5600,158.6800,100796000.0
2019-08-19,164.1200,170.7600,169.8400,81511200.0
2019-08-20,170.5600,167.8800,166.9200,46318800.0
2019-08-21,170.5200,171.2400,170.2800,42724400.0
2019-08-22,171.6000,171.4800,170.5200,30348800.0
2019-08-23,168.4000,162.4400,161.5200,56805600.0
2019-08-26,165.6000,165.4400,164.5200,31820800.0
2019-08-27,167.0000,161.8000,160.8800,29096800.0
2019-08-28,160.6000,161.2400,160.4800,25561200.0
2019-08-29,164.8800,167.0000,166.2400,35797600.0
2019-08-30,168.8800,167.5200,166.7200,29061600.0
2019-09-03,164.6000,164.1600,163.4000,29614000.0
2019-09-04,166.6000,168.7600,167.9600,22772800.0
2019-09-05,172.8800,179.7600,178.9200,69567600.0
2019-09-06,178.8000,178.6400,177.8400,37697600.0
2019-09-09,179.8800,180.5200,179.6800,41752400.0
2019-09-10,179.1600,183.1600,182.3200,35281200.0
2019-09-11,183.7600,184.3200,183.4800,36151200.0
2019-09-12,186.2000,184.2800,183.4000,32784000.0
2019-09-13,181.6000,181.9600,181.0800,32459200.0
2019-09-16,178.9200,180.2000,179.3600,23183200.0
2019-09-17,180.4800,181.0800,180.2400,22304800.0
2019-09-18,180.8000,179.9600,179.1600,25815200.0
2019-09-19,180.2400,176.9600,176.1200,24547600.0
2019-09-20,176.8800,172.6800,171.8800,35024400.0
2019-09-23,172.6800,174.8400,174.0400,24971200.0
2019-09-24,176.1200,172.5200,171.7200,31726800.0
2019-09-25,172.5200,178.2400,177.4000,30843200.0
2019-09-26,177.8400,177.3200,176.5200,23456400.0
2019-09-27,175.6800,171.7600,170.9600,36205600.0
2019-09-30,172.8000,174.0800,173.2800,18618400.0
2019-10-01,175.0000,174.0000,173.2000,36600800.0
2019-10-02,173.1200,173.0400,172.2400,29337200.0
2019-10-03,173.2400,181.3200,180.4800,45058800.0
2019-10-04,181.4000,181.9600,181.1200,26552400.0
2019-10-07,184.6000,184.3200,183.4800,48098400.0
2019-10-08,180.6400,177.2400,176.4000,44443600.0
2019-10-09,180.3200,180.7200,179.8800,29241200.0
2019-10-10,180.6000,183.0400,182.2000,30912400.0
2019-10-11,186.4000,186.0000,185.1200,44640400.0
2019-10-14,185.6400,186.5200,185.6800,20004000.0
2019-10-15,190.1600,196.3600,195.4800,66412400.0
2019-10-16,195.0000,194.2000,193.3200,42894400.0
2019-10-17,196.0000,194.2800,193.4000,26343600.0
2019-10-18,194.3200,190.4800,189.6000,30744000.0
2019-10-21,192.9600,196.0000,195.1200,26186800.0
2019-10-22,198.3200,195.6000,194.7200,32872000.0
2019-10-23,192.3200,195.0800,194.2000,27991600.0
2019-10-24,196.7600,196.8800,195.9600,23202000.0
2019-10-25,200.1200,204.5200,203.6000,42309200.0
2019-10-28,206.3200,206.8000,205.8400,33079200.0
2019-10-29,206.2400,202.9200,202.0000,21123600.0
2019-10-30,204.0000,203.0000,202.0800,20596000.0
2019-10-31,202.1600,201.0400,200.0800,20973200.0
2019-11-01,199.6000,202.6000,201.6400,28364000.0
2019-11-04,205.8400,210.5200,209.5200,37671600.0
2019-11-05,210.4800,209.6000,208.6400,30086800.0
2019-11-06,208.6400,207.6400,206.6800,26901200.0
2019-11-07,211.1200,208.3200,207.3600,28034000.0
2019-11-08,207.6800,207.7600,206.8000,18910000.0
2019-11-11,207.7600,208.1600,207.2000,24343600.0
2019-11-12,209.7200,209.6000,208.6400,28350400.0
2019-11-13,208.3600,208.5600,207.6000,30018800.0
2019-11-14,208.9200,209.8000,208.8000,51808000.0
2019-11-15,209.6800,204.2000,203.2400,105362800.0
2019-11-18,203.8800,212.2800,211.2800,57458800.0
2019-11-19,211.0400,208.0000,207.0400,41456400.0
2019-11-20,207.0800,211.1600,210.2000,47258800.0
2019-11-21,211.0000,210.1600,209.2000,28838800.0
2019-11-22,211.0800,210.8800,209.9200,22410000.0
2019-11-25,216.0400,221.2000,220.2000,50647600.0
2019-11-26,220.5200,217.0000,216.0000,38524400.0
2019-11-27,218.6800,218.2400,217.4000,21578400.0
2019-11-29,217.0000,216.7600,215.8800,14155600.0
2019-12-02,216.4800,209.2400,208.4400,37203600.0
2019-12-03,201.8800,207.6800,206.8400,46523200.0
2019-12-04,211.0400,209.4000,208.6000,27342400.0
2019-12-05,210.3200,208.7600,207.9200,18488400.0
2019-12-06,211.5200,212.1600,211.3600,23223600.0
2019-12-09,211.2400,212.1600,211.3600,21188000.0
2019-12-10,213.4000,213.9600,213.1600,25638800.0
2019-12-11,214.4000,217.3200,216.4800,23379600.0
2019-12-12,216.1600,224.0800,223.2000,40434800.0
2019-12-13,224.2000,224.0000,223.1200,45470400.0
2019-12-16,225.8800,225.1600,224.2800,32097600.0
2019-12-17,225.8800,228.2800,227.4000,32119600.0
2019-12-18,229.6800,229.5200,228.6000,34354800.0
2019-12-19,230.8800,235.4800,234.5600,44536000.0
2019-12-20,238.1200,239.3600,238.4400,60304400.0
2019-12-23,240.5200,238.8400,237.8800,35506000.0
2019-12-24,238.2000,238.6000,237.6800,13886400.0
2019-12-26,238.7600,239.2000,238.2400,18285200.0
2019-12-27,239.8000,236.8800,235.9600,25464400.0
2019-12-30,236.0000,232.3200,231.4000,25805600.0
2019-12-31,230.8800,235.3200,234.4000,23100400.0
2020-01-02,238.7600,239.9200,238.9600,23753600.0
2020-01-03,235.1200,236.0800,235.1600,20538400.0
2020-01-06,232.3200,237.0400,236.1200,26263600.0
2020-01-07,238.2000,239.9200,239.0000,31485600.0
2020-01-08,239.7600,240.4000,239.4400,27710800.0
2020-01-09,243.8400,243.0400,242.0800,25511200.0
2020-01-10,247.3200,244.3200,243.3600,31629600.0
2020-01-13,247.6800,251.9600,251.0000,31984000.0
2020-01-14,250.2400,247.2800,246.3200,35908800.0
2020-01-15,247.8000,245.5600,244.6000,26310400.0
2020-01-16,247.7200,248.9200,247.9600,28419200.0
2020-01-17,249.6800,249.2800,248.3200,25379200.0
2020-01-21,247.8000,247.9600,246.9600,21791600.0
2020-01-22,249.7600,250.1200,249.1200,23924000.0
2020-01-23,251.7200,252.8800,251.8800,24451600.0
2020-01-24,257.5200,250.4800,249.5200,37351200.0
2020-01-27,238.2400,240.2000,239.2800,47053600.0
2020-01-28,242.8400,247.9600,247.0000,31097600.0
2020-01-29,247.4000,245.5200,244.6000,25884800.0
2020-01-30,241.6000,245.8000,244.8400,29050400.0
2020-01-31,243.9600,236.4400,235.5200,37042000.0
2020-02-03,235.6800,240.3200,239.4000,25556400.0
2020-02-04,246.0400,247.1200,246.1600,27154400.0
2020-02-05,252.0000,250.7600,249.8000,20822000.0
2020-02-06,252.1200,254.2400,253.2800,21828400.0
2020-02-07,252.6400,251.6000,250.6000,18975200.0
2020-02-10,252.5200,262.9600,261.9600,52960800.0
2020-02-11,267.3200,267.8800,266.8400,63855600.0
2020-02-12,270.0000,272.5600,271.4800,37464400.0
2020-02-13,270.2000,270.7600,269.7200,52801600.0
2020-02-14,287.2800,289.8000,288.6800,104192400.0
2020-02-18,285.6400,296.5600,295.4000,62016400.0
2020-02-19,301.4800,314.7200,313.4800,69433200.0
2020-02-20,312.7600,308.7200,307.4800,81005200.0
2020-02-21,304.2000,294.0800,292.9200,76818000.0
2020-02-24,270.2000,273.2800,272.2000,85691600.0
2020-02-25,276.2800,262.0400,261.0400,105549600.0
2020-02-26,262.0400,267.6400,266.6000,74773200.0
2020-02-27,254.8800,252.6000,251.7600,90641600.0
2020-02-28,242.4800,270.0800,269.1600,113325200.0
2020-03-02,276.8800,276.4400,275.5200,89074400.0
2020-03-03,278.6800,265.8800,265.0000,65279200.0
2020-03-04,270.2000,284.5200,283.5600,59740800.0
2020-03-05,276.5200,273.2800,272.4000,54032800.0
2020-03-06,266.0800,266.0400,265.1600,51541200.0
2020-03-09,239.8800,245.4400,244.6400,61416000.0
2020-03-10,256.5600,261.0800,260.2000,58064800.0
2020-03-11,255.4800,246.4800,245.6400,49996400.0
2020-03-12,225.4800,216.3200,215.6000,81654000.0
2020-03-13,230.5200,240.8400,240.0400,63483600.0
2020-03-16,212.4000,196.4000,195.7600,72697200.0
2020-03-17,200.9200,217.2800,216.5600,83363200.0
2020-03-18,200.1200,202.8400,202.1600,87426800.0
2020-03-19,201.9600,212.9600,212.2800,76551200.0
2020-03-20,219.0000,205.7600,205.0800,80463600.0
2020-03-23,205.7200,212.6800,212.0000,64387600.0
2020-03-24,229.0000,249.1600,248.3600,110164400.0
2020-03-25,253.8000,245.6000,244.8000,79343200.0
2020-03-26,253.9600,257.2400,256.4000,69610800.0
2020-03-27,250.0000,252.7200,251.8800,63882800.0
2020-03-30,255.3600,265.6000,264.7200,60225200.0
2020-03-31,267.2000,263.6000,262.7200,94996000.0
2020-04-01,255.6400,243.0800,242.2800,65691200.0
2020-04-02,244.2400,255.4800,254.6400,67576400.0
2020-04-03,253.9600,243.9200,243.1200,66321200.0
2020-04-06,255.2400,268.4000,267.5200,72788400.0
2020-04-07,277.2800,259.0400,258.1600,78452000.0
2020-04-08,263.4000,266.9600,266.0800,54244400.0
2020-04-09,272.0000,262.9600,262.0800,52556400.0
2020-04-13,260.5600,269.8400,268.9600,39840800.0
2020-04-14,275.0000,283.9600,283.0000,53094800.0
2020-04-15,277.2000,280.8400,279.9200,36614800.0
2020-04-16,287.0800,294.7200,293.7200,74562000.0
2020-04-17,298.0000,292.3200,291.3600,53912000.0
2020-04-20,287.2400,287.0400,286.1200,44938800.0
2020-04-21,282.3200,269.5200,268.6400,73516000.0
2020-04-22,277.2400,286.1600,285.2000,48335600.0
2020-04-23,287.8400,284.0000,283.0800,42416000.0
2020-04-24,283.6000,289.6000,288.6400,35232800.0
2020-04-27,295.0000,297.0800,296.1200,47938800.0
2020-04-28,303.0000,291.3600,290.4000,44290400.0
2020-04-29,296.7600,298.4400,297.4800,37916000.0
2020-04-30,296.2800,292.2800,291.3200,37591600.0
2020-05-01,284.3600,282.7600,281.8400,34209600.0
2020-05-04,280.8800,291.2800,290.3200,31755600.0
2020-05-05,295.4800,293.7200,292.7600,36889600.0
2020-05-06,296.9200,297.8000,296.8000,32346400.0
2020-05-07,303.4000,304.8800,303.8800,37373200.0
2020-05-08,307.7600,312.5200,311.4800,33921600.0
2020-05-11,312.2800,322.6000,321.5600,46906000.0
2020-05-12,324.9600,312.1200,311.0800,49306000.0
2020-05-13,316.7200,311.2000,310.1600,62585200.0
2020-05-14,313.6800,321.2400,320.1600,60231200.0
2020-05-15,315.6000,339.6400,338.5200,98766000.0
2020-05-18,350.4400,350.0000,348.8400,77446000.0
2020-05-19,351.6000,352.2400,351.0400,71732000.0
2020-05-20,359.6400,358.8000,357.6000,58753600.0
2020-05-21,362.0400,351.0000,349.8400,76106800.0
2020-05-22,353.0000,361.0400,359.8400,103876400.0
2020-05-26,366.2800,348.7200,347.5600,77078000.0
2020-05-27,345.0000,341.0000,339.8800,117589200.0
2020-05-28,336.4800,339.4800,338.3600,73489600.0
2020-05-29,342.1600,355.0000,353.8400,74525600.0
2020-06-01,353.3200,352.2400,351.0800,38987600.0
2020-06-02,351.8400,353.0000,351.8400,39132000.0
2020-06-03,352.8800,350.7600,349.6400,36544000.0
2020-06-04,349.1200,350.6800,349.6800,42428000.0
2020-06-05,351.7600,356.8000,355.8000,48174800.0
2020-06-08,355.0800,352.2000,351.2000,38773600.0
2020-06-09,352.0000,361.8400,360.8000,46848800.0
2020-06-10,366.7200,374.6800,373.6000,63218000.0
2020-06-11,366.0000,351.8400,350.8400,58365200.0
2020-06-12,366.5200,357.2800,356.2800,57090800.0
2020-06-15,352.6000,366.9600,365.9200,40000400.0
2020-06-16,369.0000,362.7200,361.7200,53571600.0
2020-06-17,364.5600,369.4400,368.4000,40830400.0
2020-06-18,369.0800,368.7200,367.6800,25440800.0
2020-06-19,369.7200,370.4400,369.4000,52416000.0
2020-06-22,372.0000,381.0800,380.0000,39846800.0
2020-06-23,382.0400,378.0000,376.9200,37510800.0
2020-06-24,379.0400,369.4400,368.3600,44937200.0
2020-06-25,374.2400,379.6000,378.5200,37607200.0
2020-06-26,380.0000,366.2000,365.1600,59208400.0
2020-06-29,366.8000,368.0000,366.9600,34224800.0
2020-06-30,372.5600,379.9200,378.8400,36789200.0
2020-07-01,380.8400,381.2000,380.1200,32664800.0
2020-07-02,385.5600,384.4800,383.4000,36405600.0
2020-07-06,389.6800,393.5600,392.4400,31589200.0
2020-07-07,397.8400,394.8800,393.7600,35780000.0
2020-07-08,399.7600,408.6400,407.4800,36548000.0
2020-07-09,415.2000,420.3600,419.1600,49454800.0
2020-07-10,423.5600,419.1600,417.9600,49767600.0
2020-07-13,423.8000,402.0800,400.9600,45707600.0
2020-07-14,403.0000,415.0800,413.9200,54267600.0
2020-07-15,416.5600,409.0800,407.9200,40398400.0
2020-07-16,400.6000,405.4000,404.2400,34496400.0
2020-07-17,409.0000,408.0400,406.9200,26628400.0
2020-07-20,410.9600,420.4400,419.2400,28485200.0
2020-07-21,420.5200,413.1600,411.9600,27703600.0
2020-07-22,414.7200,417.5600,416.3600,36729200.0
2020-07-23,418.0000,405.2000,404.0400,41166000.0
2020-07-24,395.0000,407.7600,406.6400,47329200.0
2020-07-27,409.2800,416.8400,415.6800,29213200.0
2020-07-28,414.9600,408.6000,407.4400,27163600.0
2020-07-29,415.6400,418.6000,417.4400,28450800.0
2020-07-30,415.0000,424.5600,423.3600,30888000.0
2020-07-31,422.5200,424.6000,423.4000,38608000.0
2020-08-03,429.2800,440.4000,439.1600,41272000.0
2020-08-04,442.0000,449.1200,447.8400,31033600.0
2020-08-05,449.7600,451.4800,450.2000,24992400.0
2020-08-06,454.0000,453.4400,452.1200,24431600.0
2020-08-07,452.5200,448.0000,446.7200,34251600.0
2020-08-10,453.3600,446.6000,445.3200,42779600.0
2020-08-11,442.9600,434.0000,432.7600,35451200.0
2020-08-12,439.6400,457.6000,456.3200,46441200.0
2020-08-13,461.8400,457.7200,456.4000,37446000.0
2020-08-14,461.2000,462.5600,461.2400,36643600.0
2020-08-17,474.0400,493.4800,492.0800,62130000.0
2020-08-18,498.0000,490.4400,489.0400,50344800.0
2020-08-19,491.8400,485.5600,484.1600,62262400.0
2020-08-20,479.0000,485.6400,484.2400,92138800.0
2020-08-21,488.0800,507.3200,505.8800,99986800.0
2020-08-24,515.3600,508.8000,507.3600,49056400.0
2020-08-25,505.2400,510.0000,508.5600,28907600.0
2020-08-26,511.9600,510.9200,509.4800,32124400.0
2020-08-27,511.2800,505.1200,503.6800,31760400.0
2020-08-28,507.0000,525.9200,524.4000,53716000.0
2020-08-31,527.3200,534.9600,533.4400,50084000.0
2020-09-01,539.2000,552.8400,551.4400,51131600.0
2020-09-02,588.1600,573.8400,572.4000,87401200.0
2020-09-03,553.1600,520.6000,519.2800,94512800.0
2020-09-04,511.3600,504.8800,503.6000,146368400.0
2020-09-08,469.4000,476.5200,475.3200,79572800.0
2020-09-09,496.0000,508.6000,507.3200,73620000.0
2020-09-10,519.5600,492.4800,491.2000,69868400.0
2020-09-11,499.4400,486.5600,485.3600,63692800.0
2020-09-14,523.2400,514.8800,513.6000,120174400.0
2020-09-15,531.2000,519.6400,518.3200,72755600.0
2020-09-16,518.2800,500.5600,499.3200,55638400.0
2020-09-17,485.2800,498.5600,497.2800,79251200.0
2020-09-18,503.7600,487.5600,486.3200,69846000.0
2020-09-21,477.0000,500.6800,499.4000,72104400.0
2020-09-22,503.0000,505.5200,504.2400,64645200.0
2020-09-23,503.0000,484.9600,483.7200,64701200.0
2020-09-24,482.8800,493.9200,492.6800,73124000.0
2020-09-25,497.8800,514.9600,513.6400,58801600.0
2020-09-28,521.6000,521.4000,520.0800,57380800.0
2020-09-29,517.5200,529.0400,527.6800,62146000.0
2020-09-30,526.2800,541.2000,539.8400,68918400.0
2020-10-01,550.3200,544.6000,543.2000,52500400.0
2020-10-02,529.0000,522.4800,521.1600,55249600.0
2020-10-05,529.4400,545.7200,544.3200,47982000.0
2020-10-06,553.2000,549.4800,548.0800,78442000.0
2020-10-07,560.0000,558.5600,557.1200,41808400.0
2020-10-08,563.0000,553.5600,552.1600,37890000.0
2020-10-09,550.6800,550.5200,549.1200,34689200.0
2020-10-12,559.6000,569.0400,567.6000,43474400.0
2020-10-13,571.8400,569.9200,568.4800,34460400.0
2020-10-14,571.6000,563.8000,562.3600,27610000.0
2020-10-15,552.4400,558.8000,557.3600,26722400.0
2020-10-16,561.4800,552.4800,551.0400,24239200.0
2020-10-19,556.1200,539.9200,538.5200,29806800.0
2020-10-20,543.3600,545.8400,544.4400,22921200.0
2020-10-21,545.0000,541.0000,539.6000,21959600.0
2020-10-22,540.9200,534.4400,533.0800,29048000.0
2020-10-23,538.0000,543.6000,542.2400,23348400.0
2020-10-26,537.0800,525.6400,524.3200,33689600.0
2020-10-27,532.2400,535.8800,534.5200,25052000.0
2020-10-28,527.9200,505.0800,503.8000,37652000.0
2020-10-29,513.5200,520.9600,519.6400,32008000.0
2020-10-30,514.0000,501.3600,500.0800,41682000.0
2020-11-02,506.3200,503.2400,501.9600,29965200.0
2020-11-03,508.3200,520.8000,519.4400,27290000.0
2020-11-04,535.5600,551.7600,550.3600,41022800.0
2020-11-05,566.5200,566.4000,564.9600,31902800.0
2020-11-06,564.4000,582.4800,581.0000,38334800.0
2020-11-09,582.0800,545.2400,543.8400,58297600.0
2020-11-10,544.2800,510.8000,509.5200,64406800.0
2020-11-11,522.1600,536.7200,535.3600,40474400.0
2020-11-12,539.1600,538.2800,536.9200,36581200.0
2020-11-13,545.0800,531.8800,530.5200,34631200.0
2020-11-16,526.9200,540.6000,539.2400,41377600.0
2020-11-17,542.0800,536.8800,535.5200,31202800.0
2020-11-18,538.6000,537.1600,535.8000,51092400.0
2020-11-19,528.5200,537.6000,536.2400,56593600.0
2020-11-20,538.1600,523.5200,522.1600,34108800.0
2020-11-23,526.8400,525.6000,524.2800,36135600.0
2020-11-24,525.7200,518.3200,517.0000,34650000.0
2020-11-25,521.2800,529.4000,528.0400,25991600.0
2020-11-27,535.0000,530.4400,529.1200,16727600.0
2020-11-30,530.6000,536.0400,534.6800,28695200.0
2020-12-01,539.6800,535.6000,534.2400,29694800.0
2020-12-02,534.0400,541.8000,540.4000,28336000.0
2020-12-03,543.5200,535.8400,534.6400,19952000.0
2020-12-04,537.9600,542.3200,541.1200,20224400.0
2020-12-07,544.0400,544.2800,543.0400,22324400.0
2020-12-08,543.4000,534.0000,532.8000,27192000.0
2020-12-09,532.0400,517.2400,516.0800,40130000.0
2020-12-10,514.7600,518.8800,517.7200,20776400.0
2020-12-11,518.6800,520.5200,519.3600,20926400.0
2020-12-14,523.5200,532.3600,531.1600,27015600.0
2020-12-15,537.6000,534.4000,533.2000,19301600.0
2020-12-16,536.9200,529.7200,528.5200,22311600.0
2020-12-17,534.6800,533.6400,532.4400,23138400.0
2020-12-18,535.1600,530.8800,529.6800,34206400.0
2020-12-21,523.0000,533.2800,532.0800,30233200.0
2020-12-22,532.7600,531.1200,529.9200,18558000.0
2020-12-23,530.2400,520.3600,519.2000,17914400.0
2020-12-24,521.4800,519.7600,518.6000,9788400.0
2020-12-28,522.5200,516.0000,514.8400,21256400.0
2020-12-29,517.0000,517.7200,516.5600,17037200.0
2020-12-30,519.6000,525.8400,524.6400,22539600.0
2020-12-31,525.4800,522.2000,521.0400,19242400.0
2021-01-04,524.1600,524.5200,523.3600,56064000.0
2021-01-05,524.0000,536.2000,535.0000,32276000.0
2021-01-06,528.9200,504.5600,503.4400,58042400.0
2021-01-07,518.7200,533.7600,532.5600,46148000.0
2021-01-08,534.5200,531.0800,529.8800,29252800.0
2021-01-11,536.7600,544.8400,543.6400,51834400.0
2021-01-12,550.0800,539.4000,538.1600,29147600.0
2021-01-13,539.6000,541.2800,540.0400,21002800.0
2021-01-14,543.0000,528.0000,526.8400,28312000.0
2021-01-15,529.1200,514.4000,513.2400,27778000.0
2021-01-19,520.6400,521.0000,519.8400,22618800.0
2021-01-20,524.4800,534.6400,533.4400,25857200.0
2021-01-21,536.7200,554.7200,553.4400,33778000.0
2021-01-22,549.6000,548.5200,547.2800,24682000.0
2021-01-25,551.2800,546.1200,544.9200,25111200.0
2021-01-26,543.2000,537.4000,536.2000,16398000.0
2021-01-27,529.2000,516.7200,515.5600,37127200.0
2021-01-28,519.8400,522.0400,520.8800,22831600.0
2021-01-29,523.0000,519.6000,518.4400,27155200.0
2021-02-01,522.1200,529.4800,528.2800,21720400.0
2021-02-02,535.9600,542.2800,541.0400,22044000.0
2021-02-03,545.4400,541.2000,540.0000,24540800.0
2021-02-04,541.2400,546.5600,545.3600,20134000.0
2021-02-05,549.0000,543.6400,542.4000,16915200.0
2021-02-08,549.0800,577.5600,576.2400,43462400.0
2021-02-09,573.6400,570.5200,569.2400,28756000.0
2021-02-10,578.5200,590.5600,589.2400,48535200.0
2021-02-11,599.2000,610.0400,608.6400,45082800.0
2021-02-12,602.0000,598.4400,597.1200,37475600.0
2021-02-16,602.5600,613.2000,611.8400,32196000.0
2021-02-17,606.8400,596.2400,594.8800,27475600.0
2021-02-18,589.1600,593.1600,591.8400,23386800.0
2021-02-19,600.9600,597.0400,595.7200,27172400.0
2021-02-22,591.0000,574.2400,572.9200,32588400.0
2021-02-23,563.0000,565.6800,564.4000,39178000.0
2021-02-24,564.9200,579.9600,578.6400,44832000.0
2021-02-25,561.8400,532.2800,531.1200,82443600.0
2021-02-26,550.0800,548.6000,547.3600,50093200.0
2021-03-01,555.0000,553.6800,552.4400,35318400.0
2021-03-02,556.0000,536.2400,535.0400,26411600.0
2021-03-03,537.0400,512.2000,511.0400,37759200.0
2021-03-04,512.0400,494.8000,493.6800,57334400.0
2021-03-05,502.0000,498.4400,497.3200,54284000.0
2021-03-08,498.0000,463.7200,462.6800,54311200.0
2021-03-09,485.2000,500.8000,499.8400,52182400.0
2021-03-10,513.6000,498.7200,497.8000,38437600.0
2021-03-11,518.0000,519.7200,518.7600,29991600.0
2021-03-12,505.9200,514.2400,513.2800,24396400.0
2021-03-15,514.6000,527.6400,526.6400,22198800.0
2021-03-16,534.2800,531.6400,530.6400,27212800.0
2021-03-17,521.6000,533.6400,532.6400,24386400.0
2021-03-18,525.4800,508.8800,507.9200,29389600.0
2021-03-19,510.0000,513.8400,512.8400,29920800.0
2021-03-22,516.5200,527.4400,526.4400,29780400.0
2021-03-23,530.1600,522.8400,521.8400,22204800.0
2021-03-24,526.0400,505.7200,504.7600,24584000.0
2021-03-25,500.0000,501.4000,500.4400,29514400.0
2021-03-26,502.1600,513.5600,512.6000,36396800.0
2021-03-29,512.8000,517.9200,516.9600,27352000.0
2021-03-30,513.6800,514.8800,513.8800,20020400.0
2021-03-31,520.6000,533.9200,532.9200,31477600.0
2021-04-01,542.8800,552.4800,551.4000,30827600.0
2021-04-05,554.7200,559.5200,558.4400,25567200.0
2021-04-06,560.0000,554.4800,553.4000,19174400.0
2021-04-07,555.2400,565.7200,564.6800,25128400.0
2021-04-08,570.1200,572.6800,571.6000,24441600.0
2021-04-09,568.5600,576.0000,574.9200,19517200.0
2021-04-12,571.6000,608.3600,607.2000,86932400.0
2021-04-13,609.2800,627.1600,626.0000,67621200.0
2021-04-14,625.0000,611.0800,609.9200,38550000.0
2021-04-15,626.5200,645.4800,644.2800,59848000.0
2021-04-16,642.1200,636.5200,635.2800,33520800.0
2021-04-19,621.4800,614.4800,613.2800,40442000.0
2021-04-20,612.9200,606.8400,605.6800,33413200.0
2021-04-21,604.7600,614.4000,613.2400,21677600.0
2021-04-22,615.0000,594.0000,592.8800,27778800.0
2021-04-23,597.3600,610.6000,609.4400,22750000.0
2021-04-26,607.4000,619.1200,617.9600,19779600.0
2021-04-27,623.1600,615.2800,614.0800,16457200.0
2021-04-28,614.6000,611.0800,609.9200,20941600.0
2021-04-29,616.0000,613.0000,611.8400,17319600.0
2021-04-30,606.9600,600.4000,599.2400,20191200.0
2021-05-03,605.0000,593.4800,592.3200,20391200.0
2021-05-04,585.4800,574.0400,572.9600,40532400.0
2021-05-05,588.3600,578.3600,577.2400,29202400.0
2021-05-06,579.8000,580.9200,579.8000,19338000.0
2021-05-07,592.3200,592.4800,591.3600,22932800.0
2021-05-10,591.4800,570.6400,569.5600,26890400.0
2021-05-11,553.0000,572.2400,571.1600,28558400.0
2021-05-12,560.4000,550.3600,549.2800,30340800.0
2021-05-13,561.3600,546.6000,545.5600,28540400.0
2021-05-14,555.6000,569.7200,568.6400,25861600.0
2021-05-17,566.2800,566.6000,565.5600,21698000.0
2021-05-18,570.6800,560.6400,559.5600,18625600.0
2021-05-19,542.6400,562.6400,561.5600,34400000.0
2021-05-20,572.0800,584.5200,583.4000,32159200.0
2021-05-21,606.5600,599.6800,598.5200,67299200.0
2021-05-24,608.5200,624.4800,623.2800,55481600.0
2021-05-25,630.6400,625.9200,624.7200,43540800.0
2021-05-26,629.3600,628.0000,626.8000,37044000.0
2021-05-27,628.0000,619.5200,618.3600,58147600.0
2021-05-28,620.0400,649.8000,648.5600,64453600.0
2021-06-01,650.8000,650.6000,649.3600,47280400.0
2021-06-02,650.0800,671.1200,669.8400,59416800.0
2021-06-03,668.0400,678.8000,677.4800,58000800.0
2021-06-04,684.5200,703.1200,701.8000,61712000.0
2021-06-07,702.8400,704.7600,703.4000,57575600.0
2021-06-08,701.0800,698.2800,696.9600,32384800.0
2021-06-09,700.6400,694.3200,693.1600,38165600.0
2021-06-10,694.0000,697.0000,695.8400,28777200.0
2021-06-11,699.1600,713.0000,711.8000,41630800.0
2021-06-14,716.2400,720.7600,719.5600,32137600.0
2021-06-15,716.6000,711.5200,710.3600,24303200.0
2021-06-16,711.6400,712.4000,711.2000,30712400.0
2021-06-17,710.9600,746.2800,745.0400,80965600.0
2021-06-18,751.3600,745.5600,744.3200,96885600.0
2021-06-21,737.4000,737.0800,735.8400,67238400.0
2021-06-22,738.8400,755.4800,754.2000,58014400.0
2021-06-23,760.3200,762.2800,761.0000,33235600.0
2021-06-24,769.1200,768.2000,766.9200,32092400.0
2021-06-25,771.2000,761.2400,759.9600,27836400.0
2021-06-28,774.4400,799.4000,798.0800,49543600.0
2021-06-29,795.2800,801.0800,799.7200,36763200.0
2021-06-30,799.9600,800.0800,798.7600,32656800.0
2021-07-01,805.0000,808.4800,807.1200,48013600.0
2021-07-02,817.6000,819.4800,818.1200,34276400.0
2021-07-06,829.5200,827.9600,826.5600,44670800.0
2021-07-07,834.1600,814.8800,813.5200,41842800.0
2021-07-08,794.2800,796.1200,794.7600,50330000.0
2021-07-09,798.5200,802.0000,800.6800,29662400.0
2021-07-12,809.6000,820.5200,819.1200,32198400.0
2021-07-13,816.0400,810.0000,808.6400,29070800.0
2021-07-14,814.3200,793.6400,792.3200,38010000.0
2021-07-15,792.4800,758.6400,757.3600,55056400.0
2021-07-16,761.2000,726.4400,725.2400,68822400.0
2021-07-19,716.6000,751.2000,749.9200,74906000.0
2021-07-20,187.3,186.12,185.81,43468700.0
2021-07-21,188.82,194.1,193.77,37101700.0
2021-07-22,196.42,195.94,195.61,32382600.0
2021-07-23,196.56,195.58,195.25,19567200.0
2021-07-26,193.11,192.94,192.62,20394300.0
2021-07-27,192.65,192.08,191.76,24886300.0
2021-07-28,193.19,195.03,194.7,20219100.0
2021-07-29,195.19,196.62,196.29,19078100.0
2021-07-30,194.18,194.99,194.66,18349700.0
2021-08-02,197.0,197.5,197.17,21744400.0
2021-08-03,197.4,198.15,197.82,30181100.0
2021-08-04,199.9,202.74,202.4,23130900.0
2021-08-05,205.0,206.37,206.02,21143500.0
2021-08-06,205.24,203.66,203.32,17849700.0
2021-08-09,204.46,202.95,202.61,14644300.0
2021-08-10,203.22,199.36,199.03,17923800.0
2021-08-11,200.43,196.99,196.66,18592500.0
2021-08-12,198.7,199.05,198.72,15165200.0
2021-08-13,199.05,201.88,201.54,18306300.0
2021-08-16,201.35,199.5,199.17,21087600.0
2021-08-17,196.85,194.58,194.25,20458500.0
2021-08-18,195.0,190.4,190.08,28591300.0
2021-08-19,194.94,197.98,197.65,76655500.0
2021-08-20,199.91,208.16,207.81,67574100.0
2021-08-23,209.71,219.58,219.21,57580700.0
2021-08-24,217.53,217.93,217.56,29729900.0
2021-08-25,217.37,222.13,221.76,34770100.0
2021-08-26,222.0,220.68,220.31,23794000.0
2021-08-27,221.84,226.36,225.98,30472200.0
2021-08-30,228.3,226.88,226.5,26258000.0
2021-08-31,226.95,223.85,223.51,25985000.0
2021-09-01,224.85,224.41,224.07,20176700.0
2021-09-02,225.18,223.96,223.62,18783400.0
2021-09-03,223.25,228.43,228.09,28053200.0
2021-09-07,228.33,226.62,226.28,19810700.0
2021-09-08,225.13,223.39,223.06,25443400.0
2021-09-09,223.12,221.77,221.44,19685600.0
2021-09-10,223.48,224.78,224.44,24837600.0
2021-09-13,226.84,221.52,221.19,29750000.0
2021-09-14,222.75,222.42,222.09,19975500.0
2021-09-15,223.09,223.41,223.07,16653800.0
2021-09-16,221.83,222.42,222.09,15603300.0
2021-09-17,223.0,219.0,218.67,29450300.0
2021-09-20,211.46,211.13,210.81,34944000.0
2021-09-21,214.17,212.46,212.14,20468800.0
2021-09-22,213.66,219.41,219.08,26872600.0
2021-09-23,221.4,224.82,224.48,24855500.0
2021-09-24,220.7,220.81,220.48,21765500.0
2021-09-27,217.1,216.6,216.28,24521500.0
2021-09-28,212.14,206.99,206.68,34306900.0
2021-09-29,209.4,205.17,204.86,21839400.0
2021-09-30,207.68,207.16,206.85,22100900.0
2021-10-01,207.5,207.42,207.11,24097800.0
2021-10-04,205.04,197.32,197.02,34563500.0
2021-10-05,199.5,204.51,204.2,27928200.0
2021-10-06,201.2,207.0,206.69,29720200.0
2021-10-07,210.92,210.75,210.43,25691900.0
2021-10-08,211.01,208.31,208.0,15125800.0
2021-10-11,205.75,206.95,206.64,16338800.0
2021-10-12,208.28,206.71,206.4,16213400.0
2021-10-13,209.18,209.39,209.08,18065200.0
2021-10-14,212.88,217.46,217.13,24358900.0
2021-10-15,218.1,218.62,218.29,22699400.0
2021-10-18,217.49,222.22,221.89,18949400.0
2021-10-19,222.76,222.9,222.57,16147300.0
2021-10-20,223.05,221.03,220.7,14627600.0
2021-10-21,220.97,226.92,226.58,18759000.0
2021-10-22,228.23,227.26,226.92,24938400.0
2021-10-25,229.73,231.66,231.31,23023500.0
2021-10-26,239.89,247.17,246.8,48589800.0
2021-10-27,244.74,244.51,244.14,24599000.0
2021-10-28,248.78,249.41,249.04,23420400.0
2021-10-29,250.01,255.67,255.29,29250300.0
2021-11-01,256.49,258.27,257.88,26574000.0
2021-11-02,258.22,264.01,263.61,29411200.0
2021-11-03,266.7,265.98,265.58,23991000.0
2021-11-04,272.29,298.01,297.56,115363100.0
2021-11-05,301.87,297.52,297.07,85126000.0
2021-11-08,301.49,308.04,307.58,50310100.0
2021-11-09,322.82,306.57,306.11,64674600.0
2021-11-10,293.56,294.59,294.15,63620600.0
2021-11-11,304.68,303.9,303.44,33217200.0
2021-11-12,300.1,303.9,303.44,41305400.0
2021-11-15,305.52,300.25,299.8,38490900.0
2021-11-16,297.59,302.03,301.58,26448400.0
2021-11-17,304.18,292.61,292.17,42850800.0
2021-11-18,323.67,316.75,316.28,78171100.0
2021-11-19,322.43,329.85,329.36,53386700.0
2021-11-22,335.17,319.56,319.08,75433500.0
2021-11-23,315.35,317.46,316.98,53216300.0
2021-11-24,314.61,326.74,326.25,43516200.0
2021-11-26,326.0,315.03,314.56,28306900.0
2021-11-29,323.66,333.76,333.26,45496400.0
2021-11-30,331.69,326.76,326.27,62206600.0
2021-12-01,332.19,314.35,313.92,48436800.0
2021-12-02,312.14,321.26,320.82,47289000.0
2021-12-03,320.0,306.93,306.51,54432500.0
2021-12-06,298.8,300.37,299.96,65893800.0
2021-12-07,309.57,324.27,323.82,59305300.0
2021-12-08,319.99,318.26,317.82,47555100.0
2021-12-09,317.34,304.9,304.48,48850700.0
2021-12-10,311.5,301.98,301.56,48882500.0
2021-12-13,302.49,281.61,281.22,59834400.0
2021-12-14,276.99,283.37,282.98,66703500.0
2021-12-15,284.0,304.59,304.17,69829700.0
2021-12-16,311.52,283.87,283.48,70736600.0
2021-12-17,279.85,278.01,277.63,71375800.0
2021-12-20,273.05,277.19,276.81,46184700.0
2021-12-21,283.74,290.75,290.35,52438500.0
2021-12-22,288.91,294.0,293.6,39518400.0
2021-12-23,297.55,296.4,295.99,34302200.0
2021-12-27,296.6,309.45,309.02,40368600.0
2021-12-28,313.12,303.22,302.8,42059100.0
2021-12-29,302.73,300.01,299.6,34313900.0
2021-12-30,298.27,295.86,295.45,30886400.0
2021-12-31,296.74,294.11,293.7,26653000.0
2022-01-03,298.15,301.21,300.8,39154700.0
2022-01-04,302.77,292.9,292.5,52715400.0
2022-01-05,289.49,276.04,275.66,49806400.0
2022-01-06,276.4,281.78,281.39,45418600.0
2022-01-07,281.41,272.47,272.09,40993900.0
2022-01-10,265.81,274.0,273.62,59468100.0
2022-01-11,273.23,278.17,277.79,40408900.0
2022-01-12,280.67,279.99,279.6,38341300.0
2022-01-13,283.79,265.75,265.38,54017100.0
2022-01-14,263.0,269.42,269.05,39583200.0
2022-01-18,262.6,259.03,258.67,42427000.0
2022-01-19,260.79,250.67,250.32,48831500.0
2022-01-20,253.04,241.5,241.17,43518100.0
2022-01-21,235.07,233.74,233.42,71895800.0
2022-01-24,223.3,233.72,233.4,91398200.0
2022-01-25,225.46,223.24,222.93,66461600.0
2022-01-26,232.4,227.72,227.41,75595900.0
2022-01-27,235.68,219.44,219.14,57335300.0
2022-01-28,220.12,228.4,228.09,54377400.0
2022-01-31,231.82,244.86,244.52,56468000.0
2022-02-01,251.04,246.38,246.04,51892500.0
2022-02-02,257.94,252.42,252.07,54341900.0
2022-02-03,244.58,239.48,239.15,41017800.0
2022-02-04,239.72,243.19,242.86,35482900.0
2022-02-07,243.72,247.28,246.94,37686800.0
2022-02-08,243.59,251.08,250.73,41035900.0
2022-02-09,256.22,267.05,266.68,52428200.0
2022-02-10,259.95,258.24,257.88,51320000.0
2022-02-11,259.16,239.49,239.16,60547200.0
2022-02-14,239.34,242.67,242.34,44042400.0
2022-02-15,249.49,264.95,264.59,69986900.0
2022-02-16,262.59,265.11,264.74,73267600.0
2022-02-17,256.3,245.07,244.73,81059500.0
2022-02-18,246.68,236.42,236.09,76125500.0
2022-02-22,230.35,233.9,233.58,63342200.0
2022-02-23,238.02,223.87,223.56,56651100.0
2022-02-24,210.15,237.48,237.15,73580100.0
2022-02-25,237.21,241.57,241.24,52886600.0
2022-02-28,239.92,243.85,243.51,47731900.0
2022-03-01,242.91,234.77,234.45,41205600.0
2022-03-02,237.56,242.2,241.91,38964200.0
2022-03-03,242.62,237.14,236.85,36509500.0
2022-03-04,233.84,229.36,229.08,43141500.0
2022-03-07,228.17,213.52,213.26,45082100.0
2022-03-08,213.09,215.14,214.88,55746700.0
2022-03-09,223.87,230.14,229.86,49274200.0
2022-03-10,225.31,226.58,226.31,42806600.0
2022-03-11,230.22,221.0,220.73,36720900.0
2022-03-14,218.69,213.3,213.04,38535400.0
2022-03-15,215.18,229.73,229.45,49199600.0
2022-03-16,235.0,244.96,244.66,67142200.0
2022-03-17,241.2,247.66,247.36,47194100.0
2022-03-18,247.99,264.53,264.21,73071900.0
2022-03-21,265.07,267.34,267.02,59172700.0
2022-03-22,267.27,265.24,264.92,54700700.0
2022-03-23,261.26,256.34,256.03,50212000.0
2022-03-24,261.66,281.5,281.16,87737900.0
2022-03-25,278.86,276.92,276.59,57901600.0
2022-03-28,277.56,282.19,281.85,42549400.0
2022-03-29,286.95,286.56,286.21,48898400.0
2022-03-30,283.04,276.9,276.57,46348700.0
2022-03-31,277.82,272.86,272.53,52344000.0
2022-04-01,273.75,267.12,266.8,51723500.0
2022-04-04,267.28,273.6,273.27,39712000.0
2022-04-05,272.54,259.31,259.0,43661500.0
2022-04-06,249.34,244.07,243.78,70383300.0
2022-04-07,244.41,242.08,241.79,55799200.0
2022-04-08,239.17,231.19,230.91,52478100.0
2022-04-11,222.14,219.17,218.91,57520700.0
2022-04-12,225.37,215.04,214.78,66225800.0
2022-04-13,217.28,222.03,221.76,51694300.0
2022-04-14,225.05,212.58,212.32,56909700.0
2022-04-18,212.0,217.83,217.57,52570100.0
2022-04-19,217.2,221.98,221.71,51278100.0
2022-04-20,225.17,214.82,214.56,46897400.0
2022-04-21,217.09,201.83,201.59,65620900.0
2022-04-22,203.03,195.15,194.91,62471300.0
2022-04-25,192.02,199.02,198.78,64156600.0
2022-04-26,197.18,187.88,187.65,65314300.0
2022-04-27,185.98,184.15,183.93,49946000.0
2022-04-28,189.67,197.82,197.58,57032700.0
2022-04-29,194.02,185.47,185.25,50043500.0
2022-05-02,185.41,195.33,195.09,57204900.0
2022-05-03,194.0,196.02,195.78,47575100.0
2022-05-04,199.23,203.34,203.09,64885500.0
2022-05-05,198.67,188.44,188.21,62633100.0
2022-05-06,187.36,186.75,186.52,63329700.0
2022-05-09,180.34,169.5,169.3,64445500.0
2022-05-10,176.89,175.95,175.74,76147400.0
2022-05-11,173.47,166.3,166.1,67016700.0
2022-05-12,162.19,161.75,161.55,70872800.0
2022-05-13,167.88,177.06,176.85,67043700.0
2022-05-16,175.09,172.64,172.43,52144600.0
2022-05-17,180.74,181.77,181.55,58583000.0
2022-05-18,177.05,169.38,169.18,54516100.0
2022-05-19,169.37,171.24,171.03,62131000.0
2022-05-20,173.32,166.94,166.74,73910500.0
2022-05-23,162.74,168.98,168.78,63988900.0
2022-05-24,165.1,161.54,161.34,58855000.0
2022-05-25,160.2,169.75,169.55,78113200.0
2022-05-26,160.36,178.51,178.29,99657500.0
2022-05-27,181.86,188.11,187.88,73837900.0
2022-05-31,189.8,186.72,186.49,66410000.0
2022-06-01,187.24,183.2,182.98,54451400.0
2022-06-02,182.92,195.92,195.68,64865600.0
2022-06-03,190.82,187.2,186.97,59877900.0
2022-06-06,191.39,187.86,187.63,42240600.0
2022-06-07,184.72,189.26,189.03,38891400.0
2022-06-08,187.99,186.48,186.29,36325200.0
2022-06-09,184.81,180.48,180.3,39557400.0
2022-06-10,176.0,169.74,169.57,46524800.0
2022-06-13,160.0,156.47,156.31,60415300.0
2022-06-14,157.31,158.36,158.2,46968000.0
2022-06-15,160.95,165.27,165.11,56393600.0
2022-06-16,158.6,156.01,155.85,54574900.0
2022-06-17,156.48,158.8,158.64,63033400.0
2022-06-21,164.75,165.66,165.5,48308900.0
2022-06-22,162.26,163.6,163.44,43713500.0
2022-06-23,165.19,162.25,162.09,46368000.0
2022-06-24,165.0,171.26,171.09,47215300.0
2022-06-27,173.12,168.69,168.52,42796800.0
2022-06-28,169.0,159.82,159.66,46114900.0
2022-06-29,158.14,155.42,155.27,48235200.0
2022-06-30,153.61,151.59,151.44,68607000.0
2022-07-01,148.99,145.23,145.09,57761000.0
2022-07-05,141.75,149.64,149.49,65139700.0
2022-07-06,150.1,151.3,151.15,52906600.0
2022-07-07,154.56,158.58,158.42,49290300.0
2022-07-08,154.3,158.38,158.22,46797200.0
2022-07-11,155.26,151.52,151.37,43732100.0
2022-07-12,152.68,150.82,150.67,45848300.0
2022-07-13,145.9,151.64,151.49,52191800.0
2022-07-14,151.08,153.72,153.57,45623500.0
2022-07-15,156.59,157.62,157.46,38593500.0
2022-07-18,163.02,161.01,160.85,67051700.0
2022-07-19,164.86,169.92,169.75,70236600.0
2022-07-20,169.47,178.07,177.89,76053800.0
2022-07-21,178.85,180.5,180.32,55704900.0
2022-07-22,178.93,173.19,173.02,53667100.0
2022-07-25,170.19,170.24,170.07,48074800.0
2022-07-26,168.89,165.33,165.17,39786500.0
2022-07-27,170.32,177.9,177.72,56977600.0
2022-07-28,179.75,179.84,179.66,47464600.0
2022-07-29,178.13,181.63,181.45,43546000.0
2022-08-01,181.82,184.41,184.23,47646900.0
2022-08-02,181.22,185.26,185.08,48952700.0
2022-08-03,181.84,188.93,188.74,41814600.0
2022-08-04,188.49,192.15,191.96,40965200.0
2022-08-05,188.1,189.89,189.7,38606800.0
2022-08-08,175.02,177.93,177.75,98185900.0
2022-08-09,172.52,170.86,170.69,66826300.0
2022-08-10,176.98,180.97,180.79,59742200.0
2022-08-11,181.31,179.42,179.24,50932700.0
2022-08-12,181.6,187.09,186.9,47809400.0
2022-08-15,187.01,190.32,190.13,45766600.0
2022-08-16,189.2,188.79,188.6,45124000.0
2022-08-17,185.23,183.35,183.17,44679900.0
2022-08-18,183.01,187.73,187.54,41544700.0
2022-08-19,184.06,178.49,178.31,44158800.0
2022-08-22,174.9,170.34,170.17,40959300.0
2022-08-23,169.89,171.81,171.64,36998600.0
2022-08-24,170.12,172.22,172.05,52266100.0
2022-08-25,168.44,179.13,178.95,77069100.0
2022-08-26,178.57,162.6,162.44,76912700.0
2022-08-29,160.2,158.01,157.85,49613200.0
2022-08-30,159.6,154.68,154.53,53018100.0
2022-08-31,153.84,150.94,150.79,57371000.0
2022-09-01,142.09,139.37,139.23,117886500.0
2022-09-02,141.0,136.47,136.33,74315700.0
2022-09-06,137.31,134.65,134.52,53575100.0
2022-09-07,135.63,137.14,137.04,51265700.0
2022-09-08,134.59,139.9,139.8,62487300.0
2022-09-09,141.57,143.87,143.77,48661200.0
2022-09-12,143.69,145.05,144.95,48415900.0
2022-09-13,138.02,131.31,131.22,71495600.0
2022-09-14,132.54,131.28,131.19,58850700.0
2022-09-15,130.15,129.29,129.2,52362500.0
2022-09-16,127.42,131.98,131.89,67075100.0
2022-09-19,130.12,133.82,133.73,56968500.0
2022-09-20,132.15,131.76,131.67,52481800.0
2022-09-21,132.13,132.61,132.52,80767900.0
2022-09-22,130.7,125.61,125.52,75916200.0
2022-09-23,124.2,125.16,125.07,66330900.0
2022-09-26,124.91,122.28,122.19,54734300.0
2022-09-27,125.07,124.13,124.04,55385400.0
2022-09-28,124.1,127.36,127.27,54241400.0
2022-09-29,124.48,122.2,122.11,53276300.0
2022-09-30,120.87,121.39,121.31,56563800.0
2022-10-03,123.47,125.12,125.03,54747800.0
2022-10-04,128.79,131.67,131.58,58418200.0
2022-10-05,129.11,132.09,132.0,50713100.0
2022-10-06,132.2,131.3,131.21,64415700.0
2022-10-07,125.05,120.76,120.68,67247800.0
2022-10-10,120.37,116.7,116.62,69869900.0
2022-10-11,115.61,115.86,115.78,66748200.0
2022-10-12,115.79,115.0,114.92,49259000.0
2022-10-13,109.71,119.6,119.52,85010300.0
2022-10-14,120.57,112.27,112.19,71343200.0
2022-10-17,115.18,118.88,118.8,58077400.0
2022-10-18,123.44,119.67,119.59,65936200.0
2022-10-19,118.79,120.51,120.43,52313100.0
2022-10-20,121.13,121.94,121.85,65239800.0
2022-10-21,120.98,124.66,124.57,60949400.0
2022-10-24,125.08,125.99,125.9,51745700.0
2022-10-25,126.94,132.61,132.52,50548200.0
2022-10-26,128.69,128.96,128.87,53295300.0
2022-10-27,136.3,131.76,131.67,58311300.0
2022-10-28,131.04,138.34,138.24,52104000.0
2022-10-31,137.78,134.97,134.88,48634100.0
2022-11-01,138.11,135.43,135.34,43281700.0
2022-11-02,138.5,132.19,132.1,67262800.0
2022-11-03,130.43,134.21,134.12,50006500.0
2022-11-04,139.86,141.56,141.46,61257600.0
2022-11-07,142.28,143.01,142.91,41006100.0
2022-11-08,148.01,146.02,145.92,59529200.0
2022-11-09,141.62,137.76,137.66,45441400.0
2022-11-10,148.0,157.5,157.39,70081900.0
2022-11-11,158.07,163.27,163.16,65548700.0
2022-11-14,162.18,162.95,162.84,52785200.0
2022-11-15,167.22,166.66,166.54,54587600.0
2022-11-16,161.62,159.1,158.99,64954700.0
2022-11-17,157.15,156.77,156.66,71089400.0
2022-11-18,159.66,154.09,153.98,49207200.0
2022-11-21,151.47,153.17,153.06,40473900.0
2022-11-22,153.28,160.38,160.27,47286600.0
2022-11-23,160.98,165.19,165.07,42724100.0
2022-11-25,163.18,162.7,162.59,16793400.0
2022-11-28,160.26,158.27,158.16,30374100.0
2022-11-29,158.27,156.39,156.28,29838400.0
2022-11-30,156.97,169.23,169.15,56529800.0
2022-12-01,169.99,171.35,171.27,47097700.0
2022-12-02,166.59,168.76,168.69,37138900.0
2022-12-05,166.79,166.1,166.03,35225500.0
2022-12-06,165.3,159.87,159.8,35269400.0
2022-12-07,157.72,161.2,161.13,37238800.0
2022-12-08,162.73,171.69,171.61,51545600.0
2022-12-09,171.6,170.01,169.93,46533800.0
2022-12-12,170.37,175.35,175.27,45732800.0
2022-12-13,185.31,180.72,180.64,65658900.0
2022-12-14,179.87,176.74,176.66,49688800.0
2022-12-15,171.46,169.52,169.44,47854200.0
2022-12-16,168.64,165.71,165.64,47823200.0
2022-12-19,165.72,162.54,162.47,35403900.0
2022-12-20,160.64,160.85,160.78,40326000.0
2022-12-21,161.14,165.01,164.94,32502500.0
2022-12-22,160.94,153.39,153.32,56504500.0
2022-12-23,151.96,152.06,151.99,34932600.0
2022-12-27,150.74,141.21,141.15,46490200.0
2022-12-28,139.27,140.36,140.3,35106600.0
2022-12-29,144.02,146.03,145.97,35492300.0
2022-12-30,143.34,146.14,146.08,31049000.0
2023-01-03,148.51,143.15,143.09,40127700.0
2023-01-04,145.67,147.49,147.42,43132400.0
2023-01-05,144.91,142.65,142.59,38916800.0
2023-01-06,144.74,148.59,148.52,40504400.0
2023-01-09,152.84,156.28,156.21,50423100.0
2023-01-10,155.07,159.09,159.02,38410100.0
2023-01-11,158.4,160.01,159.94,35328500.0
2023-01-12,161.0,165.11,165.04,55140900.0
2023-01-13,162.78,168.99,168.92,44728700.0
2023-01-17,168.99,177.02,176.94,51110200.0
2023-01-18,176.67,173.77,173.69,43962400.0
2023-01-19,170.36,167.65,167.58,45293200.0
2023-01-20,170.11,178.39,178.31,56496700.0
2023-01-23,180.64,191.93,191.84,65516300.0
2023-01-24,188.27,192.65,192.56,49620400.0
2023-01-25,189.13,193.23,193.14,44953700.0
2023-01-26,197.01,198.02,197.93,48953500.0
2023-01-27,194.62,203.65,203.56,54214200.0
2023-01-30,199.5,191.62,191.54,48861100.0
2023-01-31,191.7,195.37,195.28,49801700.0
2023-02-01,196.91,209.43,209.34,66047700.0
2023-02-02,210.0,217.09,216.99,56427600.0
2023-02-03,210.0,211.0,210.91,42936600.0
2023-02-06,208.06,210.89,210.8,45219700.0
2023-02-07,213.82,221.73,221.63,66415000.0
2023-02-08,223.87,222.05,221.95,55965100.0
2023-02-09,226.06,223.37,223.27,52387600.0
2023-02-10,216.9,212.65,212.56,55073700.0
2023-02-13,215.38,217.88,217.78,47491900.0
2023-02-14,215.78,229.71,229.61,67547400.0
2023-02-15,225.49,227.64,227.54,42057500.0
2023-02-16,221.33,220.02,219.92,41202600.0
2023-02-17,216.31,213.88,213.79,46588800.0
2023-02-21,210.0,206.55,206.46,41001500.0
2023-02-22,207.07,207.54,207.45,51318400.0
2023-02-23,234.4,236.64,236.54,111799500.0
2023-02-24,232.25,232.86,232.76,58971600.0
2023-02-27,236.7,235.01,234.91,45299400.0
2023-02-28,233.72,232.16,232.06,45596300.0
2023-03-01,231.92,226.98,226.88,46002600.0
2023-03-02,224.88,233.14,233.04,38941500.0
2023-03-03,233.2,238.9,238.79,41239300.0
2023-03-06,238.91,235.54,235.44,43742900.0
2023-03-07,236.0,232.88,232.82,51515400.0
2023-03-08,234.87,241.81,241.74,51357300.0
2023-03-09,241.75,234.36,234.3,50125700.0
2023-03-10,234.09,229.65,229.59,47486600.0
2023-03-13,227.52,229.66,229.6,42189000.0
2023-03-14,234.96,240.63,240.56,47491000.0
2023-03-15,237.61,242.28,242.21,52448600.0
2023-03-16,240.27,255.41,255.34,58325300.0
2023-03-17,259.82,257.25,257.18,84854700.0
2023-03-20,256.15,259.0,258.93,43274700.0
2023-03-21,261.8,261.99,261.92,54740800.0
2023-03-22,264.25,264.68,264.61,79729500.0
2023-03-23,271.15,271.91,271.84,56488900.0
2023-03-24,270.31,267.79,267.72,45492000.0
2023-03-27,268.37,265.31,265.24,36102600.0
2023-03-28,264.47,264.1,264.03,35610400.0
2023-03-29,268.25,269.84,269.77,39369400.0
2023-03-30,272.29,273.83,273.76,36451600.0
2023-03-31,271.4,277.77,277.69,43393300.0
2023-04-03,275.09,279.65,279.57,39871600.0
2023-04-04,279.66,274.53,274.45,36859200.0
2023-04-05,268.29,268.81,268.74,51501500.0
2023-04-06,265.84,270.37,270.3,39765400.0
2023-04-10,268.23,275.79,275.71,39527900.0
2023-04-11,277.24,271.69,271.62,31437800.0
2023-04-12,273.7,264.95,264.88,44625900.0
2023-04-13,267.34,264.63,264.56,35361500.0
2023-04-14,265.04,267.58,267.51,39566000.0
2023-04-17,265.65,270.02,269.95,32147100.0
2023-04-18,275.33,276.67,276.59,60481200.0
2023-04-19,273.61,279.31,279.23,35866000.0
2023-04-20,276.71,271.04,270.97,42771300.0
2023-04-21,269.52,271.19,271.12,34510300.0
2023-04-24,270.13,270.42,270.35,33928200.0
2023-04-25,270.78,262.41,262.34,37852700.0
2023-04-26,270.02,269.56,269.49,40633700.0
2023-04-27,273.63,272.26,272.19,37716100.0
2023-04-28,272.25,277.49,277.41,29168700.0
2023-05-01,278.4,289.1,289.02,57032900.0
2023-05-02,286.8,282.1,282.02,40273000.0
2023-05-03,278.4,278.02,277.94,38338700.0
2023-05-04,276.51,275.62,275.54,32185000.0
2023-05-05,278.26,286.8,286.72,36101400.0
2023-05-08,285.22,291.51,291.43,34497900.0
2023-05-09,288.99,285.71,285.63,31486900.0
2023-05-10,290.05,288.85,288.77,36935000.0
2023-05-11,288.96,285.78,285.7,32214900.0
2023-05-12,285.29,283.4,283.32,27402700.0
2023-05-15,285.08,289.53,289.45,29392600.0
2023-05-16,288.41,292.13,292.05,44940500.0
2023-05-17,295.84,301.78,301.7,43253500.0
2023-05-18,304.1,316.78,316.69,74872500.0
2023-05-19,315.36,312.64,312.55,47312400.0
2023-05-22,309.01,311.76,311.67,37200000.0
2023-05-23,310.0,306.88,306.8,35625300.0
2023-05-24,302.1,305.38,305.3,72141900.0
2023-05-25,385.23,379.8,379.7,154391100.0
2023-05-26,378.9,389.46,389.35,71439700.0
2023-05-30,405.95,401.11,401.0,92340100.0
2023-05-31,394.88,378.34,378.24,100258000.0
2023-06-01,384.89,397.7,397.59,63587300.0
2023-06-02,400.97,393.27,393.16,48165500.0
2023-06-05,389.09,391.71,391.6,39609400.0
2023-06-06,388.3,386.54,386.43,38872900.0
2023-06-07,389.15,374.75,374.69,51199800.0
2023-06-08,377.24,385.1,385.03,41777200.0
2023-06-09,390.37,387.7,387.63,42722000.0
2023-06-12,392.0,394.82,394.75,38870100.0
2023-06-13,401.86,410.22,410.15,61320800.0
2023-06-14,408.24,429.97,429.9,74046500.0
2023-06-15,426.02,426.53,426.46,56862200.0
2023-06-16,434.5,426.92,426.85,65475500.0
2023-06-20,429.98,438.08,438.01,45115300.0
2023-06-21,435.01,430.45,430.38,55160300.0
2023-06-22,422.53,430.25,430.18,41773700.0
2023-06-23,424.64,422.09,422.02,35632300.0
2023-06-26,424.61,406.32,406.25,59432200.0
2023-06-27,407.99,418.76,418.69,46217500.0
2023-06-28,406.6,411.17,411.1,58263900.0
2023-06-29,415.58,408.22,408.15,38051400.0
2023-06-30,416.8,423.02,422.95,50053400.0
2023-07-03,425.17,424.13,424.06,19820900.0
2023-07-05,421.35,423.17,423.1,32361800.0
2023-07-06,418.44,421.03,420.96,30358200.0
2023-07-07,423.22,425.03,424.96,35525300.0
2023-07-10,426.57,421.8,421.73,35390800.0
2023-07-11,424.81,424.05,423.98,29824400.0
2023-07-12,430.33,439.02,438.95,48127700.0
2023-07-13,445.18,459.77,459.69,47820400.0
2023-07-14,465.83,454.69,454.61,77066400.0
2023-07-17,462.89,464.61,464.53,51048800.0
2023-07-18,467.01,474.94,474.86,57019000.0
2023-07-19,474.64,470.77,470.69,42750200.0
2023-07-20,465.07,455.2,455.12,53786500.0
2023-07-21,457.88,443.09,443.01,96283200.0
2023-07-24,447.31,446.12,446.04,38251600.0
2023-07-25,449.41,456.79,456.71,34808100.0
2023-07-26,460.21,454.52,454.44,36423700.0
2023-07-27,465.19,459.0,458.92,45597600.0
2023-07-28,466.68,467.5,467.42,33119400.0
2023-07-31,467.54,467.29,467.21,25105500.0
2023-08-01,464.6,465.07,464.99,23785800.0
2023-08-02,458.31,442.69,442.61,53014200.0
2023-08-03,438.0,445.15,445.07,32417600.0
2023-08-04,449.85,446.8,446.72,36225800.0
2023-08-07,451.11,454.17,454.09,32215400.0
2023-08-08,448.53,446.64,446.56,35384300.0
2023-08-09,442.74,425.54,425.47,58644900.0
2023-08-10,421.6,423.88,423.81,49270500.0
2023-08-11,417.51,408.55,408.48,53200900.0
2023-08-14,404.86,437.53,437.46,69028600.0
2023-08-15,445.6,439.4,439.33,67651200.0
2023-08-16,445.2,434.86,434.79,52745100.0
2023-08-17,439.7,433.44,433.37,45239500.0
2023-08-18,426.35,432.99,432.92,58262200.0
2023-08-21,444.94,469.67,469.59,69257300.0
2023-08-22,481.35,456.68,456.6,75720700.0
2023-08-23,458.66,471.16,471.08,77904600.0
2023-08-24,502.16,471.63,471.55,115604400.0
2023-08-25,470.12,460.18,460.1,92534100.0
2023-08-28,464.82,468.35,468.27,68519200.0
2023-08-29,466.66,487.84,487.76,70139700.0
2023-08-30,490.44,492.64,492.56,73520600.0
2023-08-31,493.8,493.55,493.47,52857000.0
2023-09-01,497.62,485.09,485.01,46319100.0
2023-09-05,482.23,485.48,485.4,38265300.0
2023-09-06,484.41,470.61,470.57,46867000.0
2023-09-07,455.25,462.41,462.37,43333000.0
2023-09-08,459.42,455.72,455.68,47306900.0
2023-09-11,461.48,451.78,451.74,47396600.0
2023-09-12,447.38,448.7,448.66,34925600.0
2023-09-13,446.0,454.85,454.81,39835500.0
2023-09-14,459.5,455.81,455.77,37009700.0
2023-09-15,453.41,439.0,438.96,50571300.0
2023-09-18,427.48,439.66,439.62,50027100.0
2023-09-19,438.33,435.2,435.16,37306400.0
2023-09-20,436.0,422.39,422.35,36710800.0
2023-09-21,415.83,410.17,410.13,44893000.0
2023-09-22,415.72,416.1,416.06,47923600.0
2023-09-25,415.91,422.22,422.18,41909100.0
2023-09-26,420.01,419.11,419.07,40228200.0
2023-09-27,423.3,424.68,424.64,44493500.0
2023-09-28,424.6,430.89,430.85,42466300.0
2023-09-29,438.27,434.99,434.95,39722100.0
2023-10-02,440.3,447.82,447.78,43329800.0
2023-10-03,448.08,435.17,435.13,47085000.0
2023-10-04,437.42,440.41,440.37,36182100.0
2023-10-05,440.5,446.88,446.84,39348300.0
2023-10-06,441.93,457.62,457.58,43339700.0
2023-10-09,448.42,452.73,452.69,40967500.0
2023-10-10,453.1,457.98,457.94,36858200.0
2023-10-11,461.96,468.06,468.02,37813700.0
2023-10-12,467.77,469.45,469.41,48132500.0
2023-10-13,469.6,454.61,454.57,47411500.0
2023-10-16,450.63,460.95,460.91,37509900.0
2023-10-17,440.0,439.38,439.34,81233300.0
2023-10-18,425.91,421.96,421.92,62729400.0
2023-10-19,428.11,421.01,420.97,50123300.0
2023-10-20,418.9,413.87,413.83,47638100.0
2023-10-23,412.29,429.75,429.71,47853000.0
2023-10-24,430.77,436.63,436.59,40146300.0
2023-10-25,433.98,417.79,417.75,39837900.0
2023-10-26,418.53,403.26,403.22,54100100.0
2023-10-27,411.3,405.0,404.96,41678400.0
2023-10-30,410.87,411.61,411.57,38802800.0
2023-10-31,404.5,407.8,407.76,51796900.0
2023-11-01,408.84,423.25,423.21,43759300.0
2023-11-02,433.28,435.06,435.02,40917200.0
2023-11-03,440.2,450.05,450.01,42385500.0
2023-11-06,452.85,457.51,457.47,40073300.0
2023-11-07,457.19,459.55,459.51,34316500.0
2023-11-08,461.0,465.74,465.7,34671900.0
2023-11-09,474.67,469.5,469.46,54049600.0
2023-11-10,475.0,483.35,483.31,42124500.0
2023-11-13,483.2,486.2,486.16,38413600.0
2023-11-14,496.8,496.56,496.52,41695400.0
2023-11-15,499.35,488.88,488.84,47549700.0
2023-11-16,486.79,494.8,494.76,33975600.0
2023-11-17,495.24,492.98,492.94,32520500.0
2023-11-20,493.12,504.09,504.05,41412000.0
2023-11-21,501.26,499.44,499.4,56574700.0
2023-11-22,498.52,487.16,487.12,89942000.0
2023-11-24,484.7,477.76,477.72,29464500.0
2023-11-27,478.0,482.42,482.38,39566200.0
2023-11-28,482.36,478.21,478.17,40149100.0
2023-11-29,483.79,481.4,481.36,38200500.0
2023-11-30,480.24,467.7,467.66,52624700.0
2023-12-01,465.25,467.65,467.61,36880900.0
2023-12-04,460.77,455.1,455.06,43754300.0
2023-12-05,454.66,465.66,465.66,37171800.0
2023-12-06,472.15,455.03,455.03,38059000.0
2023-12-07,457.0,465.96,465.96,35082300.0
2023-12-08,465.95,475.06,475.06,35880300.0
2023-12-11,474.91,466.27,466.27,50972800.0
2023-12-12,460.46,476.57,476.57,37238700.0
2023-12-13,476.29,480.88,480.88,44779200.0
2023-12-14,483.9,483.5,483.5,39123200.0
2023-12-15,481.94,488.9,488.9,47947800.0
2023-12-18,494.0,500.77,500.77,41258700.0
2023-12-19,494.24,496.04,496.04,46444400.0
2023-12-20,496.55,481.11,481.11,39789400.0
2023-12-21,488.11,489.9,489.9,30042500.0
2023-12-22,491.95,488.3,488.3,25213900.0
2023-12-26,489.68,493.39,493.39,16373022.0
2023-12-27,495.11,494.17,494.17,23324000.0
2023-12-28,496.43,495.55,495.55,20968005.0
2023-12-29,498.13,494.68,494.68,9264315.0
2024-01-02,492.44,481.68,481.68,41027800.0
2024-01-03,474.85,475.69,475.69,31979407.0
2024-01-04,477.67,479.98,479.98,30567402.0
2024-01-05,484.62,490.97,490.97,41456800.0
2024-01-08,495.12,522.53,522.53,64251000.0
2024-01-09,524.01,531.4,531.4,77310000.0
2024-01-10,536.16,543.5,543.5,53379600.0
2024-01-11,549.99,548.22,548.22,59502800.0
2024-01-12,546.2,547.1,547.1,35247900.0
2024-01-16,550.18,563.82,563.82,44306884.0
2024-01-17,563.47,560.53,560.53,47364500.0
2024-01-18,572.6,571.07,571.07,48981000.0
2024-01-19,579.89,586.21,586.21,27956595.0
2024-01-22,600.49,596.54,596.54,45213100.0
2024-01-23,595.7,594.17,594.17,9693820.0
2024-01-24,595.7,609.76,609.76,6618181.0
2024-01-25,623.5,616.17,616.17,47689700.0
2024-01-26,609.6,610.31,610.31,38983800.0
2024-01-29,612.32,615.9,615.9,10857233.0
2024-01-30,629.0,627.74,627.74,40746400.0
2024-01-31,614.4,617.59,617.59,22431164.0
2024-02-01,621.0,619.03,619.03,15882631.0
2024-02-02,639.74,652.39,652.39,19008689.0
2024-02-05,682.25,693.32,693.32,67485500.0
2024-02-06,696.3,682.23,682.23,68080900.0
2024-02-07,683.19,700.99,700.99,49290000.0
2024-02-08,700.74,704.77,704.77,20957079.0
2024-02-09,705.33,716.24,716.24,21831867.0
2024-02-12,726.0,722.48,722.48,61371000.0
2024-02-13,704.0,721.28,721.28,59658306.0
2024-02-14,732.02,739.0,739.0,50364700.0
2024-02-15,732.02,728.42,728.42,23850939.0
2024-02-16,738.69,733.9,733.9,17812146.0
2024-02-20,719.47,694.52,694.52,70171600.0
2024-02-21,680.06,674.72,674.72,67375500.0
2024-02-22,750.25,785.38,785.38,85648100.0
2024-02-23,807.9,788.17,788.17,82711200.0
2024-02-26,797.0,790.92,790.92,49895800.0
2024-02-27,793.81,787.01,787.01,39044000.0
2024-02-28,776.2,776.63,776.63,37856348.0
2024-02-29,790.94,791.12,791.12,50548400.0
2024-03-01,800.0,822.79,822.79,47677700.0
2024-03-04,800.0,839.97,839.97,4060469.0
2024-03-05,852.7,859.64,859.64,51770200.0
2024-03-06,880.22,887.0,887.0,58005400.0
2024-03-07,901.58,926.69,926.69,60046700.0
2024-03-08,951.38,875.28,875.28,113299600.0
2024-03-11,864.29,865.75,865.75,35528113.0
2024-03-12,880.49,919.13,919.13,66244300.0
2024-03-13,910.55,908.88,908.88,63272700.0
2024-03-14,895.77,886.39,886.39,18432482.0
2024-03-15,869.3,878.37,878.37,64019300.0
2024-03-18,903.71,906.43,906.43,17208267.0
2024-03-19,866.0,861.51,861.51,19673552.0
2024-03-20,897.97,903.72,903.72,47448700.0
2024-03-21,923.0,914.35,914.35,47895200.0
2024-03-22,911.41,942.89,942.89,58521500.0
2024-03-25,939.41,950.02,950.02,55015500.0
2024-03-26,958.51,925.61,925.61,51141000.0
2024-03-27,931.0,902.5,902.5,58143511.0
2024-03-28,900.0,903.56,903.56,43449800.0
2024-04-01,902.99,903.63,903.63,45162100.0
2024-04-02,884.48,894.52,894.52,43241900.0
2024-04-03,884.84,889.64,889.64,36845000.0
2024-04-04,904.06,859.05,859.05,42761958.0
2024-04-05,868.66,880.08,880.08,39885700.0
2024-04-08,886.96,876.43,876.43,2963230.0
2024-04-09,874.3,858.39,858.39,7253493.0
2024-04-10,839.02,868.28,868.28,23546714.0
2024-04-11,874.2,906.16,906.16,42969300.0
2024-04-12,896.99,881.86,881.86,42488900.0
2024-04-15,891.28,889.5,889.5,21374753.0
2024-04-16,864.9,875.51,875.51,8748607.0
2024-04-17,883.4,840.35,840.35,49350300.0
2024-04-18,849.7,846.71,846.71,44626800.0
2024-04-19,831.5,828.6,828.6,11190028.0
2024-04-22,781.11,785.36,785.36,36602316.0
2024-04-23,807.95,824.88,824.88,35173642.0
2024-04-24,839.78,796.77,796.77,49951288.0
2024-04-25,788.68,824.78,824.78,26380379.0
2024-04-26,838.18,877.35,877.35,54667300.0
2024-04-29,875.95,868.09,868.09,16129085.0
2024-04-30,871.42,870.06,870.06,16484531.0
2024-05-01,850.77,830.41,830.41,55986300.0
2024-05-02,844.49,858.17,858.17,37789800.0
2024-05-03,877.89,887.89,887.89,39595568.0
2024-05-06,893.9,921.4,921.4,37267500.0
2024-05-07,910.98,905.54,905.54,43734200.0
2024-05-08,894.83,904.12,904.12,32471700.0
2024-05-09,905.37,886.53,886.53,5759516.0
2024-05-10,903.05,898.78,898.78,33455700.0
2024-05-13,904.78,903.99,903.99,28879300.0
2024-05-14,895.99,913.56,913.56,29577200.0
2024-05-15,924.72,946.3,946.3,41773500.0
2024-05-16,949.1,943.59,943.59,32395200.0
2024-05-17,943.69,924.79,924.79,34651900.0
2024-05-20,937.5,948.28,948.28,9328324.0
2024-05-21,935.99,933.4,933.4,6070799.0
2024-05-22,954.11,949.5,949.5,42458829.0
2024-05-23,1020.0,1031.99,1031.99,9231401.0
2024-05-24,1044.49,1064.69,1064.69,42650200.0
2024-05-28,1102.44,1139.01,1139.01,64911400.0
2024-05-29,1130.55,1120.27,1120.27,6400497.0
2024-05-30,1146.17,1153.68,1153.68,4547839.0
2024-05-31,1125.13,1096.33,1096.33,60482557.0
2024-06-03,1136.21,1150.0,1150.0,43616800.0
2024-06-04,1157.17,1149.03,1149.03,7525201.0
2024-06-05,1183.71,1224.4,1224.4,52840200.0
2024-06-06,1240.48,1209.98,1209.98,66260000.0
2024-06-07,1198.4,1191.99,1191.99,17825423.0
2024-06-10,120.37,121.79,121.79,313434100.0
2024-06-11,121.79,120.91,120.91,220673333.0
2024-06-12,123.06,125.2,125.2,295027600.0
2024-06-13,129.4,128.63,128.63,74210122.0
2024-06-14,129.94,131.88,131.88,306313533.0
2024-06-17,132.99,130.98,130.98,288504400.0
2024-06-18,131.14,135.58,135.58,292395300.0
2024-06-20,139.8,130.78,130.78,517768400.0
2024-06-21,127.12,126.57,126.57,649445800.0
2024-06-24,123.24,118.11,118.11,464374500.0
2024-06-25,121.2,121.07,121.07,70732661.0
2024-06-26,126.13,126.4,126.4,362975900.0
2024-06-27,124.1,123.99,123.99,251669500.0
2024-06-28,124.58,123.54,123.54,314945500.0
2024-07-01,123.47,124.3,124.3,284885500.0
2024-07-02,121.13,122.67,122.67,217700200.0
2024-07-03,121.66,128.28,128.28,215749000.0
2024-07-05,127.38,125.83,125.83,213201200.0
2024-07-08,127.53,128.46,128.46,163338145.0
2024-07-09,130.35,131.38,131.38,285366600.0
2024-07-10,134.03,134.91,134.91,247760000.0
2024-07-11,135.75,127.4,127.4,374782700.0
2024-07-12,128.26,129.24,129.24,247608479.0
2024-07-15,130.67,128.44,128.44,203248441.0
2024-07-16,128.44,126.36,126.36,214769500.0
2024-07-17,121.35,117.99,117.99,387454000.0
2024-07-18,121.85,121.09,121.09,320979500.0
2024-07-19,120.35,117.93,117.93,216430200.0
2024-07-22,120.35,123.54,123.54,258068900.0
2024-07-23,122.78,122.59,122.59,173911000.0
2024-07-24,119.17,114.25,114.25,327776900.0
2024-07-25,113.04,112.28,112.28,458925500.0
2024-07-26,116.19,113.06,113.06,292831600.0
2024-07-29,113.69,111.59,111.59,247071400.0
2024-07-30,111.52,103.73,103.73,486833300.0
2024-07-31,112.9,117.02,117.02,469039500.0
2024-08-01,117.53,109.21,109.21,519247300.0
2024-08-02,103.76,107.27,107.27,480242500.0
2024-08-05,92.06,100.45,100.45,552842400.0
2024-08-06,103.84,104.25,104.25,405830900.0
2024-08-07,107.81,98.91,98.91,408658700.0
2024-08-08,101.99,100.44,100.44,81823509.0
2024-08-09,105.64,104.75,104.75,290185600.0
2024-08-12,106.32,109.02,109.02,325559900.0
2024-08-13,112.44,116.14,116.14,312646700.0
2024-08-14,118.53,118.08,118.08,338340200.0
2024-08-15,118.76,122.86,122.86,318086700.0
2024-08-16,121.94,124.58,124.58,302589900.0
2024-08-19,124.28,130.0,130.0,318333600.0
2024-08-20,128.4,127.25,127.25,300087400.0
2024-08-21,127.32,128.5,128.5,255848956.0
2024-08-22,130.02,123.74,123.74,376189100.0
2024-08-23,125.86,129.37,129.37,322154200.0
2024-08-26,129.6,126.46,126.46,327535169.0
2024-08-27,125.03,128.3,128.3,298623199.0
2024-08-28,128.12,125.61,125.61,437643900.0
2024-08-29,121.36,117.59,117.59,451799100.0
2024-08-30,119.53,119.37,119.37,333134200.0
2024-09-03,116.01,108.0,108.0,474040800.0
2024-09-04,105.41,106.21,106.21,372470300.0
2024-09-05,104.98,107.21,107.21,298016028.0
2024-09-06,108.04,102.83,102.83,405183539.0
2024-09-09,104.86,106.47,106.47,267038979.0
2024-09-10,107.81,108.1,108.09,268283700.0
2024-09-11,109.39,116.91,116.9,441422400.0
2024-09-12,116.84,119.14,119.14,367100500.0
2024-09-13,119.08,119.1,119.1,237763200.0
2024-09-16,116.79,116.78,116.78,248772300.0
2024-09-17,118.17,115.59,115.59,231925900.0
2024-09-18,115.89,113.37,113.37,310318900.0
2024-09-19,117.35,117.87,117.87,293506400.0
2024-09-20,117.06,116.0,116.0,353728086.0
2024-09-23,116.55,116.26,116.26,206228500.0
2024-09-24,116.52,120.87,120.87,353321900.0
2024-09-25,122.02,123.51,123.51,284692900.0
2024-09-26,126.8,124.04,124.04,301216600.0
2024-09-27,123.97,121.4,121.4,270161000.0
2024-09-30,118.29,121.44,121.44,223953495.0
2024-10-01,121.77,117.0,117.0,300108800.0
2024-10-02,116.44,118.85,118.85,221845900.0
2024-10-03,120.92,122.85,122.85,277118000.0
2024-10-04,124.94,124.92,124.92,243678100.0
2024-10-07,124.99,127.72,127.72,346250200.0
2024-10-08,130.26,132.89,132.89,285722500.0
2024-10-09,134.11,132.65,132.65,245493900.0
2024-10-10,131.91,134.81,134.81,242311300.0
2024-10-11,134.01,134.8,134.8,170209500.0
2024-10-14,136.47,138.07,138.07,232347700.0
2024-10-15,137.87,131.6,131.6,377831000.0
2024-10-16,133.98,135.72,135.72,264879700.0
2024-10-17,139.34,136.93,136.93,305520800.0
2024-10-18,138.71,137.97,137.97,66520135.0
2024-10-21,138.13,143.71,143.71,264554500.0
2024-10-22,142.91,143.59,143.59,226311600.0
2024-10-23,142.03,139.56,139.56,284973100.0
2024-10-24,140.82,140.41,140.41,172354900.0
2024-10-25,140.93,141.54,141.54,204182400.0
2024-10-28,143.0,140.52,140.52,173031000.0
2024-10-29,140.29,141.25,141.25,157593600.0
2024-10-30,139.54,139.34,139.34,179418100.0
2024-10-31,137.6,132.76,132.76,270039600.0
2024-11-01,134.7,135.4,135.4,202737100.0
2024-11-04,137.21,136.05,136.05,187528200.0
2024-11-05,137.45,139.91,139.91,159548600.0
2024-11-06,142.96,145.61,145.61,242043900.0
2024-11-07,146.39,148.88,148.88,207323300.0
2024-11-08,148.77,147.63,147.63,175238000.0
2024-11-11,148.68,145.26,145.26,181632600.0
2024-11-12,146.78,148.29,148.29,198634700.0
2024-11-13,149.05,146.27,146.27,183582186.0
2024-11-14,147.64,146.76,146.76,193899900.0
2024-11-15,144.87,141.98,141.98,249120000.0
2024-11-18,139.5,140.15,140.15,221866000.0
2024-11-19,141.32,147.01,147.01,227834900.0
2024-11-20,147.41,145.89,145.89,309871700.0
2024-11-21,149.35,146.67,146.67,400946600.0
2024-11-22,145.93,141.95,141.95,236406200.0
2024-11-25,141.99,136.02,136.02,344941900.0
2024-11-26,137.7,136.92,136.92,190287700.0
2024-11-27,135.01,135.34,135.34,226370900.0
2024-11-29,136.78,138.25,138.25,141863200.0
2024-12-02,138.83,138.63,138.63,171682800.0
2024-12-03,138.26,140.26,140.26,164414000.0
2024-12-04,142.0,145.14,145.14,231224300.0
2024-12-05,145.12,145.06,145.06,169582640.0
2024-12-06,144.6,142.44,142.44,187969300.0
2024-12-09,138.97,138.81,138.81,189308600.0
2024-12-10,139.01,135.07,135.07,210020900.0
2024-12-11,137.36,139.31,139.31,184905200.0
2024-12-12,137.08,137.34,137.34,159211400.0
2024-12-13,138.94,134.25,134.25,230976400.0
2024-12-16,134.18,132.0,132.0,236863700.0
2024-12-17,129.09,130.39,130.39,259410300.0
2024-12-18,133.86,128.91,128.91,277444500.0
2024-12-19,131.76,130.68,130.68,209719200.0
2024-12-20,129.81,134.7,134.7,305207400.0
2024-12-23,136.28,139.67,139.67,176053500.0
2024-12-24,140.0,140.22,140.22,105157000.0
2024-12-26,139.52,139.93,139.93,115290838.0
2024-12-27,138.55,137.01,137.01,170291000.0
2024-12-30,134.83,137.49,137.49,167205600.0
2024-12-31,138.03,134.29,134.29,155342100.0
2025-01-02,136.0,138.31,138.31,197458100.0
2025-01-03,140.02,144.47,144.47,220468934.0
2025-01-06,148.59,149.43,149.43,265377400.0
2025-01-07,153.03,140.14,140.14,351782200.0
2025-01-08,142.58,140.11,140.11,227349900.0
2025-01-10,137.45,135.91,135.91,207114200.0
2025-01-13,129.99,133.23,133.23,204808900.0
2025-01-14,136.05,131.76,131.76,194920700.0
2025-01-15,133.63,136.24,136.24,182927270.0
2025-01-16,138.64,133.57,133.57,208533700.0
2025-01-17,136.21,138.11,138.11,94494827.0
2025-01-21,139.16,140.83,140.83,197749000.0
2025-01-22,144.66,147.07,147.07,236008100.0
2025-01-23,145.05,147.22,147.22,155915500.0
2025-01-24,148.37,142.62,142.62,233818600.0
2025-01-27,124.8,118.42,118.42,818830900.0
2025-01-28,121.81,128.99,128.99,578008700.0
2025-01-29,126.48,125.84,125.84,31757480.0
2025-01-30,123.1,124.65,124.65,392925500.0
2025-01-31,123.81,120.07,120.07,385199825.0
2025-02-03,114.71,116.66,116.66,363759685.0
2025-02-04,116.94,118.65,118.65,254029216.0
2025-02-05,121.76,124.83,124.83,262230800.0
2025-02-06,127.42,128.68,128.68,243907761.0
2025-02-07,129.22,129.84,129.84,227369400.0
2025-02-10,130.09,133.57,133.57,216245300.0
2025-02-11,132.37,131.7,131.7,93924075.0
2025-02-12,130.01,131.14,131.14,159220022.0
2025-02-13,131.55,132.85,132.85,27532847.0
2025-02-14,136.48,138.85,138.85,194892300.0
2025-02-18,141.26,139.39,139.39,219176600.0
2025-02-19,139.5,139.22,139.22,167536000.0
2025-02-20,140.02,140.1,140.1,143903600.0
2025-02-21,140.03,134.42,134.42,228217600.0
2025-02-24,136.55,130.27,130.27,251381100.0
2025-02-25,129.97,126.62,126.62,271428700.0
2025-02-26,129.98,131.27,131.27,322553800.0
2025-02-27,134.99,120.14,120.14,443175800.0
2025-02-28,118.01,124.91,124.91,389091100.0
2025-03-03,123.5,114.05,114.05,411381400.0
2025-03-04,110.64,115.98,115.98,398163300.0
2025-03-05,117.57,117.29,117.29,284337900.0
2025-03-06,113.52,110.56,110.56,321181900.0
2025-03-07,111.24,112.68,112.68,341755500.0
2025-03-10,109.89,106.97,106.97,366487400.0
2025-03-11,106.98,108.75,108.75,354865700.0
2025-03-12,114.12,115.74,115.74,323857500.0
2025-03-13,117.03,115.58,115.58,299033100.0
2025-03-14,118.61,121.67,121.67,277593500.0
2025-03-17,122.74,119.53,119.53,255501500.0
2025-03-18,118.0,115.43,115.43,299686900.0
2025-03-19,117.27,117.52,117.52,273426200.0
2025-03-20,116.55,118.53,118.53,248829700.0
2025-03-21,116.94,117.7,117.7,266498500.0
2025-03-24,119.88,121.41,121.41,228452500.0
2025-03-25,120.55,120.69,120.69,167447200.0
2025-03-26,118.73,113.76,113.76,293463300.0
2025-03-27,111.35,111.43,111.43,236902100.0
2025-03-28,111.49,109.67,109.67,229872500.0
2025-03-31,105.13,108.38,108.38,299212700.0
2025-04-01,108.52,110.15,110.15,222614000.0
2025-04-02,107.29,110.42,110.42,220601200.0
2025-04-03,103.51,101.8,101.8,338769400.0
2025-04-04,98.91,94.31,94.31,532273800.0
2025-04-07,87.46,97.64,97.64,611041300.0
2025-04-08,103.81,96.3,96.3,476243400.0
2025-04-09,98.89,114.33,114.33,612918300.0
2025-04-10,109.37,107.57,107.57,437812400.0
2025-04-11,108.5,110.93,110.93,313417300.0
2025-04-14,114.11,110.71,110.71,264705000.0
2025-04-15,110.97,112.2,112.2,228966900.0
2025-04-16,104.55,104.49,104.49,397016900.0
2025-04-17,104.45,101.49,101.49,290833400.0
2025-04-21,98.77,96.91,96.91,288501100.0
2025-04-22,98.78,98.89,98.89,241004800.0
2025-04-23,104.52,102.71,102.71,247526000.0
2025-04-24,103.48,106.43,106.43,220815000.0
2025-04-25,106.85,111.01,111.01,250407100.0
2025-04-28,109.69,108.73,108.73,207051900.0
2025-04-29,107.73,109.64,109.64,124371664.0
2025-04-30,104.47,108.92,108.92,235044600.0
2025-05-01,113.08,111.61,111.61,236121500.0
2025-05-02,114.18,114.5,114.5,190194800.0
2025-05-05,112.91,113.82,113.82,133163200.0
2025-05-06,111.48,113.54,113.54,158525600.0
2025-05-07,113.05,117.06,117.06,206758800.0
2025-05-08,118.25,117.37,117.37,198428100.0
2025-05-09,117.35,116.65,116.65,132972200.0
2025-05-12,121.97,123.0,123.0,225023300.0
2025-05-13,124.98,129.93,129.93,330430100.0
2025-05-14,133.2,135.34,135.34,281180800.0
2025-05-15,134.29,134.83,134.83,226632600.0
2025-05-16,136.22,135.4,135.4,222651500.0
2025-05-19,132.41,135.57,135.57,190909595.0
2025-05-20,134.29,134.38,134.38,161514200.0
2025-05-21,133.04,131.8,131.8,268144764.0
2025-05-22,132.23,132.83,132.83,187344000.0
2025-05-23,130.0,131.29,131.29,198821300.0
2025-05-27,134.15,135.5,135.5,192953600.0
2025-05-28,136.03,134.81,134.81,304021100.0
2025-05-29,142.25,139.19,139.19,369241900.0
2025-05-30,138.72,135.13,135.13,333170900.0
2025-06-02,135.49,137.38,137.38,197663100.0
2025-06-03,138.78,141.22,141.22,225578800.0
2025-06-04,142.22,141.92,141.92,164197333.0
2025-06-05,142.16,139.98,139.98,231397900.0
2025-06-06,142.5,141.71,141.71,153986200.0
2025-06-09,143.18,142.62,142.62,185114500.0
2025-06-10,142.68,143.95,143.95,155881900.0
2025-06-11,144.61,142.83,142.83,167694000.0
2025-06-12,141.97,145.0,145.0,162365000.0
2025-06-13,142.48,141.97,141.97,180374800.0
2025-06-16,143.35,144.69,144.69,183133700.0
2025-06-17,144.49,144.12,144.12,139108000.0
2025-06-18,144.01,145.48,145.48,161494100.0
2025-06-20,145.43,145.88,145.88,44163054.0
2025-06-23,142.5,144.17,144.17,154308900.0
2025-06-24,145.56,147.9,147.9,187566100.0
2025-06-25,149.27,154.31,154.31,269146500.0
2025-06-26,155.98,155.02,155.02,198145700.0
2025-06-27,156.04,157.75,157.75,258753300.0
2025-06-30,158.4,157.99,157.99,194580300.0
2025-07-01,156.29,153.3,153.3,213143600.0
2025-07-02,152.98,157.25,157.25,171224100.0
2025-07-03,158.37,159.34,159.34,143716100.0
2025-07-07,158.2,158.24,158.24,139794100.0
2025-07-08,159.33,159.03,159.03,55641328.0
2025-07-09,161.22,162.88,162.88,183656400.0
2025-07-10,164.32,164.1,164.1,167704100.0
2025-07-11,163.72,164.92,164.92,193279600.0
2025-07-14,165.37,164.07,164.07,136975800.0
2025-07-15,171.19,170.7,170.7,230030300.0
2025-07-16,171.0,170.82,170.82,13180772.0
2025-07-17,172.06,172.54,172.54,27268194.0
2025-07-18,173.64,172.41,172.41,146456400.0
2025-07-21,172.75,171.38,171.38,123126100.0
2025-07-22,171.34,167.03,167.03,193114300.0
2025-07-23,169.53,170.78,170.78,154082200.0
2025-07-24,172.44,173.74,173.74,128984600.0
2025-07-25,173.61,173.5,173.5,122316800.0
2025-07-28,174.02,176.75,176.75,140023500.0
2025-07-29,177.96,175.51,175.51,154077500.0
2025-07-30,176.51,179.27,179.27,174312200.0
2025-07-31,182.9,177.87,177.87,221685400.0
2025-08-01,174.09,173.72,173.72,204529000.0
2025-08-04,175.16,180.0,180.0,148174600.0
2025-08-05,179.62,178.26,178.26,156407600.0
2025-08-06,176.33,179.42,179.42,137192300.0
2025-08-07,181.57,180.77,180.77,151878400.0
2025-08-08,181.55,182.7,182.7,123396700.0
2025-08-11,182.05,182.06,182.06,138323200.0
2025-08-12,182.96,183.16,183.16,145485700.0
2025-08-13,182.62,181.59,181.59,179871700.0
2025-08-14,179.75,182.02,182.02,129554000.0
2025-08-15,181.88,180.45,180.45,156602200.0
2025-08-18,180.6,182.01,182.01,132008000.0
2025-08-19,182.43,175.64,175.64,185229200.0
2025-08-20,175.17,175.4,175.4,215142700.0
2025-08-21,174.85,174.98,174.98,140040900.0
2025-08-22,172.61,177.99,177.99,172789400.0
2025-08-25,178.35,179.81,179.81,163012800.0
2025-08-26,180.06,181.77,181.77,167926400.0
2025-08-27,182.07,179.7,179.7,25362825.0
2025-08-28,180.81,180.16,180.16,281787800.0
2025-08-29,178.1,174.17,174.17,243257900.0
2025-09-02,169.99,170.77,170.77,231164900.0
2025-09-03,171.05,170.61,170.61,164424900.0
2025-09-04,170.56,171.65,171.65,141670100.0
2025-09-05,168.02,167.01,167.01,224441400.0
2025-09-08,167.54,168.3,168.3,163769100.0
2025-09-09,169.08,170.75,170.75,157548400.0
2025-09-10,176.63,177.32,177.32,226852000.0
2025-09-11,179.68,177.17,177.17,151159300.0
2025-09-12,177.77,177.82,177.82,124911000.0
2025-09-15,175.67,177.75,177.75,147061600.0
2025-09-16,177.0,174.88,174.88,140737800.0
2025-09-17,172.64,170.29,170.29,211843800.0
2025-09-18,173.98,176.24,176.24,191763300.0
2025-09-19,175.77,176.67,176.67,236658800.0
2025-09-22,175.3,183.61,183.61,268564300.0
2025-09-23,181.94,177.98,177.98,144792890.0
2025-09-24,179.77,176.97,176.97,143564100.0
2025-09-25,174.48,177.69,177.69,191586700.0
2025-09-26,178.17,178.19,178.19,148306600.0
2025-09-29,180.43,181.85,181.85,193063500.0
2025-09-30,182.08,186.58,186.58,236981000.0
2025-10-01,185.21,187.24,187.24,172934698.0
2025-10-02,189.6,188.89,188.89,136805800.0
2025-10-03,189.19,187.62,187.62,137596900.0
2025-10-06,185.5,185.54,185.54,156436000.0
2025-10-07,186.26,185.84,185.84,103244209.0
2025-10-08,186.57,189.11,189.11,129778900.0
2025-10-09,192.23,192.57,192.57,182490600.0
2025-10-10,192.28,189.29,189.29,91410455.0
2025-10-13,187.97,188.32,188.32,153482800.0
2025-10-14,184.77,180.03,180.03,205641400.0
2025-10-15,184.8,179.83,179.83,213678000.0
2025-10-16,182.19,181.65,181.65,80228970.0
2025-10-17,180.18,183.22,183.22,173135200.0
2025-10-20,183.13,182.64,182.64,128544700.0
2025-10-21,182.79,181.16,181.16,124240200.0
2025-10-22,181.14,180.28,180.28,162249600.0
2025-10-23,180.42,182.16,182.16,111363700.0
2025-10-24,183.84,186.26,186.26,131296700.0
2025-10-27,189.99,191.49,191.49,153452700.0
2025-10-28,193.05,201.03,201.03,297986200.0
2025-10-29,207.98,207.04,207.04,308829600.0
2025-10-30,205.15,202.89,202.89,178864400.0
2025-10-31,206.45,202.49,202.49,179802200.0
2025-11-03,208.08,206.88,206.88,180267300.0
2025-11-04,203.0,198.69,198.69,188919300.0
2025-11-05,198.77,195.21,195.21,171350300.0
2025-11-06,196.42,188.08,188.08,222277400.0
2025-11-07,184.9,188.15,188.15,264204000.0
2025-11-10,195.11,199.05,199.05,198897100.0
2025-11-11,195.16,193.16,193.16,176483300.0
2025-11-12,195.72,193.8,193.8,154935300.0
2025-11-13,191.05,186.86,186.86,207423100.0
2025-11-14,182.86,190.17,190.17,186591900.0
2025-11-17,185.97,186.6,186.6,173628900.0
2025-11-18,183.38,181.36,181.36,213598900.0
2025-11-19,184.79,186.52,186.52,247246400.0
2025-11-20,195.95,180.64,180.64,343504800.0
2025-11-21,181.24,178.88,178.88,346926200.0
2025-11-24,179.49,182.55,182.55,256618300.0
2025-11-25,174.91,177.82,177.82,319741500.0
2025-11-26,181.63,180.26,180.26,183852000.0
2025-11-28,178.99,177.0,177.0,116625404.0
2025-12-01,174.76,179.92,179.92,187764500.0
2025-12-02,181.75,181.45,181.45,182632200.0
2025-12-03,181.07,179.58,179.58,165138000.0
2025-12-04,181.62,183.38,183.38,167364900.0
2025-12-05,183.89,182.41,182.41,143971100.0
2025-12-08,182.64,185.55,185.55,204378100.0
2025-12-09,185.56,184.97,184.97,144719700.0
2025-12-10,184.97,183.78,183.78,162785400.0
2025-12-11,180.28,180.93,180.93,182136600.0
2025-12-12,181.26,175.02,175.02,153892121.0
2025-12-15,177.94,176.29,176.29,164775600.0
2025-12-16,176.26,177.72,177.72,148588100.0
2025-12-17,176.1,170.94,170.94,222775500.0
2025-12-18,174.53,174.14,174.14,176096000.0
2025-12-19,176.67,180.99,180.99,324925900.0
2025-12-22,183.92,183.69,183.69,129064400.0
2025-12-23,182.97,189.21,189.21,174873600.0
2025-12-24,187.94,188.61,188.61,65528500.0
2025-12-26,189.92,190.53,190.53,139393400.0
2025-12-29,189.96,187.15,187.15,70034267.0
2025-12-30,188.19,187.98,187.98,45679509.0
2025-12-31,189.57,186.5,186.5,120100500.0
2026-01-02,189.84,188.85,188.85,148240500.0
2026-01-05,191.76,188.12,188.12,183529700.0
2026-01-06,190.52,187.24,187.24,176174700.0
2026-01-07,188.57,189.11,189.11,153543200.0
2026-01-08,189.0,185.04,185.04,163531152.0
2026-01-09,185.08,184.86,184.86,131072000.0
2026-01-12,183.22,184.94,184.94,137968500.0
2026-01-13,185.0,185.81,185.81,160128900.0
2026-01-14,184.32,183.14,183.14,159586100.0
2026-01-15,186.5,187.05,187.05,206188600.0
2026-01-16,189.08,186.23,186.23,187967200.0
2026-01-20,181.9,178.07,178.07,223345300.0
2026-01-21,179.05,183.32,183.32,200381000.0
2026-01-22,184.75,184.84,184.84,139636600.0
2026-01-23,187.5,187.67,187.67,142748100.0
2026-01-26,187.16,186.47,186.47,124799600.0
2026-01-27,187.24,188.52,188.52,143711600.0
2026-01-28,191.27,191.52,191.52,148552700.0
2026-01-29,191.34,192.51,192.51,171764400.0
2026-01-30,191.21,191.13,191.13,175685267.0
2026-02-02,187.2,185.61,185.61,165794100.0
2026-02-03,186.24,180.34,180.34,204019600.0
2026-02-04,179.46,174.19,174.19,207014100.0
2026-02-05,174.93,171.88,171.88,206312900.0
2026-02-06,176.69,185.41,185.41,230887800.0
2026-02-09,184.26,190.04,190.04,196387400.0
2026-02-10,191.38,188.54,188.54,136764800.0
2026-02-11,192.45,190.05,190.05,143855000.0
2026-02-12,193.03,186.94,186.94,189932500.0
2026-02-13,187.48,182.81,182.81,161888000.0
2026-02-17,181.75,184.97,184.97,162276900.0
2026-02-18,188.75,187.98,187.98,164749100.0
2026-02-19,187.06,187.9,187.9,126554500.0
2026-02-20,186.57,189.82,189.82,178143900.0
2026-02-23,191.4,191.55,191.55,171079800.0
2026-02-24,191.49,192.85,192.85,174595300.0
2026-02-25,194.47,196.77,196.77,114945846.0
2026-02-26,194.27,184.89,184.89,360807900.0
2026-02-27,181.25,177.19,177.19,311636500.0
2026-03-02,175.01,182.48,182.48,209095300.0
2026-03-03,178.49,180.05,180.05,177582000.0
2026-03-04,180.37,183.01,183.01,96250407.0
2026-03-05,181.17,183.34,183.34,198779700.0
2026-03-06,179.84,177.82,177.82,187239412.0
2026-03-09,176.83,182.65,182.65,177213600.0
2026-03-10,182.4,184.77,184.77,178696400.0
2026-03-11,185.91,186.03,186.03,145280400.0
2026-03-12,184.05,183.14,183.14,155762700.0
2026-03-13,184.91,180.25,180.25,160988424.0
2026-03-16,182.97,183.22,183.22,215647512.0
2026-03-17,185.06,181.93,181.93,182497800.0
2026-03-18,182.48,180.4,180.4,156683100.0
2026-03-19,178.01,178.56,178.56,170968500.0
2026-03-20,178.0,172.7,172.7,209815684.0
2026-03-23,177.26,175.64,175.64,182836300.0
2026-03-24,174.83,175.2,175.2,147140600.0
2026-03-25,177.1,179.1,179.1,92303222.0
2026-03-26,176.07,171.24,171.24,186152200.0
2026-03-27,170.0,167.52,167.52,195294300.0
2026-03-30,168.74,166.7,166.7,66416030.0
2026-03-31,166.97,174.4,174.4,225370300.0
2026-04-01,176.0,175.86,175.86,36547382.0
2026-04-02,172.18,177.39,177.39,143143200.0
2026-04-06,177.16,177.64,177.64,107564300.0
2026-04-07,175.73,178.1,178.1,132534900.0
2026-04-08,184.5,182.08,182.08,147732700.0
2026-04-09,181.84,183.91,183.91,116428500.0
2026-04-10,184.31,188.63,188.63,160459500.0
2026-04-13,186.03,189.31,189.31,133242100.0
2026-04-14,190.83,194.54,194.54,76134012.0
2026-04-15,196.54,198.87,198.87,185338400.0
2026-04-16,197.43,198.35,198.35,134012900.0
2026-04-17,199.9,201.68,201.68,160324400.0
2026-04-20,199.98,202.06,202.06,119381400.0
2026-04-21,202.13,199.88,199.88,107945300.0
2026-04-22,200.99,202.5,202.5,107501000.0
2026-04-23,202.46,199.64,199.64,113561800.0
2026-04-24,199.96,208.27,208.27,214134400.0
2026-04-27,209.65,216.61,216.61,187172400.0
2026-04-28,209.49,213.17,213.17,180275400.0
2026-04-29,212.7,209.25,209.25,123711800.0
2026-04-30,209.93,199.57,199.57,225239200.0
2026-05-01,201.28,198.45,198.45,128647000.0
2026-05-04,199.5,198.48,198.48,125042700.0
2026-05-05,199.3,197.3,197.3,64244645.0
2026-05-06,199.89,207.83,207.83,188362812.0
2026-05-07,208.34,211.5,211.5,168307873.0
2026-05-08,213.03,215.2,215.2,136421361.0
2026-05-11,214.04,219.44,219.44,160685774.0
2026-05-12,218.55,220.78,220.78,159176619.0
2026-05-13,224.93,225.83,225.83,150405386.0
2026-05-14,229.85,235.74,235.74,180782857.0
2026-05-15,229.76,225.32,225.32,180977639.0
2026-05-18,229.87,222.32,222.32,146280896.0
2026-05-19,219.62,220.61,220.61,140948207.0
2026-05-20,223.18,223.47,223.47,162279171.0
2026-05-21,222.29,219.51,219.51,203381760.0
2026-05-22,220.9,215.33,215.33,169275710.0
2026-05-26,216.54,214.86,214.86,187202576.0
2026-05-27,214.12,212.6,212.6,167601172.0
2026-05-28,211.275,214.25,214.25,143996048
2026-05-29,214.575,211.14,211.14,289410623
2026-06-01,215.73,224.36,224.36,212850685
2026-06-02,227.18,222.82,222.82,193362903
2026-06-03,221.72,214.75,214.75,160907001
2026-06-04,213.905,218.66,218.66,169022152
2026-06-05,214.53,205.1,205.1,219655531
2026-06-08,210.18,208.64,208.64,138372837
2026-06-09,210.615,208.19,208.19,180962450
2026-06-10,204.43,200.42,200.42,161746587
2026-06-11,201.49,204.87,204.87,158643204
2026-06-12,204.86,205.19,205.19,112345314
2026-06-15,208.92,212.45,212.45,149936688
2026-06-16,211.18,207.41,207.41,125694100
2026-06-17,208.53,204.65,204.65,128363473
2026-06-18,207.33,210.69,210.69,241272013
2026-06-22,211.44,208.65,208.65,122041419
2026-06-23,202.17,200.04,200.04,153496196
2026-06-24,200.12,199.0,199.0,151810704
2026-06-25,200.08,195.74,195.74,150205647
2026-06-26,193.12,192.53,192.53,179304147
2026-06-29,193.85,194.97,194.97,148835724
2026-06-30,197.24,200.09,200.09,166476665
2026-07-01,196.2,197.58,197.58,146147597
2026-07-02,197.14,194.83,194.83,142385548
2026-07-06,194.42,195.55,195.55,108999015
2026-07-07,192.37,196.93,196.93,124154574
2026-07-08,195.18,204.12,204.12,147419133
2026-07-09,204.46,202.78,202.78,132037359
2026-07-10,202.0,210.96,210.96,148421001
2026-07-13,208.54,203.53,203.53,121411018
2026-07-14,208.2,211.8,211.8,124379646
2026-07-15,211.96,212.5,212.5,124797151
2026-07-16,210.17,207.4,207.4,122986074
2026-07-17,202.64,202.81,202.81,144281910
2026-07-20,205.87,203.28,203.28,88701540
2026-07-21,207.54,207.29,207.29,108685563
2026-07-22,205.805,212.06,212.06,137645596
2026-07-23,209.455,208.76,208.76,110505328
2026-07-24,207.45,206.84,206.84,114836805
2026-07-27,208.2,196.51,196.51,154353698
2026-07-28,195.0,197.01,197.01,134111494
2026-07-29,195.845,190.01,190.01,147680809
2026-07-30,193.45,195.04,195.04,129010151
2026-07-31,198.4405,200.75,200.75,139961152
2026-08-03,197.69,206.64,206.64,128406883
2026-08-04,211.3,211.94,211.94,134921997
2026-08-05,216.86,219.22,219.22,158187403
2026-08-06,221.53,218.99,218.99,113940644
2026-08-07,221.54,223.96,223.96,105669440
2026-08-10,223.4,217.55,217.55,115846596
2026-08-11,222.17,217.5,217.5,101273148
2026-08-12,221.04,224.09,224.09,108783636
2026-08-13,225.055,225.3,225.3,98867226
2026-08-14,226.765,225.16,225.16,75680870
2026-08-17,225.98,225.01,225.01,93678685
2026-08-18,220.45,219.74,219.74,103128247
2026-08-19,221.67,217.56,217.56,96797314
2026-08-20,218.36,216.85,216.85,92457037
2026-08-21,218.42,214.72,214.72,98869300
2026-08-24,215.53,208.48,208.48,135187288
2026-08-25,211.025,213.05,213.05,122309019
2026-08-26,212.64,209.66,209.66,179900003
