date,open_price_usd,close_price_usd,adj_close_price_usd,total_volume_usd
2013-04-29,69.79,70.21,63.94,31664000.0
2013-04-30,70.3,70.72,64.4,30135800.0
2013-05-01,70.74,70.39,64.1,28537200.0
2013-05-02,70.51,71.28,64.91,31744200.0
2013-05-03,71.97,72.12,65.68,34061700.0
2013-05-06,72.25,72.4,65.93,19244300.0
2013-05-07,72.52,72.36,65.9,25838100.0
2013-05-08,72.32,72.71,66.22,24252100.0
2013-05-09,72.57,72.61,66.12,29337200.0
2013-05-10,72.76,73.05,66.52,20663700.0
2013-05-13,72.93,73.14,66.61,29730100.0
2013-05-14,73.16,73.52,66.95,36009800.0
2013-05-15,73.38,73.67,67.09,27214400.0
2013-05-16,73.73,73.59,67.02,27253400.0
2013-05-17,73.97,74.3,67.66,31114500.0
2013-05-20,74.16,74.19,67.56,25132400.0
2013-05-21,74.15,74.27,67.64,25900000.0
2013-05-22,74.36,73.62,67.04,59843200.0
2013-05-23,72.97,73.45,66.89,48222100.0
2013-05-24,72.96,73.41,66.85,26430300.0
2013-05-28,74.27,73.89,67.29,27057100.0
2013-05-29,73.6,73.54,66.97,32090300.0
2013-05-30,73.57,73.93,67.33,32390500.0
2013-05-31,73.65,73.25,66.71,38347600.0
2013-06-03,73.26,73.38,66.83,47613100.0
2013-06-04,73.53,73.0,66.48,35251900.0
2013-06-05,72.76,72.05,65.61,48654200.0
2013-06-06,72.15,72.4,65.93,62524100.0
2013-06-07,72.7,73.39,66.83,31969800.0
2013-06-10,73.53,73.42,66.86,25390000.0
2013-06-11,72.69,72.69,66.2,40278900.0
2013-06-12,73.11,71.85,65.43,42081900.0
2013-06-13,71.75,72.76,66.26,28221500.0
2013-06-14,72.76,72.28,65.82,27690700.0
2013-06-17,72.85,72.98,66.46,32441900.0
2013-06-18,73.08,73.58,67.01,24853100.0
2013-06-19,73.6,72.76,66.26,43145100.0
2013-06-20,71.92,71.03,64.69,60908400.0
2013-06-21,70.78,70.43,64.34,51558900.0
2013-06-24,69.85,69.73,63.7,41492300.0
2013-06-25,70.4,70.24,64.17,28897400.0
2013-06-26,70.84,70.87,64.74,23742300.0
2013-06-27,71.24,71.17,65.02,23545000.0
2013-06-28,70.95,71.27,65.11,28301100.0
2013-07-01,71.75,71.71,65.51,24942800.0
2013-07-02,71.68,71.74,65.54,23067900.0
2013-07-03,71.48,72.03,65.8,18847500.0
2013-07-05,72.44,72.58,66.31,28795900.0
2013-07-08,72.96,72.65,66.37,20558500.0
2013-07-09,72.99,73.09,66.77,26108600.0
2013-07-10,73.02,73.51,67.16,25598900.0
2013-07-11,74.3,74.97,68.49,47768900.0
2013-07-12,75.02,75.3,68.79,31412600.0
2013-07-15,75.38,75.47,68.95,19783600.0
2013-07-16,75.53,75.37,68.85,31747100.0
2013-07-17,75.6,75.56,69.03,24631500.0
2013-07-18,75.55,75.37,68.85,36278800.0
2013-07-19,74.72,74.59,68.14,37732400.0
2013-07-22,74.87,74.81,68.34,21135900.0
2013-07-23,74.95,74.26,67.84,24739500.0
2013-07-24,74.99,74.5,68.06,24426900.0
2013-07-25,74.85,74.97,68.49,23162200.0
2013-07-26,74.67,75.37,68.85,20885600.0
2013-07-29,75.22,75.23,68.73,20958400.0
2013-07-30,75.5,75.63,69.09,24104600.0
2013-07-31,75.78,75.77,69.22,25007600.0
2013-08-01,76.29,76.54,69.92,16880000.0
2013-08-02,76.55,76.97,70.32,18105300.0
2013-08-05,76.93,77.02,70.36,15462800.0
2013-08-06,76.92,76.56,69.94,23675400.0
2013-08-07,76.34,76.42,69.81,20281200.0
2013-08-08,76.84,76.8,70.16,19994000.0
2013-08-09,76.67,76.49,69.88,18558500.0
2013-08-12,76.2,76.67,70.04,20515900.0
2013-08-13,76.77,77.1,70.44,23917000.0
2013-08-14,77.07,76.81,70.17,29921000.0
2013-08-15,75.95,75.51,68.98,39406600.0
2013-08-16,75.52,75.48,68.96,23825000.0
2013-08-19,75.49,75.35,68.84,29586900.0
2013-08-20,75.49,75.68,69.14,18842800.0
2013-08-21,75.44,75.42,68.9,30705100.0
2013-08-22,75.75,76.16,69.58,17269500.0
2013-08-23,76.7,76.67,70.04,20697300.0
2013-08-26,76.73,76.71,70.08,27525500.0
2013-08-27,75.8,75.14,68.64,40068900.0
2013-08-28,75.05,75.43,68.91,20490400.0
2013-08-29,75.41,75.96,69.39,27287900.0
2013-08-30,76.04,75.47,68.95,26228500.0
2013-09-03,76.09,75.9,69.34,27241500.0
2013-09-04,76.16,76.71,70.08,27142900.0
2013-09-05,76.76,76.84,70.2,17809700.0
2013-09-06,77.1,76.93,70.28,27715100.0
2013-09-09,77.26,77.83,71.1,25161900.0
2013-09-10,78.28,78.21,71.45,27619400.0
2013-09-11,77.69,78.06,71.31,28132900.0
2013-09-12,78.08,78.01,71.27,18332700.0
2013-09-13,78.09,78.06,71.31,16932500.0
2013-09-16,78.72,77.85,71.12,25704300.0
2013-09-17,78.02,78.37,71.6,27174300.0
2013-09-18,78.49,79.31,72.45,31714700.0
2013-09-19,79.56,79.5,72.63,26435700.0
2013-09-20,79.45,78.99,72.38,26328900.0
2013-09-23,79.32,78.83,72.23,30319400.0
2013-09-24,79.0,78.83,72.23,21871300.0
2013-09-25,78.89,78.56,71.98,22746400.0
2013-09-26,78.88,79.17,72.54,22421700.0
2013-09-27,78.71,79.07,72.45,25151600.0
2013-09-30,78.25,78.88,72.28,28031900.0
2013-10-01,78.89,79.68,73.01,33129700.0
2013-10-02,79.14,79.65,72.98,25503800.0
2013-10-03,79.55,78.72,72.13,42998200.0
2013-10-04,78.72,79.4,72.75,22852700.0
2013-10-07,78.7,78.74,72.15,20227100.0
2013-10-08,78.74,77.22,70.76,43660700.0
2013-10-09,77.4,76.98,70.54,64526700.0
2013-10-10,77.81,78.61,72.03,48062700.0
2013-10-11,78.41,79.23,72.6,25214100.0
2013-10-14,78.74,79.79,73.11,31471900.0
2013-10-15,79.73,79.48,72.83,38684000.0
2013-10-16,79.85,80.38,73.65,46735900.0
2013-10-17,80.02,80.84,74.07,32193500.0
2013-10-18,81.58,82.15,75.27,39628200.0
2013-10-21,82.34,82.33,75.44,31176900.0
2013-10-22,82.65,82.45,75.55,43944800.0
2013-10-23,82.05,81.95,75.09,38021300.0
2013-10-24,82.0,82.31,75.42,23155100.0
2013-10-25,83.08,82.9,75.96,35824500.0
2013-10-28,82.91,82.92,75.98,28618400.0
2013-10-29,83.2,83.06,76.11,36878100.0
2013-10-30,83.35,82.98,76.03,33535500.0
2013-10-31,82.77,82.79,75.86,31309900.0
2013-11-01,83.07,82.81,75.88,30867800.0
2013-11-04,83.06,82.93,75.99,16834000.0
2013-11-05,82.61,83.02,76.07,27975600.0
2013-11-06,83.37,83.0,76.05,25576800.0
2013-11-07,83.01,81.44,74.62,52173200.0
2013-11-08,81.74,82.54,75.63,31470500.0
2013-11-11,82.42,82.41,75.51,24822900.0
2013-11-12,82.16,82.54,75.63,20108500.0
2013-11-13,82.0,83.54,76.55,31345900.0
2013-11-14,83.32,83.8,76.79,31101200.0
2013-11-15,83.82,83.96,76.93,20511300.0
2013-11-18,83.94,83.14,76.18,31679600.0
2013-11-19,83.09,82.9,75.96,25545300.0
2013-11-20,83.12,82.7,75.78,32177400.0
2013-11-21,83.05,83.54,76.55,28125000.0
2013-11-22,83.68,83.99,76.96,25361300.0
2013-11-25,84.29,84.19,77.14,21695100.0
2013-11-26,84.21,84.63,77.55,26621000.0
2013-11-27,84.8,85.22,78.09,21638100.0
2013-11-29,85.56,85.73,78.55,16708900.0
2013-12-02,85.83,85.48,78.33,26354600.0
2013-12-03,85.42,85.41,78.26,37147000.0
2013-12-04,85.05,85.49,78.33,37193200.0
2013-12-05,85.56,85.38,78.23,39829300.0
2013-12-06,86.1,86.0,78.8,36842900.0
2013-12-09,86.35,86.35,79.12,22590000.0
2013-12-10,86.21,86.29,79.07,26965900.0
2013-12-11,86.28,85.18,78.05,36830600.0
2013-12-12,85.21,84.96,77.85,33662600.0
2013-12-13,85.36,84.85,77.75,34072000.0
2013-12-16,85.27,85.32,78.18,24902500.0
2013-12-17,85.32,85.15,78.02,24454900.0
2013-12-18,85.25,86.14,78.93,68387200.0
2013-12-19,86.0,85.9,78.71,44964100.0
2013-12-20,85.79,86.5,79.51,40475400.0
2013-12-23,87.21,87.41,80.35,28181800.0
2013-12-24,87.43,87.45,80.38,13852500.0
2013-12-26,87.61,87.74,80.65,15241100.0
2013-12-27,87.85,87.52,80.45,15827400.0
2013-12-30,87.39,87.39,80.33,18983700.0
2013-12-31,87.55,87.96,80.85,24890500.0
2014-01-02,87.55,87.27,80.22,29177500.0
2014-01-03,87.27,86.64,79.64,35723700.0
2014-01-06,86.66,86.32,79.35,32073100.0
2014-01-07,86.72,87.12,80.08,25860600.0
2014-01-08,87.14,87.31,80.26,27197400.0
2014-01-09,87.63,87.02,79.99,23674700.0
2014-01-10,87.23,87.3,80.25,38008900.0
2014-01-13,87.18,86.01,79.06,48842300.0
2014-01-14,86.3,87.65,80.57,37178900.0
2014-01-15,88.03,88.37,81.23,39835600.0
2014-01-16,88.3,88.38,81.24,31630100.0
2014-01-17,88.11,87.88,80.78,36895800.0
2014-01-21,88.44,88.55,81.4,26412700.0
2014-01-22,88.78,88.78,81.61,29376900.0
2014-01-23,88.51,88.48,81.33,35011900.0
2014-01-24,88.05,86.74,79.73,63974600.0
2014-01-27,86.74,85.9,78.96,63519300.0
2014-01-28,85.5,85.85,78.91,44378800.0
2014-01-29,85.11,84.93,78.07,51939300.0
2014-01-30,85.97,86.5,79.51,65833600.0
2014-01-31,85.54,86.27,79.3,45187000.0
2014-02-03,86.11,84.29,77.48,65596900.0
2014-02-04,84.72,84.91,78.05,37675500.0
2014-02-05,84.63,84.69,77.85,41721800.0
2014-02-06,84.94,85.77,78.84,32308600.0
2014-02-07,86.25,87.3,80.25,38359400.0
2014-02-10,87.27,87.8,80.71,30205400.0
2014-02-11,87.99,88.8,81.63,38635500.0
2014-02-12,88.98,88.97,81.78,32507200.0
2014-02-13,88.32,89.63,82.39,40454500.0
2014-02-14,89.6,89.81,82.55,33212400.0
2014-02-18,89.96,90.25,82.96,29546600.0
2014-02-19,90.08,89.63,82.39,41749900.0
2014-02-20,89.69,90.05,82.77,41814800.0
2014-02-21,90.34,89.93,82.66,31192200.0
2014-02-24,90.14,90.41,83.11,31500400.0
2014-02-25,90.54,90.31,83.01,26771700.0
2014-02-26,90.55,90.23,82.94,42953700.0
2014-02-27,89.87,90.44,83.48,28742400.0
2014-02-28,90.42,90.34,83.39,48609800.0
2014-03-03,89.49,89.67,82.77,38885700.0
2014-03-04,90.65,90.81,83.82,33189000.0
2014-03-05,90.96,91.06,84.05,27203300.0
2014-03-06,91.27,90.98,83.98,24063900.0
2014-03-07,91.27,90.53,83.56,31167800.0
2014-03-10,90.48,90.61,83.64,18131700.0
2014-03-11,90.83,90.22,83.28,27484300.0
2014-03-12,89.81,90.56,83.59,27977200.0
2014-03-13,90.9,89.28,82.41,48542000.0
2014-03-14,88.99,88.67,81.84,38732300.0
2014-03-17,89.24,89.45,82.56,28467200.0
2014-03-18,89.56,90.53,83.56,31250200.0
2014-03-19,90.56,90.04,83.11,40869400.0
2014-03-20,89.76,90.29,83.34,31634500.0
2014-03-21,90.6,89.0,82.34,62754000.0
2014-03-24,89.32,88.22,81.62,77735300.0
2014-03-25,88.68,88.51,81.88,41723300.0
2014-03-26,88.95,87.37,80.83,40930400.0
2014-03-27,87.25,86.88,80.38,64784500.0
2014-03-28,87.16,87.05,80.53,39895100.0
2014-03-31,87.73,87.67,81.11,33924300.0
2014-04-01,88.1,89.21,82.53,38683800.0
2014-04-02,89.59,89.44,82.74,34631600.0
2014-04-03,89.53,88.73,82.09,30319100.0
2014-04-04,89.32,86.37,79.9,131213200.0
2014-04-07,85.83,85.55,79.15,83995800.0
2014-04-08,85.65,86.34,79.88,51495700.0
2014-04-09,86.66,87.82,81.25,45685200.0
2014-04-10,87.88,85.1,78.73,73659600.0
2014-04-11,84.34,84.11,77.81,93657400.0
2014-04-14,84.85,84.77,78.42,46500700.0
2014-04-15,85.08,85.05,78.68,84631500.0
2014-04-16,85.79,86.18,79.73,46970900.0
2014-04-17,85.85,86.2,79.75,53719500.0
2014-04-21,86.4,86.84,80.34,25947900.0
2014-04-22,87.14,87.53,80.98,38593400.0
2014-04-23,87.53,86.76,80.26,34376700.0
2014-04-24,88.19,87.59,81.03,48926300.0
2014-04-25,87.07,86.19,79.74,44334000.0
2014-04-28,86.6,86.47,80.0,58623800.0
2014-04-29,86.73,87.16,80.63,36742700.0
2014-04-30,86.76,87.39,80.85,38689400.0
2014-05-01,87.53,87.65,81.09,37127200.0
2014-05-02,87.95,87.49,80.94,40074200.0
2014-05-05,86.97,87.95,81.37,27924400.0
2014-05-06,87.81,86.81,80.31,33698500.0
2014-05-07,86.99,86.56,80.08,67489100.0
2014-05-08,86.25,86.48,80.01,46556900.0
2014-05-09,86.43,86.8,80.3,35081500.0
2014-05-12,87.32,88.23,81.62,38951100.0
2014-05-13,88.31,88.29,81.68,30311900.0
2014-05-14,88.02,87.83,81.25,26483600.0
2014-05-15,87.81,87.14,80.62,59680300.0
2014-05-16,87.24,87.71,81.14,66804100.0
2014-05-19,87.45,88.32,81.71,32017000.0
2014-05-20,88.28,88.0,81.41,33716000.0
2014-05-21,88.16,88.84,82.19,36837700.0
2014-05-22,88.94,89.23,82.55,30617100.0
2014-05-23,89.32,89.88,83.15,22687300.0
2014-05-27,90.28,91.0,84.19,29725200.0
2014-05-28,90.97,90.72,83.93,30468100.0
2014-05-29,91.04,91.3,84.46,33036100.0
2014-05-30,91.32,91.31,84.47,29906400.0
2014-06-02,91.42,91.22,84.39,30409900.0
2014-06-03,90.92,91.18,84.35,21774500.0
2014-06-04,90.95,91.52,84.67,20118300.0
2014-06-05,91.6,92.29,85.38,35583100.0
2014-06-06,92.63,92.82,85.87,22680600.0
2014-06-09,92.84,92.75,85.81,23399500.0
2014-06-10,92.67,92.91,85.95,20626000.0
2014-06-11,92.59,92.89,85.94,22878200.0
2014-06-12,92.69,92.05,85.16,35275900.0
2014-06-13,92.45,92.32,85.41,39447100.0
2014-06-16,92.16,92.4,85.48,25212300.0
2014-06-17,92.33,92.45,85.53,19977900.0
2014-06-18,92.54,92.97,86.01,34514000.0
2014-06-19,93.11,92.91,85.95,38422200.0
2014-06-20,92.7,92.77,86.06,25897500.0
2014-06-23,92.76,92.79,86.07,20837900.0
2014-06-24,92.78,92.7,85.99,31945800.0
2014-06-25,92.49,93.29,86.54,32818600.0
2014-06-26,93.35,93.34,86.58,22563900.0
2014-06-27,93.22,93.75,86.96,22877800.0
2014-06-30,93.73,93.91,87.11,19751900.0
2014-07-01,94.24,94.94,88.07,31862500.0
2014-07-02,95.0,95.1,88.22,18777300.0
2014-07-03,95.41,95.7,88.77,15291700.0
2014-07-07,95.59,95.41,88.5,23266400.0
2014-07-08,95.23,94.26,87.44,40612400.0
2014-07-09,94.51,94.96,88.09,29919000.0
2014-07-10,93.74,94.66,87.81,44245300.0
2014-07-11,94.9,95.27,88.37,19566300.0
2014-07-14,95.7,95.84,88.9,19579000.0
2014-07-15,95.99,95.51,88.6,39467500.0
2014-07-16,96.2,95.89,88.95,22052600.0
2014-07-17,95.63,94.62,87.77,43111500.0
2014-07-18,95.11,96.12,89.16,36682200.0
2014-07-21,95.92,96.0,89.05,29750700.0
2014-07-22,96.45,96.61,89.62,25770400.0
2014-07-23,96.95,97.23,90.19,28947500.0
2014-07-24,97.4,97.12,90.09,24707200.0
2014-07-25,96.62,96.74,89.74,29898900.0
2014-07-28,96.84,96.77,89.77,25603400.0
2014-07-29,96.98,96.6,89.61,27022200.0
2014-07-30,97.14,96.98,89.96,35348500.0
2014-07-31,96.18,95.02,88.14,50047900.0
2014-08-01,94.82,94.67,87.82,60708000.0
2014-08-04,94.87,95.32,88.42,33230500.0
2014-08-05,94.94,94.59,87.74,50331100.0
2014-08-06,94.0,94.52,87.68,34431900.0
2014-08-07,94.96,94.22,87.4,33274700.0
2014-08-08,94.37,94.9,88.03,40236900.0
2014-08-11,95.27,95.46,88.55,28277500.0
2014-08-12,95.36,95.42,88.51,28152300.0
2014-08-13,95.81,96.43,89.45,27996500.0
2014-08-14,96.56,96.93,89.91,25006600.0
2014-08-15,97.49,97.4,90.35,55205500.0
2014-08-18,97.91,98.15,91.05,38938300.0
2014-08-19,98.38,98.7,91.56,21363400.0
2014-08-20,98.62,98.7,91.56,23435600.0
2014-08-21,98.75,98.9,91.74,19339500.0
2014-08-22,98.94,99.05,91.88,24692000.0
2014-08-25,99.52,99.4,92.21,24124700.0
2014-08-26,99.55,99.5,92.3,20100400.0
2014-08-27,99.53,99.52,92.32,15589100.0
2014-08-28,99.18,99.41,92.21,23563900.0
2014-08-29,99.63,99.78,92.56,17906300.0
2014-09-02,100.02,100.07,92.83,18326800.0
2014-09-03,100.34,99.48,92.28,25950700.0
2014-09-04,99.71,99.39,92.2,24663500.0
2014-09-05,99.54,99.89,92.66,30798200.0
2014-09-08,99.92,100.08,92.84,25571300.0
2014-09-09,100.09,99.25,92.07,36449200.0
2014-09-10,99.38,100.07,92.83,31080100.0
2014-09-11,99.64,99.99,92.75,28691900.0
2014-09-12,99.9,99.48,92.28,30444400.0
2014-09-15,99.59,98.52,91.39,32972200.0
2014-09-16,98.15,99.38,92.19,38166900.0
2014-09-17,99.36,99.53,92.33,37196500.0
2014-09-18,99.84,100.28,93.02,30196700.0
2014-09-19,100.46,99.98,92.96,46918000.0
2014-09-22,99.74,99.05,92.1,48658000.0
2014-09-23,98.65,98.78,91.85,33989600.0
2014-09-24,98.88,99.84,92.83,35959000.0
2014-09-25,99.52,97.74,90.88,68642500.0
2014-09-26,98.06,98.78,91.85,56106200.0
2014-09-29,97.8,98.65,91.73,33342700.0
2014-09-30,98.92,98.79,91.86,41834300.0
2014-10-01,98.51,97.21,90.39,58164900.0
2014-10-02,97.17,97.21,90.39,54501300.0
2014-10-03,97.78,98.17,91.28,41627800.0
2014-10-06,98.48,97.96,91.09,36038700.0
2014-10-07,97.5,96.57,89.79,45154000.0
2014-10-08,96.62,98.45,91.54,64931600.0
2014-10-09,98.32,96.86,90.06,62497100.0
2014-10-10,96.29,94.44,87.81,77579400.0
2014-10-13,94.27,92.96,86.44,80835900.0
2014-10-14,93.54,92.97,86.45,71814500.0
2014-10-15,91.57,92.37,85.89,108847800.0
2014-10-16,90.42,91.79,85.35,93165800.0
2014-10-17,93.0,93.0,86.47,69546700.0
2014-10-20,92.99,94.39,87.77,41479300.0
2014-10-21,95.56,96.87,90.07,53609800.0
2014-10-22,97.17,96.37,89.61,39178000.0
2014-10-23,97.34,97.82,90.96,48123800.0
2014-10-24,98.03,98.62,91.7,43157600.0
2014-10-27,98.43,98.69,91.76,29545700.0
2014-10-28,99.15,100.18,93.15,34495100.0
2014-10-29,99.85,99.81,92.81,40552800.0
2014-10-30,99.36,100.02,93.0,35935800.0
2014-10-31,101.68,101.4,94.28,54254100.0
2014-11-03,101.58,101.7,94.56,33481000.0
2014-11-04,101.38,101.36,94.25,22773300.0
2014-11-05,102.03,101.37,94.26,25818600.0
2014-11-06,101.36,101.69,94.55,24671900.0
2014-11-07,101.87,101.6,94.47,20931700.0
2014-11-10,101.65,101.96,94.81,20360000.0
2014-11-11,101.98,102.28,95.1,15454000.0
2014-11-12,101.87,102.46,95.27,22050300.0
2014-11-13,102.65,102.9,95.68,28027800.0
2014-11-14,102.87,103.22,95.98,19251300.0
2014-11-17,102.98,102.91,95.69,23361600.0
2014-11-18,103.0,103.68,96.4,26336800.0
2014-11-19,103.57,103.21,95.97,23760200.0
2014-11-20,102.77,103.67,96.4,22874000.0
2014-11-21,104.59,103.87,96.58,34049100.0
2014-11-24,104.15,104.68,97.33,17928300.0
2014-11-25,104.84,104.84,97.48,17526000.0
2014-11-26,104.94,105.52,98.12,18973800.0
2014-11-28,105.8,106.01,98.57,17360400.0
2014-12-01,105.72,104.81,97.46,35969500.0
2014-12-02,104.92,105.23,97.85,26031300.0
2014-12-03,105.39,105.42,98.02,32974300.0
2014-12-04,105.32,105.37,97.98,31008800.0
2014-12-05,105.54,105.38,97.99,25622200.0
2014-12-08,105.11,104.63,97.29,32685800.0
2014-12-09,103.41,104.96,97.59,46035100.0
2014-12-10,104.77,103.31,96.06,39330100.0
2014-12-11,103.61,103.8,96.52,47576000.0
2014-12-12,102.81,102.67,95.47,46889400.0
2014-12-15,103.2,101.61,94.48,52968400.0
2014-12-16,100.97,99.98,92.96,65348600.0
2014-12-17,100.05,101.8,94.66,79715300.0
2014-12-18,103.26,104.25,96.93,49840900.0
2014-12-19,103.97,104.32,97.36,51419900.0
2014-12-22,104.15,104.58,97.6,33869200.0
2014-12-23,104.96,104.21,97.26,30156900.0
2014-12-24,104.34,104.3,97.34,14291300.0
2014-12-26,104.6,105.04,98.03,13924300.0
2014-12-29,104.94,105.02,98.01,17073800.0
2014-12-30,104.72,104.32,97.36,18604000.0
2014-12-31,104.5,103.25,96.36,24367100.0
2015-01-02,103.76,102.94,96.07,31314600.0
2015-01-05,102.49,101.43,94.66,36521300.0
2015-01-06,101.58,100.07,93.39,66205500.0
2015-01-07,100.73,101.36,94.6,37577400.0
2015-01-08,102.22,103.3,96.41,40212600.0
2015-01-09,103.62,102.62,95.77,41410100.0
2015-01-12,102.82,101.55,94.78,34129800.0
2015-01-13,102.54,101.52,94.75,56162300.0
2015-01-14,100.5,100.96,94.23,51354200.0
2015-01-15,101.43,99.65,93.0,51005400.0
2015-01-16,99.52,100.82,94.09,35362200.0
2015-01-20,101.43,101.62,94.84,30964100.0
2015-01-21,101.32,102.14,95.33,40128800.0
2015-01-22,102.54,104.03,97.09,40887200.0
2015-01-23,104.02,104.26,97.31,34783000.0
2015-01-26,104.14,104.14,97.19,19960900.0
2015-01-27,102.5,101.44,94.67,45253200.0
2015-01-28,103.07,100.92,94.19,43591700.0
2015-01-29,100.84,101.89,95.09,46539700.0
2015-01-30,101.8,101.1,94.36,42927600.0
2015-02-02,101.33,101.98,95.18,43624700.0
2015-02-03,102.35,102.96,96.09,30750400.0
2015-02-04,102.54,102.87,96.01,34073200.0
2015-02-05,103.13,103.76,96.84,23605500.0
2015-02-06,103.92,103.13,96.25,34169300.0
2015-02-09,102.73,102.8,95.94,22604700.0
2015-02-10,103.37,104.4,97.44,23686500.0
2015-02-11,104.52,104.78,97.79,20303600.0
2015-02-12,105.46,106.0,98.93,22520300.0
2015-02-13,106.3,106.91,99.78,29030200.0
2015-02-17,106.91,107.01,99.87,17675300.0
2015-02-18,106.88,107.16,100.01,15149600.0
2015-02-19,107.09,107.69,100.51,19828100.0
2015-02-20,107.62,108.41,101.18,28336700.0
2015-02-23,108.35,108.52,101.28,17868000.0
2015-02-24,108.38,108.6,101.36,19745000.0
2015-02-25,108.44,108.33,101.1,19472300.0
2015-02-26,108.44,108.88,101.62,22255500.0
2015-02-27,108.84,108.4,101.17,27757600.0
2015-03-02,108.61,109.38,102.08,22988600.0
2015-03-03,109.05,108.87,101.61,20788900.0
2015-03-04,108.51,108.45,101.22,21007400.0
2015-03-05,108.73,108.64,101.39,15381000.0
2015-03-06,108.5,107.41,100.25,30990400.0
2015-03-09,107.63,107.72,100.53,26237100.0
2015-03-10,106.95,105.72,98.67,34234500.0
2015-03-11,105.88,105.11,98.1,25459700.0
2015-03-12,105.03,105.8,98.74,21473200.0
2015-03-13,105.7,105.34,98.31,42021100.0
2015-03-16,105.73,106.7,99.58,25674100.0
2015-03-17,106.41,106.87,99.74,19603800.0
2015-03-18,106.58,107.92,100.72,40622200.0
2015-03-19,108.03,108.08,100.87,31314000.0
2015-03-20,108.72,108.53,101.52,31761400.0
2015-03-23,108.47,108.32,101.33,17268500.0
2015-03-24,108.31,107.93,100.96,22445300.0
2015-03-25,108.1,105.46,98.65,41581400.0
2015-03-26,104.59,105.1,98.31,47846300.0
2015-03-27,105.08,105.52,98.71,33878400.0
2015-03-30,106.16,106.73,99.84,30570200.0
2015-03-31,106.43,105.6,98.78,30488100.0
2015-04-01,105.6,105.05,98.27,32970500.0
2015-04-02,105.15,105.12,98.33,19164200.0
2015-04-06,104.5,105.98,99.14,24451100.0
2015-04-07,105.92,105.8,98.97,19379400.0
2015-04-08,105.84,106.64,99.76,25866900.0
2015-04-09,106.59,107.31,100.38,23114700.0
2015-04-10,107.27,107.75,100.79,17164300.0
2015-04-13,107.83,107.48,100.54,17783500.0
2015-04-14,107.37,107.17,100.25,23755700.0
2015-04-15,107.45,107.84,100.88,21128600.0
2015-04-16,107.55,107.69,100.74,16195300.0
2015-04-17,106.66,106.01,99.17,46514000.0
2015-04-20,106.54,107.6,100.65,28945900.0
2015-04-21,108.22,108.06,101.08,22759800.0
2015-04-22,108.34,108.65,101.64,21429200.0
2015-04-23,108.28,109.06,102.02,29473200.0
2015-04-24,110.21,110.54,103.4,32508100.0
2015-04-27,110.95,110.26,103.14,31121300.0
2015-04-28,110.34,110.04,102.94,36849200.0
2015-04-29,109.43,109.35,102.29,34043900.0
2015-04-30,108.73,107.63,100.68,44080500.0
2015-05-01,108.05,109.05,102.01,32874300.0
2015-05-04,109.4,109.23,102.18,23507300.0
2015-05-05,108.8,107.45,100.51,47843300.0
2015-05-06,107.64,106.71,99.82,42687200.0
2015-05-07,106.68,107.35,100.42,29335800.0
2015-05-08,108.46,108.69,101.67,33023300.0
2015-05-11,108.76,108.27,101.28,19679300.0
2015-05-12,107.63,107.78,100.82,33665000.0
2015-05-13,108.25,108.0,101.03,20738400.0
2015-05-14,108.88,109.58,102.51,23904200.0
2015-05-15,109.86,109.58,102.51,23937400.0
2015-05-18,109.4,110.06,102.95,17631100.0
2015-05-19,110.18,109.94,102.84,14212900.0
2015-05-20,110.02,110.01,102.91,21131900.0
2015-05-21,109.82,110.58,103.44,16771800.0
2015-05-22,110.45,110.47,103.34,13543800.0
2015-05-26,110.23,109.2,102.15,25488400.0
2015-05-27,109.53,110.96,103.8,30572700.0
2015-05-28,110.75,110.71,103.56,17302400.0
2015-05-29,110.64,110.05,102.95,30383000.0
2015-06-01,110.64,110.42,103.29,24570200.0
2015-06-02,110.01,110.07,102.96,19449600.0
2015-06-03,110.57,110.4,103.27,20507200.0
2015-06-04,109.78,109.56,102.49,31374600.0
2015-06-05,109.43,109.3,102.24,22641700.0
2015-06-08,109.25,108.19,101.21,24549200.0
2015-06-09,107.93,108.01,101.04,27554600.0
2015-06-10,108.38,109.49,102.42,30297900.0
2015-06-11,109.86,109.65,102.57,17593500.0
2015-06-12,109.07,108.75,101.73,27201800.0
2015-06-15,107.94,108.21,101.22,31238800.0
2015-06-16,108.1,108.8,101.78,16456900.0
2015-06-17,108.98,109.1,102.06,23296700.0
2015-06-18,109.5,110.69,103.54,43032400.0
2015-06-19,110.49,109.89,103.03,27877600.0
2015-06-22,110.7,110.7,103.79,19120900.0
2015-06-23,110.82,110.79,103.88,18127900.0
2015-06-24,110.66,110.22,103.34,15815900.0
2015-06-25,110.65,110.0,103.14,18326700.0
2015-06-26,109.98,109.27,102.45,32311700.0
2015-06-29,108.06,106.69,100.03,50874900.0
2015-06-30,107.49,107.07,100.39,34809900.0
2015-07-01,108.13,107.92,101.18,21293000.0
2015-07-02,108.23,107.95,101.21,20499400.0
2015-07-06,107.27,107.7,100.98,24311000.0
2015-07-07,107.82,107.97,101.23,44230800.0
2015-07-08,107.2,106.09,99.47,39691500.0
2015-07-09,107.5,106.03,99.41,28381000.0
2015-07-10,107.44,107.65,100.93,26415800.0
2015-07-13,108.58,109.54,102.7,25780700.0
2015-07-14,109.69,110.26,103.38,21977200.0
2015-07-15,110.47,110.38,103.49,28631500.0
2015-07-16,111.29,111.94,104.95,29838900.0
2015-07-17,112.84,113.59,106.5,35926800.0
2015-07-20,113.83,113.98,106.87,26539000.0
2015-07-21,114.02,113.91,106.8,35468900.0
2015-07-22,112.17,112.62,105.59,35575000.0
2015-07-23,112.73,112.2,105.2,25698300.0
2015-07-24,112.8,111.1,104.17,30844700.0
2015-07-27,110.47,110.18,103.3,35994800.0
2015-07-28,110.67,111.13,104.19,33553500.0
2015-07-29,111.37,111.55,104.59,26714100.0
2015-07-30,111.29,112.08,105.09,25438100.0
2015-07-31,112.43,111.95,104.96,22081700.0
2015-08-03,111.97,111.6,104.64,25001800.0
2015-08-04,111.55,111.39,104.44,22132300.0
2015-08-05,112.01,112.25,105.24,28989900.0
2015-08-06,112.35,110.45,103.56,42125400.0
2015-08-07,110.18,110.31,103.43,30006800.0
2015-08-10,111.01,111.57,104.61,21500800.0
2015-08-11,110.98,110.14,103.27,36123300.0
2015-08-12,109.38,110.52,103.62,41889000.0
2015-08-13,110.63,110.34,103.45,22510500.0
2015-08-14,110.08,110.51,103.61,17924900.0
2015-08-17,110.24,111.43,104.48,21224900.0
2015-08-18,111.28,110.86,103.94,13984400.0
2015-08-19,110.52,110.13,103.26,42511400.0
2015-08-20,109.11,107.08,100.4,57747300.0
2015-08-21,105.57,102.4,96.01,97763400.0
2015-08-24,94.23,98.46,92.32,150829900.0
2015-08-25,102.07,98.09,91.97,75088300.0
2015-08-26,100.96,103.03,96.6,104103800.0
2015-08-27,104.52,105.64,99.05,69377700.0
2015-08-28,105.08,105.62,99.03,49919600.0
2015-08-31,105.03,104.31,97.8,39549400.0
2015-09-01,101.71,101.05,94.74,73155500.0
2015-09-02,102.88,103.9,97.42,43963600.0
2015-09-03,104.31,103.39,96.94,45131800.0
2015-09-04,101.97,102.16,95.78,49379600.0
2015-09-08,104.12,105.04,98.48,37343500.0
2015-09-09,106.28,103.86,97.38,47146700.0
2015-09-10,103.74,104.99,98.44,47686700.0
2015-09-11,104.51,105.57,98.98,29106100.0
2015-09-14,105.96,105.25,98.68,19718800.0
2015-09-15,105.5,106.49,99.84,30020200.0
2015-09-16,106.51,107.09,100.41,31329100.0
2015-09-17,106.98,107.13,100.44,56139800.0
2015-09-18,105.23,105.35,99.02,48384000.0
2015-09-21,105.93,105.68,99.33,35772600.0
2015-09-22,104.06,104.1,97.84,47359700.0
2015-09-23,104.38,104.18,97.92,21775100.0
2015-09-24,103.17,103.8,97.56,38284300.0
2015-09-25,104.91,102.92,96.73,44700000.0
2015-09-28,102.48,99.99,93.98,44077500.0
2015-09-29,100.24,99.47,93.49,49315500.0
2015-09-30,100.89,101.76,95.64,41411400.0
2015-10-01,101.94,102.22,96.07,39339100.0
2015-10-02,100.8,104.01,97.76,59370900.0
2015-10-05,104.78,105.5,99.16,32853500.0
2015-10-06,105.25,105.0,98.69,33051500.0
2015-10-07,105.66,105.63,99.28,37389300.0
2015-10-08,105.23,106.05,99.67,50188900.0
2015-10-09,106.1,106.53,100.12,23916200.0
2015-10-12,106.73,106.79,100.37,16162000.0
2015-10-13,106.18,106.1,99.72,26999600.0
2015-10-14,106.1,105.93,99.56,30902600.0
2015-10-15,106.32,107.67,101.2,38393800.0
2015-10-16,107.9,108.12,101.62,27091100.0
2015-10-19,107.98,108.74,102.2,23776300.0
2015-10-20,108.55,108.18,101.68,23404700.0
2015-10-21,108.73,107.52,101.06,30195200.0
2015-10-22,108.48,109.71,103.11,42778700.0
2015-10-23,112.66,112.78,106.0,53170900.0
2015-10-26,112.7,112.85,106.06,25918000.0
2015-10-27,112.55,113.08,106.28,31390500.0
2015-10-28,113.25,114.02,107.16,42221900.0
2015-10-29,113.5,113.84,107.0,24913300.0
2015-10-30,113.89,113.33,106.52,27199200.0
2015-11-02,113.63,114.61,107.72,22176900.0
2015-11-03,114.38,115.01,108.09,20418400.0
2015-11-04,115.39,115.02,108.1,28633000.0
2015-11-05,115.12,114.71,107.81,25004100.0
2015-11-06,114.49,114.79,107.89,29924900.0
2015-11-09,114.36,113.57,106.74,33479800.0
2015-11-10,112.97,113.28,106.47,35452100.0
2015-11-11,113.59,113.14,106.34,22748800.0
2015-11-12,112.68,112.04,105.3,31196900.0
2015-11-13,111.57,109.84,103.24,52836000.0
2015-11-16,109.73,111.42,104.72,33980600.0
2015-11-17,111.61,111.49,104.79,30579500.0
2015-11-18,111.94,113.63,106.8,32966500.0
2015-11-19,113.69,113.71,106.87,26188100.0
2015-11-20,114.25,114.48,107.6,22727600.0
2015-11-23,114.52,114.15,107.29,20696200.0
2015-11-24,113.41,114.05,107.19,26374400.0
2015-11-25,114.22,114.15,107.29,14159900.0
2015-11-27,114.4,114.31,107.44,8828000.0
2015-11-30,114.65,114.02,107.16,25041600.0
2015-12-01,114.48,115.16,108.24,28639400.0
2015-12-02,115.25,114.45,107.57,22395500.0
2015-12-03,114.76,112.51,105.75,42754300.0
2015-12-04,112.85,115.14,108.22,40037300.0
2015-12-07,115.22,114.62,107.73,25892100.0
2015-12-08,113.42,114.63,107.74,30792600.0
2015-12-09,114.13,112.89,106.1,48509200.0
2015-12-10,113.15,113.4,106.58,30154600.0
2015-12-11,112.09,110.79,104.13,56022200.0
2015-12-14,110.94,111.63,104.92,53098500.0
2015-12-15,112.66,112.31,105.56,48428000.0
2015-12-16,113.07,113.98,107.13,44944100.0
2015-12-17,114.48,112.32,105.57,45668800.0
2015-12-18,111.63,109.83,103.54,53746100.0
2015-12-21,110.87,111.05,104.69,26432800.0
2015-12-22,111.64,111.78,105.38,26540300.0
2015-12-23,112.36,112.61,106.16,25656900.0
2015-12-24,112.61,112.59,106.14,11468600.0
2015-12-28,112.32,112.53,106.09,19183600.0
2015-12-29,113.2,114.3,107.76,27725700.0
2015-12-30,114.2,113.27,106.78,19520100.0
2015-12-31,112.87,111.86,105.46,29886800.0
2016-01-04,109.45,109.5,103.23,50807600.0
2016-01-05,110.04,109.31,103.05,38795200.0
2016-01-06,107.41,108.26,102.06,41891100.0
2016-01-07,105.95,104.87,98.87,61386300.0
2016-01-08,105.63,104.01,98.05,69344000.0
2016-01-11,104.75,104.33,98.36,50024100.0
2016-01-12,105.33,105.54,99.5,46734200.0
2016-01-13,105.97,101.9,96.07,69870700.0
2016-01-14,102.3,104.07,98.11,78445700.0
2016-01-15,100.62,100.84,95.07,91443900.0
2016-01-19,102.21,101.06,95.27,56563800.0
2016-01-20,99.47,100.75,94.98,86675000.0
2016-01-21,101.18,100.85,95.08,61660100.0
2016-01-22,102.88,103.77,97.83,42229800.0
2016-01-25,103.4,102.23,96.38,38881500.0
2016-01-26,102.66,103.15,97.24,36143900.0
2016-01-27,102.55,100.58,94.82,54524700.0
2016-01-28,102.25,102.0,96.16,47641500.0
2016-01-29,101.97,104.13,98.17,54245100.0
2016-02-01,103.63,104.41,98.43,32750300.0
2016-02-02,103.93,102.15,96.3,44928100.0
2016-02-03,102.83,101.66,95.84,61572900.0
2016-02-04,101.39,101.65,95.83,49321600.0
2016-02-05,101.29,98.12,92.5,70749900.0
2016-02-08,96.29,96.62,91.09,91673100.0
2016-02-09,95.33,96.32,90.8,73778400.0
2016-02-10,97.43,96.69,91.15,59421700.0
2016-02-11,95.46,96.55,91.02,76839200.0
2016-02-12,97.64,98.02,92.41,49186500.0
2016-02-16,99.47,100.23,94.49,40565900.0
2016-02-17,100.96,102.5,96.63,41766500.0
2016-02-18,102.82,101.33,95.53,38991500.0
2016-02-19,100.84,101.63,95.81,28257900.0
2016-02-22,102.58,103.28,97.37,23979100.0
2016-02-23,102.68,101.58,95.76,29869700.0
2016-02-24,100.39,102.55,96.68,40739100.0
2016-02-25,102.76,103.56,97.63,29389300.0
2016-02-26,104.35,103.43,97.51,30925000.0
2016-02-29,103.33,102.5,96.63,27553900.0
2016-03-01,103.48,105.79,99.73,37699800.0
2016-03-02,105.66,105.83,99.77,29209800.0
2016-03-03,105.72,105.63,99.58,25474600.0
2016-03-04,105.75,105.67,99.62,31655400.0
2016-03-07,105.13,105.02,99.01,25861200.0
2016-03-08,104.3,104.15,98.19,28898500.0
2016-03-09,104.54,104.82,98.82,31047400.0
2016-03-10,105.26,104.66,98.67,44236100.0
2016-03-11,105.79,106.49,100.39,31454000.0
2016-03-14,106.09,106.67,100.56,25374900.0
2016-03-15,106.29,106.63,100.52,26524600.0
2016-03-16,106.37,107.58,101.42,31693100.0
2016-03-17,107.27,107.52,101.36,29623700.0
2016-03-18,107.46,107.37,101.52,37682300.0
2016-03-21,107.18,107.79,101.92,17288600.0
2016-03-22,107.18,108.12,102.23,18840300.0
2016-03-23,107.91,107.23,101.39,20912900.0
2016-03-24,106.71,107.26,101.42,19017300.0
2016-03-28,107.56,107.11,101.28,13892300.0
2016-03-29,106.91,108.83,102.9,29963900.0
2016-03-30,109.48,109.36,103.4,23807200.0
2016-03-31,109.28,109.2,103.25,21447200.0
2016-04-01,108.54,110.36,104.35,26389000.0
2016-04-04,110.36,109.94,103.95,17163000.0
2016-04-05,109.09,108.88,102.95,20107900.0
2016-04-06,108.99,110.67,104.64,25056000.0
2016-04-07,110.03,109.08,103.14,28567200.0
2016-04-08,109.76,109.0,103.06,22898000.0
2016-04-11,109.47,108.6,102.69,25772100.0
2016-04-12,108.68,109.51,103.55,28564100.0
2016-04-13,110.35,110.91,104.87,25356700.0
2016-04-14,110.93,110.92,104.88,17199700.0
2016-04-15,110.83,110.64,104.61,21353300.0
2016-04-18,110.32,111.23,105.17,17126100.0
2016-04-19,111.44,110.55,104.53,42481400.0
2016-04-20,110.55,110.64,104.61,18078300.0
2016-04-21,110.58,110.65,104.62,20216000.0
2016-04-22,109.21,108.98,103.04,39074000.0
2016-04-25,108.65,108.98,103.04,14351900.0
2016-04-26,109.21,108.45,102.54,19118300.0
2016-04-27,107.34,107.58,101.72,33059800.0
2016-04-28,107.7,106.28,100.49,29818200.0
2016-04-29,106.28,105.72,99.96,67502800.0
2016-05-02,105.99,106.72,100.91,24813800.0
2016-05-03,105.96,105.73,99.97,38569400.0
2016-05-04,105.09,105.05,99.33,27474500.0
2016-05-05,105.43,105.02,99.3,20788100.0
2016-05-06,104.5,105.58,99.83,30758500.0
2016-05-09,105.59,105.88,100.11,19289600.0
2016-05-10,106.26,107.33,101.48,21178900.0
2016-05-11,107.17,106.36,100.57,20966300.0
2016-05-12,106.61,105.89,100.12,29196300.0
2016-05-13,105.8,105.5,99.75,21059300.0
2016-05-16,105.66,106.82,101.0,18311900.0
2016-05-17,106.73,105.48,99.74,29932700.0
2016-05-18,105.24,105.86,100.09,27524400.0
2016-05-19,105.45,105.31,99.57,27334600.0
2016-05-20,105.73,106.47,100.67,29549600.0
2016-05-23,106.59,106.33,100.54,15729800.0
2016-05-24,106.92,108.46,102.55,29931300.0
2016-05-25,108.87,109.24,103.29,37951700.0
2016-05-26,109.35,109.56,103.59,21885900.0
2016-05-27,109.63,110.13,104.13,19870000.0
2016-05-31,110.28,110.34,104.33,24366100.0
2016-06-01,110.0,110.35,104.34,19571500.0
2016-06-02,110.13,110.58,104.56,15696600.0
2016-06-03,110.37,110.06,104.07,20269900.0
2016-06-06,110.26,110.46,104.44,12502400.0
2016-06-07,110.52,110.18,104.18,12184300.0
2016-06-08,110.37,110.37,104.36,14568700.0
2016-06-09,109.92,110.19,104.19,17571600.0
2016-06-10,109.19,108.94,103.01,32965000.0
2016-06-13,108.32,108.03,102.15,25154700.0
2016-06-14,107.74,108.03,102.15,24588500.0
2016-06-15,108.29,107.72,101.85,24605700.0
2016-06-16,107.19,108.04,102.16,32079900.0
2016-06-17,107.53,106.49,100.96,29208800.0
2016-06-20,107.73,107.16,101.59,20562800.0
2016-06-21,107.3,107.5,101.92,22804100.0
2016-06-22,107.56,107.24,101.67,22724200.0
2016-06-23,108.07,108.77,103.12,18714200.0
2016-06-24,104.9,104.29,98.87,68012700.0
2016-06-27,103.6,102.22,96.91,48222600.0
2016-06-28,103.35,104.46,99.03,28260600.0
2016-06-29,105.28,106.31,100.79,31356700.0
2016-06-30,106.49,107.54,101.95,36300800.0
2016-07-01,107.49,108.08,102.47,19902800.0
2016-07-05,107.51,107.42,101.84,21167900.0
2016-07-06,106.91,108.3,102.67,24579300.0
2016-07-07,108.4,108.62,102.98,19161700.0
2016-07-08,109.2,110.3,104.57,29457900.0
2016-07-11,110.67,110.93,105.17,20218500.0
2016-07-12,111.61,111.49,105.7,21906100.0
2016-07-13,111.75,111.22,105.44,21107800.0
2016-07-14,111.96,111.98,106.16,20871000.0
2016-07-15,112.24,111.8,105.99,17999300.0
2016-07-18,111.87,112.54,106.69,20713900.0
2016-07-19,112.15,112.13,106.31,18936700.0
2016-07-20,112.74,113.44,107.55,24997900.0
2016-07-21,113.52,113.18,107.3,18885400.0
2016-07-22,113.26,113.65,107.75,20003400.0
2016-07-25,113.56,113.66,107.76,12968100.0
2016-07-26,113.62,113.79,107.88,21223800.0
2016-07-27,114.75,114.58,108.63,27646100.0
2016-07-28,114.76,114.98,109.01,16939700.0
2016-07-29,115.24,115.23,109.24,22385300.0
2016-08-01,115.31,115.84,109.82,13990100.0
2016-08-02,115.67,114.96,108.99,21278400.0
2016-08-03,114.87,115.34,109.35,15011300.0
2016-08-04,115.3,115.67,109.66,12835300.0
2016-08-05,116.26,116.78,110.71,23196600.0
2016-08-08,116.84,116.65,110.59,12358200.0
2016-08-09,116.74,116.92,110.85,13276500.0
2016-08-10,116.99,116.62,110.56,14688400.0
2016-08-11,117.02,117.12,111.04,12969800.0
2016-08-12,116.92,117.2,111.11,19379000.0
2016-08-15,117.35,117.7,111.59,11777800.0
2016-08-16,117.48,117.05,110.97,14161400.0
2016-08-17,117.08,117.26,111.17,15980300.0
2016-08-18,117.15,117.29,111.2,10036300.0
2016-08-19,117.08,117.26,111.17,18743000.0
2016-08-22,117.09,117.35,111.25,14500600.0
2016-08-23,117.81,117.56,111.45,11997900.0
2016-08-24,117.48,116.8,110.73,17728700.0
2016-08-25,116.5,116.61,110.55,24266300.0
2016-08-26,116.65,116.78,110.71,23896000.0
2016-08-29,116.81,116.94,110.87,11184900.0
2016-08-30,116.75,116.56,110.51,19843300.0
2016-08-31,116.38,116.44,110.39,16169800.0
2016-09-01,116.48,116.74,110.68,20944700.0
2016-09-02,117.32,117.12,111.04,18088200.0
2016-09-06,117.32,117.85,111.73,18525200.0
2016-09-07,117.96,117.92,111.79,17546900.0
2016-09-08,117.57,117.23,111.14,20125300.0
2016-09-09,116.25,114.28,108.34,50813300.0
2016-09-12,113.64,116.33,110.29,39646000.0
2016-09-13,115.75,115.29,109.3,45863900.0
2016-09-14,115.41,115.84,109.82,28221800.0
2016-09-15,115.87,117.64,111.53,38521400.0
2016-09-16,117.22,117.29,111.48,27596500.0
2016-09-19,117.59,116.78,110.99,16222900.0
2016-09-20,117.2,117.0,111.2,18078600.0
2016-09-21,117.5,118.15,112.29,31546800.0
2016-09-22,118.84,119.09,113.19,22614400.0
2016-09-23,119.0,118.33,112.46,22213400.0
2016-09-26,117.66,117.34,111.52,16403900.0
2016-09-27,117.26,118.5,112.63,20238400.0
2016-09-28,118.65,118.7,112.82,14794300.0
2016-09-29,118.5,117.84,112.0,27207500.0
2016-09-30,118.15,118.72,112.84,25543200.0
2016-10-03,118.57,118.55,112.67,19216400.0
2016-10-04,118.9,118.37,112.5,21239700.0
2016-10-05,118.72,118.79,112.9,14481300.0
2016-10-06,118.64,118.73,112.84,11987100.0
2016-10-07,118.84,118.47,112.6,19984200.0
2016-10-10,119.08,119.22,113.31,19687300.0
2016-10-11,119.12,117.52,111.69,27774400.0
2016-10-12,117.63,117.42,111.6,14267800.0
2016-10-13,116.62,117.0,111.2,22821000.0
2016-10-14,117.58,117.14,111.33,21313300.0
2016-10-17,117.04,116.82,111.03,14182700.0
2016-10-18,118.21,117.86,112.02,19276700.0
2016-10-19,117.77,117.85,112.01,13702900.0
2016-10-20,117.73,117.71,111.88,18132200.0
2016-10-21,117.8,118.15,112.29,15707800.0
2016-10-24,118.91,119.57,113.64,19143000.0
2016-10-25,119.64,119.19,113.28,20341800.0
2016-10-26,118.42,118.38,112.51,20463700.0
2016-10-27,118.89,117.84,112.0,19099800.0
2016-10-28,117.5,117.1,111.3,35369300.0
2016-10-31,117.53,116.99,111.19,18749400.0
2016-11-01,117.19,116.11,110.35,23498700.0
2016-11-02,116.03,115.18,109.47,26960100.0
2016-11-03,114.99,114.05,108.4,36205200.0
2016-11-04,113.77,113.65,108.02,26997500.0
2016-11-07,115.49,116.35,110.58,26591200.0
2016-11-08,116.23,117.11,111.31,20777900.0
2016-11-09,115.74,117.65,111.82,70234400.0
2016-11-10,118.22,115.75,110.01,72825400.0
2016-11-11,115.25,115.8,110.06,41115200.0
2016-11-14,115.83,114.63,108.95,35906000.0
2016-11-15,115.5,116.22,110.46,31796600.0
2016-11-16,115.67,116.91,111.12,16538100.0
2016-11-17,116.85,117.76,111.92,20598600.0
2016-11-18,117.9,117.32,111.5,16428700.0
2016-11-21,117.61,118.54,112.66,20268500.0
2016-11-22,119.01,118.9,113.01,18850600.0
2016-11-23,118.51,118.42,112.55,22926000.0
2016-11-25,118.56,118.8,112.91,7162800.0
2016-11-28,118.65,118.53,112.65,13479000.0
2016-11-29,118.64,118.94,113.04,18553000.0
2016-11-30,119.09,117.5,111.68,30405300.0
2016-12-01,117.46,115.47,109.75,39796600.0
2016-12-02,115.54,115.7,109.97,32876800.0
2016-12-05,116.3,116.6,110.82,21419700.0
2016-12-06,116.93,116.88,111.09,27293300.0
2016-12-07,116.64,118.36,112.49,26622400.0
2016-12-08,118.41,118.57,112.69,18578400.0
2016-12-09,119.01,119.5,113.58,21863100.0
2016-12-12,118.97,118.96,113.06,23259300.0
2016-12-13,119.32,120.46,114.49,54477900.0
2016-12-14,120.61,120.21,114.25,28746000.0
2016-12-15,120.37,120.4,114.43,22762300.0
2016-12-16,120.34,119.6,114.01,26283900.0
2016-12-19,119.72,120.09,114.48,21138700.0
2016-12-20,120.47,120.55,114.91,11461800.0
2016-12-21,120.6,120.46,114.83,7079300.0
2016-12-22,120.47,120.12,114.5,16645000.0
2016-12-23,119.92,120.2,114.58,9007500.0
2016-12-27,120.46,120.82,115.17,16110600.0
2016-12-28,121.08,119.88,114.27,17975200.0
2016-12-29,119.85,119.71,114.11,13267500.0
2016-12-30,119.94,118.48,112.94,41749000.0
2017-01-03,119.27,119.54,113.95,22307600.0
2017-01-04,119.67,120.19,114.57,19749100.0
2017-01-05,120.1,120.87,115.22,20644300.0
2017-01-06,121.0,121.93,116.23,24074300.0
2017-01-09,122.03,122.33,116.61,18909200.0
2017-01-10,122.38,122.6,116.87,16176600.0
2017-01-11,122.65,122.93,117.18,20686000.0
2017-01-12,122.49,122.74,117.0,19622500.0
2017-01-13,122.8,123.16,117.4,16930800.0
2017-01-17,122.84,122.79,117.05,14538500.0
2017-01-18,122.97,123.04,117.29,12499700.0
2017-01-19,123.22,122.98,117.23,12710700.0
2017-01-20,123.52,123.25,117.49,22091000.0
2017-01-23,123.17,123.35,117.58,17434200.0
2017-01-24,123.59,124.18,118.37,17640900.0
2017-01-25,124.96,125.43,119.57,15036200.0
2017-01-26,125.6,125.56,119.69,16052200.0
2017-01-27,125.83,125.8,119.92,15053000.0
2017-01-30,125.38,124.82,118.98,25006700.0
2017-01-31,124.38,124.57,118.75,19091100.0
2017-02-01,125.45,125.43,119.57,22861900.0
2017-02-02,125.21,125.32,119.46,15101400.0
2017-02-03,125.45,125.68,119.8,16957200.0
2017-02-06,125.47,125.83,119.95,11630100.0
2017-02-07,126.09,126.29,120.39,17541100.0
2017-02-08,126.12,126.5,120.59,12569100.0
2017-02-09,126.63,126.96,121.02,17542700.0
2017-02-10,127.24,127.38,121.42,13915700.0
2017-02-13,127.77,128.1,122.11,19120200.0
2017-02-14,128.15,128.53,122.52,16333500.0
2017-02-15,128.44,129.29,123.24,17891400.0
2017-02-16,129.37,129.25,123.21,15098300.0
2017-02-17,129.06,129.81,123.74,15563700.0
2017-02-21,130.06,130.45,124.35,18479600.0
2017-02-22,130.33,130.5,124.4,12110900.0
2017-02-23,130.7,130.01,123.93,17489000.0
2017-02-24,129.42,130.26,124.17,18624500.0
2017-02-27,130.02,130.42,124.32,12008700.0
2017-02-28,130.39,130.02,123.94,16598600.0
2017-03-01,130.85,131.44,125.29,25813800.0
2017-03-02,131.41,130.78,124.67,19951400.0
2017-03-03,130.69,131.02,124.89,13722700.0
2017-03-06,130.59,130.73,124.62,12026200.0
2017-03-07,130.47,130.51,124.41,15500900.0
2017-03-08,130.59,130.74,124.63,15776000.0
2017-03-09,130.71,130.84,124.72,20855300.0
2017-03-10,131.44,131.39,125.25,21922600.0
2017-03-13,131.34,131.61,125.46,10731600.0
2017-03-14,131.31,131.29,125.15,14019700.0
2017-03-15,131.56,132.1,125.92,22709100.0
2017-03-16,132.35,132.01,125.84,18457300.0
2017-03-17,131.9,131.69,125.79,21234500.0
2017-03-20,131.65,131.81,125.91,10105200.0
2017-03-21,132.31,129.81,124.0,35841900.0
2017-03-22,129.85,130.69,124.84,29177900.0
2017-03-23,130.52,130.36,124.52,20311700.0
2017-03-24,130.78,130.63,124.78,22967600.0
2017-03-27,129.7,130.84,124.98,18472400.0
2017-03-28,130.84,131.64,125.75,23721900.0
2017-03-29,131.73,132.25,126.33,13710000.0
2017-03-30,132.2,132.47,126.54,16092400.0
2017-03-31,132.28,132.38,126.45,19841400.0
2017-04-03,132.49,132.3,126.38,23700300.0
2017-04-04,131.92,132.51,126.58,13400000.0
2017-04-05,132.7,131.97,126.06,32011200.0
2017-04-06,132.1,132.04,126.13,18832200.0
2017-04-07,132.0,131.97,126.06,16743100.0
2017-04-10,132.1,132.02,126.11,15619300.0
2017-04-11,131.9,131.45,125.56,33778400.0
2017-04-12,131.43,130.92,125.06,15955200.0
2017-04-13,130.74,130.4,124.56,23683000.0
2017-04-17,130.77,131.48,125.59,13325500.0
2017-04-18,131.04,131.28,125.4,12841100.0
2017-04-19,131.85,131.49,125.6,17764800.0
2017-04-20,132.02,132.59,126.65,21977900.0
2017-04-21,132.71,132.56,126.62,22454900.0
2017-04-24,134.03,134.16,128.15,22469900.0
2017-04-25,134.6,135.13,129.08,19384400.0
2017-04-26,135.18,134.94,128.9,25398500.0
2017-04-27,135.27,135.75,129.67,16136500.0
2017-04-28,136.29,135.99,129.9,22771900.0
2017-05-01,136.44,137.2,131.06,24815500.0
2017-05-02,137.37,137.43,131.28,18345100.0
2017-05-03,137.12,136.99,130.86,23827600.0
2017-05-04,136.97,137.04,130.9,14630100.0
2017-05-05,137.39,137.54,131.38,19330700.0
2017-05-08,137.61,137.84,131.67,13279900.0
2017-05-09,138.05,138.32,132.13,28426100.0
2017-05-10,138.4,138.4,132.2,20499400.0
2017-05-11,138.02,138.29,132.1,27232100.0
2017-05-12,138.35,138.6,132.39,19738600.0
2017-05-15,138.66,139.04,132.81,20481300.0
2017-05-16,139.4,139.62,133.37,21786000.0
2017-05-17,138.51,136.07,129.98,55642200.0
2017-05-18,136.02,137.26,131.11,41319900.0
2017-05-19,137.75,137.84,131.67,36730100.0
2017-05-22,138.15,139.0,132.78,19509700.0
2017-05-23,139.41,139.14,132.91,19687500.0
2017-05-24,139.56,139.78,133.52,15891900.0
2017-05-25,140.31,140.97,134.66,23928600.0
2017-05-26,141.0,141.22,134.9,13851600.0
2017-05-30,141.15,141.34,135.01,20306400.0
2017-05-31,141.84,141.29,134.96,33229400.0
2017-06-01,141.58,141.84,135.49,20120700.0
2017-06-02,142.34,143.46,137.04,37222900.0
2017-06-05,143.45,143.43,137.01,15727500.0
2017-06-06,143.26,142.86,136.46,22393000.0
2017-06-07,143.26,143.42,137.0,18842400.0
2017-06-08,143.74,143.57,137.14,25417400.0
2017-06-09,143.74,139.98,133.71,109783700.0
2017-06-12,138.8,139.23,133.0,104454000.0
2017-06-13,140.01,140.36,134.08,51193000.0
2017-06-14,140.93,139.75,133.49,60093800.0
2017-06-15,138.34,139.13,132.9,55145200.0
2017-06-16,138.68,138.15,132.32,48087400.0
2017-06-19,139.49,140.46,134.54,39626500.0
2017-06-20,140.32,139.36,133.48,40935100.0
2017-06-21,139.68,140.74,134.8,35743400.0
2017-06-22,140.96,140.7,134.77,24099100.0
2017-06-23,140.54,141.24,135.28,21654300.0
2017-06-26,142.05,140.58,134.65,34411100.0
2017-06-27,140.05,138.03,132.21,65957800.0
2017-06-28,138.54,140.02,134.12,57427200.0
2017-06-29,139.44,137.59,131.79,88769400.0
2017-06-30,137.98,137.64,131.84,68898300.0
2017-07-03,138.27,136.19,130.45,32797000.0
2017-07-05,136.62,137.53,131.73,42116600.0
2017-07-06,136.48,136.29,130.54,48430500.0
2017-07-07,136.75,137.76,131.95,36970400.0
2017-07-10,137.85,138.66,132.81,24853500.0
2017-07-11,138.46,139.05,133.19,31517700.0
2017-07-12,140.24,140.7,134.77,36045800.0
2017-07-13,140.87,141.01,135.06,31073600.0
2017-07-14,141.64,142.12,136.13,34544800.0
2017-07-17,142.27,142.19,136.19,25343200.0
2017-07-18,142.09,143.14,137.1,25748500.0
2017-07-19,143.56,143.98,137.91,33752300.0
2017-07-20,144.35,144.17,138.09,36139400.0
2017-07-21,143.64,144.11,138.03,39697100.0
2017-07-24,144.09,144.77,138.66,26712700.0
2017-07-25,144.29,144.4,138.31,28120900.0
2017-07-26,144.76,144.87,138.76,18610600.0
2017-07-27,145.82,143.96,137.89,80665900.0
2017-07-28,143.1,143.84,137.77,38013200.0
2017-07-31,144.25,143.23,137.19,33848600.0
2017-08-01,143.72,143.56,137.51,20149400.0
2017-08-02,144.49,143.95,137.88,41769700.0
2017-08-03,144.09,143.39,137.34,27112800.0
2017-08-04,143.71,143.65,137.59,29472900.0
2017-08-07,143.91,144.56,138.46,17933900.0
2017-08-08,144.28,144.31,138.22,30810400.0
2017-08-09,143.12,144.12,138.04,36169500.0
2017-08-10,143.3,141.03,135.08,63331700.0
2017-08-11,141.22,142.1,136.11,45862500.0
2017-08-14,143.23,143.93,137.86,34161000.0
2017-08-15,144.29,144.03,137.96,25509200.0
2017-08-16,144.39,144.28,138.2,31913000.0
2017-08-17,143.72,141.33,135.37,70191000.0
2017-08-18,141.41,141.23,135.27,60751900.0
2017-08-21,141.22,141.05,135.1,37111500.0
2017-08-22,141.81,143.2,137.16,36294200.0
2017-08-23,142.48,142.69,136.67,25702300.0
2017-08-24,143.01,142.27,136.27,38160800.0
2017-08-25,142.82,141.97,135.98,26380400.0
2017-08-28,142.4,142.41,136.4,15362100.0
2017-08-29,141.19,142.97,136.94,24498300.0
2017-08-30,143.09,144.65,138.55,33642700.0
2017-08-31,145.06,146.2,140.03,38480700.0
2017-09-01,146.39,146.0,139.84,22293600.0
2017-09-05,145.57,144.69,138.59,44794300.0
2017-09-06,145.06,145.13,139.01,30722700.0
2017-09-07,145.4,145.47,139.34,22721100.0
2017-09-08,145.28,144.21,138.13,27890100.0
2017-09-11,145.34,145.87,139.72,27126300.0
2017-09-12,146.28,146.22,140.05,30256700.0
2017-09-13,145.97,146.42,140.25,28450900.0
2017-09-14,145.85,145.56,139.42,35296400.0
2017-09-15,145.53,146.06,139.9,46422400.0
2017-09-18,145.91,145.55,139.72,24858200.0
2017-09-19,145.81,145.8,139.96,20871200.0
2017-09-20,145.75,145.35,139.53,34236200.0
2017-09-21,145.25,144.46,138.67,28841800.0
2017-09-22,144.0,144.32,138.54,21702400.0
2017-09-25,143.75,142.8,137.08,54947700.0
2017-09-26,143.53,143.17,137.43,29628800.0
2017-09-27,143.93,144.46,138.67,33249400.0
2017-09-28,144.11,144.41,138.62,24149400.0
2017-09-29,144.7,145.45,139.62,43102400.0
2017-10-02,145.67,145.58,139.75,27351300.0
2017-10-03,145.77,145.89,140.04,19715200.0
2017-10-04,145.61,146.03,140.18,26381100.0
2017-10-05,146.56,147.46,141.55,31562400.0
2017-10-06,146.96,147.66,141.74,23561100.0
2017-10-09,147.85,147.49,141.58,13704800.0
2017-10-10,147.99,147.6,141.68,19223100.0
2017-10-11,147.53,148.04,142.11,12439100.0
2017-10-12,147.82,147.77,141.85,14513500.0
2017-10-13,148.37,148.34,142.4,18409900.0
2017-10-16,148.71,148.85,142.88,21809400.0
2017-10-17,148.8,149.04,143.07,13138200.0
2017-10-18,149.19,148.86,142.89,17218200.0
2017-10-19,147.99,148.31,142.37,27680300.0
2017-10-20,148.91,148.71,142.75,30173300.0
2017-10-23,149.02,147.74,141.82,29297100.0
2017-10-24,148.03,147.99,142.06,20289500.0
2017-10-25,147.7,147.43,141.52,36179100.0
2017-10-26,147.34,146.96,141.07,28230200.0
2017-10-27,149.43,151.24,145.18,60165100.0
2017-10-30,151.13,151.58,145.51,31733400.0
2017-10-31,152.07,152.15,146.05,26319300.0
2017-11-01,152.76,152.1,146.0,29481600.0
2017-11-02,151.93,151.81,145.73,31017400.0
2017-11-03,152.36,153.27,147.13,26199200.0
2017-11-06,153.15,153.79,147.63,28693900.0
2017-11-07,153.67,153.88,147.71,21333100.0
2017-11-08,153.8,154.5,148.31,17373500.0
2017-11-09,153.23,153.69,147.53,40594500.0
2017-11-10,153.33,153.68,147.52,20150800.0
2017-11-13,153.1,153.87,147.7,12522400.0
2017-11-14,153.33,153.31,147.17,25173800.0
2017-11-15,152.65,152.59,146.47,24808000.0
2017-11-16,153.36,154.54,148.35,34790600.0
2017-11-17,154.58,153.95,147.78,28725800.0
2017-11-20,154.06,153.83,147.67,21143900.0
2017-11-21,154.56,155.5,149.27,20147800.0
2017-11-22,155.64,155.69,149.45,17299000.0
2017-11-24,155.85,156.26,150.0,8280600.0
2017-11-27,156.21,156.19,149.93,22653400.0
2017-11-28,156.54,156.59,150.31,25227300.0
2017-11-29,156.41,153.86,147.69,71986300.0
2017-11-30,154.51,155.15,148.93,56595500.0
2017-12-01,154.2,154.49,148.3,59015800.0
2017-12-04,155.46,152.71,146.59,51319100.0
2017-12-05,152.68,152.81,146.69,40604200.0
2017-12-06,152.24,153.5,147.35,28647800.0
2017-12-07,153.49,154.02,147.85,32666200.0
2017-12-08,155.15,154.7,148.5,28081700.0
2017-12-11,154.77,155.9,149.65,20821500.0
2017-12-12,155.83,155.69,149.45,20310300.0
2017-12-13,156.32,155.99,149.74,24418500.0
2017-12-14,156.26,155.88,149.63,24594700.0
2017-12-15,156.49,157.65,151.33,49816200.0
2017-12-18,158.36,158.64,152.6,26844500.0
2017-12-19,158.34,157.7,151.7,31415000.0
2017-12-20,158.25,157.53,151.53,38972600.0
2017-12-21,157.75,157.55,151.55,18638700.0
2017-12-22,157.31,157.37,151.38,23330400.0
2017-12-26,156.49,156.52,150.56,21918700.0
2017-12-27,156.53,156.54,150.58,22388200.0
2017-12-28,157.04,156.73,150.76,25393800.0
2017-12-29,156.87,155.76,149.83,33186000.0
2018-01-02,156.56,158.49,152.46,32573300.0
2018-01-03,158.64,160.03,153.94,29383600.0
2018-01-04,160.58,160.31,154.21,24776100.0
2018-01-05,161.07,161.92,155.76,26992300.0
2018-01-08,161.92,162.55,156.36,23159100.0
2018-01-09,162.87,162.56,156.37,24782400.0
2018-01-10,161.84,162.18,156.01,34004000.0
2018-01-11,162.46,163.29,157.07,20473500.0
2018-01-12,163.15,164.49,158.23,37762700.0
2018-01-16,165.58,164.02,157.78,41231800.0
2018-01-17,164.8,165.79,159.48,33849900.0
2018-01-18,165.53,165.82,159.51,26432200.0
2018-01-19,166.31,166.34,160.01,38937600.0
2018-01-22,166.28,168.12,161.72,26081400.0
2018-01-23,168.64,169.51,163.06,37989700.0
2018-01-24,169.87,168.41,162.0,54287400.0
2018-01-25,169.57,168.35,161.94,28925000.0
2018-01-26,169.29,170.93,164.42,32038200.0
2018-01-29,170.57,170.1,163.62,37277800.0
2018-01-30,168.55,168.7,162.28,44987700.0
2018-01-31,169.65,169.4,162.95,42449200.0
2018-02-01,168.1,167.96,161.57,38037900.0
2018-02-02,167.3,164.61,158.34,68478100.0
2018-02-05,163.07,158.12,152.1,105372200.0
2018-02-06,155.81,162.31,156.13,118537900.0
2018-02-07,161.79,160.21,154.11,91028300.0
2018-02-08,160.62,153.45,147.61,94184800.0
2018-02-09,155.62,156.1,150.16,113836600.0
2018-02-12,157.7,158.87,152.82,63050600.0
2018-02-13,157.96,159.69,153.61,31785600.0
2018-02-14,158.75,162.68,156.49,52107400.0
2018-02-15,164.14,165.7,159.39,51633900.0
2018-02-16,165.16,164.96,158.68,62256300.0
2018-02-20,164.38,165.29,159.0,36785600.0
2018-02-21,166.1,164.82,158.55,41161800.0
2018-02-22,165.54,164.8,158.53,37074400.0
2018-02-23,166.13,168.17,161.77,50096900.0
2018-02-26,168.96,170.4,163.91,39266700.0
2018-02-27,170.45,168.29,161.88,42209900.0
2018-02-28,169.25,167.21,160.84,42936300.0
2018-03-01,167.3,164.48,158.22,76809900.0
2018-03-02,162.5,165.99,159.67,57445100.0
2018-03-05,165.21,167.83,161.44,38540200.0
2018-03-06,168.65,168.54,162.12,29480900.0
2018-03-07,167.25,168.93,162.5,34609400.0
2018-03-08,169.63,169.86,163.39,25828400.0
2018-03-09,171.07,173.16,166.57,38310500.0
2018-03-12,173.67,174.08,167.45,37635000.0
2018-03-13,174.48,171.71,165.17,55638900.0
2018-03-14,172.61,171.68,165.14,40536400.0
2018-03-15,171.8,171.53,165.0,28810400.0
2018-03-16,171.82,171.02,164.51,31176700.0
2018-03-19,169.1,167.1,161.0,71395100.0
2018-03-20,167.17,167.65,161.53,34075700.0
2018-03-21,167.21,166.92,160.83,43863500.0
2018-03-22,164.61,162.8,156.86,66607300.0
2018-03-23,162.61,158.51,152.72,80110400.0
2018-03-26,161.72,164.4,158.4,57481500.0
2018-03-27,165.62,159.08,153.27,78889100.0
2018-03-28,158.17,157.25,151.51,89369700.0
2018-03-29,158.1,160.13,154.28,68692600.0
2018-04-02,158.99,155.51,149.83,85549400.0
2018-04-03,156.87,157.26,151.52,64090000.0
2018-04-04,154.22,159.74,153.91,65768700.0
2018-04-05,161.33,160.65,154.79,43054900.0
2018-04-06,158.88,156.63,150.91,59870900.0
2018-04-09,157.98,157.73,151.97,41810400.0
2018-04-10,160.21,161.21,155.32,48296800.0
2018-04-11,160.2,160.28,154.43,41622100.0
2018-04-12,161.25,162.21,156.29,30467900.0
2018-04-13,163.02,161.37,155.48,44604900.0
2018-04-16,162.5,162.6,156.66,28180800.0
2018-04-17,164.24,166.1,160.04,35536100.0
2018-04-18,166.1,166.44,160.36,29573900.0
2018-04-19,165.6,164.91,158.89,34705700.0
2018-04-20,164.49,162.3,156.37,49197100.0
2018-04-23,163.09,161.89,155.98,33040600.0
2018-04-24,162.66,158.46,152.68,70256800.0
2018-04-25,158.74,158.65,152.86,52089300.0
2018-04-26,160.7,161.99,156.08,43005500.0
2018-04-27,164.37,162.09,156.17,51043400.0
2018-04-30,162.47,160.94,155.06,35615300.0
2018-05-01,160.52,162.78,156.84,36513500.0
2018-05-02,163.06,161.82,155.91,38646800.0
2018-05-03,161.0,161.8,155.89,60337100.0
2018-05-04,161.1,164.87,158.85,41543200.0
2018-05-07,165.64,166.24,160.17,32500200.0
2018-05-08,165.89,166.07,160.01,26040200.0
2018-05-09,166.37,167.88,161.75,29122700.0
2018-05-10,168.42,169.62,163.43,27067600.0
2018-05-11,169.42,169.46,163.27,24688800.0
2018-05-14,169.85,169.75,163.55,21821700.0
2018-05-15,168.41,167.87,161.74,49361600.0
2018-05-16,168.09,168.98,162.81,22941200.0
2018-05-17,168.39,168.33,162.18,27480200.0
2018-05-18,167.68,167.46,161.35,26217900.0
2018-05-21,168.76,168.4,162.25,22954600.0
2018-05-22,169.17,168.18,162.04,19477700.0
2018-05-23,166.9,169.6,163.41,26557800.0
2018-05-24,169.55,169.55,163.36,27696500.0
2018-05-25,169.53,169.72,163.52,27460500.0
2018-05-29,168.95,168.97,162.8,41220500.0
2018-05-30,169.58,170.18,163.97,22665800.0
2018-05-31,170.18,170.07,163.86,35670900.0
2018-06-01,170.92,172.74,166.43,45543300.0
2018-06-04,173.18,174.3,167.94,20459600.0
2018-06-05,174.71,174.84,168.46,24779300.0
2018-06-06,175.02,175.86,169.44,25036600.0
2018-06-07,175.89,174.43,168.06,39600300.0
2018-06-08,173.61,174.44,168.07,31780300.0
2018-06-11,174.31,174.91,168.52,22319700.0
2018-06-12,175.15,175.83,169.41,22511800.0
2018-06-13,176.1,175.82,169.4,37858600.0
2018-06-14,176.63,177.6,171.12,35916000.0
2018-06-15,176.93,176.98,170.52,49615700.0
2018-06-18,175.49,176.5,170.42,31633200.0
2018-06-19,174.27,176.0,169.94,38236000.0
2018-06-20,176.81,177.25,171.14,33038000.0
2018-06-21,177.7,175.71,169.66,43469400.0
2018-06-22,176.3,175.32,169.28,30073200.0
2018-06-25,173.73,171.37,165.47,77799700.0
2018-06-26,172.0,172.07,166.14,39008100.0
2018-06-27,172.8,169.73,163.88,52843500.0
2018-06-28,169.52,171.19,165.29,46407700.0
2018-06-29,172.01,171.65,165.74,36408500.0
2018-07-02,170.04,172.8,166.85,31770000.0
2018-07-03,173.45,170.8,164.92,25512700.0
2018-07-05,171.91,172.92,166.96,31626200.0
2018-07-06,173.32,175.61,169.56,37005600.0
2018-07-09,176.52,177.19,171.09,27362100.0
2018-07-10,177.52,177.32,171.21,23902500.0
2018-07-11,175.93,176.42,170.34,30280600.0
2018-07-12,177.2,179.46,173.28,27930100.0
2018-07-13,179.45,179.61,173.42,28049800.0
2018-07-16,179.65,179.18,173.01,21405300.0
2018-07-17,177.28,180.27,174.06,31034100.0
2018-07-18,180.29,179.93,173.73,23220800.0
2018-07-19,179.28,179.03,172.86,31094100.0
2018-07-20,179.57,178.99,172.82,35897300.0
2018-07-23,178.46,179.56,173.38,22184700.0
2018-07-24,181.41,180.3,174.09,36900300.0
2018-07-25,180.38,182.82,176.52,35026600.0
2018-07-26,180.34,180.05,173.85,40873500.0
2018-07-27,181.19,177.62,171.5,59456100.0
2018-07-30,177.63,175.11,169.08,60193000.0
2018-07-31,175.8,176.45,170.37,47285100.0
2018-08-01,176.86,177.12,171.02,37101900.0
2018-08-02,175.87,179.53,173.35,47178200.0
2018-08-03,179.87,180.08,173.88,28934400.0
2018-08-06,179.96,181.14,174.9,24808800.0
2018-08-07,181.65,181.8,175.54,29895700.0
2018-08-08,181.55,182.02,175.75,22680700.0
2018-08-09,181.91,181.91,175.64,18852900.0
2018-08-10,180.68,180.52,174.3,33818500.0
2018-08-13,180.85,180.32,174.11,26089200.0
2018-08-14,181.01,181.45,175.2,20913000.0
2018-08-15,180.01,179.23,173.06,58528000.0
2018-08-16,180.61,179.82,173.63,27711800.0
2018-08-17,179.35,179.86,173.66,36092600.0
2018-08-20,180.26,179.7,173.51,24939000.0
2018-08-21,180.24,180.36,174.15,26258700.0
2018-08-22,179.98,181.06,174.82,18042400.0
2018-08-23,180.74,180.8,174.57,25776200.0
2018-08-24,181.4,182.48,176.19,23136100.0
2018-08-27,183.4,184.34,177.99,29343600.0
2018-08-28,184.83,184.61,178.25,20277000.0
2018-08-29,184.93,186.74,180.31,29175600.0
2018-08-30,186.38,186.41,179.99,29315500.0
2018-08-31,186.18,186.65,180.22,28653200.0
2018-09-04,186.08,185.85,179.45,29063500.0
2018-09-05,185.52,183.45,177.13,42623300.0
2018-09-06,183.53,181.81,175.55,46091400.0
2018-09-07,180.5,181.11,174.87,46629500.0
2018-09-10,182.15,181.72,175.46,26132000.0
2018-09-11,180.99,183.12,176.81,30116500.0
2018-09-12,182.85,182.58,176.29,36204000.0
2018-09-13,183.72,184.53,178.17,31133200.0
2018-09-14,184.66,183.99,177.65,31224100.0
2018-09-17,183.68,181.34,175.09,33071200.0
2018-09-18,181.49,182.84,176.54,31877300.0
2018-09-19,182.87,182.7,176.41,31843400.0
2018-09-20,183.96,184.72,178.36,33295800.0
2018-09-21,185.22,183.71,177.38,38605400.0
2018-09-24,182.05,183.89,177.88,34945600.0
2018-09-25,183.81,184.14,178.12,25277500.0
2018-09-26,184.3,184.27,178.24,36210600.0
2018-09-27,185.02,185.83,179.75,33113300.0
2018-09-28,185.31,185.79,179.71,28076800.0
2018-10-01,186.87,186.17,180.08,27371300.0
2018-10-02,186.01,185.75,179.67,25618600.0
2018-10-03,186.53,185.95,179.87,29128700.0
2018-10-04,185.2,182.38,176.41,80557300.0
2018-10-05,182.36,180.15,174.26,83325600.0
2018-10-08,179.52,179.05,173.19,66864500.0
2018-10-09,179.18,179.63,173.75,49097900.0
2018-10-10,178.51,171.73,166.11,114471100.0
2018-10-11,171.02,169.6,164.05,143084500.0
2018-10-12,174.17,174.32,168.62,102078400.0
2018-10-15,173.71,172.21,166.58,64885300.0
2018-10-16,174.02,177.22,171.42,71979700.0
2018-10-17,178.08,177.29,171.49,66987600.0
2018-10-18,176.62,173.18,167.52,82486200.0
2018-10-19,174.58,173.02,167.36,82923700.0
2018-10-22,174.06,173.91,168.22,52909300.0
2018-10-23,170.64,173.27,167.6,77567000.0
2018-10-24,173.07,165.34,159.93,102997400.0
2018-10-25,167.91,171.06,165.47,83481100.0
2018-10-26,165.2,166.66,161.21,130970900.0
2018-10-29,169.21,163.23,157.89,111871900.0
2018-10-30,162.75,165.92,160.49,92584000.0
2018-10-31,168.62,169.82,164.27,73828600.0
2018-11-01,170.07,172.06,166.43,52706800.0
2018-11-02,171.53,169.38,163.84,75966800.0
2018-11-05,169.6,168.96,163.43,39573500.0
2018-11-06,168.97,170.24,164.67,34410400.0
2018-11-07,172.28,175.58,169.84,51169600.0
2018-11-08,174.76,174.46,168.75,40296500.0
2018-11-09,172.83,171.52,165.91,50602700.0
2018-11-12,170.32,166.33,160.89,62578400.0
2018-11-13,167.11,166.47,161.03,64128100.0
2018-11-14,168.12,165.2,159.8,75270700.0
2018-11-15,164.9,168.09,162.59,73254300.0
2018-11-16,166.45,167.5,162.02,65390700.0
2018-11-19,166.7,162.06,156.76,67280500.0
2018-11-20,158.37,159.16,153.95,102652800.0
2018-11-21,161.35,160.37,155.12,42965800.0
2018-11-23,159.09,159.21,154.0,23503700.0
2018-11-26,161.44,162.89,157.56,42012600.0
2018-11-27,162.0,163.44,158.09,36608100.0
2018-11-28,164.62,168.7,163.18,70141000.0
2018-11-29,167.99,168.15,162.65,44885700.0
2018-11-30,168.38,169.37,163.83,36722800.0
2018-12-03,173.11,172.33,166.69,50771700.0
2018-12-04,171.43,165.72,160.3,70594700.0
2018-12-06,162.38,166.89,161.43,71715500.0
2018-12-07,166.16,161.38,156.1,80432200.0
2018-12-10,161.08,163.07,157.74,73960800.0
2018-12-11,165.73,163.61,158.26,59058300.0
2018-12-12,166.0,165.05,159.65,53780000.0
2018-12-13,166.13,165.1,159.7,46378500.0
2018-12-14,163.21,161.08,155.81,56547400.0
2018-12-17,160.39,157.43,152.28,74834100.0
2018-12-18,158.65,158.42,153.24,63642100.0
2018-12-19,158.18,154.53,149.48,81856500.0
2018-12-20,154.15,152.29,147.31,99002100.0
2018-12-21,153.05,147.57,142.74,141129400.0
2018-12-24,146.08,143.5,139.2,56163300.0
2018-12-26,145.08,152.46,147.9,98982100.0
2018-12-27,150.37,153.05,148.47,85824300.0
2018-12-28,154.15,152.97,148.39,77856600.0
2018-12-31,154.47,154.26,149.64,53015300.0
2019-01-02,150.99,154.88,150.24,58576700.0
2019-01-03,152.6,149.82,145.33,74820200.0
2019-01-04,152.34,156.23,151.55,74709300.0
2019-01-07,156.62,158.09,153.36,52059300.0
2019-01-08,159.54,159.52,154.74,49388700.0
2019-01-09,160.14,160.82,156.01,46491700.0
2019-01-10,159.6,161.28,156.45,38943400.0
2019-01-11,160.33,160.69,155.88,30176600.0
2019-01-14,159.33,159.27,154.5,30710200.0
2019-01-15,160.0,162.38,157.52,40874200.0
2019-01-16,162.65,162.35,157.49,33812200.0
2019-01-17,161.83,163.63,158.73,39329000.0
2019-01-18,164.78,165.25,160.3,57183200.0
2019-01-22,164.06,161.94,157.09,56711700.0
2019-01-23,162.77,162.15,157.3,38106100.0
2019-01-24,162.68,163.2,158.31,32417800.0
2019-01-25,164.51,165.15,160.21,36515900.0
2019-01-28,163.02,163.11,158.23,33491200.0
2019-01-29,163.2,161.57,156.73,30784200.0
2019-01-30,163.4,165.68,160.72,41346500.0
2019-01-31,166.7,168.16,163.13,37258400.0
2019-02-01,167.33,167.45,162.44,32143700.0
2019-02-04,167.48,169.53,164.45,26718800.0
2019-02-05,169.76,171.03,165.91,28156400.0
2019-02-06,171.07,170.52,165.41,27970000.0
2019-02-07,169.03,168.23,163.19,42036200.0
2019-02-08,166.76,168.56,163.51,29020700.0
2019-02-11,169.17,168.4,163.36,21434100.0
2019-02-12,169.63,170.89,165.77,29722100.0
2019-02-13,171.65,171.01,165.89,26094100.0
2019-02-14,170.4,171.22,166.09,30326800.0
2019-02-15,172.52,171.94,166.79,32521700.0
2019-02-19,171.41,172.28,167.12,19487700.0
2019-02-20,172.4,172.25,167.09,32593000.0
2019-02-21,171.79,171.62,166.48,25207400.0
2019-02-22,171.99,172.89,167.71,27735400.0
2019-02-25,174.21,173.52,168.32,32608800.0
2019-02-26,173.1,173.7,168.5,21939700.0
2019-02-27,172.9,173.59,168.39,25162000.0
2019-02-28,173.05,173.19,168.0,25085500.0
2019-03-01,174.44,174.39,169.17,31431200.0
2019-03-04,175.54,174.42,169.2,38063500.0
2019-03-05,174.55,174.55,169.32,22319900.0
2019-03-06,174.72,173.56,168.36,27194600.0
2019-03-07,173.12,171.43,166.3,39407400.0
2019-03-08,169.51,171.17,166.05,39303200.0
2019-03-11,171.88,174.73,169.5,30518400.0
2019-03-12,175.19,175.69,170.43,33953500.0
2019-03-13,176.6,177.01,171.71,42426100.0
2019-03-14,177.13,176.71,171.42,23751500.0
2019-03-15,177.4,178.35,173.01,38192000.0
2019-03-18,177.95,178.45,173.42,32935100.0
2019-03-19,179.18,179.05,174.01,36893300.0
2019-03-20,179.06,179.76,174.7,50105000.0
2019-03-21,179.22,182.57,177.43,42428500.0
2019-03-22,181.78,178.56,173.53,70794500.0
2019-03-25,177.91,178.22,173.2,46336500.0
2019-03-26,179.6,179.05,174.01,33248100.0
2019-03-27,179.32,177.9,172.89,37096700.0
2019-03-28,178.36,178.31,173.29,30368200.0
2019-03-29,179.69,179.66,174.6,35205500.0
2019-04-01,181.51,182.04,176.91,30969500.0
2019-04-02,182.24,182.73,177.58,22645200.0
2019-04-03,183.76,183.78,178.6,31633500.0
2019-04-04,183.83,183.71,178.53,28530800.0
2019-04-05,184.24,184.66,179.46,25674700.0
2019-04-08,184.36,185.13,179.91,22697500.0
2019-04-09,184.5,184.48,179.28,25631900.0
2019-04-10,184.72,185.47,180.24,24563000.0
2019-04-11,185.78,185.03,179.82,20654100.0
2019-04-12,185.85,185.83,180.59,24989100.0
2019-04-15,185.84,185.86,180.62,21073000.0
2019-04-16,186.54,186.5,181.25,27195700.0
2019-04-17,187.75,187.15,181.88,29651600.0
2019-04-18,187.46,187.39,182.11,28580900.0
2019-04-22,186.57,187.92,182.63,17936000.0
2019-04-23,188.4,190.31,184.95,33665600.0
2019-04-24,190.47,189.71,184.37,24977100.0
2019-04-25,191.13,190.48,185.11,29517500.0
2019-04-26,190.18,190.65,185.28,26359500.0
2019-04-29,190.65,191.02,185.64,21716200.0
2019-04-30,189.48,189.54,184.2,31495300.0
2019-05-01,190.78,188.93,183.61,34797100.0
2019-05-02,188.87,188.11,182.81,44110100.0
2019-05-03,189.67,191.11,185.73,30386200.0
2019-05-06,187.05,189.94,184.59,38371800.0
2019-05-07,187.87,186.24,180.99,58818100.0
2019-05-08,185.63,185.77,180.54,37165300.0
2019-05-09,183.7,184.77,179.56,55351700.0
2019-05-10,184.11,185.0,179.79,58526400.0
2019-05-13,180.29,178.58,173.55,67185800.0
2019-05-14,179.52,180.54,175.45,43360600.0
2019-05-15,179.35,183.09,177.93,40944500.0
2019-05-16,183.17,184.93,179.72,39281200.0
2019-05-17,183.1,183.04,177.88,44702300.0
2019-05-20,180.49,179.95,174.88,38608300.0
2019-05-21,181.5,181.83,176.71,31613800.0
2019-05-22,180.82,181.02,175.92,24332600.0
2019-05-23,178.94,178.25,173.23,45351300.0
2019-05-24,179.21,178.16,173.14,25903300.0
2019-05-28,178.66,177.49,172.49,24763800.0
2019-05-29,176.39,176.03,171.07,42178800.0
2019-05-30,176.5,176.77,171.79,30354800.0
2019-05-31,174.69,173.95,169.05,45446200.0
2019-06-03,173.48,170.12,165.33,75842300.0
2019-06-04,172.03,174.91,169.98,47797800.0
2019-06-05,176.58,176.21,171.25,34412700.0
2019-06-06,176.51,177.61,172.61,29913200.0
2019-06-07,178.56,181.04,175.94,45888300.0
2019-06-10,182.25,183.15,177.99,41385300.0
2019-06-11,185.06,183.4,178.23,41260300.0
2019-06-12,182.9,182.34,177.2,27758100.0
2019-06-13,183.1,183.42,178.25,23715800.0
2019-06-14,182.48,182.64,177.49,22844100.0
2019-06-17,183.04,183.74,178.56,20379500.0
2019-06-18,185.91,186.41,181.16,48177300.0
2019-06-19,186.66,187.11,181.84,31672900.0
2019-06-20,189.72,188.85,183.53,40922000.0
2019-06-21,188.63,188.57,183.26,39980400.0
2019-06-24,188.53,188.16,183.26,19375200.0
2019-06-25,188.03,184.93,180.12,33921100.0
2019-06-26,186.16,185.79,180.95,22595700.0
2019-06-27,186.46,186.5,181.65,19709200.0
2019-06-28,186.95,186.74,181.88,21179200.0
2019-07-01,190.32,189.26,184.33,31025600.0
2019-07-02,189.2,190.01,185.06,18035800.0
2019-07-03,190.49,191.44,186.46,15792100.0
2019-07-05,190.13,191.05,186.08,21415600.0
2019-07-08,189.81,189.71,184.77,17598800.0
2019-07-09,188.81,190.66,185.7,19193500.0
2019-07-10,191.82,192.56,187.55,28374500.0
2019-07-11,192.85,192.42,187.41,23736100.0
2019-07-12,192.63,193.53,188.49,20211900.0
2019-07-15,193.98,194.15,189.1,15606100.0
2019-07-16,193.91,193.15,188.12,20190900.0
2019-07-17,193.15,192.2,187.2,16765100.0
2019-07-18,191.29,192.42,187.41,28877000.0
2019-07-19,193.74,191.01,186.04,29387900.0
2019-07-22,191.44,192.53,187.52,18954900.0
2019-07-23,193.58,193.79,188.75,23786700.0
2019-07-24,193.05,195.15,190.07,20422900.0
2019-07-25,194.49,193.3,188.27,23434700.0
2019-07-26,194.53,195.29,190.21,20431200.0
2019-07-29,195.11,194.62,189.55,20451700.0
2019-07-30,193.13,193.78,188.74,18705000.0
2019-07-31,194.3,191.1,186.13,41627500.0
2019-08-01,191.43,190.15,185.2,63251600.0
2019-08-02,188.72,187.35,182.47,55214000.0
2019-08-05,183.43,180.73,176.03,75040000.0
2019-08-06,182.4,183.26,178.49,41897200.0
2019-08-07,181.27,184.25,179.45,49990600.0
2019-08-08,185.08,188.26,183.36,38418100.0
2019-08-09,187.36,186.49,181.64,33608900.0
2019-08-12,185.34,184.35,179.55,24642900.0
2019-08-13,184.19,188.39,183.49,40241900.0
2019-08-14,185.36,182.76,178.0,51000500.0
2019-08-15,183.0,182.55,177.8,36685000.0
2019-08-16,184.21,185.48,180.65,32781400.0
2019-08-19,188.16,188.43,183.53,22494100.0
2019-08-20,187.96,186.97,182.1,19902900.0
2019-08-21,188.61,188.63,183.72,20418500.0
2019-08-22,188.98,188.02,183.13,24243700.0
2019-08-23,186.74,182.07,177.33,55372400.0
2019-08-26,184.14,184.82,180.01,27598900.0
2019-08-27,186.11,184.43,179.63,28012800.0
2019-08-28,183.83,185.09,180.27,21792400.0
2019-08-29,187.39,187.92,183.03,25358900.0
2019-08-30,188.93,187.47,182.59,26319800.0
2019-09-03,186.22,185.65,180.82,27964200.0
2019-09-04,187.44,188.33,183.43,21592100.0
2019-09-05,190.41,191.78,186.79,33932600.0
2019-09-06,192.1,191.59,186.6,19487800.0
2019-09-09,192.19,191.19,186.21,24407600.0
2019-09-10,190.16,190.64,185.68,23744700.0
2019-09-11,191.0,192.43,187.42,25063600.0
2019-09-12,193.61,193.23,188.2,28689900.0
2019-09-13,192.95,192.54,187.53,27669800.0
2019-09-16,191.3,191.68,186.69,20319000.0
2019-09-17,191.7,192.6,187.59,20953400.0
2019-09-18,192.2,192.52,187.51,29781300.0
2019-09-19,192.86,192.84,187.82,26039400.0
2019-09-20,193.11,190.8,185.83,29086100.0
2019-09-23,190.36,190.5,185.92,22485900.0
2019-09-24,191.37,187.97,183.45,40820700.0
2019-09-25,187.78,190.08,185.51,34704900.0
2019-09-26,189.83,189.38,184.82,26826000.0
2019-09-27,189.73,187.03,182.53,40773500.0
2019-09-30,187.79,188.81,184.27,26307700.0
2019-10-01,189.5,187.27,182.76,32367600.0
2019-10-02,186.0,184.05,179.62,48544300.0
2019-10-03,184.03,186.07,181.59,39392500.0
2019-10-04,187.08,188.81,184.27,31887600.0
2019-10-07,188.27,188.24,183.71,21216000.0
2019-10-08,187.06,185.42,180.96,32379300.0
2019-10-09,186.99,187.23,182.72,20147400.0
2019-10-10,187.28,188.68,184.14,25177700.0
2019-10-11,190.83,191.11,186.51,40976700.0
2019-10-14,190.84,191.09,186.49,14975000.0
2019-10-15,191.68,193.52,188.86,23234200.0
2019-10-16,192.86,193.04,188.4,20457100.0
2019-10-17,194.2,193.55,188.89,19045200.0
2019-10-18,193.2,191.69,187.08,27700800.0
2019-10-21,192.71,193.39,188.74,15801200.0
2019-10-22,194.15,191.85,187.23,22392300.0
2019-10-23,191.46,192.22,187.59,14828400.0
2019-10-24,193.59,194.09,189.42,18998500.0
2019-10-25,193.09,195.64,190.93,21507100.0
2019-10-28,196.55,197.57,192.82,18818700.0
2019-10-29,197.24,196.04,191.32,18569700.0
2019-10-30,196.42,196.99,192.25,21764300.0
2019-10-31,197.56,197.08,192.34,26801800.0
2019-11-01,197.93,198.87,194.08,22131900.0
2019-11-04,200.19,200.1,195.29,19015900.0
2019-11-05,200.35,200.21,195.39,15048900.0
2019-11-06,199.98,199.76,194.95,19725500.0
2019-11-07,200.76,200.43,195.61,17832400.0
2019-11-08,200.07,201.23,196.39,15258800.0
2019-11-11,200.21,200.96,196.12,10147600.0
2019-11-12,201.13,201.54,196.69,14778300.0
2019-11-13,200.84,201.59,196.74,15774600.0
2019-11-14,200.83,201.43,196.58,16945400.0
2019-11-15,202.65,202.91,198.03,18427900.0
2019-11-18,202.59,203.07,198.18,18365900.0
2019-11-19,203.84,203.37,198.48,16923300.0
2019-11-20,202.84,202.15,197.29,36629000.0
2019-11-21,201.93,201.7,196.85,17883600.0
2019-11-22,202.2,201.83,196.97,17189600.0
2019-11-25,202.7,204.22,199.31,17752800.0
2019-11-26,204.35,204.61,199.69,14780600.0
2019-11-27,205.14,206.04,201.08,16963100.0
2019-11-29,205.52,205.1,200.16,9854600.0
2019-12-02,205.11,203.0,198.12,28007000.0
2019-12-03,200.21,201.41,196.56,31104100.0
2019-12-04,202.44,202.43,197.56,15300100.0
2019-12-05,203.15,202.83,197.95,14962300.0
2019-12-06,204.31,205.0,200.07,16555300.0
2019-12-09,204.63,204.07,199.16,13984100.0
2019-12-10,204.17,203.9,198.99,21799800.0
2019-12-11,204.36,204.98,200.05,18780800.0
2019-12-12,204.77,206.51,201.54,32612000.0
2019-12-13,206.4,207.19,202.2,32519400.0
2019-12-16,208.55,209.27,204.23,21296600.0
2019-12-17,209.54,209.39,204.35,15996100.0
2019-12-18,209.57,209.55,204.51,15443300.0
2019-12-19,209.64,210.86,205.79,17865900.0
2019-12-20,211.86,211.71,206.62,27672600.0
2019-12-23,212.0,211.81,207.16,23774700.0
2019-12-24,212.0,211.92,207.27,7089000.0
2019-12-26,212.26,213.79,209.1,17067500.0
2019-12-27,214.54,213.61,208.92,18134100.0
2019-12-30,213.5,212.21,207.55,21815500.0
2019-12-31,211.53,212.61,207.94,18170900.0
2020-01-02,214.4,216.16,211.42,30969400.0
2020-01-03,213.3,214.18,209.48,27518900.0
2020-01-06,212.5,215.56,210.83,21655300.0
2020-01-07,215.64,215.53,210.8,22139300.0
2020-01-08,215.5,217.15,212.38,26397300.0
2020-01-09,218.94,218.99,214.18,23547000.0
2020-01-10,219.85,218.43,213.64,21898500.0
2020-01-13,219.33,220.95,216.1,22756900.0
2020-01-14,220.84,220.08,215.25,24418100.0
2020-01-15,220.2,220.17,215.34,25742100.0
2020-01-16,221.27,222.28,217.4,18805000.0
2020-01-17,223.28,223.38,218.48,24325200.0
2020-01-21,222.76,223.28,218.38,21146300.0
2020-01-22,224.41,223.87,218.96,20736400.0
2020-01-23,223.74,224.59,219.66,26496100.0
2020-01-24,225.64,222.7,217.81,37436500.0
2020-01-27,217.67,218.1,213.31,42264400.0
2020-01-28,219.64,221.45,216.59,26731900.0
2020-01-29,222.68,221.81,216.94,28924500.0
2020-01-30,220.38,222.6,217.71,39568100.0
2020-01-31,223.53,219.07,214.26,52015800.0
2020-02-03,220.14,222.38,217.5,25408600.0
2020-02-04,225.42,227.47,222.48,30691200.0
2020-02-05,230.21,228.22,223.21,38534800.0
2020-02-06,228.79,230.19,225.14,22467100.0
2020-02-07,229.16,229.2,224.17,25884900.0
2020-02-10,228.44,231.97,226.88,21478900.0
2020-02-11,233.25,232.01,226.92,30198000.0
2020-02-12,233.38,234.27,229.13,24471300.0
2020-02-13,232.64,233.97,228.84,22773200.0
2020-02-14,234.34,234.64,229.49,23438500.0
2020-02-18,233.5,234.73,229.58,24394500.0
2020-02-19,236.13,236.98,231.78,22230500.0
2020-02-20,236.46,234.78,229.63,42604000.0
2020-02-21,233.61,230.27,225.22,66017200.0
2020-02-24,221.68,221.39,216.53,84522600.0
2020-02-25,223.25,215.37,210.64,97743000.0
2020-02-26,216.71,216.48,211.73,79537700.0
2020-02-27,210.9,205.64,201.13,121822600.0
2020-02-28,198.64,205.8,201.28,148173700.0
2020-03-02,208.88,216.42,211.67,112933900.0
2020-03-03,217.11,209.48,204.88,131953500.0
2020-03-04,213.32,218.22,213.43,73086200.0
2020-03-05,212.69,211.59,206.95,78705500.0
2020-03-06,204.67,208.02,203.45,89828400.0
2020-03-09,193.48,193.57,189.32,116424000.0
2020-03-10,201.11,204.11,199.63,100599200.0
2020-03-11,199.35,195.22,190.94,89168800.0
2020-03-12,182.09,177.32,173.43,137820700.0
2020-03-13,187.07,192.34,188.12,134882000.0
2020-03-16,174.15,169.3,165.58,92054400.0
2020-03-17,175.47,182.14,178.14,121257100.0
2020-03-18,171.61,176.6,172.72,114156300.0
2020-03-19,175.69,177.66,173.76,120896500.0
2020-03-20,181.74,170.7,166.95,118983900.0
2020-03-23,170.92,170.46,167.07,124639800.0
2020-03-24,179.91,183.66,180.01,94881800.0
2020-03-25,184.42,182.3,178.68,88754900.0
2020-03-26,183.87,191.9,188.09,79887600.0
2020-03-27,186.93,185.3,181.62,58845000.0
2020-03-30,187.06,192.04,188.23,49356900.0
2020-03-31,191.72,190.4,186.62,62659300.0
2020-04-01,184.77,182.31,178.69,53715400.0
2020-04-02,181.24,186.01,182.32,56465300.0
2020-04-03,185.55,183.37,179.73,47487600.0
2020-04-06,190.48,196.48,192.58,64763500.0
2020-04-07,202.37,196.4,192.5,69904500.0
2020-04-08,198.15,200.57,196.59,45940400.0
2020-04-09,202.35,200.86,196.87,68252600.0
2020-04-13,200.0,203.03,199.0,42853900.0
2020-04-14,207.23,211.86,207.65,63959600.0
2020-04-15,208.48,209.43,205.27,47036000.0
2020-04-16,211.69,213.25,209.01,64657400.0
2020-04-17,216.17,215.29,211.01,62863200.0
2020-04-20,213.36,212.74,208.51,38249100.0
2020-04-21,210.6,204.89,200.82,72932800.0
2020-04-22,209.1,210.97,206.78,40089100.0
2020-04-23,211.79,210.52,206.34,43278500.0
2020-04-24,210.97,213.84,209.59,34231900.0
2020-04-27,216.19,215.56,211.28,36451700.0
2020-04-28,217.32,211.5,207.3,46862800.0
2020-04-29,216.19,219.0,214.65,48716400.0
2020-04-30,219.95,218.91,214.56,43359500.0
2020-05-01,214.5,212.74,208.51,48795000.0
2020-05-04,211.46,215.22,210.95,32841000.0
2020-05-05,217.44,217.66,213.34,37783100.0
2020-05-06,219.4,219.0,214.65,36455200.0
2020-05-07,221.82,221.82,217.41,38624800.0
2020-05-08,223.55,224.86,220.39,31852300.0
2020-05-11,223.49,226.87,222.36,35714100.0
2020-05-12,227.49,222.12,217.71,41054100.0
2020-05-13,222.66,219.34,214.98,65521200.0
2020-05-14,217.97,221.83,217.42,51549300.0
2020-05-15,218.78,223.27,218.84,55747200.0
2020-05-18,226.28,227.43,222.91,42398100.0
2020-05-19,227.7,226.86,222.35,36237300.0
2020-05-20,229.5,231.39,226.79,37417000.0
2020-05-21,231.44,228.87,224.32,43642900.0
2020-05-22,228.45,229.66,225.1,28762400.0
2020-05-26,233.36,229.04,224.49,33055300.0
2020-05-27,228.69,230.29,225.72,55665600.0
2020-05-28,229.11,229.99,225.42,42784300.0
2020-05-29,230.38,233.36,228.73,50691800.0
2020-06-01,232.46,234.06,229.41,25776000.0
2020-06-02,234.5,235.63,230.95,33383400.0
2020-06-03,236.26,236.69,231.99,37228700.0
2020-06-04,236.33,235.03,230.36,38716100.0
2020-06-05,236.22,239.69,234.93,47365600.0
2020-06-08,239.54,241.55,236.75,32937300.0
2020-06-09,240.66,243.3,238.47,35046300.0
2020-06-10,245.05,246.22,241.33,58084400.0
2020-06-11,242.16,234.02,229.37,72919400.0
2020-06-12,239.09,235.88,231.2,72034800.0
2020-06-15,232.44,238.75,234.01,45307400.0
2020-06-16,243.78,242.85,238.03,48890100.0
2020-06-17,244.4,243.62,238.78,34749300.0
2020-06-18,243.29,244.28,239.43,30578600.0
2020-06-19,246.73,244.24,239.39,49422100.0
2020-06-22,243.68,246.74,242.26,24068700.0
2020-06-23,248.39,248.84,244.32,32767400.0
2020-06-24,248.06,243.71,239.28,46032400.0
2020-06-25,243.8,246.03,241.56,36940800.0
2020-06-26,245.78,240.22,235.86,52824600.0
2020-06-29,239.97,242.84,238.43,34377800.0
2020-06-30,242.77,247.6,243.1,38909200.0
2020-07-01,247.64,250.49,245.94,34689200.0
2020-07-02,253.02,252.19,247.61,31956500.0
2020-07-06,255.45,258.39,253.7,34589000.0
2020-07-07,258.13,256.61,251.95,36578200.0
2020-07-08,257.98,259.99,255.27,30426300.0
2020-07-09,261.97,262.18,257.42,40312900.0
2020-07-10,262.03,263.97,259.18,32885300.0
2020-07-13,266.91,258.54,253.85,64108100.0
2020-07-14,255.93,260.37,255.64,72230500.0
2020-07-15,261.83,260.9,256.16,54523900.0
2020-07-16,258.02,259.12,254.42,47594100.0
2020-07-17,259.59,259.42,254.71,35137900.0
2020-07-20,260.08,266.78,261.94,40610100.0
2020-07-21,268.4,264.0,259.21,43243800.0
2020-07-22,264.51,264.93,260.12,29865500.0
2020-07-23,264.51,258.01,253.33,51363500.0
2020-07-24,254.04,255.56,250.92,54054500.0
2020-07-27,257.26,260.12,255.4,36445700.0
2020-07-28,259.31,256.81,252.15,31302400.0
2020-07-29,258.4,259.77,255.05,27556900.0
2020-07-30,257.74,261.13,256.39,41774500.0
2020-07-31,265.91,265.79,260.96,53686300.0
2020-08-03,268.0,269.38,264.49,32081600.0
2020-08-04,268.86,270.38,265.47,24911300.0
2020-08-05,270.88,271.05,266.13,21612100.0
2020-08-06,270.85,274.64,269.65,28048200.0
2020-08-07,274.08,271.47,266.54,44969400.0
2020-08-10,271.77,270.31,265.4,35088400.0
2020-08-11,269.11,265.19,260.37,43104300.0
2020-08-12,267.42,271.86,266.92,38773400.0
2020-08-13,272.66,272.48,267.53,31895700.0
2020-08-14,273.12,272.16,267.22,30799500.0
2020-08-17,273.93,275.32,270.32,24803000.0
2020-08-18,276.42,277.97,272.92,23529500.0
2020-08-19,277.93,276.1,271.09,31999400.0
2020-08-20,275.28,279.93,274.85,27723400.0
2020-08-21,280.13,281.87,276.75,34748900.0
2020-08-24,285.25,283.63,278.48,36418500.0
2020-08-25,282.83,285.86,280.67,34866600.0
2020-08-26,287.15,291.96,286.66,42216700.0
2020-08-27,292.97,291.05,285.77,49482700.0
2020-08-28,292.33,292.53,287.22,28021000.0
2020-08-31,293.07,294.88,289.53,36321000.0
2020-09-01,297.62,299.92,294.47,36216200.0
2020-09-02,303.28,302.76,297.26,50836800.0
2020-09-03,298.1,287.41,282.19,110083300.0
2020-09-04,285.56,283.58,278.43,123959000.0
2020-09-08,272.22,269.95,265.05,99568600.0
2020-09-09,275.64,277.88,272.83,64837900.0
2020-09-10,280.94,272.34,267.4,69667500.0
2020-09-11,274.15,270.45,265.54,71809000.0
2020-09-14,274.36,275.16,270.16,38525200.0
2020-09-15,279.03,279.06,273.99,41849900.0
2020-09-16,279.88,274.61,269.62,42321000.0
2020-09-17,267.55,270.32,265.41,81570800.0
2020-09-18,271.79,266.87,262.02,86251100.0
2020-09-21,262.47,267.51,262.65,57168600.0
2020-09-22,269.99,272.48,267.53,41128900.0
2020-09-23,272.15,264.16,259.36,48837300.0
2020-09-24,261.39,265.39,260.57,70631700.0
2020-09-25,265.91,271.56,266.63,55242400.0
2020-09-28,276.58,277.2,272.17,58438300.0
2020-09-29,276.62,275.95,270.94,27050000.0
2020-09-30,276.15,277.84,272.8,49380800.0
2020-10-01,281.79,282.25,277.13,50020200.0
2020-10-02,276.02,274.31,269.33,75497400.0
2020-10-05,276.34,280.16,275.07,28184600.0
2020-10-06,279.45,275.16,270.16,49704200.0
2020-10-07,277.89,279.92,274.84,27539700.0
2020-10-08,282.4,281.41,276.3,25443300.0
2020-10-09,283.11,285.71,280.52,30201100.0
2020-10-12,290.55,294.53,289.18,79370700.0
2020-10-13,296.39,294.52,289.17,64240000.0
2020-10-14,295.35,292.06,286.76,36949100.0
2020-10-15,287.2,290.1,284.83,42514200.0
2020-10-16,291.8,288.51,283.27,40570700.0
2020-10-19,290.49,283.8,278.65,36756800.0
2020-10-20,284.56,284.41,279.25,32195400.0
2020-10-21,284.67,284.19,279.03,29306100.0
2020-10-22,285.05,284.18,279.02,32196200.0
2020-10-23,284.77,284.74,279.57,24658500.0
2020-10-26,282.38,280.47,275.38,38421100.0
2020-10-27,281.5,282.66,277.53,30559100.0
2020-10-28,278.01,271.64,266.71,53413500.0
2020-10-29,273.0,276.39,271.37,43246300.0
2020-10-30,274.34,269.38,264.49,65838300.0
2020-11-02,271.85,269.98,265.08,39987400.0
2020-11-03,271.96,274.65,269.66,43604100.0
2020-11-04,283.59,286.91,281.7,75728200.0
2020-11-05,293.53,294.39,289.04,52054200.0
2020-11-06,293.71,294.61,289.26,40959800.0
2020-11-09,297.65,288.59,283.35,86537100.0
2020-11-10,285.17,283.42,278.27,69024900.0
2020-11-11,286.03,289.76,284.5,36102900.0
2020-11-12,290.76,288.4,283.16,34414600.0
2020-11-13,290.17,290.93,285.65,24806900.0
2020-11-16,290.62,293.2,287.88,30168400.0
2020-11-17,293.4,292.27,286.96,21843500.0
2020-11-18,291.7,290.11,284.84,28069600.0
2020-11-19,289.54,292.38,287.07,22718400.0
2020-11-20,292.3,290.38,285.11,25907300.0
2020-11-23,291.41,290.39,285.12,26875600.0
2020-11-24,291.49,294.47,289.12,24516800.0
2020-11-25,295.57,296.28,290.9,23326800.0
2020-11-27,298.31,299.01,293.58,17163100.0
2020-11-30,299.34,299.62,294.18,27836200.0
2020-12-01,301.97,303.46,297.95,27521300.0
2020-12-02,302.25,303.85,298.33,23620000.0
2020-12-03,304.17,304.28,298.76,22828700.0
2020-12-04,304.33,305.52,299.97,19332100.0
2020-12-07,305.71,307.25,301.67,20851000.0
2020-12-08,306.76,308.29,302.69,18341500.0
2020-12-09,308.07,301.31,295.84,48839300.0
2020-12-10,299.21,302.52,297.03,27519500.0
2020-12-11,300.81,301.85,296.37,26760400.0
2020-12-14,303.08,304.04,298.52,28804800.0
2020-12-15,306.37,307.29,301.71,25709000.0
2020-12-16,307.7,308.98,303.37,25461900.0
2020-12-17,310.63,311.0,305.35,23730500.0
2020-12-18,311.66,310.06,304.43,41173400.0
2020-12-21,306.46,308.92,303.86,37095500.0
2020-12-22,309.85,309.76,304.69,26176300.0
2020-12-23,309.81,308.2,303.15,21201300.0
2020-12-24,308.47,309.56,304.49,16785000.0
2020-12-28,312.25,312.68,307.56,22497700.0
2020-12-29,314.05,312.96,307.83,25871900.0
2020-12-30,314.16,312.97,307.84,18138100.0
2020-12-31,312.87,313.74,308.6,21611400.0
2021-01-04,315.11,309.31,304.24,45305900.0
2021-01-05,308.29,311.86,306.75,29323400.0
2021-01-06,307.0,307.54,302.5,52809600.0
2021-01-07,310.28,314.98,309.82,30394800.0
2021-01-08,317.34,319.03,313.81,33955800.0
2021-01-11,315.98,314.42,309.27,32746400.0
2021-01-12,314.46,313.92,308.78,29266800.0
2021-01-13,314.19,316.04,310.86,22898400.0
2021-01-14,316.5,314.35,309.2,23500100.0
2021-01-15,314.13,311.86,306.75,35118700.0
2021-01-19,314.25,316.41,311.23,24537000.0
2021-01-20,320.14,323.77,318.47,30728100.0
2021-01-21,325.15,326.36,321.02,25130600.0
2021-01-22,325.29,325.42,320.09,21609400.0
2021-01-25,328.91,328.11,322.74,39080600.0
2021-01-26,328.85,328.59,323.21,25498100.0
2021-01-27,326.26,319.43,314.2,55264000.0
2021-01-28,320.67,321.32,316.06,42836300.0
2021-01-29,319.58,314.56,309.41,55259000.0
2021-02-01,318.11,322.42,317.14,35646000.0
2021-02-02,325.48,327.68,322.31,33930800.0
2021-02-03,329.82,326.38,321.03,24824500.0
2021-02-04,327.82,330.24,324.83,22350900.0
2021-02-05,331.22,331.36,325.93,22732000.0
2021-02-08,333.1,333.58,328.12,20462800.0
2021-02-09,332.62,333.51,328.05,17597500.0
2021-02-10,334.99,332.75,327.3,28068700.0
2021-02-11,334.33,334.58,329.1,22046100.0
2021-02-12,333.71,336.45,330.94,20346800.0
2021-02-16,337.27,335.54,330.04,27080800.0
2021-02-17,332.47,333.93,328.46,31360300.0
2021-02-18,330.23,332.47,327.03,32236200.0
2021-02-19,333.86,331.02,325.6,39157700.0
2021-02-22,326.5,322.44,317.16,47256900.0
2021-02-23,317.0,321.48,316.22,97241900.0
2021-02-24,318.74,324.13,318.82,58206300.0
2021-02-25,321.39,312.83,307.71,110182600.0
2021-02-26,315.85,314.14,309.0,104739800.0
2021-03-01,319.27,323.59,318.29,49164500.0
2021-03-02,324.25,318.4,313.19,48370000.0
2021-03-03,317.27,309.16,304.1,86301100.0
2021-03-04,308.78,304.1,299.12,139131600.0
2021-03-05,306.8,308.68,303.62,121523700.0
2021-03-08,308.12,299.94,295.03,88409800.0
2021-03-09,307.47,311.77,306.66,80391100.0
2021-03-10,316.16,310.88,305.79,76798100.0
2021-03-11,315.77,318.04,312.83,53484800.0
2021-03-12,313.86,315.46,310.29,69315600.0
2021-03-15,315.79,318.83,313.61,42955700.0
2021-03-16,321.09,320.58,315.33,54925900.0
2021-03-17,317.45,321.9,316.63,78258700.0
2021-03-18,316.87,312.04,306.93,82718100.0
2021-03-19,311.87,313.14,308.01,78446200.0
2021-03-22,315.21,318.61,313.79,56194800.0
2021-03-23,319.73,317.22,312.42,53455400.0
2021-03-24,318.63,311.87,307.15,64803700.0
2021-03-25,309.97,311.33,306.62,78729000.0
2021-03-26,311.11,316.0,311.22,63519600.0
2021-03-29,315.45,315.91,311.13,54608000.0
2021-03-30,313.89,314.32,309.56,44635700.0
2021-03-31,316.16,319.13,314.3,55032500.0
2021-04-01,323.07,324.57,319.66,55685600.0
2021-04-05,327.13,331.05,326.04,42172500.0
2021-04-06,330.73,330.82,325.81,33537200.0
2021-04-07,330.33,331.62,326.6,32046400.0
2021-04-08,334.56,335.08,330.01,29940800.0
2021-04-09,333.68,337.11,332.01,36664900.0
2021-04-12,336.04,336.67,331.57,25833000.0
2021-04-13,338.24,340.6,335.45,30374000.0
2021-04-14,340.85,336.51,331.42,42564300.0
2021-04-15,339.47,341.61,336.44,36342800.0
2021-04-16,342.15,342.01,336.83,40860100.0
2021-04-19,340.39,338.88,333.75,34533100.0
2021-04-20,338.2,336.41,331.32,38081800.0
2021-04-21,335.09,339.29,334.15,36598100.0
2021-04-22,338.89,335.2,330.13,45936100.0
2021-04-23,335.85,339.42,334.28,36381900.0
2021-04-26,339.67,341.63,336.46,30812000.0
2021-04-27,341.93,340.15,335.0,33187200.0
2021-04-28,339.81,339.0,333.87,33615700.0
2021-04-29,342.37,340.22,335.07,37708900.0
2021-04-30,337.7,337.99,332.87,38263400.0
2021-05-03,339.23,336.19,331.1,29729700.0
2021-05-04,333.56,330.14,325.14,65147000.0
2021-05-05,332.25,329.03,324.05,46219300.0
2021-05-06,328.76,331.51,326.49,46814300.0
2021-05-07,334.37,334.2,329.14,53324500.0
2021-05-10,332.78,325.76,320.83,60700500.0
2021-05-11,319.7,325.31,320.39,71963600.0
2021-05-12,320.23,316.89,312.09,91164900.0
2021-05-13,319.92,319.34,314.51,69877800.0
2021-05-14,322.6,326.39,321.45,44370000.0
2021-05-17,324.63,324.41,319.5,39395000.0
2021-05-18,325.39,322.22,317.34,36528500.0
2021-05-19,316.66,322.59,317.71,66319100.0
2021-05-20,324.12,328.83,323.85,46466100.0
2021-05-21,330.43,327.01,322.06,50330400.0
2021-05-24,329.37,332.51,327.48,32475800.0
2021-05-25,334.07,332.97,327.93,31280300.0
2021-05-26,333.66,334.13,329.07,25444900.0
2021-05-27,333.67,332.88,327.84,27931700.0
2021-05-28,334.12,333.93,328.88,29927400.0
2021-06-01,335.3,332.82,327.78,31145400.0
2021-06-02,333.25,333.47,328.42,22047900.0
2021-06-03,330.55,330.0,325.01,37057800.0
2021-06-04,331.85,335.6,330.52,38736500.0
2021-06-07,335.05,336.6,331.51,32611900.0
2021-06-08,338.4,336.76,331.66,27282800.0
2021-06-09,338.17,336.84,331.74,21485300.0
2021-06-10,337.19,340.35,335.2,33702100.0
2021-06-11,340.36,341.24,336.08,21222800.0
2021-06-14,341.68,344.51,339.3,27827700.0
2021-06-15,344.15,342.26,337.08,35963800.0
2021-06-16,342.74,341.01,335.85,55399500.0
2021-06-17,339.97,345.34,340.11,59722700.0
2021-06-18,343.63,342.63,337.44,55414900.0
2021-06-21,342.43,344.36,339.54,32992600.0
2021-06-22,344.15,347.57,342.71,28941600.0
2021-06-23,347.51,347.74,342.87,27188500.0
2021-06-24,349.73,349.89,344.99,32581600.0
2021-06-25,350.47,349.46,344.57,28682800.0
2021-06-28,350.78,353.71,348.76,39130300.0
2021-06-29,353.53,354.99,350.02,29426000.0
2021-06-30,354.83,354.43,349.47,32724000.0
2021-07-01,354.07,354.57,349.61,29290000.0
2021-07-02,356.52,358.64,353.62,32727200.0
2021-07-06,359.26,360.19,355.15,38842400.0
2021-07-07,362.45,360.95,355.9,35265200.0
2021-07-08,355.74,358.77,353.75,50890000.0
2021-07-09,358.17,361.01,355.96,35184500.0
2021-07-12,362.45,362.42,357.35,25717700.0
2021-07-13,362.03,362.42,357.35,39723000.0
2021-07-14,364.83,363.07,357.99,35336400.0
2021-07-15,362.98,360.52,355.48,53391600.0
2021-07-16,361.4,357.6,352.6,47262000.0
2021-07-19,354.05,354.67,349.71,64404600.0
2021-07-20,355.63,358.79,353.77,42183700.0
2021-07-21,358.35,361.56,356.5,30259900.0
2021-07-22,361.77,363.95,358.86,30252200.0
2021-07-23,365.31,368.2,363.05,31960800.0
2021-07-26,367.49,368.49,363.33,28438100.0
2021-07-27,368.22,364.43,359.33,57933100.0
2021-07-28,365.6,365.83,360.71,42066200.0
2021-07-29,365.25,366.48,361.35,25672500.0
2021-07-30,362.44,364.57,359.47,36484600.0
2021-08-02,366.28,364.6,359.5,27334100.0
2021-08-03,365.28,366.81,361.68,35558500.0
2021-08-04,366.77,367.34,362.2,29602200.0
2021-08-05,368.18,369.67,364.5,21443900.0
2021-08-06,368.37,368.05,362.9,33332100.0
2021-08-09,368.52,368.73,363.57,25960200.0
2021-08-10,369.26,366.84,361.71,35130800.0
2021-08-11,368.14,366.21,361.09,34249800.0
2021-08-12,365.69,367.53,362.39,25969200.0
2021-08-13,367.89,368.82,363.66,19336200.0
2021-08-16,367.67,368.98,363.82,34856900.0
2021-08-17,366.15,365.73,360.61,44793900.0
2021-08-18,365.18,362.21,357.14,38541900.0
2021-08-19,360.22,363.96,358.87,48499400.0
2021-08-20,365.06,367.73,362.58,39486000.0
2021-08-23,368.8,373.23,368.01,34034700.0
2021-08-24,373.84,374.37,369.13,21732900.0
2021-08-25,374.63,374.8,369.56,20441900.0
2021-08-26,373.92,372.42,367.21,29133300.0
2021-08-27,373.07,376.04,370.78,27104700.0
2021-08-30,376.85,380.26,374.94,27295700.0
2021-08-31,380.51,379.95,374.63,29628200.0
2021-09-01,381.04,380.58,375.25,28138300.0
2021-09-02,381.97,380.4,375.08,25453400.0
2021-09-03,379.22,381.57,376.23,24605400.0
2021-09-07,381.68,382.11,376.76,23970200.0
2021-09-08,381.93,380.78,375.45,32949200.0
2021-09-09,381.01,379.47,374.16,29399000.0
2021-09-10,381.23,376.59,371.32,40249400.0
2021-09-13,378.99,376.33,371.06,48741800.0
2021-09-14,377.86,375.26,370.01,41826600.0
2021-09-15,375.73,378.05,372.76,34097900.0
2021-09-16,376.68,378.31,373.02,35193100.0
2021-09-17,377.82,373.83,368.6,60912300.0
2021-09-20,367.46,365.7,360.98,76203200.0
2021-09-21,367.58,366.15,361.43,41927500.0
2021-09-22,367.09,369.57,364.8,46972900.0
2021-09-23,370.76,372.98,368.17,44652000.0
2021-09-24,370.65,373.33,368.51,36056800.0
2021-09-27,370.2,370.35,365.57,43338100.0
2021-09-28,365.67,359.87,355.23,97701600.0
2021-09-29,361.17,359.28,354.65,58076600.0
2021-09-30,360.97,357.96,353.34,61384600.0
2021-10-01,358.6,360.18,355.53,56375500.0
2021-10-04,358.52,352.62,348.07,76766000.0
2021-10-05,353.71,357.38,352.77,47232900.0
2021-10-06,354.08,359.67,355.03,56806500.0
2021-10-07,362.8,362.97,358.29,39411200.0
2021-10-08,364.08,361.16,356.5,41822300.0
2021-10-11,359.58,358.39,353.77,34847200.0
2021-10-12,359.88,357.14,352.53,43905100.0
2021-10-13,359.51,360.0,355.36,40120800.0
2021-10-14,363.69,366.63,361.9,43433900.0
2021-10-15,367.88,368.94,364.18,40419900.0
2021-10-18,367.61,372.65,367.84,34513500.0
2021-10-19,373.75,375.47,370.63,29091000.0
2021-10-20,375.94,374.98,370.14,31390300.0
2021-10-21,374.16,377.27,372.4,25469300.0
2021-10-22,375.98,374.1,369.27,36275800.0
2021-10-25,375.56,377.93,373.05,32597800.0
2021-10-26,380.23,379.12,374.23,47191300.0
2021-10-27,379.58,380.0,375.1,45760500.0
2021-10-28,381.95,384.22,379.26,38007000.0
2021-10-29,381.06,386.11,381.13,37310100.0
2021-11-01,386.56,387.43,382.43,30765300.0
2021-11-02,386.8,389.05,384.03,25135300.0
2021-11-03,389.55,393.18,388.11,33748900.0
2021-11-04,394.48,398.22,393.08,40265300.0
2021-11-05,400.04,398.6,393.46,43383800.0
2021-11-08,398.57,398.06,392.93,29256300.0
2021-11-09,399.16,395.32,390.22,50490700.0
2021-11-10,392.47,389.51,384.49,54937400.0
2021-11-11,392.57,390.59,385.55,32243000.0
2021-11-12,391.77,394.7,389.61,34730600.0
2021-11-15,395.91,394.61,389.52,33716900.0
2021-11-16,393.86,397.42,392.29,27872900.0
2021-11-17,397.75,397.63,392.5,28703300.0
2021-11-18,399.73,401.75,396.57,45721500.0
2021-11-19,403.43,403.99,398.78,45191700.0
2021-11-22,405.57,399.3,394.15,61715400.0
2021-11-23,398.11,397.48,392.35,70098700.0
2021-11-24,394.93,398.76,393.62,46954400.0
2021-11-26,396.11,391.2,386.15,51533300.0
2021-11-29,395.89,399.69,394.53,54447100.0
2021-11-30,398.78,393.82,388.74,81332700.0
2021-12-01,398.28,387.12,382.13,77766500.0
2021-12-02,385.8,389.91,384.88,84416600.0
2021-12-03,391.31,383.13,378.19,105349100.0
2021-12-06,383.63,386.2,381.22,67588800.0
2021-12-07,393.03,397.83,392.7,56005300.0
2021-12-08,398.17,399.61,394.46,39204000.0
2021-12-09,398.35,393.73,388.65,49973700.0
2021-12-10,396.62,398.01,392.88,52545800.0
2021-12-13,398.0,392.26,387.2,50166400.0
2021-12-14,387.3,388.2,383.19,75199200.0
2021-12-15,387.94,397.05,391.93,73858000.0
2021-12-16,398.04,386.84,381.85,82591400.0
2021-12-17,383.33,384.91,379.94,80492500.0
2021-12-20,379.57,380.69,376.26,65336800.0
2021-12-21,384.05,389.21,384.68,48899500.0
2021-12-22,388.91,393.95,389.36,37042200.0
2021-12-23,394.31,396.92,392.3,29595500.0
2021-12-27,398.25,403.48,398.78,32820700.0
2021-12-28,404.4,401.61,396.94,33113700.0
2021-12-29,401.75,401.55,396.88,32248500.0
2021-12-30,401.33,400.35,395.69,23850100.0
2021-12-31,399.66,397.85,393.22,34752900.0
2022-01-03,399.05,401.68,397.01,40575900.0
2022-01-04,402.24,396.47,391.86,58027200.0
2022-01-05,394.74,384.29,379.82,75739800.0
2022-01-06,382.42,384.02,379.55,70814300.0
2022-01-07,384.03,379.86,375.44,72652300.0
2022-01-10,374.82,380.11,375.69,91770500.0
2022-01-11,379.36,385.82,381.33,68295700.0
2022-01-12,388.46,387.35,382.84,54576400.0
2022-01-13,388.77,377.66,373.26,77994000.0
2022-01-14,375.07,380.01,375.59,80121200.0
2022-01-18,374.04,370.55,366.24,75450900.0
2022-01-19,372.15,366.48,362.21,81791500.0
2022-01-20,369.79,361.72,357.51,88610700.0
2022-01-21,359.47,351.69,347.6,143388900.0
2022-01-24,345.91,353.3,349.19,198685800.0
2022-01-25,346.67,345.11,341.09,124398400.0
2022-01-26,352.91,344.57,340.56,146559500.0
2022-01-27,349.4,341.1,337.13,95255700.0
2022-01-28,343.03,351.8,347.71,108167900.0
2022-01-31,353.2,363.05,358.82,94326400.0
2022-02-01,364.43,365.52,361.27,74433000.0
2022-02-02,369.76,368.49,364.2,78777100.0
2022-02-03,358.53,353.55,349.44,95384800.0
2022-02-04,354.08,358.01,353.84,86318300.0
2022-02-07,358.62,355.13,351.0,58198100.0
2022-02-08,353.96,359.12,354.94,64720900.0
2022-02-09,363.76,366.73,362.46,55766400.0
2022-02-10,359.52,358.43,354.26,112468500.0
2022-02-11,358.43,347.06,343.02,101569100.0
2022-02-14,346.49,347.49,343.45,80254400.0
2022-02-15,352.91,356.13,351.99,55128800.0
2022-02-16,353.82,356.04,351.9,58947100.0
2022-02-17,352.74,345.45,341.43,61801400.0
2022-02-18,346.41,341.51,337.54,80001500.0
2022-02-22,338.49,338.08,334.15,85967100.0
2022-02-23,341.32,329.42,325.59,86215400.0
2022-02-24,318.84,340.49,336.53,130614100.0
2022-02-25,341.31,345.77,341.75,78842100.0
2022-02-28,342.51,346.8,342.76,77515500.0
2022-03-01,345.75,341.49,337.52,67407000.0
2022-03-02,343.08,347.22,343.18,70609000.0
2022-03-03,349.93,342.26,338.28,71089400.0
2022-03-04,339.84,337.3,333.37,76936300.0
2022-03-07,337.29,324.86,321.08,89933800.0
2022-03-08,324.05,323.35,319.59,116153900.0
2022-03-09,331.75,334.99,331.09,64723400.0
2022-03-10,330.82,331.27,327.41,69362700.0
2022-03-11,334.32,324.4,320.62,66228400.0
2022-03-14,323.13,318.17,314.47,79802600.0
2022-03-15,320.88,328.15,324.33,76471000.0
2022-03-16,332.17,340.32,336.36,105243000.0
2022-03-17,338.37,344.44,340.43,67810000.0
2022-03-18,342.74,351.49,347.4,85446300.0
2022-03-21,350.2,350.08,346.43,73799100.0
2022-03-22,350.59,356.96,353.24,63345900.0
2022-03-23,354.01,351.83,348.17,70615500.0
2022-03-24,353.8,359.65,355.9,53555300.0
2022-03-25,359.59,359.35,355.61,57584200.0
2022-03-28,359.34,364.91,361.11,56833900.0
2022-03-29,368.9,371.19,367.32,68073000.0
2022-03-30,369.28,367.09,363.27,68757700.0
2022-03-31,367.24,362.54,358.76,67011400.0
2022-04-01,362.81,361.85,358.08,54527800.0
2022-04-04,362.71,369.3,365.45,45950200.0
2022-04-05,367.81,361.1,357.34,62738700.0
2022-04-06,355.65,353.26,349.58,90077100.0
2022-04-07,352.24,354.1,350.41,63777400.0
2022-04-08,352.32,349.15,345.51,61956100.0
2022-04-11,344.81,340.89,337.34,66107400.0
2022-04-12,345.76,339.45,335.91,72790200.0
2022-04-13,339.8,346.35,342.74,61367800.0
2022-04-14,346.44,338.43,334.9,73519400.0
2022-04-18,337.35,338.69,335.16,58560600.0
2022-04-19,338.03,346.26,342.65,56515700.0
2022-04-20,347.09,341.21,337.66,65500000.0
2022-04-21,345.19,334.15,330.67,75801000.0
2022-04-22,334.31,325.4,322.01,82562100.0
2022-04-25,323.73,329.58,326.15,101755900.0
2022-04-26,327.47,317.14,313.84,105819600.0
2022-04-27,317.24,316.76,313.46,111204200.0
2022-04-28,321.85,328.01,324.59,99450000.0
2022-04-29,323.7,313.25,309.99,91977900.0
2022-05-02,312.83,318.48,315.16,115511800.0
2022-05-03,318.5,318.82,315.5,78185500.0
2022-05-04,319.31,329.6,326.17,116083400.0
2022-05-05,325.17,313.0,309.74,154607400.0
2022-05-06,310.95,309.25,306.03,139572800.0
2022-05-09,303.48,297.15,294.05,113387300.0
2022-05-10,304.51,300.76,297.63,124124600.0
2022-05-11,298.44,291.84,288.8,140326100.0
2022-05-12,287.45,291.15,288.12,120910900.0
2022-05-13,295.72,301.94,298.79,83684900.0
2022-05-16,300.15,298.44,295.33,59190400.0
2022-05-17,304.45,306.17,302.98,62715300.0
2022-05-18,301.54,291.14,288.11,79477100.0
2022-05-19,289.29,289.58,286.56,79920700.0
2022-05-20,293.13,288.68,285.67,91764200.0
2022-05-23,289.75,293.48,290.42,63648400.0
2022-05-24,288.13,287.24,284.25,73491100.0
2022-05-25,285.71,291.26,288.23,67144500.0
2022-05-26,290.44,299.33,296.21,59462200.0
2022-05-27,302.54,309.1,305.88,66985600.0
2022-05-31,309.07,308.28,305.07,60968300.0
2022-06-01,310.47,306.0,302.81,65341700.0
2022-06-02,304.85,314.38,311.11,59291300.0
2022-06-03,309.03,306.2,303.01,60914700.0
2022-06-06,310.75,307.22,304.02,51785000.0
2022-06-07,303.81,309.87,306.64,44900300.0
2022-06-08,309.05,307.64,304.44,38342100.0
2022-06-09,305.91,299.4,296.28,55900500.0
2022-06-10,293.65,288.84,285.83,85963500.0
2022-06-13,279.75,275.41,272.54,94442000.0
2022-06-14,277.66,275.91,273.04,64697500.0
2022-06-15,279.42,282.8,279.85,86051400.0
2022-06-16,275.59,271.39,268.56,81910300.0
2022-06-17,272.18,274.69,271.83,82703400.0
2022-06-21,278.75,281.08,278.69,51633700.0
2022-06-22,278.52,280.67,278.28,67472900.0
2022-06-23,283.21,284.85,282.42,57457800.0
2022-06-24,287.74,294.61,292.1,58422300.0
2022-06-27,296.0,292.45,289.96,54151500.0
2022-06-28,293.0,283.54,281.13,61609800.0
2022-06-29,283.4,283.8,281.38,57302700.0
2022-06-30,280.75,280.28,277.89,79313600.0
2022-07-01,278.95,282.13,279.73,56675100.0
2022-07-05,278.31,286.96,284.52,61829300.0
2022-07-06,287.35,288.8,286.34,63194700.0
2022-07-07,289.63,294.98,292.47,56620100.0
2022-07-08,292.08,295.35,292.84,59895500.0
2022-07-11,292.88,289.04,286.58,55273900.0
2022-07-12,290.32,286.24,283.8,55797100.0
2022-07-13,280.6,285.65,283.22,73939400.0
2022-07-14,282.99,286.67,284.23,63741800.0
2022-07-15,289.73,291.87,289.38,63818100.0
2022-07-18,294.72,289.4,286.94,59519600.0
2022-07-19,293.11,298.3,295.76,55172600.0
2022-07-20,298.73,303.03,300.45,67769400.0
2022-07-21,303.5,307.38,304.76,55049400.0
2022-07-22,306.43,301.99,299.42,57127700.0
2022-07-25,302.02,300.27,297.71,40582400.0
2022-07-26,298.53,294.37,291.86,50074100.0
2022-07-27,299.04,306.81,304.2,69304400.0
2022-07-28,306.59,309.81,307.17,55139900.0
2022-07-29,311.39,315.46,312.77,57501000.0
2022-08-01,313.65,315.27,312.59,46358800.0
2022-08-02,312.92,314.33,311.65,48676500.0
2022-08-03,316.05,322.89,320.14,53735700.0
2022-08-04,322.97,324.4,321.64,38973700.0
2022-08-05,319.19,321.75,319.01,53894000.0
2022-08-08,322.69,320.71,317.98,43878500.0
2022-08-09,318.77,317.08,314.38,39764200.0
2022-08-10,324.59,325.93,323.15,51459600.0
2022-08-11,328.31,324.08,321.32,45897700.0
2022-08-12,326.18,330.39,327.58,40928400.0
2022-08-15,329.42,333.06,330.22,38266600.0
2022-08-16,332.06,332.28,329.45,41186900.0
2022-08-17,329.07,328.49,325.69,47842200.0
2022-08-18,328.44,329.28,326.48,41937200.0
2022-08-19,326.17,322.86,320.11,51770600.0
2022-08-22,318.5,314.36,311.68,51098900.0
2022-08-23,314.12,314.1,311.43,39497100.0
2022-08-24,313.61,315.01,312.33,38057100.0
2022-08-25,316.83,320.58,317.85,38098300.0
2022-08-26,320.28,307.44,304.82,69047700.0
2022-08-29,304.62,304.41,301.82,48321900.0
2022-08-30,306.1,301.02,298.46,51184500.0
2022-08-31,303.99,299.27,296.72,50044000.0
2022-09-01,296.72,299.4,296.85,57990700.0
2022-09-02,302.34,295.17,292.66,64666800.0
2022-09-06,295.66,293.05,290.55,57005400.0
2022-09-07,293.54,298.97,296.42,49260400.0
2022-09-08,296.85,300.52,297.96,55649800.0
2022-09-09,302.83,307.09,304.48,56125200.0
2022-09-12,308.5,310.74,308.09,45905700.0
2022-09-13,301.8,293.7,291.2,79562200.0
2022-09-14,294.87,296.03,293.51,54907200.0
2022-09-15,294.07,291.1,288.62,65299400.0
2022-09-16,287.72,289.32,286.86,79920400.0
2022-09-19,286.1,291.05,289.09,52613800.0
2022-09-20,288.49,288.73,286.79,51271100.0
2022-09-21,289.59,283.56,281.65,82931000.0
2022-09-22,282.0,280.07,278.18,62757100.0
2022-09-23,277.55,275.51,273.66,74815200.0
2022-09-26,275.03,274.37,272.52,71176700.0
2022-09-27,277.81,274.48,272.63,69780100.0
2022-09-28,274.46,279.94,278.06,79652100.0
2022-09-29,275.86,271.87,270.04,81216000.0
2022-09-30,271.03,267.26,265.46,78482400.0
2022-10-03,269.07,273.53,271.69,61267400.0
2022-10-04,278.99,282.13,280.23,66696900.0
2022-10-05,278.28,281.98,280.08,55766300.0
2022-10-06,280.96,279.76,277.88,53489400.0
2022-10-07,275.02,269.1,267.29,71354700.0
2022-10-10,269.3,266.41,264.62,60393000.0
2022-10-11,264.7,262.75,260.98,66522500.0
2022-10-12,263.4,262.66,260.89,50580200.0
2022-10-13,255.16,268.82,267.01,112894100.0
2022-10-14,271.2,260.74,258.98,77244300.0
2022-10-17,266.84,269.35,267.54,64576500.0
2022-10-18,276.53,271.48,269.65,69781000.0
2022-10-19,269.93,270.49,268.67,53115400.0
2022-10-20,269.58,269.11,267.3,60605500.0
2022-10-21,267.98,275.42,273.57,77897700.0
2022-10-24,275.69,278.45,276.58,63963600.0
2022-10-25,279.41,284.21,282.3,59014500.0
2022-10-26,278.46,277.93,276.06,63492400.0
2022-10-27,276.79,272.87,271.03,57760300.0
2022-10-28,272.23,281.22,279.33,62651300.0
2022-10-31,278.92,277.95,276.08,47742000.0
2022-11-01,281.5,275.11,273.26,45895900.0
2022-11-02,275.08,265.68,263.89,79803100.0
2022-11-03,263.01,260.49,258.74,70038900.0
2022-11-04,265.53,264.68,262.9,78313200.0
2022-11-07,265.75,267.59,265.79,47333800.0
2022-11-08,269.14,269.54,267.73,63213800.0
2022-11-09,267.76,263.32,261.55,64862100.0
2022-11-10,276.01,282.75,280.85,99256700.0
2022-11-11,282.56,287.96,286.02,66961800.0
2022-11-14,285.86,285.44,283.52,55290700.0
2022-11-15,292.21,289.39,287.44,73985400.0
2022-11-16,287.39,285.44,283.52,48859800.0
2022-11-17,280.88,284.81,282.89,55462100.0
2022-11-18,287.89,284.82,282.9,53588600.0
2022-11-21,283.4,281.89,279.99,40083500.0
2022-11-22,282.64,285.95,284.02,41873400.0
2022-11-23,285.97,288.82,286.88,46390000.0
2022-11-25,287.19,286.92,284.99,15498800.0
2022-11-28,284.9,282.71,280.81,38714200.0
2022-11-29,282.94,280.57,278.68,35618900.0
2022-11-30,280.84,293.36,291.38,74718100.0
2022-12-01,293.69,293.72,291.74,51547300.0
2022-12-02,288.54,292.55,290.58,53583200.0
2022-12-05,290.38,287.64,285.7,41482100.0
2022-12-06,287.48,281.68,279.78,53937600.0
2022-12-07,280.47,280.53,278.64,45614300.0
2022-12-08,281.91,283.85,281.94,42594900.0
2022-12-09,282.81,282.04,280.14,47860500.0
2022-12-12,282.22,285.58,283.66,35732500.0
2022-12-13,296.65,288.65,286.71,80667700.0
2022-12-14,288.05,286.51,284.58,64984400.0
2022-12-15,282.33,276.89,275.03,60554100.0
2022-12-16,276.2,274.25,272.4,68300400.0
2022-12-19,273.87,269.75,268.58,44167900.0
2022-12-20,268.56,269.54,268.37,51064200.0
2022-12-21,270.6,273.45,272.26,46394700.0
2022-12-22,270.38,266.76,265.6,60278400.0
2022-12-23,265.47,267.36,266.2,39373600.0
2022-12-27,266.74,263.58,262.43,38009000.0
2022-12-28,263.17,260.1,258.97,47139000.0
2022-12-29,262.96,266.44,265.28,45893600.0
2022-12-30,263.62,266.28,265.12,37858300.0
2023-01-03,268.65,264.48,263.33,42335300.0
2023-01-04,266.64,265.74,264.58,47754900.0
2023-01-05,264.04,261.58,260.44,45396700.0
2023-01-06,263.35,268.8,267.63,54659700.0
2023-01-09,270.83,270.54,269.36,45568700.0
2023-01-10,269.49,272.83,271.64,35247800.0
2023-01-11,273.92,277.55,276.34,44077000.0
2023-01-12,278.12,279.05,277.83,60600000.0
2023-01-13,276.5,280.97,279.75,44802900.0
2023-01-17,280.77,281.54,280.31,36269700.0
2023-01-18,283.11,277.88,276.67,47754500.0
2023-01-19,276.22,275.15,273.95,44150400.0
2023-01-20,276.79,282.68,281.45,60613600.0
2023-01-23,283.54,288.96,287.7,52799900.0
2023-01-24,287.31,288.37,287.11,44875100.0
2023-01-25,283.77,287.73,286.48,50872000.0
2023-01-26,291.22,293.34,292.06,51596300.0
2023-01-27,292.0,296.26,294.97,56441900.0
2023-01-30,292.93,290.27,289.01,49405800.0
2023-01-31,290.31,294.62,293.34,46705100.0
2023-02-01,294.41,300.92,299.61,67562200.0
2023-02-02,307.57,311.72,310.36,83070600.0
2023-02-03,304.94,306.18,304.85,76170800.0
2023-02-06,303.51,303.59,302.27,40802300.0
2023-02-07,303.46,309.88,308.53,67584000.0
2023-02-08,308.54,304.37,303.04,56720900.0
2023-02-09,308.84,301.68,300.37,49137800.0
2023-02-10,299.48,299.7,298.39,50050100.0
2023-02-13,301.13,304.5,303.17,39636700.0
2023-02-14,302.89,306.75,305.41,64079100.0
2023-02-15,304.9,309.1,307.75,43100600.0
2023-02-16,304.38,303.3,301.98,59498600.0
2023-02-17,301.07,301.16,299.85,58230700.0
2023-02-21,297.26,294.03,292.75,46526700.0
2023-02-22,294.62,294.25,292.97,51389200.0
2023-02-23,297.97,296.82,295.53,69294400.0
2023-02-24,291.76,291.85,290.58,74332000.0
2023-02-27,295.07,293.94,292.66,48995000.0
2023-02-28,293.3,293.56,292.28,48243100.0
2023-03-01,293.26,291.2,289.93,58287000.0
2023-03-02,288.66,293.61,292.33,53565900.0
2023-03-03,295.39,299.68,298.37,60511500.0
2023-03-06,300.94,300.02,298.71,56736300.0
2023-03-07,300.07,296.34,295.05,65955800.0
2023-03-08,296.77,297.82,296.52,50876300.0
2023-03-09,298.33,292.66,291.39,71456700.0
2023-03-10,292.83,288.55,287.29,98593600.0
2023-03-13,286.73,290.69,289.42,97123600.0
2023-03-14,294.31,297.37,296.08,73602500.0
2023-03-15,294.71,298.93,297.63,83631500.0
2023-03-16,298.0,306.81,305.47,98198100.0
2023-03-17,306.72,305.36,304.03,89923700.0
2023-03-20,304.26,305.97,305.11,56359500.0
2023-03-21,307.94,310.34,309.47,49757000.0
2023-03-22,310.27,306.12,305.26,75791900.0
2023-03-23,309.92,309.75,308.88,74576000.0
2023-03-24,309.32,310.89,310.02,57195200.0
2023-03-27,311.6,308.76,307.89,50287400.0
2023-03-28,308.17,307.12,306.26,48585900.0
2023-03-29,310.88,312.72,311.84,53274300.0
2023-03-30,315.24,315.68,314.79,58354800.0
2023-03-31,315.91,320.93,320.03,62138100.0
2023-04-03,318.77,320.15,319.25,47126800.0
2023-04-04,320.6,319.07,318.17,45875400.0
2023-04-05,318.1,315.92,315.03,62795700.0
2023-04-06,314.24,318.05,317.16,46916500.0
2023-04-10,315.07,317.87,316.98,45134700.0
2023-04-11,317.83,315.83,314.94,40113600.0
2023-04-12,317.82,313.04,312.16,62813300.0
2023-04-13,314.83,319.17,318.27,54613800.0
2023-04-14,317.59,318.57,317.67,56278300.0
2023-04-17,318.15,318.84,317.94,43007000.0
2023-04-18,320.99,318.86,317.96,46746900.0
2023-04-19,316.41,318.71,317.81,38960100.0
2023-04-20,315.69,316.28,315.39,62462100.0
2023-04-21,315.91,316.61,315.72,59002300.0
2023-04-24,316.38,315.95,315.06,44043100.0
2023-04-25,314.29,309.99,309.12,57121600.0
2023-04-26,313.44,311.87,310.99,55400500.0
2023-04-27,315.7,320.35,319.45,65430400.0
2023-04-28,320.11,322.56,321.65,59652500.0
2023-05-01,322.09,322.19,321.28,41013400.0
2023-05-02,322.12,319.38,318.48,56519400.0
2023-05-03,319.75,317.29,316.4,59882100.0
2023-05-04,317.06,316.17,315.28,50224500.0
2023-05-05,318.47,322.89,321.98,51776000.0
2023-05-08,322.42,323.69,322.78,36465800.0
2023-05-09,322.0,321.64,320.74,31768800.0
2023-05-10,324.12,325.14,324.23,60446600.0
2023-05-11,325.7,326.2,325.28,44278500.0
2023-05-12,326.74,325.03,324.12,48396200.0
2023-05-15,325.51,326.79,325.87,33375600.0
2023-05-16,326.06,327.16,326.24,40019200.0
2023-05-17,328.24,331.12,330.19,47486100.0
2023-05-18,331.52,337.27,336.32,64213500.0
2023-05-19,337.49,336.51,335.56,61462400.0
2023-05-22,336.25,337.64,336.69,43015900.0
2023-05-23,335.89,333.36,332.42,48216700.0
2023-05-24,331.37,331.65,330.72,62891200.0
2023-05-25,339.14,339.72,338.76,66862800.0
2023-05-26,340.76,348.4,347.42,63007000.0
2023-05-30,352.71,349.98,349.0,72652200.0
2023-05-31,348.37,347.99,347.01,65105400.0
2023-06-01,347.73,352.01,351.02,50488600.0
2023-06-02,353.8,354.65,353.65,53293500.0
2023-06-05,354.43,354.9,353.9,47266200.0
2023-06-06,354.28,354.84,353.84,41390400.0
2023-06-07,355.13,348.82,347.84,69225900.0
2023-06-08,349.12,353.15,352.16,47153900.0
2023-06-09,354.63,354.5,353.5,53155900.0
2023-06-12,356.19,360.49,359.48,44606500.0
2023-06-13,363.29,363.26,362.24,57097800.0
2023-06-14,363.27,365.9,364.87,69525600.0
2023-06-15,364.61,370.26,369.22,71138800.0
2023-06-16,372.72,367.93,366.89,80875900.0
2023-06-20,365.95,366.9,366.37,49204700.0
2023-06-21,365.74,361.9,361.38,53378300.0
2023-06-22,360.63,366.17,365.64,47603000.0
2023-06-23,362.21,362.54,362.02,48873900.0
2023-06-26,362.0,357.68,357.16,52685500.0
2023-06-27,359.25,363.83,363.3,49428100.0
2023-06-28,361.98,364.54,364.01,46498000.0
2023-06-29,364.24,363.81,363.28,46151000.0
2023-06-30,367.55,369.42,368.89,58668800.0
2023-07-03,370.07,370.29,369.75,19432900.0
2023-07-05,368.7,370.28,369.74,34460900.0
2023-07-06,366.51,367.46,366.93,49374700.0
2023-07-07,367.23,366.24,365.71,47083200.0
2023-07-10,365.96,366.36,365.83,48498800.0
2023-07-11,366.79,368.17,367.64,38214100.0
2023-07-12,372.34,372.82,372.28,61975400.0
2023-07-13,376.05,379.15,378.6,46960000.0
2023-07-14,379.59,379.07,378.52,55097800.0
2023-07-17,379.8,382.61,382.06,40868900.0
2023-07-18,381.96,385.74,385.18,55343400.0
2023-07-19,386.82,385.65,385.09,54093000.0
2023-07-20,382.61,376.76,376.22,71941700.0
2023-07-21,379.18,375.63,375.09,60439400.0
2023-07-24,376.62,376.23,375.69,40380100.0
2023-07-25,376.95,378.78,378.23,38894400.0
2023-07-26,377.72,377.52,376.97,47075700.0
2023-07-27,383.07,376.62,376.08,63940200.0
2023-07-28,380.74,383.48,382.93,56902900.0
2023-07-31,383.79,383.68,383.13,44019900.0
2023-08-01,382.31,382.79,382.24,41060600.0
2023-08-02,379.26,374.39,373.85,72687100.0
2023-08-03,371.94,373.79,373.25,47666400.0
2023-08-04,375.75,372.04,371.5,61646200.0
2023-08-07,373.88,375.19,374.65,37230400.0
2023-08-08,372.64,372.0,371.46,44726500.0
2023-08-09,372.29,367.91,367.38,51150900.0
2023-08-10,370.97,368.59,368.06,72035300.0
2023-08-11,365.99,366.24,365.71,48683800.0
2023-08-14,365.43,370.35,369.81,42130800.0
2023-08-15,369.36,366.42,365.89,45539900.0
2023-08-16,365.87,362.54,362.02,53190500.0
2023-08-17,363.96,358.58,358.06,62604300.0
2023-08-18,355.26,358.13,357.61,61119500.0
2023-08-21,359.62,363.9,363.37,50696500.0
2023-08-22,366.55,363.38,362.85,44613500.0
2023-08-23,364.58,369.11,368.58,51770600.0
2023-08-24,372.64,361.22,360.7,66842500.0
2023-08-25,362.07,364.02,363.49,69960500.0
2023-08-28,366.99,366.76,366.23,40910000.0
2023-08-29,366.56,374.77,374.23,58492400.0
2023-08-30,374.88,376.86,376.32,41731500.0
2023-08-31,376.94,377.99,377.44,35730700.0
2023-09-01,380.4,377.59,377.04,39772400.0
2023-09-05,376.77,378.07,377.52,32344200.0
2023-09-06,377.28,374.74,374.2,42998700.0
2023-09-07,370.21,372.06,371.52,52060700.0
2023-09-08,372.01,372.58,372.04,35800100.0
2023-09-11,375.66,376.97,376.43,39936600.0
2023-09-12,375.27,372.79,372.25,41391000.0
2023-09-13,373.03,374.21,373.67,46300700.0
2023-09-14,375.99,377.27,376.72,48039400.0
2023-09-15,375.91,370.81,370.27,69757700.0
2023-09-18,369.32,370.66,370.66,36903500.0
2023-09-19,369.32,369.87,369.87,37621700.0
2023-09-20,370.95,364.54,364.54,45514200.0
2023-09-21,360.8,357.86,357.86,69584700.0
2023-09-22,359.63,357.91,357.91,51589700.0
2023-09-25,356.93,359.61,359.61,39168000.0
2023-09-26,356.99,354.21,354.21,53657700.0
2023-09-27,355.38,355.04,355.04,56066000.0
2023-09-28,354.11,358.01,358.01,56453300.0
2023-09-29,361.54,358.27,358.27,64754300.0
2023-10-02,358.54,361.26,361.26,51625100.0
2023-10-03,358.78,354.92,354.92,60478500.0
2023-10-04,355.77,359.75,359.75,54786700.0
2023-10-05,359.74,358.69,358.69,45897400.0
2023-10-06,355.65,364.7,364.7,74959200.0
2023-10-09,362.3,366.56,366.56,45304800.0
2023-10-10,366.9,368.59,368.59,46968800.0
2023-10-11,369.94,371.22,371.22,38215100.0
2023-10-12,371.73,369.93,369.93,49587900.0
2023-10-13,370.57,365.28,365.28,52469900.0
2023-10-16,366.62,369.41,369.41,44201100.0
2023-10-17,365.81,368.2,368.2,50999100.0
2023-10-18,365.67,363.37,363.37,54280500.0
2023-10-19,364.81,359.97,359.97,72274200.0
2023-10-20,359.46,354.6,354.6,72369800.0
2023-10-23,353.26,355.67,355.67,60665200.0
2023-10-24,357.51,359.13,359.13,47082100.0
2023-10-25,356.7,350.34,350.34,71190500.0
2023-10-26,349.12,343.66,343.66,78621400.0
2023-10-27,346.43,345.31,345.31,63476700.0
2023-10-30,347.83,349.2,349.2,55298500.0
2023-10-31,349.23,350.87,350.87,47671900.0
2023-11-01,351.72,356.96,356.96,58992700.0
2023-11-02,361.54,363.44,363.44,58162400.0
2023-11-03,364.75,367.71,367.71,53239100.0
2023-11-06,368.49,369.21,369.21,38848700.0
2023-11-07,370.27,372.7,372.7,50777400.0
2023-11-08,373.08,372.94,372.94,35663400.0
2023-11-09,373.64,370.07,370.07,53859400.0
2023-11-10,371.82,378.39,378.39,58309800.0
2023-11-13,376.79,377.21,377.21,40733500.0
2023-11-14,383.71,385.33,385.33,67792600.0
2023-11-15,387.25,385.62,385.62,54141400.0
2023-11-16,384.84,385.95,385.95,45343500.0
2023-11-17,385.21,386.04,386.04,46571900.0
2023-11-20,386.05,390.74,390.74,44429600.0
2023-11-21,389.01,388.47,388.47,43337000.0
2023-11-22,390.57,390.06,390.06,44121000.0
2023-11-24,389.65,389.51,389.51,15718800.0
2023-11-27,389.01,389.17,389.17,34139700.0
2023-11-28,388.41,390.19,390.19,35491100.0
2023-11-29,392.69,389.81,389.81,38811700.0
2023-11-30,390.08,388.83,388.83,52834400.0
2023-12-01,387.75,389.94,389.94,40440500.0
2023-12-04,386.09,386.32,386.32,51186900.0
2023-12-05,384.39,387.29,387.29,42933000.0
2023-12-06,390.27,385.05,385.05,41994100.0
2023-12-07,388.07,390.43,390.43,49593500.0
2023-12-08,388.67,392.17,392.17,46623600.0
2023-12-11,391.74,395.52,395.52,41198000.0
2023-12-12,395.56,398.67,398.67,39221200.0
2023-12-13,399.62,403.74,403.74,54913000.0
2023-12-14,404.98,403.39,402.59,55447800.0
2023-12-15,404.18,405.34,404.53,62598000.0
2023-12-18,404.93,407.08,407.08,46610000.0
2023-12-19,407.54,409.16,409.16,35638600.0
2023-12-20,408.35,409.33,409.33,15307116.0
2023-12-21,407.06,407.77,407.77,45483100.0
2023-12-22,409.0,408.38,408.38,33662738.0
2023-12-26,409.25,410.19,410.19,11358741.0
2023-12-27,410.95,411.5,411.5,31945300.0
2023-12-28,412.67,411.63,411.63,20258419.0
2023-12-29,411.28,409.98,409.98,6595990.0
2024-01-02,405.84,402.59,402.59,57893200.0
2024-01-03,399.93,398.33,398.33,46582073.0
2024-01-04,396.44,396.28,396.28,39247861.0
2024-01-05,396.45,396.75,396.75,44867900.0
2024-01-08,397.99,404.95,404.95,42473800.0
2024-01-09,401.91,405.75,405.75,39132900.0
2024-01-10,406.07,408.5,408.5,33962800.0
2024-01-11,409.79,409.35,409.35,54400700.0
2024-01-12,410.4,409.56,409.56,39581400.0
2024-01-16,408.31,409.52,409.52,43615746.0
2024-01-17,406.17,407.21,407.21,54292700.0
2024-01-18,410.52,412.99,412.99,59429400.0
2024-01-19,415.22,416.84,416.84,28688883.0
2024-01-22,423.41,421.73,421.73,44782100.0
2024-01-23,422.43,421.64,421.64,7007276.0
2024-01-24,422.43,426.89,426.89,5514387.0
2024-01-25,428.36,426.35,426.35,44086300.0
2024-01-26,424.44,423.81,423.81,37082000.0
2024-01-29,424.27,424.16,424.16,8225774.0
2024-01-30,427.1,425.3,425.3,36328000.0
2024-01-31,420.85,420.04,420.04,21862509.0
2024-02-01,418.79,418.48,418.48,18825777.0
2024-02-02,423.8,427.09,427.09,23104603.0
2024-02-05,429.07,428.45,428.45,39784500.0
2024-02-06,429.61,427.59,427.59,35693900.0
2024-02-07,430.41,431.99,431.99,37658600.0
2024-02-08,432.11,433.0,433.0,11812310.0
2024-02-09,433.94,435.98,435.98,14930377.0
2024-02-12,436.94,435.34,435.34,33203300.0
2024-02-13,427.28,428.55,428.55,63806546.0
2024-02-14,431.26,433.22,433.22,44971200.0
2024-02-15,431.26,432.5,432.5,17061470.0
2024-02-16,433.92,432.07,432.07,13108866.0
2024-02-20,428.55,427.32,427.32,53835600.0
2024-02-21,424.55,425.61,425.61,49779000.0
2024-02-22,434.49,438.07,438.07,53751500.0
2024-02-23,439.65,436.78,436.78,39794400.0
2024-02-26,437.6,436.55,436.55,32659400.0
2024-02-27,437.67,437.6,437.6,33640200.0
2024-02-28,435.43,435.27,435.27,32519656.0
2024-02-29,438.23,439.0,439.0,42331000.0
2024-03-01,439.9,445.61,445.61,43809200.0
2024-03-04,439.9,444.92,444.92,1748724.0
2024-03-05,440.94,436.05,436.05,57732600.0
2024-03-06,440.32,438.79,438.79,46018300.0
2024-03-07,442.42,445.45,445.45,44384100.0
2024-03-08,445.81,439.02,439.02,71954300.0
2024-03-11,437.51,436.22,436.22,19087251.0
2024-03-12,439.73,443.66,443.66,55112500.0
2024-03-13,442.65,440.25,440.25,37805200.0
2024-03-14,441.5,440.47,440.47,12759348.0
2024-03-15,436.07,433.92,433.92,73038800.0
2024-03-18,438.74,440.24,440.24,12879734.0
2024-03-19,435.47,434.37,434.37,10643690.0
2024-03-20,439.78,443.77,443.77,43454600.0
2024-03-21,448.88,445.87,445.87,39267000.0
2024-03-22,445.35,446.38,446.38,28229300.0
2024-03-25,443.55,444.76,444.76,27732800.0
2024-03-26,446.3,443.32,443.32,34077200.0
2024-03-27,446.44,444.83,444.83,40378358.0
2024-03-28,444.78,444.01,444.01,36810900.0
2024-04-01,444.97,444.95,444.95,38650500.0
2024-04-02,440.08,441.11,441.11,44204300.0
2024-04-03,438.96,442.1,442.1,39800600.0
2024-04-04,446.35,435.34,435.34,56468144.0
2024-04-05,436.78,440.47,440.47,54723000.0
2024-04-08,441.42,439.98,439.98,2410693.0
2024-04-09,443.03,441.73,441.73,5436915.0
2024-04-10,436.84,437.31,437.31,27693349.0
2024-04-11,440.26,445.37,445.37,45365600.0
2024-04-12,441.1,438.27,438.27,53602600.0
2024-04-15,442.07,439.21,439.21,20311517.0
2024-04-16,430.89,431.39,431.39,7612348.0
2024-04-17,433.1,425.84,425.84,56641600.0
2024-04-18,426.49,423.41,423.41,46410600.0
2024-04-19,422.12,420.32,420.32,12611094.0
2024-04-22,417.32,416.5,416.5,26601499.0
2024-04-23,420.91,426.01,426.01,30590177.0
2024-04-24,428.18,426.51,426.51,46928046.0
2024-04-25,419.24,422.82,422.82,32806164.0
2024-04-26,427.62,431.0,431.0,41599700.0
2024-04-29,433.1,432.08,432.08,9139652.0
2024-04-30,431.15,428.86,428.86,11605592.0
2024-05-01,423.15,421.52,421.52,52251700.0
2024-05-02,425.3,426.9,426.9,36559000.0
2024-05-03,434.42,435.48,435.48,48008810.0
2024-05-06,437.3,440.25,440.25,30136000.0
2024-05-07,440.7,440.32,440.32,30996100.0
2024-05-08,437.67,440.06,440.06,24854200.0
2024-05-09,440.33,438.68,438.68,2766225.0
2024-05-10,442.54,442.06,442.06,27066900.0
2024-05-13,443.99,443.08,443.08,22928800.0
2024-05-14,442.65,445.93,445.93,34419800.0
2024-05-15,448.43,452.9,452.9,41464700.0
2024-05-16,452.71,451.98,451.98,34780400.0
2024-05-17,452.11,451.76,451.76,35774500.0
2024-05-20,451.99,454.49,454.49,6198412.0
2024-05-21,453.04,453.0,453.0,3193209.0
2024-05-22,456.06,455.71,455.71,24478852.0
2024-05-23,460.55,459.66,459.66,2408779.0
2024-05-24,455.29,457.95,457.95,29651000.0
2024-05-28,459.18,459.68,459.68,26175300.0
2024-05-29,455.45,455.93,455.93,2267866.0
2024-05-30,455.42,455.0,455.0,2350897.0
2024-05-31,451.78,450.71,450.71,55351012.0
2024-06-03,454.57,453.13,453.13,32923200.0
2024-06-04,452.87,452.4,452.4,2852000.0
2024-06-05,457.98,463.53,463.53,33817400.0
2024-06-06,464.22,463.37,463.37,21904800.0
2024-06-07,462.96,463.87,463.87,9869657.0
2024-06-10,461.82,464.83,464.83,20660800.0
2024-06-11,463.52,468.02,468.02,21526399.0
2024-06-12,471.99,474.15,474.15,33675400.0
2024-06-13,477.68,476.91,476.91,6423415.0
2024-06-14,476.52,479.19,479.19,23051262.0
2024-06-17,479.46,485.06,485.06,37054500.0
2024-06-18,485.01,485.21,485.21,24381600.0
2024-06-20,486.42,481.47,481.47,33918700.0
2024-06-21,481.19,480.18,480.18,37456800.0
2024-06-24,478.18,473.96,473.96,37278400.0
2024-06-25,476.03,476.07,476.07,2573520.0
2024-06-26,478.55,480.37,480.37,22737100.0
2024-06-27,480.12,481.61,481.61,26088900.0
2024-06-28,482.41,479.11,479.11,34861500.0
2024-07-01,480.04,481.92,481.92,24898300.0
2024-07-02,480.41,486.98,486.98,26664900.0
2024-07-03,486.22,491.04,491.04,18064900.0
2024-07-05,491.89,496.16,496.16,28465600.0
2024-07-08,496.56,496.66,496.66,13506529.0
2024-07-09,498.87,497.77,497.77,25614500.0
2024-07-10,499.71,502.96,502.96,27904700.0
2024-07-11,503.07,491.93,491.93,49966600.0
2024-07-12,492.5,494.82,494.82,35371438.0
2024-07-15,496.63,496.15,496.15,30577297.0
2024-07-16,497.62,496.34,496.34,25950600.0
2024-07-17,488.28,481.77,481.77,56113400.0
2024-07-18,485.53,479.49,479.49,49347400.0
2024-07-19,479.15,475.24,475.24,41958200.0
2024-07-22,481.16,482.32,482.32,40300000.0
2024-07-23,481.41,480.62,480.62,23282500.0
2024-07-24,473.82,463.38,463.38,58818600.0
2024-07-25,463.72,458.27,458.27,59053300.0
2024-07-26,462.65,462.97,462.97,39947000.0
2024-07-29,465.71,463.9,463.9,28124300.0
2024-07-30,465.85,457.53,457.53,41317200.0
2024-07-31,467.87,471.07,471.07,44310200.0
2024-08-01,471.76,459.66,459.66,56241300.0
2024-08-02,450.89,448.75,448.75,66186000.0
2024-08-05,424.71,435.37,435.37,87483500.0
2024-08-06,437.23,439.53,439.53,62776200.0
2024-08-07,446.49,434.77,434.77,54481000.0
2024-08-08,441.15,441.18,441.18,8718347.0
2024-08-09,446.74,450.41,450.41,33533200.0
2024-08-12,451.39,451.38,451.38,27795000.0
2024-08-13,455.82,462.58,462.58,40084500.0
2024-08-14,463.51,462.73,462.73,34553600.0
2024-08-15,468.76,474.42,474.42,38280600.0
2024-08-16,472.62,475.03,475.03,38383600.0
2024-08-19,475.17,481.27,481.27,23737700.0
2024-08-20,480.35,480.26,480.26,29209300.0
2024-08-21,481.0,482.5,482.5,25325770.0
2024-08-22,484.84,474.85,474.85,37739600.0
2024-08-23,479.24,480.0,480.0,36027400.0
2024-08-26,479.58,475.34,475.34,26774579.0
2024-08-27,473.75,476.76,476.76,26670077.0
2024-08-28,476.29,471.35,471.35,36985200.0
2024-08-29,473.28,470.66,470.66,41021100.0
2024-08-30,475.04,476.27,476.27,33444000.0
2024-09-03,473.2,461.81,461.81,44780800.0
2024-09-04,458.67,460.61,460.61,32505100.0
2024-09-05,458.98,461.04,461.04,32528447.0
2024-09-06,460.4,448.69,448.69,50410116.0
2024-09-09,453.12,454.46,454.46,32489473.0
2024-09-10,456.24,458.66,458.66,29680300.0
2024-09-11,459.91,468.62,468.62,57843000.0
2024-09-12,468.65,473.22,473.22,40175500.0
2024-09-13,472.48,475.34,475.34,29048400.0
2024-09-16,473.19,473.24,473.24,22585600.0
2024-09-17,476.29,473.49,473.49,30084400.0
2024-09-18,474.7,471.44,471.44,39909200.0
2024-09-19,482.61,483.36,483.36,52782500.0
2024-09-20,482.46,482.44,482.44,33714552.0
2024-09-23,482.95,483.04,483.04,24843000.0
2024-09-24,484.46,485.37,485.37,25882300.0
2024-09-25,484.74,485.82,485.82,26549900.0
2024-09-26,493.37,489.47,489.47,31912800.0
2024-09-27,490.5,486.75,486.75,22798600.0
2024-09-30,485.77,488.07,488.07,29816596.0
2024-10-01,487.7,481.27,481.27,42574200.0
2024-10-02,480.36,481.95,481.95,23744000.0
2024-10-03,479.74,481.59,481.59,25337200.0
2024-10-04,487.45,487.32,487.32,30686600.0
2024-10-07,485.39,482.1,482.1,24975100.0
2024-10-08,484.66,489.3,489.3,28272000.0
2024-10-09,489.0,493.15,493.15,24911700.0
2024-10-10,490.85,492.59,492.59,25750400.0
2024-10-11,490.74,493.36,493.36,20644500.0
2024-10-14,495.77,497.5,497.5,26060100.0
2024-10-15,497.83,490.85,490.85,34784500.0
2024-10-16,491.18,490.91,490.91,22996800.0
2024-10-17,496.44,491.25,491.25,27134000.0
2024-10-18,494.05,494.74,494.74,6732659.0
2024-10-21,493.25,495.42,495.42,30336500.0
2024-10-22,492.73,495.96,495.96,26685800.0
2024-10-23,493.59,488.36,488.36,39203000.0
2024-10-24,492.11,492.32,492.32,22024900.0
2024-10-25,495.14,495.32,495.32,38639700.0
2024-10-28,498.46,495.4,495.4,20412000.0
2024-10-29,495.72,500.16,500.16,28014100.0
2024-10-30,499.39,496.38,496.38,29756000.0
2024-10-31,492.38,483.85,483.85,41245200.0
2024-11-01,485.5,487.43,487.43,33631200.0
2024-11-04,486.82,486.01,486.01,23291600.0
2024-11-05,487.61,492.21,492.21,23928600.0
2024-11-06,500.56,505.58,505.58,43082200.0
2024-11-07,508.4,513.54,513.54,32853100.0
2024-11-08,513.04,514.14,514.14,22903300.0
2024-11-11,515.37,513.84,513.84,24090000.0
2024-11-12,513.77,512.91,512.91,25835300.0
2024-11-13,512.46,512.25,512.25,23777821.0
2024-11-14,511.91,508.69,508.69,28525700.0
2024-11-15,502.94,496.57,496.57,51405300.0
2024-11-18,498.13,500.02,500.02,27192700.0
2024-11-19,497.42,503.46,503.46,24523000.0
2024-11-20,503.16,503.17,503.17,29565500.0
2024-11-21,506.24,504.98,504.98,34526700.0
2024-11-22,504.42,505.79,505.79,23826600.0
2024-11-25,509.9,506.59,506.59,26375200.0
2024-11-26,508.08,509.31,509.31,26557100.0
2024-11-27,508.17,505.3,505.3,24957400.0
2024-11-29,505.93,509.74,509.74,15334000.0
2024-12-02,511.01,515.29,515.29,25147200.0
2024-12-03,513.95,516.87,516.87,18597900.0
2024-12-04,520.32,523.26,523.26,26086200.0
2024-12-05,523.35,521.81,521.81,17978800.0
2024-12-06,522.48,526.48,526.48,23727200.0
2024-12-09,525.55,522.38,522.38,20674400.0
2024-12-10,523.62,520.6,520.6,24350000.0
2024-12-11,525.0,529.92,529.92,32168600.0
2024-12-12,527.68,526.5,526.5,23577500.0
2024-12-13,530.46,530.53,530.53,28763400.0
2024-12-16,533.08,538.17,538.17,31903400.0
2024-12-17,536.36,535.8,535.8,28579100.0
2024-12-18,535.15,516.47,516.47,54703200.0
2024-12-19,521.19,514.17,514.17,46441800.0
2024-12-20,510.44,518.66,518.66,60429700.0
2024-12-23,519.55,522.87,522.87,29672800.0
2024-12-24,524.83,529.96,529.96,17558200.0
2024-12-26,528.34,529.6,529.6,18769460.0
2024-12-27,526.01,522.56,522.56,33802600.0
2024-12-30,515.51,515.61,515.61,34391400.0
2024-12-31,516.9,511.23,511.23,29077400.0
2025-01-02,514.3,510.23,510.23,36178900.0
2025-01-03,513.35,518.58,518.58,28254510.0
2025-01-06,524.02,524.54,524.54,36109700.0
2025-01-07,525.59,515.18,515.18,36690300.0
2025-01-08,515.08,515.27,515.27,30777800.0
2025-01-10,511.48,507.19,507.19,40483300.0
2025-01-13,501.2,505.56,505.56,31694200.0
2025-01-14,508.74,505.08,505.08,33657200.0
2025-01-15,513.04,516.7,516.7,33985227.0
2025-01-16,518.98,513.08,513.08,28116500.0
2025-01-17,522.94,521.92,521.92,23061941.0
2025-01-21,524.48,524.8,524.8,23628000.0
2025-01-22,529.57,531.51,531.51,33436800.0
2025-01-23,529.04,532.64,532.64,23096600.0
2025-01-24,533.02,529.63,529.63,19817900.0
2025-01-27,511.0,514.21,514.21,60771700.0
2025-01-28,515.22,521.81,521.81,33089200.0
2025-01-29,522.53,520.91,520.91,1769675.0
2025-01-30,523.71,523.05,523.05,27431300.0
2025-01-31,526.92,522.29,522.29,38362346.0
2025-02-03,513.54,518.11,518.11,37680927.0
2025-02-04,518.65,524.47,524.47,24809574.0
2025-02-05,521.82,526.85,526.85,21026400.0
2025-02-06,527.36,529.6,529.6,18777479.0
2025-02-07,530.14,522.92,522.92,29546900.0
2025-02-10,527.22,529.25,529.25,20757800.0
2025-02-11,525.96,526.45,526.45,9097507.0
2025-02-12,522.3,528.3,528.3,24380342.0
2025-02-13,530.03,530.42,530.42,3724043.0
2025-02-14,536.01,538.15,538.15,17835900.0
2025-02-18,538.93,538.57,538.57,20565000.0
2025-02-19,537.77,538.72,538.72,19666900.0
2025-02-20,537.93,536.43,536.43,26550800.0
2025-02-21,537.58,525.3,525.3,47093800.0
2025-02-24,527.09,519.1,519.1,39268400.0
2025-02-25,518.47,512.56,512.56,48940000.0
2025-02-26,514.76,513.79,513.79,34457600.0
2025-02-27,517.36,499.53,499.53,52448000.0
2025-02-28,499.39,507.41,507.41,47654000.0
2025-03-03,510.76,496.31,496.31,44587200.0
2025-03-04,493.44,494.81,494.81,67875400.0
2025-03-05,495.46,501.26,501.26,46323700.0
2025-03-06,492.95,487.47,487.47,57574300.0
2025-03-07,486.43,491.06,491.06,54714700.0
2025-03-10,482.73,472.03,472.03,76668000.0
2025-03-11,471.65,470.9,470.9,68760800.0
2025-03-12,478.45,476.21,476.21,46971100.0
2025-03-13,475.54,467.64,467.64,46563300.0
2025-03-14,473.02,478.95,478.95,43563000.0
2025-03-17,478.9,482.05,482.05,41744400.0
2025-03-18,478.7,473.83,473.83,39072300.0
2025-03-19,476.1,480.17,480.17,40430300.0
2025-03-20,476.17,478.55,478.55,36780500.0
2025-03-21,473.37,480.12,480.12,42234900.0
2025-03-24,487.74,490.66,490.66,34567200.0
2025-03-25,491.39,493.46,493.46,26035200.0
2025-03-26,492.3,484.38,484.38,34627100.0
2025-03-27,482.41,481.62,481.62,33469800.0
2025-03-28,479.81,468.94,468.94,46363800.0
2025-03-31,461.92,468.92,468.92,53000300.0
2025-04-01,467.3,472.7,472.7,41156200.0
2025-04-02,466.12,476.15,476.15,49894500.0
2025-04-03,456.44,450.66,450.66,70456300.0
2025-04-04,438.14,422.67,422.67,117088400.0
2025-04-07,408.66,423.69,423.69,161557000.0
2025-04-08,438.16,416.06,416.06,101248100.0
2025-04-09,415.57,466.0,466.0,142876900.0
2025-04-10,453.56,446.18,446.18,108384100.0
2025-04-11,444.65,454.4,454.4,52483800.0
2025-04-14,464.46,457.48,457.48,43941200.0
2025-04-15,458.54,457.99,457.99,35404200.0
2025-04-16,449.03,444.18,444.18,48980600.0
2025-04-17,447.17,444.1,444.1,44763900.0
2025-04-21,438.23,433.11,433.11,44149300.0
2025-04-22,438.82,444.48,444.48,52304400.0
2025-04-23,458.17,454.56,454.56,55801100.0
2025-04-24,456.48,467.35,467.35,45956100.0
2025-04-25,466.97,472.56,472.56,38632900.0
2025-04-28,473.03,472.41,472.41,33370300.0
2025-04-29,470.26,475.86,475.86,24408270.0
2025-04-30,467.13,475.47,475.47,46810600.0
2025-05-01,483.41,481.68,481.68,43316500.0
2025-05-02,486.54,488.83,488.83,39218100.0
2025-05-05,484.6,485.93,485.93,28309500.0
2025-05-06,479.56,481.41,481.41,32786300.0
2025-05-07,482.08,483.3,483.3,38006300.0
2025-05-08,488.53,488.29,488.29,39577600.0
2025-05-09,490.21,487.97,487.97,27767400.0
2025-05-12,506.99,507.85,507.85,45090600.0
2025-05-13,509.16,515.59,515.59,53269600.0
2025-05-14,516.77,518.68,518.68,47014500.0
2025-05-15,516.52,519.25,519.25,50153300.0
2025-05-16,520.66,521.51,521.51,47864400.0
2025-05-19,514.24,522.01,522.01,52133396.0
2025-05-20,519.47,520.27,520.27,42517600.0
2025-05-21,516.27,513.04,513.04,70422700.0
2025-05-22,513.66,514.0,514.0,55607200.0
2025-05-23,506.18,509.24,509.24,58368100.0
2025-05-27,516.15,521.22,521.22,47226300.0
2025-05-28,522.18,518.91,518.91,46637200.0
2025-05-29,526.33,519.93,519.93,58513300.0
2025-05-30,519.44,519.11,519.11,67662800.0
2025-06-02,517.24,523.21,523.21,44762800.0
2025-06-03,523.56,527.3,527.3,44070300.0
2025-06-04,528.03,528.77,528.77,40457661.0
2025-06-05,530.18,524.79,524.79,61031200.0
2025-06-06,530.0,529.92,529.92,42467000.0
2025-06-09,530.14,530.7,530.7,33688700.0
2025-06-10,531.17,534.21,534.21,40664800.0
2025-06-11,535.62,532.41,532.41,53701000.0
2025-06-12,531.09,533.66,533.66,34104900.0
2025-06-13,527.68,526.96,526.96,55770000.0
2025-06-16,530.5,534.29,534.29,37622100.0
2025-06-17,531.71,529.08,529.08,42180900.0
2025-06-18,530.1,528.99,528.99,43983500.0
2025-06-20,532.15,532.0,532.0,5808924.0
2025-06-23,526.81,531.65,531.65,50666100.0
2025-06-24,536.89,539.78,539.78,45442000.0
2025-06-25,542.06,541.16,541.16,44804200.0
2025-06-26,543.35,546.22,546.22,43811400.0
2025-06-27,547.26,548.09,548.09,57493100.0
2025-06-30,551.26,551.64,551.64,45548700.0
2025-07-01,549.73,546.99,546.99,56166700.0
2025-07-02,546.16,550.8,550.8,36538300.0
2025-07-03,553.18,556.22,556.22,26443500.0
2025-07-07,553.52,552.03,552.03,45199900.0
2025-07-08,553.34,551.99,551.99,14676690.0
2025-07-09,554.48,556.25,556.25,43045500.0
2025-07-10,556.89,555.45,555.45,34710900.0
2025-07-11,553.3,554.2,554.2,39569500.0
2025-07-14,553.99,556.21,556.21,36453300.0
2025-07-15,560.25,556.72,556.72,43110500.0
2025-07-16,557.22,556.47,556.47,2075068.0
2025-07-17,557.98,559.21,559.21,4770167.0
2025-07-18,563.12,561.26,561.26,50484700.0
2025-07-21,562.09,564.17,564.17,39595200.0
2025-07-22,564.3,561.25,561.25,43270600.0
2025-07-23,562.34,563.81,563.81,40215300.0
2025-07-24,565.13,565.01,565.01,42275500.0
2025-07-25,564.93,566.37,566.37,30630800.0
2025-07-28,567.74,568.14,568.14,31498700.0
2025-07-29,570.76,567.26,567.26,45463300.0
2025-07-30,568.18,568.02,568.02,43433800.0
2025-07-31,574.54,565.01,565.01,64613600.0
2025-08-01,558.83,553.88,553.88,69400800.0
2025-08-04,559.05,564.1,564.1,47669800.0
2025-08-05,565.39,560.27,560.27,48666600.0
2025-08-06,561.11,567.32,567.32,41823700.0
2025-08-07,571.67,569.24,569.24,44463000.0
2025-08-08,570.45,574.55,574.55,35255500.0
2025-08-11,574.69,572.85,572.85,33112900.0
2025-08-12,575.16,580.05,580.05,42143300.0
2025-08-13,582.76,580.34,580.34,41209300.0
2025-08-14,578.28,579.89,579.89,45425000.0
2025-08-15,579.8,577.34,577.34,49480200.0
2025-08-18,576.44,577.11,577.11,29831000.0
2025-08-19,576.39,569.28,569.28,53752600.0
2025-08-20,568.33,565.9,565.9,76781100.0
2025-08-21,564.35,563.28,563.28,46436900.0
2025-08-22,564.67,571.97,571.97,51502100.0
2025-08-25,570.4,570.32,570.32,34044700.0
2025-08-26,569.83,572.61,572.61,33984100.0
2025-08-27,571.62,571.11,571.11,4619863.0
2025-08-28,574.11,577.08,577.08,46787900.0
2025-08-29,574.66,570.4,570.4,56030400.0
2025-09-02,561.31,565.62,565.62,65876800.0
2025-09-03,569.23,570.07,570.07,54230200.0
2025-09-04,570.74,575.23,575.23,47526300.0
2025-09-05,580.49,576.06,576.06,68342500.0
2025-09-08,578.37,578.87,578.87,46371400.0
2025-09-09,579.67,580.51,580.51,44007600.0
2025-09-10,583.74,580.7,580.7,49308000.0
2025-09-11,583.24,584.08,584.08,44745800.0
2025-09-12,585.04,586.66,586.66,50745900.0
2025-09-15,588.44,591.68,591.68,44360300.0
2025-09-16,592.61,591.18,591.18,36942100.0
2025-09-17,591.1,590.0,590.0,69384800.0
2025-09-18,594.91,595.32,595.32,61069300.0
2025-09-19,597.33,599.35,599.35,58142500.0
2025-09-22,597.74,602.2,602.2,57095800.0
2025-09-23,602.35,597.74,597.74,46359175.0
2025-09-24,599.58,596.1,596.1,49850300.0
2025-09-25,592.2,593.53,593.53,70920200.0
2025-09-26,594.35,595.97,595.97,54318500.0
2025-09-29,599.11,598.73,598.73,48332900.0
2025-09-30,598.43,600.37,600.37,46533800.0
2025-10-01,597.17,603.25,603.25,46721068.0
2025-10-02,607.06,605.73,605.73,43765400.0
2025-10-03,606.51,603.18,603.18,46482100.0
2025-10-06,608.45,607.71,607.71,41763400.0
2025-10-07,609.02,604.39,604.39,41219338.0
2025-10-08,605.41,611.44,611.44,50492400.0
2025-10-09,611.48,610.7,610.7,45399200.0
2025-10-10,611.45,600.24,600.24,26808700.0
2025-10-13,599.68,602.01,602.01,65872600.0
2025-10-14,595.31,598.0,598.0,69203200.0
2025-10-15,604.01,602.22,602.22,62654600.0
2025-10-16,605.09,602.84,602.84,29761972.0
2025-10-17,597.95,603.93,603.93,72024900.0
2025-10-20,607.14,611.54,611.54,45761700.0
2025-10-21,611.64,611.38,611.38,44538200.0
2025-10-22,610.82,605.49,605.49,61478800.0
2025-10-23,604.91,610.58,610.58,42844300.0
2025-10-24,615.99,617.1,617.1,47632500.0
2025-10-27,624.52,628.09,628.09,54098600.0
2025-10-28,630.36,632.92,632.92,61195700.0
2025-10-29,635.59,635.77,635.77,67422800.0
2025-10-30,632.17,626.05,626.05,61628600.0
2025-10-31,634.17,629.07,629.07,66305100.0
2025-11-03,635.11,632.08,632.08,37154300.0
2025-11-04,623.28,619.25,619.25,63830800.0
2025-11-05,618.49,623.28,623.28,48688500.0
2025-11-06,621.79,611.67,611.67,72115100.0
2025-11-07,608.31,609.74,609.74,81702200.0
2025-11-10,618.92,623.23,623.23,55919900.0
2025-11-11,620.57,621.57,621.57,44868800.0
2025-11-12,624.84,621.08,621.08,47444400.0
2025-11-13,617.54,608.4,608.4,71333600.0
2025-11-14,599.55,608.86,608.86,80087300.0
2025-11-17,606.3,603.66,603.66,63850400.0
2025-11-18,599.62,596.31,596.31,83327300.0
2025-11-19,597.07,599.87,599.87,73111500.0
2025-11-20,611.62,585.67,585.67,117743200.0
2025-11-21,587.47,590.07,590.07,103344200.0
2025-11-24,595.28,605.16,605.16,60168100.0
2025-11-25,603.51,608.89,608.89,57375100.0
2025-11-26,612.51,614.27,614.27,42393600.0
2025-11-28,616.11,619.25,619.25,21108767.0
2025-12-01,613.63,617.17,617.17,40856700.0
2025-12-02,619.46,622.0,622.0,54541800.0
2025-12-03,619.62,623.52,623.52,47841600.0
2025-12-04,624.93,622.94,622.94,47067800.0
2025-12-05,624.38,625.48,625.48,53614200.0
2025-12-08,627.21,624.28,624.28,43462400.0
2025-12-09,623.01,625.05,625.05,37156000.0
2025-12-10,623.85,627.61,627.61,55031400.0
2025-12-11,623.82,625.58,625.58,58272800.0
2025-12-12,621.95,613.62,613.62,48498511.0
2025-12-15,617.57,609.75,609.75,49538200.0
2025-12-16,607.48,610.96,610.96,55152800.0
2025-12-17,612.27,599.64,599.64,70654300.0
2025-12-18,609.02,608.33,608.33,78875800.0
2025-12-19,611.16,616.26,616.26,60369800.0
2025-12-22,621.35,619.21,619.21,43703100.0
2025-12-23,618.2,622.11,622.11,41120400.0
2025-12-24,621.99,623.93,623.93,18468700.0
2025-12-26,624.66,623.89,623.89,28932100.0
2025-12-29,624.68,619.51,619.51,18273253.0
2025-12-30,619.85,620.58,620.58,13965908.0
2025-12-31,619.65,614.31,614.31,40746500.0
2026-01-02,620.06,613.12,613.12,61859200.0
2026-01-05,619.32,617.99,617.99,46828400.0
2026-01-06,619.23,623.42,623.42,43059100.0
2026-01-07,623.04,624.02,624.02,44880300.0
2026-01-08,623.01,620.47,620.47,50137186.0
2026-01-09,621.41,626.65,626.65,49622600.0
2026-01-12,622.31,627.17,627.17,37388700.0
2026-01-13,627.27,626.24,626.24,44481400.0
2026-01-14,622.24,619.55,619.55,72598700.0
2026-01-15,626.6,621.78,621.78,53934900.0
2026-01-16,625.5,621.26,621.26,61058100.0
2026-01-20,610.53,608.06,608.06,81988900.0
2026-01-21,609.47,616.28,616.28,79837900.0
2026-01-22,622.35,620.76,620.76,42254800.0
2026-01-23,619.73,622.72,622.72,43645800.0
2026-01-26,623.21,625.46,625.46,35983000.0
2026-01-27,628.91,631.13,631.13,38997200.0
2026-01-28,635.46,633.22,633.22,50691700.0
2026-01-29,632.65,629.43,629.43,79944000.0
2026-01-30,625.72,621.87,621.87,62080899.0
2026-02-02,618.7,626.14,626.14,49020300.0
2026-02-03,628.3,616.52,616.52,81234000.0
2026-02-04,615.02,605.75,605.75,81850700.0
2026-02-05,600.21,597.03,597.03,89354500.0
2026-02-06,600.19,609.65,609.65,77641800.0
2026-02-09,607.54,614.32,614.32,56797600.0
2026-02-10,615.31,611.47,611.47,53938900.0
2026-02-11,616.38,613.11,613.11,58397500.0
2026-02-12,614.71,600.64,600.64,81378900.0
2026-02-13,600.43,601.92,601.92,69237500.0
2026-02-17,598.38,601.3,601.3,69013800.0
2026-02-18,602.11,605.79,605.79,64250700.0
2026-02-19,602.81,603.47,603.47,60960800.0
2026-02-20,600.12,608.81,608.81,74063400.0
2026-02-23,606.61,601.41,601.41,63691400.0
2026-02-24,602.4,607.87,607.87,54857400.0
2026-02-25,611.09,615.53,615.53,31912121.0
2026-02-26,615.59,609.24,609.24,96178900.0
2026-02-27,602.98,607.29,607.29,68125200.0
2026-03-02,598.86,608.09,608.09,75264600.0
2026-03-03,596.33,601.58,601.58,96707500.0
2026-03-04,604.15,611.62,611.62,48493767.0
2026-03-05,607.4,608.91,608.91,89602400.0
2026-03-06,600.34,599.75,599.75,83945081.0
2026-03-09,594.23,607.76,607.76,93068200.0
2026-03-10,607.78,607.77,607.77,63906800.0
2026-03-11,608.95,607.69,607.69,60114800.0
2026-03-12,602.76,597.26,597.26,71836600.0
2026-03-13,599.73,593.72,593.72,63145490.0
2026-03-16,600.04,600.38,600.38,47223153.0
2026-03-17,603.14,603.31,603.31,47106600.0
2026-03-18,601.49,594.9,594.9,56128000.0
2026-03-19,589.51,593.02,593.02,75597600.0
2026-03-20,591.07,582.06,582.06,89087904.0
2026-03-23,590.52,588.0,588.0,89936100.0
2026-03-24,584.81,583.98,583.98,57405200.0
2026-03-25,589.11,587.14,587.14,35473810.0
2026-03-26,582.6,573.79,573.79,81492100.0
2026-03-27,570.81,562.58,562.58,82497000.0
2026-03-30,567.34,562.7,562.7,25743526.0
2026-03-31,564.29,577.18,577.18,95317800.0
2026-04-01,581.48,583.22,583.22,14193195.0
2026-04-02,573.97,584.98,584.98,50941700.0
2026-04-06,586.23,588.5,588.5,35108500.0
2026-04-07,585.64,588.59,588.59,49948200.0
2026-04-08,608.71,606.09,606.09,63086000.0
2026-04-09,605.93,610.19,610.19,37837500.0
2026-04-10,611.84,611.07,611.07,34038500.0
2026-04-13,609.48,617.39,617.39,32781900.0
2026-04-14,620.27,625.81,625.81,23485071.0
2026-04-15,629.08,637.4,637.4,50102400.0
2026-04-16,639.21,640.47,640.47,42320600.0
2026-04-17,645.59,648.85,648.85,53488900.0
2026-04-20,648.04,646.79,646.79,37138500.0
2026-04-21,648.41,644.33,644.33,39580500.0
2026-04-22,650.15,655.11,655.11,37368400.0
2026-04-23,653.55,651.42,651.42,40099800.0
2026-04-24,658.51,663.88,663.88,45563100.0
2026-04-27,663.4,664.23,664.23,32717000.0
2026-04-28,657.41,657.55,657.55,34147900.0
2026-04-29,658.63,661.57,661.57,31724900.0
2026-04-30,665.35,667.74,667.74,40622200.0
2026-05-01,669.16,674.15,674.15,39172600.0
2026-05-04,674.66,672.88,672.88,34443200.0
2026-05-05,677.95,681.5,681.5,22165811.0
2026-05-06,687.78,695.77,695.77,38778492.0
2026-05-07,696.58,694.94,694.94,43779087.0
2026-05-08,699.92,711.23,711.23,44320421.0
2026-05-11,710.36,713.29,713.29,36019146.0
2026-05-12,708.22,707.24,707.24,45873009.0
2026-05-13,709.96,714.71,714.71,40012526.0
2026-05-14,714.62,719.79,719.79,33327545.0
2026-05-15,710.14,708.93,708.93,51792656.0
2026-05-18,711.54,705.88,705.88,49834549.0
2026-05-19,699.81,701.53,701.53,46827529.0
2026-05-20,705.29,713.15,713.15,35403154.0
2026-05-21,708.99,714.51,714.51,36415360.0
2026-05-22,718.07,717.54,717.54,33118575.0
2026-05-26,725.96,730.28,730.28,34254692.0
2026-05-27,732.96,729.45,729.45,35148674.0
2026-05-28,729.73,735.6,735.6,32839952
2026-05-29,737.84,738.31,738.31,37541668
2026-06-01,737.04,742.74,742.74,33890559
2026-06-02,742.4,746.16,746.16,30085237
2026-06-03,747.31,744.21,744.21,40270198
2026-06-04,735.48,740.61,740.61,40782580
2026-06-05,730.06,705.06,705.06,99606571
2026-06-08,717.81,716.07,716.07,47401451
