date,open_price_usd,close_price_usd,adj_close_price_usd,total_volume_usd
2013-04-29,51.7500,54.9000,54.9000,54595500.0
2013-04-30,55.9500,54.0000,54.0000,82839000.0
2013-05-01,55.9500,53.2500,53.2500,41142000.0
2013-05-02,53.8500,54.1500,54.1500,45756000.0
2013-05-03,56.4000,54.6000,54.6000,50680500.0
2013-05-06,56.4000,59.5500,59.5500,65500500.0
2013-05-07,61.9500,55.5000,55.5000,149865000.0
2013-05-08,57.4500,55.8000,55.8000,101548500.0
2013-05-09,70.0500,69.4500,69.4500,429075000.0
2013-05-10,69.6000,76.8000,76.8000,376239000.0
2013-05-13,81.0000,87.7500,87.7500,336253500.0
2013-05-14,94.2000,83.2500,83.2500,557458500.0
2013-05-15,81.7500,84.9000,84.9000,253180500.0
2013-05-16,94.6500,92.2500,92.2500,324210000.0
2013-05-17,92.5500,91.5000,91.5000,285033000.0
2013-05-20,91.0500,90.0000,90.0000,125226000.0
2013-05-21,88.5000,87.6000,87.6000,134973000.0
2013-05-22,86.4000,87.3000,87.3000,128520000.0
2013-05-23,84.7500,92.7000,92.7000,180333000.0
2013-05-24,92.5500,97.0500,97.0500,241863000.0
2013-05-28,101.5500,110.4000,110.4000,295378500.0
2013-05-29,113.5500,104.7000,104.7000,376492500.0
2013-05-30,102.4500,105.0000,105.0000,242005500.0
2013-05-31,106.2000,97.8000,97.8000,227580000.0
2013-06-03,97.6500,92.5500,92.5500,287094000.0
2013-06-04,92.7000,94.8000,94.8000,132841500.0
2013-06-05,93.6000,95.4000,95.4000,183372000.0
2013-06-06,95.2500,97.3500,97.3500,142663500.0
2013-06-07,97.9500,102.0000,102.0000,160674000.0
2013-06-10,99.0000,100.0500,100.0500,138429000.0
2013-06-11,98.2500,94.5000,94.5000,110910000.0
2013-06-12,96.7500,97.8000,97.8000,137890500.0
2013-06-13,99.0000,98.2500,98.2500,89424000.0
2013-06-14,100.0500,100.3500,100.3500,98470500.0
2013-06-17,103.6500,102.1500,102.1500,105993000.0
2013-06-18,101.7000,103.3500,103.3500,131929500.0
2013-06-19,102.0000,104.7000,104.7000,128683500.0
2013-06-20,104.7000,100.6500,100.6500,151597500.0
2013-06-21,103.6500,99.6000,99.6000,175779000.0
2013-06-24,96.4500,101.5500,101.5500,106797000.0
2013-06-25,103.0500,102.4500,102.4500,87730500.0
2013-06-26,103.8000,105.7500,105.7500,99039000.0
2013-06-27,106.8000,109.2000,109.2000,131173500.0
2013-06-28,108.6000,107.4000,107.4000,86229000.0
2013-07-01,109.3500,117.1500,117.1500,163554000.0
2013-07-02,118.2000,117.7500,117.7500,180961500.0
2013-07-03,118.0500,115.2000,115.2000,72100500.0
2013-07-05,118.3500,120.1500,120.1500,102280500.0
2013-07-08,121.3500,121.6500,121.6500,117213000.0
2013-07-09,124.6500,123.4500,123.4500,129049500.0
2013-07-10,123.1500,122.2500,122.2500,84001500.0
2013-07-11,124.9500,125.5500,125.5500,112254000.0
2013-07-12,125.5500,129.9000,129.9000,170160000.0
2013-07-15,133.0500,127.2000,127.2000,148836000.0
2013-07-16,126.3000,109.0500,109.0500,485578500.0
2013-07-17,106.5000,120.3000,120.3000,390435000.0
2013-07-18,120.9000,119.1000,119.1000,170971500.0
2013-07-19,118.5000,119.7000,119.7000,88354500.0
2013-07-22,119.8500,122.4000,122.4000,146967000.0
2013-07-23,124.0500,122.7000,122.7000,116046000.0
2013-07-24,124.5000,121.6500,121.6500,103035000.0
2013-07-25,120.4500,124.0500,124.0500,79264500.0
2013-07-26,128.1000,129.4500,129.4500,144496500.0
2013-07-29,129.3000,134.5500,134.5500,145183500.0
2013-07-30,134.8500,131.7000,131.7000,196905000.0
2013-07-31,132.6000,134.2500,134.2500,95275500.0
2013-08-01,135.0000,135.6000,135.6000,79854000.0
2013-08-02,134.5500,138.0000,138.0000,94048500.0
2013-08-05,139.9500,144.7500,144.7500,153010500.0
2013-08-06,144.7500,142.2000,142.2000,138817500.0
2013-08-07,141.9000,134.2500,134.2500,273183000.0
2013-08-08,154.3500,153.4500,153.4500,408702000.0
2013-08-09,152.4000,153.0000,153.0000,133915500.0
2013-08-12,149.4000,147.4500,147.4500,223683000.0
2013-08-13,149.5500,145.5000,145.5000,131233500.0
2013-08-14,142.6500,139.3500,139.3500,175407000.0
2013-08-15,136.5000,139.6500,139.6500,152688000.0
2013-08-16,141.6000,142.0500,142.0500,106621500.0
2013-08-19,143.4000,144.9000,144.9000,120565500.0
2013-08-20,148.6500,149.5500,149.5500,96273000.0
2013-08-21,150.0000,147.9000,147.9000,93994500.0
2013-08-22,149.2500,157.0500,157.0500,158886000.0
2013-08-23,157.0500,161.8500,161.8500,193978500.0
2013-08-26,165.1500,164.2500,164.2500,362566500.0
2013-08-27,162.3000,166.9500,166.9500,263503500.0
2013-08-28,169.0500,166.5000,166.5000,221101500.0
2013-08-29,164.2500,166.0500,166.0500,141540000.0
2013-08-30,166.3500,169.0500,169.0500,165426000.0
2013-09-03,173.4000,168.9000,168.9000,180916500.0
2013-09-04,169.8000,170.5500,170.5500,172135500.0
2013-09-05,170.1000,169.9500,169.9500,100279500.0
2013-09-06,168.6000,166.9500,166.9500,129295500.0
2013-09-09,163.0500,160.6500,160.6500,215167500.0
2013-09-10,161.4000,166.3500,166.3500,134517000.0
2013-09-11,166.3500,163.5000,163.5000,87487500.0
2013-09-12,163.9500,165.0000,165.0000,92400000.0
2013-09-13,162.7500,165.6000,165.6000,81018000.0
2013-09-16,168.0000,166.6500,166.6500,113623500.0
2013-09-17,165.1500,166.2000,166.2000,82453500.0
2013-09-18,167.1000,166.2000,166.2000,81595500.0
2013-09-19,170.8500,177.9000,177.9000,233919000.0
2013-09-20,178.9500,183.4500,183.4500,201025500.0
2013-09-23,184.5000,181.0500,181.0500,122601000.0
2013-09-24,179.1000,182.4000,182.4000,94101000.0
2013-09-25,183.6000,185.2500,185.2500,123790500.0
2013-09-26,186.7500,188.7000,188.7000,99216000.0
2013-09-27,187.5000,190.9500,190.9500,88746000.0
2013-09-30,189.0000,193.3500,193.3500,133870500.0
2013-10-01,193.9500,193.0500,193.0500,116338500.0
2013-10-02,188.5500,180.9000,180.9000,311631000.0
2013-10-03,175.0500,173.2500,173.2500,357247500.0
2013-10-04,176.4000,181.0500,181.0500,216210000.0
2013-10-07,182.4000,183.0000,183.0000,172284000.0
2013-10-08,184.3500,174.7500,174.7500,206358000.0
2013-10-09,174.7500,168.7500,168.7500,229747500.0
2013-10-10,173.1000,172.9500,172.9500,133258500.0
2013-10-11,172.8000,178.6500,178.6500,124666500.0
2013-10-14,175.0500,179.7000,179.7000,116544000.0
2013-10-15,185.2500,183.9000,183.9000,164677500.0
2013-10-16,184.9500,183.6000,183.6000,123081000.0
2013-10-17,183.6000,182.8500,182.8500,100575000.0
2013-10-18,184.2000,183.4500,183.4500,88962000.0
2013-10-21,183.3000,172.6500,172.6500,172981500.0
2013-10-22,170.5500,171.6000,171.6000,170800500.0
2013-10-23,168.9000,164.5500,164.5500,199806000.0
2013-10-24,165.0000,173.1000,173.1000,162385500.0
2013-10-25,174.1500,169.6500,169.6500,113932500.0
2013-10-28,170.2500,162.9000,162.9000,117625500.0
2013-10-29,162.7500,164.4000,164.4000,211675500.0
2013-10-30,164.7000,159.1500,159.1500,126027000.0
2013-10-31,155.7000,159.9000,159.9000,140007000.0
2013-11-01,163.0500,162.1500,162.1500,107709000.0
2013-11-04,165.0000,175.2000,175.2000,196806000.0
2013-11-05,180.0000,176.8500,176.8500,337006500.0
2013-11-06,154.8000,151.2000,151.2000,466075500.0
2013-11-07,144.1500,139.8000,139.8000,334270500.0
2013-11-08,136.5000,138.0000,138.0000,337168500.0
2013-11-11,141.0000,144.7500,144.7500,209964000.0
2013-11-12,144.7500,137.8500,137.8500,224778000.0
2013-11-13,140.8500,138.7500,138.7500,189874500.0
2013-11-14,138.9000,137.5500,137.5500,183055500.0
2013-11-15,136.8000,135.4500,135.4500,148503000.0
2013-11-18,135.3000,121.6500,121.6500,347073000.0
2013-11-19,119.4000,126.1500,126.1500,297243000.0
2013-11-20,126.1500,121.0500,121.0500,207744000.0
2013-11-21,122.8500,122.1000,122.1000,178557000.0
2013-11-22,121.6500,121.3500,121.3500,166450500.0
2013-11-25,124.5000,120.9000,120.9000,154009500.0
2013-11-26,119.4000,120.4500,120.4500,208282500.0
2013-11-27,121.3500,126.9000,126.9000,185514000.0
2013-11-29,129.7500,127.3500,127.3500,145743000.0
2013-12-02,126.3000,124.2000,124.2000,116268000.0
2013-12-03,132.7500,144.7500,144.7500,385236000.0
2013-12-04,144.3000,138.9000,138.9000,197215500.0
2013-12-05,140.1000,140.5500,140.5500,139326000.0
2013-12-06,141.4500,137.4000,137.4000,118644000.0
2013-12-09,136.9500,141.6000,141.6000,135922500.0
2013-12-10,140.1000,142.2000,142.2000,161223000.0
2013-12-11,141.9000,139.6500,139.6500,107067000.0
2013-12-12,139.6500,147.4500,147.4500,161517000.0
2013-12-13,148.0500,147.6000,147.6000,158878500.0
2013-12-16,148.5000,147.9000,147.9000,100129500.0
2013-12-17,147.6000,152.4000,152.4000,157425000.0
2013-12-18,152.2500,148.0500,148.0500,173728500.0
2013-12-19,146.8500,140.7000,140.7000,191100000.0
2013-12-20,141.6000,143.2500,143.2500,111189000.0
2013-12-23,144.9000,143.5500,143.5500,80782500.0
2013-12-24,150.0000,151.3500,151.3500,149122500.0
2013-12-26,155.1000,155.5500,155.5500,106942500.0
2013-12-27,155.2500,151.0500,151.0500,81903000.0
2013-12-30,151.0500,152.4000,152.4000,67012500.0
2013-12-31,152.2500,150.4500,150.4500,63936000.0
2014-01-02,149.8500,150.1500,150.1500,92826000.0
2014-01-03,150.0000,149.5500,149.5500,70425000.0
2014-01-06,150.0000,147.0000,147.0000,80416500.0
2014-01-07,147.6000,149.4000,149.4000,75511500.0
2014-01-08,148.8000,151.3500,151.3500,92448000.0
2014-01-09,152.5500,147.6000,147.6000,80730000.0
2014-01-10,148.5000,145.6500,145.6500,111691500.0
2014-01-13,145.8000,139.3500,139.3500,94741500.0
2014-01-14,140.5500,161.2500,161.2500,414105000.0
2014-01-15,168.4500,164.1000,164.1000,306984000.0
2014-01-16,162.4500,171.0000,171.0000,179391000.0
2014-01-17,170.2500,169.9500,169.9500,138093000.0
2014-01-21,171.3000,176.7000,176.7000,146020500.0
2014-01-22,177.7500,178.5000,178.5000,105339000.0
2014-01-23,177.3000,181.5000,181.5000,118011000.0
2014-01-24,177.9000,174.6000,174.6000,114964500.0
2014-01-27,175.2000,169.6500,169.6500,130746000.0
2014-01-28,171.4500,178.3500,178.3500,91401000.0
2014-01-29,175.3500,175.2000,175.2000,89032500.0
2014-01-30,178.0500,182.8500,182.8500,128475000.0
2014-01-31,178.8000,181.3500,181.3500,97632000.0
2014-02-03,182.8500,177.1500,177.1500,101473500.0
2014-02-04,180.7500,178.8000,178.8000,70294500.0
2014-02-05,178.3500,174.4500,174.4500,109020000.0
2014-02-06,176.2500,178.3500,178.3500,87624000.0
2014-02-07,181.0500,186.6000,186.6000,133927500.0
2014-02-10,189.3000,196.5000,196.5000,194560500.0
2014-02-11,198.9000,196.6500,196.6500,160648500.0
2014-02-12,195.7500,195.3000,195.3000,77605500.0
2014-02-13,193.3500,199.6500,199.6500,120439500.0
2014-02-14,198.1500,198.3000,198.3000,92370000.0
2014-02-18,205.2000,203.7000,203.7000,139992000.0
2014-02-19,203.7000,193.6500,193.6500,242535000.0
2014-02-20,214.9500,210.0000,210.0000,270034500.0
2014-02-21,211.6500,209.5500,209.5500,117282000.0
2014-02-24,208.8000,217.6500,217.6500,124176000.0
2014-02-25,229.9500,247.9500,247.9500,490225500.0
2014-02-26,258.6000,253.0500,253.0500,369069000.0
2014-02-27,261.3000,252.6000,252.6000,269187000.0
2014-02-28,249.6000,244.8000,244.8000,218847000.0
2014-03-03,237.3000,250.5000,250.5000,196339500.0
2014-03-04,258.4500,254.8500,254.8500,131184000.0
2014-03-05,256.6500,252.6000,252.6000,89035500.0
2014-03-06,254.1000,252.9000,252.9000,110416500.0
2014-03-07,252.9000,246.1500,246.1500,117184500.0
2014-03-10,242.7000,238.8000,238.8000,115921500.0
2014-03-11,236.5500,234.4500,234.4500,132151500.0
2014-03-12,231.4500,241.5000,241.5000,146316000.0
2014-03-13,243.7500,237.7500,237.7500,93544500.0
2014-03-14,235.3500,231.0000,231.0000,124345500.0
2014-03-17,234.9000,234.0000,234.0000,88689000.0
2014-03-18,237.0000,240.0000,240.0000,93634500.0
2014-03-19,241.3500,235.8000,235.8000,76069500.0
2014-03-20,236.1000,234.9000,234.9000,57268500.0
2014-03-21,235.9500,228.9000,228.9000,123253500.0
2014-03-24,229.8000,220.2000,220.2000,169932000.0
2014-03-25,224.1000,220.5000,220.5000,117981000.0
2014-03-26,222.0000,213.0000,213.0000,103609500.0
2014-03-27,212.4000,207.3000,207.3000,142435500.0
2014-03-28,212.8500,212.4000,212.4000,145272000.0
2014-03-31,216.4500,208.5000,208.5000,125700000.0
2014-04-01,208.9500,216.9000,216.9000,110571000.0
2014-04-02,220.0500,230.2500,230.2500,161734500.0
2014-04-03,230.2500,225.4500,225.4500,163855500.0
2014-04-04,226.0500,212.2500,212.2500,170184000.0
2014-04-07,205.8000,207.4500,207.4500,147832500.0
2014-04-08,210.0000,215.4000,215.4000,103339500.0
2014-04-09,216.7500,216.9000,216.9000,77368500.0
2014-04-10,216.7500,204.1500,204.1500,108172500.0
2014-04-11,200.5500,203.8500,203.8500,136008000.0
2014-04-14,207.6000,198.1500,198.1500,115545000.0
2014-04-15,199.0500,193.9500,193.9500,204889500.0
2014-04-16,196.9500,199.0500,199.0500,108033000.0
2014-04-17,199.6500,198.1500,198.1500,88902000.0
2014-04-21,197.1000,204.4500,204.4500,78873000.0
2014-04-22,206.4000,218.7000,218.7000,147070500.0
2014-04-23,216.3000,208.0500,208.0500,109434000.0
2014-04-24,210.7500,207.9000,207.9000,82428000.0
2014-04-25,202.0500,199.8000,199.8000,104950500.0
2014-04-28,199.9500,198.4500,198.4500,105630000.0
2014-04-29,198.1500,206.8500,206.8500,86686500.0
2014-04-30,203.5500,207.9000,207.9000,66609000.0
2014-05-01,207.1500,207.7500,207.7500,81598500.0
2014-05-02,208.6500,210.9000,210.9000,61302000.0
2014-05-05,209.5500,216.6000,216.6000,77205000.0
2014-05-06,216.6000,207.3000,207.3000,84550500.0
2014-05-07,209.7000,201.3000,201.3000,152689500.0
2014-05-08,181.9500,178.6500,178.6500,300849000.0
2014-05-09,179.8500,182.2500,182.2500,127428000.0
2014-05-12,183.9000,184.6500,184.6500,105034500.0
2014-05-13,183.7500,190.2000,190.2000,106458000.0
2014-05-14,189.0000,190.6500,190.6500,81100500.0
2014-05-15,190.0500,188.5500,188.5500,90606000.0
2014-05-16,189.0000,191.5500,191.5500,67315500.0
2014-05-19,190.6500,196.0500,196.0500,68575500.0
2014-05-20,196.9500,195.3000,195.3000,83191500.0
2014-05-21,196.2000,199.5000,199.5000,79281000.0
2014-05-22,200.4000,204.9000,204.9000,93217500.0
2014-05-23,204.6000,207.3000,207.3000,60102000.0
2014-05-27,208.5000,211.5000,211.5000,80116500.0
2014-05-28,210.0000,210.3000,210.3000,82426500.0
2014-05-29,210.6000,210.3000,210.3000,55387500.0
2014-05-30,210.3000,207.7500,207.7500,83716500.0
2014-06-02,207.3000,204.7500,204.7500,70021500.0
2014-06-03,203.5500,204.9000,204.9000,57912000.0
2014-06-04,204.3000,204.0000,204.0000,51411000.0
2014-06-05,204.4500,206.8500,206.8500,60819000.0
2014-06-06,209.7000,208.2000,208.2000,46107000.0
2014-06-09,207.9000,205.3500,205.3500,42085500.0
2014-06-10,204.4500,202.3500,202.3500,52720500.0
2014-06-11,201.4500,204.4500,204.4500,59662500.0
2014-06-12,205.0500,203.5500,203.5500,89905500.0
2014-06-13,204.7500,206.4000,206.4000,53164500.0
2014-06-16,206.7000,224.5500,224.5500,198696000.0
2014-06-17,224.1000,231.6000,231.6000,199573500.0
2014-06-18,231.4500,227.1000,227.1000,104103000.0
2014-06-19,228.9000,227.8500,227.8500,131896500.0
2014-06-20,228.4500,229.6500,229.6500,73558500.0
2014-06-23,229.5000,237.1500,237.1500,116866500.0
2014-06-24,238.9500,232.5000,232.5000,121138500.0
2014-06-25,233.1000,236.8500,236.8500,87024000.0
2014-06-26,237.1500,235.6500,235.6500,76821000.0
2014-06-27,234.7500,239.1000,239.1000,84525000.0
2014-06-30,239.5500,240.0000,240.0000,72429000.0
2014-07-01,242.4000,239.7000,239.7000,65041500.0
2014-07-02,240.6000,229.5000,229.5000,120411000.0
2014-07-03,231.3000,229.2000,229.2000,77500500.0
2014-07-07,227.5500,222.6000,222.6000,88405500.0
2014-07-08,218.7000,219.0000,219.0000,117543000.0
2014-07-09,221.2500,223.0500,223.0500,61731000.0
2014-07-10,217.2000,219.4500,219.4500,72958500.0
2014-07-11,220.6500,218.1000,218.1000,49534500.0
2014-07-14,220.0500,226.6500,226.6500,108048000.0
2014-07-15,226.8000,219.6000,219.6000,85777500.0
2014-07-16,221.8500,217.2000,217.2000,60667500.0
2014-07-17,216.1500,215.4000,215.4000,69741000.0
2014-07-18,216.0000,220.0500,220.0500,63805500.0
2014-07-21,217.2000,220.5000,220.5000,57333000.0
2014-07-22,222.1500,219.6000,219.6000,40950000.0
2014-07-23,220.0500,222.4500,222.4500,46249500.0
2014-07-24,223.2000,223.5000,223.5000,48682500.0
2014-07-25,222.7500,223.5000,223.5000,46306500.0
2014-07-28,224.2500,224.8500,224.8500,97714500.0
2014-07-29,226.6500,225.0000,225.0000,50736000.0
2014-07-30,221.8500,228.9000,228.9000,73917000.0
2014-07-31,229.2000,223.3500,223.3500,116236500.0
2014-08-01,226.0500,233.2500,233.2500,178437000.0
2014-08-04,234.4500,238.5000,238.5000,89395500.0
2014-08-05,237.4500,238.5000,238.5000,80829000.0
2014-08-06,238.9500,249.0000,249.0000,138739500.0
2014-08-07,250.0500,252.4500,252.4500,112183500.0
2014-08-08,251.1000,248.1000,248.1000,76351500.0
2014-08-11,255.4500,259.3500,259.3500,121519500.0
2014-08-12,258.1500,259.9500,259.9500,95734500.0
2014-08-13,262.0500,260.2500,260.2500,103989000.0
2014-08-14,262.5000,261.4500,261.4500,61899000.0
2014-08-15,261.4500,262.0500,262.0500,58018500.0
2014-08-18,263.2500,259.9500,259.9500,87738000.0
2014-08-19,258.9000,256.8000,256.8000,80022000.0
2014-08-20,254.7000,255.7500,255.7500,45418500.0
2014-08-21,256.5000,254.4000,254.4000,43734000.0
2014-08-22,254.5500,256.8000,256.8000,42501000.0
2014-08-25,258.1500,262.5000,262.5000,64771500.0
2014-08-26,265.0500,261.7500,261.7500,57270000.0
2014-08-27,263.5500,263.2500,263.2500,44776500.0
2014-08-28,261.9000,263.8500,263.8500,42673500.0
2014-08-29,268.6500,269.7000,269.7000,96706500.0
2014-09-02,275.5500,284.1000,284.1000,147786000.0
2014-09-03,287.7000,281.2500,281.2500,101584500.0
2014-09-04,283.9500,286.0500,286.0500,125125500.0
2014-09-05,282.6000,277.3500,277.3500,167548500.0
2014-09-08,277.6500,282.1500,282.1500,82524000.0
2014-09-09,283.0500,278.5500,278.5500,68382000.0
2014-09-10,279.4500,281.1000,281.1000,56719500.0
2014-09-11,280.5000,280.3500,280.3500,56491500.0
2014-09-12,280.5000,279.1500,279.1500,49869000.0
2014-09-15,274.3500,253.8000,253.8000,246831000.0
2014-09-16,255.1500,260.7000,260.7000,124501500.0
2014-09-17,262.3500,261.4500,261.4500,77665500.0
2014-09-18,263.4000,263.8500,263.8500,55389000.0
2014-09-19,258.0000,259.3500,259.3500,102163500.0
2014-09-22,255.0000,250.0500,250.0500,123211500.0
2014-09-23,245.2500,250.3500,250.3500,84880500.0
2014-09-24,251.1000,252.1500,252.1500,56242500.0
2014-09-25,252.4500,246.9000,246.9000,72513000.0
2014-09-26,248.2500,246.6000,246.6000,56931000.0
2014-09-29,244.0500,245.2500,245.2500,72790500.0
2014-09-30,246.9000,242.7000,242.7000,63574500.0
2014-10-01,242.2500,240.3000,240.3000,89125500.0
2014-10-02,250.2000,251.4000,251.4000,134973000.0
2014-10-03,253.0500,255.1500,255.1500,81094500.0
2014-10-06,259.2000,260.5500,260.5500,115699500.0
2014-10-07,258.6000,259.5000,259.5000,67282500.0
2014-10-08,260.1000,259.3500,259.3500,75826500.0
2014-10-09,262.2000,256.9500,256.9500,110419500.0
2014-10-10,244.6500,236.8500,236.8500,193324500.0
2014-10-13,238.5000,224.5500,224.5500,169030500.0
2014-10-14,228.3000,227.1000,227.1000,106579500.0
2014-10-15,220.0500,229.6500,229.6500,137209500.0
2014-10-16,219.7500,226.3500,226.3500,80989500.0
2014-10-17,233.4000,227.5500,227.5500,158241000.0
2014-10-20,226.6500,230.4000,230.4000,52416000.0
2014-10-21,234.3000,235.3500,235.3500,61954500.0
2014-10-22,233.2500,231.1500,231.1500,61749000.0
2014-10-23,234.6000,235.3500,235.3500,52386000.0
2014-10-24,236.2500,235.2000,235.2000,51949500.0
2014-10-27,234.3000,221.7000,221.7000,143299500.0
2014-10-28,229.6500,242.7000,242.7000,157744500.0
2014-10-29,241.2000,238.0500,238.0500,74437500.0
2014-10-30,238.2000,238.6500,238.6500,48426000.0
2014-10-31,242.5500,241.6500,241.6500,56629500.0
2014-11-03,243.0000,242.5500,242.5500,63057000.0
2014-11-04,240.4500,238.9500,238.9500,55239000.0
2014-11-05,241.0500,231.0000,231.0000,135688500.0
2014-11-06,234.4500,241.2000,241.2000,230320500.0
2014-11-07,242.2500,240.1500,240.1500,77415000.0
2014-11-10,239.1000,241.9500,241.9500,68658000.0
2014-11-11,242.5500,251.1000,251.1000,119232000.0
2014-11-12,249.7500,249.1500,249.1500,88062000.0
2014-11-13,250.6500,251.7000,251.7000,93540000.0
2014-11-14,250.0500,258.7500,258.7500,91516500.0
2014-11-17,257.5500,253.9500,253.9500,60385500.0
2014-11-18,255.9000,257.7000,257.7000,67095000.0
2014-11-19,250.6500,247.8000,247.8000,118777500.0
2014-11-20,247.9500,248.7000,248.7000,53808000.0
2014-11-21,252.1500,242.8500,242.8500,112276500.0
2014-11-24,245.2500,246.7500,246.7500,71845500.0
2014-11-25,247.3500,248.1000,248.1000,47397000.0
2014-11-26,248.4000,248.4000,248.4000,29718000.0
2014-11-28,245.4000,244.5000,244.5000,31795500.0
2014-12-01,241.2000,231.6000,231.6000,129291000.0
2014-12-02,234.6000,231.4500,231.4500,88305000.0
2014-12-03,226.2000,229.3500,229.3500,79615500.0
2014-12-04,228.6000,228.3000,228.3000,57834000.0
2014-12-05,228.6000,223.6500,223.6500,90954000.0
2014-12-08,221.5500,214.3500,214.3500,138384000.0
2014-12-09,209.4000,216.9000,216.9000,141472500.0
2014-12-10,214.2000,209.8500,209.8500,109711500.0
2014-12-11,210.6000,208.9500,208.9500,100416000.0
2014-12-12,204.7500,207.0000,207.0000,107607000.0
2014-12-15,209.2500,204.0000,204.0000,78274500.0
2014-12-16,200.8500,197.8500,197.8500,126391500.0
2014-12-17,193.0500,205.8000,205.8000,110517000.0
2014-12-18,212.4000,218.2500,218.2500,112249500.0
2014-12-19,220.2000,219.3000,219.3000,103657500.0
2014-12-22,220.0500,222.6000,222.6000,71991000.0
2014-12-23,223.8000,220.9500,220.9500,67585500.0
2014-12-24,219.7500,222.3000,222.3000,19983000.0
2014-12-26,221.5500,227.8500,227.8500,49905000.0
2014-12-29,226.9500,225.7500,225.7500,42037500.0
2014-12-30,223.9500,222.3000,222.3000,43548000.0
2014-12-31,223.0500,222.4500,222.4500,34462500.0
2015-01-02,222.9000,219.3000,219.3000,71466000.0
2015-01-05,214.5000,210.1500,210.1500,80527500.0
2015-01-06,210.0000,211.3500,211.3500,93928500.0
2015-01-07,213.3000,210.9000,210.9000,44526000.0
2015-01-08,212.8500,210.6000,210.6000,51637500.0
2015-01-09,208.9500,206.7000,206.7000,70024500.0
2015-01-12,203.1000,202.2000,202.2000,89254500.0
2015-01-13,203.2500,204.3000,204.3000,67159500.0
2015-01-14,185.8500,192.7500,192.7500,173278500.0
2015-01-15,194.5500,191.8500,191.8500,78247500.0
2015-01-16,190.6500,193.0500,193.0500,54048000.0
2015-01-20,193.8000,192.0000,192.0000,67548000.0
2015-01-21,189.6000,196.5000,196.5000,62295000.0
2015-01-22,196.9500,201.6000,201.6000,61753500.0
2015-01-23,200.2500,201.3000,201.3000,51579000.0
2015-01-26,201.9000,206.5500,206.5500,48517500.0
2015-01-27,204.4500,205.9500,205.9500,41715000.0
2015-01-28,206.1000,199.3500,199.3500,47244000.0
2015-01-29,201.0000,205.2000,205.2000,53221500.0
2015-01-30,204.0000,203.5500,203.5500,45105000.0
2015-02-02,204.0000,210.9000,210.9000,62238000.0
2015-02-03,213.1500,218.4000,218.4000,72393000.0
2015-02-04,218.2500,218.5500,218.5500,49581000.0
2015-02-05,219.9000,220.9500,220.9500,52843500.0
2015-02-06,222.0000,217.3500,217.3500,48658500.0
2015-02-09,215.4000,217.5000,217.5000,52086000.0
2015-02-10,217.5000,216.3000,216.3000,80857500.0
2015-02-11,212.2500,212.8500,212.8500,146536500.0
2015-02-12,193.5000,202.9500,202.9500,234744000.0
2015-02-13,202.9500,203.7000,203.7000,92865000.0
2015-02-17,205.6500,204.3000,204.3000,59694000.0
2015-02-18,204.1500,204.4500,204.4500,40704000.0
2015-02-19,205.0500,211.6500,211.6500,77311500.0
2015-02-20,210.7500,217.0500,217.0500,89731500.0
2015-02-23,215.7000,207.3000,207.3000,127497000.0
2015-02-24,207.3000,204.1500,204.1500,99054000.0
2015-02-25,204.9000,203.7000,203.7000,58642500.0
2015-02-26,204.0000,207.1500,207.1500,97093500.0
2015-02-27,206.8500,203.4000,203.4000,58231500.0
2015-03-02,202.6500,197.4000,197.4000,118831500.0
2015-03-03,196.8000,199.5000,199.5000,66484500.0
2015-03-04,199.2000,202.5000,202.5000,63330000.0
2015-03-05,202.8000,200.7000,200.7000,73155000.0
2015-03-06,199.2000,193.9500,193.9500,100686000.0
2015-03-09,194.4000,190.9500,190.9500,101050500.0
2015-03-10,188.4000,190.3500,190.3500,83695500.0
2015-03-11,191.1000,193.8000,193.8000,74623500.0
2015-03-12,193.8000,191.1000,191.1000,62239500.0
2015-03-13,189.0000,188.7000,188.7000,81514500.0
2015-03-16,192.0000,195.7500,195.7500,84432000.0
2015-03-17,195.4500,194.7000,194.7000,73411500.0
2015-03-18,195.0000,200.7000,200.7000,72313500.0
2015-03-19,202.0500,195.6000,195.6000,127128000.0
2015-03-20,197.4000,198.1500,198.1500,64042500.0
2015-03-23,198.4500,199.6500,199.6500,39474000.0
2015-03-24,201.6000,201.7500,201.7500,54748500.0
2015-03-25,198.3000,194.2500,194.2500,85956000.0
2015-03-26,193.9500,190.3500,190.3500,61920000.0
2015-03-27,189.0000,184.9500,184.9500,129073500.0
2015-03-30,185.8500,190.5000,190.5000,151342500.0
2015-03-31,193.5000,188.7000,188.7000,75399000.0
2015-04-01,188.7000,187.6500,187.6500,56919000.0
2015-04-02,190.2000,190.9500,190.9500,75156000.0
2015-04-06,198.0000,203.1000,203.1000,186837000.0
2015-04-07,202.5000,203.2500,203.2500,65218500.0
2015-04-08,208.2000,207.6000,207.6000,94546500.0
2015-04-09,208.5000,210.1500,210.1500,57003000.0
2015-04-10,209.8500,210.9000,210.9000,61015500.0
2015-04-13,210.4500,209.8500,209.8500,56373000.0
2015-04-14,208.5000,207.4500,207.4500,45390000.0
2015-04-15,207.4500,207.9000,207.9000,29286000.0
2015-04-16,207.7500,206.7000,206.7000,24886500.0
2015-04-17,205.0500,206.8500,206.8500,37048500.0
2015-04-20,206.8500,205.2000,205.2000,38389500.0
2015-04-21,205.8000,209.4000,209.4000,51487500.0
2015-04-22,212.5500,219.4500,219.4500,117945000.0
2015-04-23,218.2500,218.5500,218.5500,66168000.0
2015-04-24,220.5000,218.4000,218.4000,36417000.0
2015-04-27,222.6000,231.6000,231.6000,175089000.0
2015-04-28,234.7500,230.5500,230.5500,91281000.0
2015-04-29,230.1000,232.5000,232.5000,59041500.0
2015-04-30,230.4000,226.0500,226.0500,58678500.0
2015-05-01,229.9500,226.0500,226.0500,79225500.0
2015-05-04,228.1500,230.5500,230.5500,66519000.0
2015-05-05,237.7500,232.9500,232.9500,86953500.0
2015-05-06,234.1500,230.4000,230.4000,79063500.0
2015-05-07,220.9500,236.8500,236.8500,141838500.0
2015-05-08,235.9500,236.5500,236.5500,70023000.0
2015-05-11,236.2500,239.5500,239.5500,85084500.0
2015-05-12,240.1500,244.8000,244.8000,95451000.0
2015-05-13,247.6500,243.1500,243.1500,81603000.0
2015-05-14,244.8000,244.0500,244.0500,43438500.0
2015-05-15,243.9000,248.8500,248.8500,67914000.0
2015-05-18,247.0500,248.7000,248.7000,50298000.0
2015-05-19,248.4000,247.2000,247.2000,55113000.0
2015-05-20,247.2000,244.3500,244.3500,56334000.0
2015-05-21,243.0000,245.5500,245.5500,29559000.0
2015-05-22,245.4000,247.8000,247.8000,33346500.0
2015-05-26,247.6500,247.5000,247.5000,52480500.0
2015-05-27,248.5500,247.5000,247.5000,51123000.0
2015-05-28,247.0500,251.4000,251.4000,54709500.0
2015-05-29,250.9500,250.8000,250.8000,56839500.0
2015-06-01,251.4000,249.4500,249.4500,37576500.0
2015-06-02,248.8500,248.4000,248.4000,32022000.0
2015-06-03,248.2500,249.0000,249.0000,26722500.0
2015-06-04,247.5000,245.8500,245.8500,36804000.0
2015-06-05,246.0000,249.1500,249.1500,45330000.0
2015-06-08,250.8000,256.3500,256.3500,75255000.0
2015-06-09,255.4500,256.0500,256.0500,39166500.0
2015-06-10,251.8500,250.6500,250.6500,51817500.0
2015-06-11,253.2000,251.4000,251.4000,30661500.0
2015-06-12,250.2000,250.6500,250.6500,21334500.0
2015-06-15,249.7500,250.3500,250.3500,32793000.0
2015-06-16,250.2000,253.0500,253.0500,29770500.0
2015-06-17,252.1500,260.4000,260.4000,82693500.0
2015-06-18,262.0500,261.9000,261.9000,41740500.0
2015-06-19,262.3500,262.5000,262.5000,36945000.0
2015-06-22,262.2000,259.8000,259.8000,68416500.0
2015-06-23,260.2500,267.6000,267.6000,58062000.0
2015-06-24,267.0000,265.2000,265.2000,36184500.0
2015-06-25,266.4000,268.8000,268.8000,42738000.0
2015-06-26,268.9500,267.1500,267.1500,57576000.0
2015-06-29,261.9000,262.0500,262.0500,52183500.0
2015-06-30,264.7500,268.2000,268.2000,46303500.0
2015-07-01,271.0500,269.1000,269.1000,31518000.0
2015-07-02,280.2000,280.0500,280.0500,107458500.0
2015-07-06,278.8500,279.7500,279.7500,61828500.0
2015-07-07,274.9500,267.9000,267.9000,91576500.0
2015-07-08,259.3500,255.0000,255.0000,93316500.0
2015-07-09,259.0500,257.8500,257.8500,50011500.0
2015-07-10,262.2000,259.2000,259.2000,39163500.0
2015-07-13,262.2000,262.2000,262.2000,44404500.0
2015-07-14,262.0500,265.6500,265.6500,28614000.0
2015-07-15,266.7000,263.1000,263.1000,30324000.0
2015-07-16,264.1500,266.7000,266.7000,24240000.0
2015-07-17,272.5500,274.6500,274.6500,75061500.0
2015-07-20,274.9500,282.3000,282.3000,74677500.0
2015-07-21,270.0000,266.7000,266.7000,91630500.0
2015-07-22,261.3000,267.9000,267.9000,46575000.0
2015-07-23,269.7000,267.1500,267.1500,33408000.0
2015-07-24,267.4500,265.3500,265.3500,42547500.0
2015-07-27,262.5000,253.0500,253.0500,70413000.0
2015-07-28,255.7500,264.7500,264.7500,58437000.0
2015-07-29,264.3000,263.8500,263.8500,41851500.0
2015-07-30,262.6500,266.8500,266.8500,30519000.0
2015-07-31,267.6000,266.1000,266.1000,33339000.0
2015-08-03,266.2500,259.9500,259.9500,38302500.0
2015-08-04,259.9500,266.2500,266.2500,35287500.0
2015-08-05,263.5500,270.1500,270.1500,93214500.0
2015-08-06,249.6000,246.1500,246.1500,219357000.0
2015-08-07,243.6000,242.5500,242.5500,76101000.0
2015-08-10,238.2000,241.2000,241.2000,62788500.0
2015-08-11,237.1500,237.3000,237.3000,63973500.0
2015-08-12,235.0500,238.2000,238.2000,55920000.0
2015-08-13,239.8500,242.5500,242.5500,70338000.0
2015-08-14,247.2000,243.1500,243.1500,65472000.0
2015-08-17,255.6000,255.0000,255.0000,107650500.0
2015-08-18,255.4500,260.7000,260.7000,62925000.0
2015-08-19,260.4000,255.3000,255.3000,54064500.0
2015-08-20,252.0000,242.2500,242.2500,73587000.0
2015-08-21,235.9500,230.7000,230.7000,98853000.0
2015-08-24,202.8000,218.8500,218.8500,143724000.0
2015-08-25,230.5500,220.0500,220.0500,64909500.0
2015-08-26,228.0000,224.8500,224.8500,74445000.0
2015-08-27,231.0000,243.0000,243.0000,114840000.0
2015-08-28,241.8000,248.5500,248.5500,82705500.0
2015-08-31,245.5500,249.0000,249.0000,70503000.0
2015-09-01,240.3000,238.6500,238.6500,81822000.0
2015-09-02,245.2500,247.6500,247.6500,69438000.0
2015-09-03,252.0000,245.5500,245.5500,62922000.0
2015-09-04,240.9000,241.9500,241.9500,55338000.0
2015-09-08,245.1000,248.1000,248.1000,47073000.0
2015-09-09,252.0000,248.8500,248.8500,50862000.0
2015-09-10,247.2000,248.5500,248.5500,40635000.0
2015-09-11,247.6500,250.2000,250.2000,35262000.0
2015-09-14,251.1000,253.2000,253.2000,43363500.0
2015-09-15,252.7500,253.5000,253.5000,44002500.0
2015-09-16,253.0500,262.2000,262.2000,66256500.0
2015-09-17,264.0000,262.0500,262.0500,53787000.0
2015-09-18,258.0000,260.5500,260.5500,56446500.0
2015-09-21,264.0000,264.1500,264.1500,91803000.0
2015-09-22,259.0500,261.0000,261.0000,54966000.0
2015-09-23,261.9000,261.0000,261.0000,39012000.0
2015-09-24,259.5000,263.1000,263.1000,51723000.0
2015-09-25,266.5500,256.9500,256.9500,56601000.0
2015-09-28,257.4000,248.4000,248.4000,73516500.0
2015-09-29,250.5000,246.6000,246.6000,55548000.0
2015-09-30,252.0000,248.4000,248.4000,73944000.0
2015-10-01,247.5000,239.8500,239.8500,68595000.0
2015-10-02,235.6500,247.5000,247.5000,66360000.0
2015-10-05,248.8500,246.1500,246.1500,55348500.0
2015-10-06,240.0000,241.5000,241.5000,78378000.0
2015-10-07,236.7000,231.9000,231.9000,102210000.0
2015-10-08,230.1000,226.6500,226.6500,91998000.0
2015-10-09,220.9500,220.6500,220.6500,92376000.0
2015-10-12,223.0500,215.5500,215.5500,57544500.0
2015-10-13,213.3000,219.3000,219.3000,77572500.0
2015-10-14,220.6500,216.9000,216.9000,46566000.0
2015-10-15,216.4500,221.2500,221.2500,42663000.0
2015-10-16,223.0500,226.9500,226.9500,65017500.0
2015-10-19,226.5000,228.1500,228.1500,37618500.0
2015-10-20,227.7000,213.0000,213.0000,223500000.0
2015-10-21,211.9500,210.1500,210.1500,62272500.0
2015-10-22,211.5000,211.6500,211.6500,42378000.0
2015-10-23,214.9500,209.1000,209.1000,63532500.0
2015-10-26,211.3500,215.2500,215.2500,50871000.0
2015-10-27,214.8000,210.3000,210.3000,52791000.0
2015-10-28,211.3500,213.0000,213.0000,40929000.0
2015-10-29,211.8000,211.6500,211.6500,27075000.0
2015-10-30,210.4500,207.0000,207.0000,66583500.0
2015-11-02,208.9500,213.7500,213.7500,58918500.0
2015-11-03,213.9000,208.3500,208.3500,124987500.0
2015-11-04,226.9500,231.6000,231.6000,190896000.0
2015-11-05,230.5500,231.7500,231.7500,67452000.0
2015-11-06,230.7000,232.3500,232.3500,36679500.0
2015-11-09,232.9500,225.3000,225.3000,57763500.0
2015-11-10,223.5000,216.4500,216.4500,69255000.0
2015-11-11,217.8000,219.1500,219.1500,50217000.0
2015-11-12,217.8000,213.0000,213.0000,43738500.0
2015-11-13,213.0000,207.1500,207.1500,51454500.0
2015-11-16,206.1000,214.3500,214.3500,43881000.0
2015-11-17,215.2500,214.0500,214.0500,32230500.0
2015-11-18,214.5000,221.1000,221.1000,42178500.0
2015-11-19,220.5000,221.8500,221.8500,37566000.0
2015-11-20,223.5000,220.0500,220.0500,66010500.0
2015-11-23,217.3500,217.8000,217.8000,37893000.0
2015-11-24,215.4000,218.2500,218.2500,37204500.0
2015-11-25,221.4000,229.6500,229.6500,59862000.0
2015-11-27,231.0000,231.6000,231.6000,29241000.0
2015-11-30,231.7500,230.2500,230.2500,39897000.0
2015-12-01,231.0000,237.1500,237.1500,56010000.0
2015-12-02,237.0000,232.0500,232.0500,44722500.0
2015-12-03,235.5000,232.6500,232.6500,44094000.0
2015-12-04,232.5000,230.4000,230.4000,38604000.0
2015-12-07,227.7000,231.1500,231.1500,47163000.0
2015-12-08,227.5500,226.6500,226.6500,40314000.0
2015-12-09,226.6500,224.5500,224.5500,45867000.0
2015-12-10,224.7000,227.1000,227.1000,31075500.0
2015-12-11,225.3000,217.0500,217.0500,49030500.0
2015-12-14,217.5000,218.5500,218.5500,42406500.0
2015-12-15,221.8500,221.1000,221.1000,33666000.0
2015-12-16,222.1500,234.4500,234.4500,76564500.0
2015-12-17,234.0000,233.4000,233.4000,49479000.0
2015-12-18,232.9500,230.4000,230.4000,45213000.0
2015-12-21,231.7500,232.5000,232.5000,29298000.0
2015-12-22,235.0500,229.9500,229.9500,29422500.0
2015-12-23,232.2000,229.6500,229.6500,23325000.0
2015-12-24,230.5500,230.5500,230.5500,10620000.0
2015-12-28,231.4500,228.9000,228.9000,28519500.0
2015-12-29,230.1000,237.1500,237.1500,36094500.0
2015-12-30,236.5500,238.0500,238.0500,55468500.0
2015-12-31,238.5000,240.0000,240.0000,40725000.0
2016-01-04,230.7000,223.3500,223.3500,102406500.0
2016-01-05,226.3500,223.5000,223.5000,47802000.0
2016-01-06,220.0500,219.0000,219.0000,56686500.0
2016-01-07,214.2000,215.7000,215.7000,53314500.0
2016-01-08,217.8000,211.0500,211.0500,54421500.0
2016-01-11,214.0500,207.9000,207.9000,61371000.0
2016-01-12,211.6500,210.0000,210.0000,46378500.0
2016-01-13,211.9500,200.2500,200.2500,61896000.0
2016-01-14,202.2000,206.2500,206.2500,97360500.0
2016-01-15,198.9000,205.0500,205.0500,83679000.0
2016-01-19,208.6500,204.7500,204.7500,60580500.0
2016-01-20,199.3500,198.7500,198.7500,87579000.0
2016-01-21,201.6000,199.9500,199.9500,47493000.0
2016-01-22,204.7500,202.5000,202.5000,46861500.0
2016-01-25,200.1000,196.3500,196.3500,40480500.0
2016-01-26,196.6500,193.5000,193.5000,74463000.0
2016-01-27,192.4500,188.1000,188.1000,54258000.0
2016-01-28,190.8000,189.7500,189.7500,68892000.0
2016-01-29,189.9000,191.2500,191.2500,42784500.0
2016-02-01,188.7000,196.9500,196.9500,79464000.0
2016-02-02,192.4500,182.8500,182.8500,86604000.0
2016-02-03,183.6000,173.5500,173.5500,118971000.0
2016-02-04,170.7000,175.3500,175.3500,65781000.0
2016-02-05,171.3000,162.6000,162.6000,141564000.0
2016-02-08,157.0500,148.0500,148.0500,139695000.0
2016-02-09,142.3500,148.2000,148.2000,129774000.0
2016-02-10,150.4500,143.7000,143.7000,156097500.0
2016-02-11,151.9500,150.4500,150.4500,213786000.0
2016-02-12,154.9500,151.0500,151.0500,108537000.0
2016-02-16,158.7000,155.1000,155.1000,83907000.0
2016-02-17,159.0000,168.7500,168.7500,87378000.0
2016-02-18,172.3500,166.8000,166.8000,58314000.0
2016-02-19,163.6500,166.6500,166.6500,44391000.0
2016-02-22,170.1000,177.7500,177.7500,75901500.0
2016-02-23,176.1000,177.1500,177.1500,89766000.0
2016-02-24,172.8000,178.9500,178.9500,80934000.0
2016-02-25,178.6500,187.5000,187.5000,86260500.0
2016-02-26,188.7000,190.3500,190.3500,90976500.0
2016-02-29,192.4500,192.0000,192.0000,67485000.0
2016-03-01,194.2500,186.3000,186.3000,100683000.0
2016-03-02,183.7500,188.4000,188.4000,72936000.0
2016-03-03,188.2500,195.7500,195.7500,72435000.0
2016-03-04,198.0000,201.0000,201.0000,97336500.0
2016-03-07,197.7000,205.3500,205.3500,79941000.0
2016-03-08,203.5500,202.6500,202.6500,62680500.0
2016-03-09,204.4500,208.6500,208.6500,48129000.0
2016-03-10,210.0000,205.2000,205.2000,77887500.0
2016-03-11,207.9000,207.4500,207.4500,50146500.0
2016-03-14,212.7000,215.1000,215.1000,60985500.0
2016-03-15,214.2000,218.4000,218.4000,47707500.0
2016-03-16,217.9500,222.0000,222.0000,52750500.0
2016-03-17,221.4000,226.3500,226.3500,56743500.0
2016-03-18,229.0500,232.8000,232.8000,70677000.0
2016-03-21,235.3500,238.3500,238.3500,79617000.0
2016-03-22,237.1500,234.3000,234.3000,64740000.0
2016-03-23,232.3500,222.6000,222.6000,74232000.0
2016-03-24,215.8500,227.7000,227.7000,74413500.0
2016-03-28,231.6000,230.2500,230.2500,58885500.0
2016-03-29,229.9500,230.1000,230.1000,60214500.0
2016-03-30,235.0500,226.9500,226.9500,60495000.0
2016-03-31,229.3500,229.8000,229.8000,120193500.0
2016-04-01,244.8000,237.6000,237.6000,239962500.0
2016-04-04,249.1500,247.0500,247.0500,202129500.0
2016-04-05,240.4500,255.4500,255.4500,149230500.0
2016-04-06,253.9500,265.3500,265.3500,175582500.0
2016-04-07,266.4000,257.2500,257.2500,132843000.0
2016-04-08,260.5500,250.0500,250.0500,110458500.0
2016-04-11,250.9500,249.9000,249.9000,137425500.0
2016-04-12,249.4500,247.8000,247.8000,86448000.0
2016-04-13,248.5500,254.5500,254.5500,73884000.0
2016-04-14,253.0500,251.8500,251.8500,61983000.0
2016-04-15,251.2500,254.5500,254.5500,56286000.0
2016-04-18,252.3000,253.9500,253.9500,64071000.0
2016-04-19,253.0500,247.3500,247.3500,95362500.0
2016-04-20,246.3000,249.9000,249.9000,77911500.0
2016-04-21,249.0000,248.2500,248.2500,41746500.0
2016-04-22,248.8500,253.8000,253.8000,56794500.0
2016-04-25,253.0500,251.8500,251.8500,55054500.0
2016-04-26,252.0000,253.8000,253.8000,48357000.0
2016-04-27,252.7500,251.4000,251.4000,48087000.0
2016-04-28,249.9000,247.6500,247.6500,37785000.0
2016-04-29,248.1000,240.7500,240.7500,81207000.0
2016-05-02,241.5000,241.8000,241.8000,57658500.0
2016-05-03,237.3000,232.3500,232.3500,64533000.0
2016-05-04,230.2500,222.6000,222.6000,130507500.0
2016-05-05,228.4500,211.5000,211.5000,168822000.0
2016-05-06,210.9000,214.9500,214.9500,85278000.0
2016-05-09,215.7000,208.9500,208.9500,71646000.0
2016-05-10,207.6000,208.6500,208.6500,61059000.0
2016-05-11,207.6000,208.9500,208.9500,77428500.0
2016-05-12,211.5000,207.3000,207.3000,54757500.0
2016-05-13,207.7500,207.6000,207.6000,42342000.0
2016-05-16,208.2000,208.3500,208.3500,44241000.0
2016-05-17,209.1000,204.6000,204.6000,42654000.0
2016-05-18,209.1000,211.2000,211.2000,84262500.0
2016-05-19,213.6000,215.2500,215.2500,102994500.0
2016-05-20,217.0500,220.3500,220.3500,135106500.0
2016-05-23,219.9000,216.1500,216.1500,76537500.0
2016-05-24,216.6000,217.9500,217.9500,45207000.0
2016-05-25,217.9500,219.6000,219.6000,46902000.0
2016-05-26,220.5000,225.1500,225.1500,61086000.0
2016-05-27,225.0000,223.0500,223.0500,54754500.0
2016-05-31,223.0500,223.2000,223.2000,41835000.0
2016-06-01,221.5500,219.6000,219.6000,44740500.0
2016-06-02,219.6000,219.0000,219.0000,30492000.0
2016-06-03,220.0500,219.0000,219.0000,33435000.0
2016-06-06,217.9500,220.6500,220.6500,33742500.0
2016-06-07,222.3000,232.3500,232.3500,93204000.0
2016-06-08,233.8500,235.5000,235.5000,89580000.0
2016-06-09,235.0500,229.3500,229.3500,67381500.0
2016-06-10,227.4000,218.8500,218.8500,90399000.0
2016-06-13,219.4500,217.8000,217.8000,62895000.0
2016-06-14,218.8500,214.9500,214.9500,53703000.0
2016-06-15,216.9000,217.6500,217.6500,43627500.0
2016-06-16,217.3500,217.9500,217.9500,36604500.0
2016-06-17,217.8000,215.4000,215.4000,46689000.0
2016-06-20,219.4500,219.7500,219.7500,53332500.0
2016-06-21,220.6500,219.6000,219.6000,67935000.0
2016-06-22,199.5000,196.6500,196.6500,356136000.0
2016-06-23,195.7500,196.3500,196.3500,151960500.0
2016-06-24,190.0500,193.2000,193.2000,105397500.0
2016-06-27,190.8000,198.6000,198.6000,108081000.0
2016-06-28,201.9000,201.7500,201.7500,93186000.0
2016-06-29,205.2000,210.1500,210.1500,89923500.0
2016-06-30,213.0000,212.2500,212.2500,72646500.0
2016-07-01,206.1000,216.4500,216.4500,81000000.0
2016-07-05,209.7000,214.0500,214.0500,77629500.0
2016-07-06,210.0000,214.5000,214.5000,73798500.0
2016-07-07,213.1500,216.0000,216.0000,54180000.0
2016-07-08,217.8000,216.7500,216.7500,61122000.0
2016-07-11,219.9000,224.8500,224.8500,81447000.0
2016-07-12,224.1000,224.7000,224.7000,68569500.0
2016-07-13,225.4500,222.6000,222.6000,53506500.0
2016-07-14,223.0500,221.5500,221.5500,40137000.0
2016-07-15,222.4500,220.3500,220.3500,33513000.0
2016-07-18,219.6000,226.2000,226.2000,51181500.0
2016-07-19,225.0000,225.3000,225.3000,46726500.0
2016-07-20,226.5000,228.3000,228.3000,38527500.0
2016-07-21,226.0500,220.5000,220.5000,66430500.0
2016-07-22,222.0000,222.3000,222.3000,38695500.0
2016-07-25,222.3000,229.9500,229.9500,67360500.0
2016-07-26,227.7000,229.5000,229.5000,51450000.0
2016-07-27,229.3500,228.4500,228.4500,43335000.0
2016-07-28,228.0000,230.5500,230.5500,36286500.0
2016-07-29,230.7000,234.7500,234.7500,46062000.0
2016-08-01,235.5000,229.9500,229.9500,60244500.0
2016-08-02,229.3500,227.2500,227.2500,59016000.0
2016-08-03,227.4000,225.7500,225.7500,58317000.0
2016-08-04,225.7500,230.5500,230.5500,62205000.0
2016-08-05,229.9500,230.1000,230.1000,48078000.0
2016-08-08,228.0000,226.2000,226.2000,33954000.0
2016-08-09,226.8000,229.0500,229.0500,33117000.0
2016-08-10,228.3000,225.6000,225.6000,35074500.0
2016-08-11,226.2000,224.8500,224.8500,28213500.0
2016-08-12,225.4500,225.6000,225.6000,27202500.0
2016-08-15,226.0500,225.6000,225.6000,30514500.0
2016-08-16,225.4500,223.6500,223.6500,34006500.0
2016-08-17,224.4000,223.2000,223.2000,26806500.0
2016-08-18,223.8000,223.5000,223.5000,25717500.0
2016-08-19,223.5000,225.0000,225.0000,24892500.0
2016-08-22,224.1000,222.9000,222.9000,30982500.0
2016-08-23,224.2500,224.8500,224.8500,71766000.0
2016-08-24,227.1000,222.6000,222.6000,38560500.0
2016-08-25,223.0500,220.9500,220.9500,26437500.0
2016-08-26,222.1500,220.0500,220.0500,33585000.0
2016-08-29,220.2000,215.2500,215.2500,48994500.0
2016-08-30,216.1500,211.3500,211.3500,47533500.0
2016-08-31,210.4500,211.9500,211.9500,49147500.0
2016-09-01,208.9500,200.7000,200.7000,119146500.0
2016-09-02,202.3500,197.8500,197.8500,89661000.0
2016-09-06,199.0500,202.8000,202.8000,65859000.0
2016-09-07,205.5000,201.7500,201.7500,54613500.0
2016-09-08,199.5000,197.4000,197.4000,50668500.0
2016-09-09,199.0500,194.4000,194.4000,56355000.0
2016-09-12,195.0000,198.3000,198.3000,55728000.0
2016-09-13,197.1000,196.0500,196.0500,53841000.0
2016-09-14,195.7500,196.3500,196.3500,33817500.0
2016-09-15,196.5000,200.4000,200.4000,46158000.0
2016-09-16,200.4000,205.3500,205.3500,46617000.0
2016-09-19,207.0000,206.4000,206.4000,34492500.0
2016-09-20,206.8500,204.6000,204.6000,36157500.0
2016-09-21,206.4000,205.2000,205.2000,39502500.0
2016-09-22,206.4000,206.4000,206.4000,35743500.0
2016-09-23,205.9500,207.4500,207.4500,43578000.0
2016-09-26,206.5500,208.9500,208.9500,35916000.0
2016-09-27,209.7000,205.8000,205.8000,50598000.0
2016-09-28,207.4500,206.2500,206.2500,31326000.0
2016-09-29,205.6500,200.7000,200.7000,40905000.0
2016-09-30,202.2000,204.0000,204.0000,38794500.0
2016-10-03,212.2500,213.7500,213.7500,89998500.0
2016-10-04,213.1500,211.3500,211.3500,53122500.0
2016-10-05,212.2500,208.5000,208.5000,28162500.0
2016-10-06,202.5000,201.0000,201.0000,70551000.0
2016-10-07,201.0000,196.6500,196.6500,52395000.0
2016-10-10,201.3000,201.0000,201.0000,49744500.0
2016-10-11,201.9000,200.1000,200.1000,34926000.0
2016-10-12,201.0000,201.4500,201.4500,29560500.0
2016-10-13,200.5500,200.2500,200.2500,37419000.0
2016-10-14,200.7000,196.5000,196.5000,64048500.0
2016-10-17,197.1000,193.9500,193.9500,68311500.0
2016-10-18,196.0500,199.0500,199.0500,85207500.0
2016-10-19,199.8000,203.5500,203.5500,104868000.0
2016-10-20,202.0500,199.0500,199.0500,76093500.0
2016-10-21,198.6000,200.1000,200.1000,44151000.0
2016-10-24,201.0000,202.8000,202.8000,41274000.0
2016-10-25,202.9500,202.3500,202.3500,36675000.0
2016-10-26,201.0000,202.2000,202.2000,84492000.0
2016-10-27,211.3500,204.0000,204.0000,196405500.0
2016-10-28,204.0000,199.9500,199.9500,64201500.0
2016-10-31,202.5000,197.7000,197.7000,70384500.0
2016-11-01,198.0000,190.8000,190.8000,105900000.0
2016-11-02,190.0500,187.9500,187.9500,63801000.0
2016-11-03,189.0000,187.3500,187.3500,39795000.0
2016-11-04,189.0000,190.5000,190.5000,77190000.0
2016-11-07,193.6500,193.2000,193.2000,58051500.0
2016-11-08,193.8000,195.0000,195.0000,49014000.0
2016-11-09,186.9000,190.0500,190.0500,122596500.0
2016-11-10,191.1000,185.4000,185.4000,101254500.0
2016-11-11,184.2000,188.5500,188.5500,59827500.0
2016-11-14,187.9500,181.5000,181.5000,98283000.0
2016-11-15,182.8500,183.7500,183.7500,58530000.0
2016-11-16,182.7000,183.9000,183.9000,51516000.0
2016-11-17,183.4500,188.7000,188.7000,73306500.0
2016-11-18,190.6500,184.9500,184.9500,78154500.0
2016-11-21,185.1000,184.5000,184.5000,65415000.0
2016-11-22,185.8500,191.1000,191.1000,84051000.0
2016-11-23,190.6500,193.2000,193.2000,73378500.0
2016-11-25,193.6500,196.6500,196.6500,35491500.0
2016-11-28,195.4500,196.0500,196.0500,67938000.0
2016-11-29,195.6000,189.6000,189.6000,66589500.0
2016-11-30,190.9500,189.4500,189.4500,53206500.0
2016-12-01,188.2500,181.9500,181.9500,76896000.0
2016-12-02,182.8500,181.5000,181.5000,60634500.0
2016-12-05,182.5500,186.7500,186.7500,61083000.0
2016-12-06,185.5500,185.8500,185.8500,50874000.0
2016-12-07,186.1500,193.2000,193.2000,81928500.0
2016-12-08,192.0000,192.3000,192.3000,47911500.0
2016-12-09,190.8000,192.1500,192.1500,40837500.0
2016-12-12,192.7500,192.4500,192.4500,36583500.0
2016-12-13,193.2000,198.1500,198.1500,102358500.0
2016-12-14,198.7500,198.7500,198.7500,62263500.0
2016-12-15,198.4500,197.5500,197.5500,48294000.0
2016-12-16,198.1500,202.5000,202.5000,56953500.0
2016-12-19,202.5000,202.8000,202.8000,52321500.0
2016-12-20,203.1000,208.8000,208.8000,70336500.0
2016-12-21,208.5000,207.7500,207.7500,78114000.0
2016-12-22,208.2000,208.5000,208.5000,46666500.0
2016-12-23,208.0500,213.3000,213.3000,70057500.0
2016-12-27,214.9500,219.6000,219.6000,88735500.0
2016-12-28,221.5500,219.7500,219.7500,56737500.0
2016-12-29,218.5500,214.6500,214.6500,60675000.0
2016-12-30,216.3000,213.7500,213.7500,69639000.0
2017-01-03,214.8000,217.0500,217.0500,88849500.0
2017-01-04,214.8000,226.9500,226.9500,168202500.0
2017-01-05,226.3500,226.8000,226.8000,88675500.0
2017-01-06,226.9500,229.0500,229.0500,82918500.0
2017-01-09,228.9000,231.3000,231.3000,59692500.0
2017-01-10,232.0500,229.8000,229.8000,54900000.0
2017-01-11,229.0500,229.8000,229.8000,54762000.0
2017-01-12,229.0500,229.6500,229.6500,56853000.0
2017-01-13,229.9500,237.7500,237.7500,91395000.0
2017-01-17,236.7000,235.6500,235.6500,69262500.0
2017-01-18,236.7000,238.3500,238.3500,56535000.0
2017-01-19,247.2000,243.7500,243.7500,115984500.0
2017-01-20,245.4000,244.8000,244.8000,63064500.0
2017-01-23,245.8500,248.8500,248.8500,93943500.0
2017-01-24,250.0500,254.5500,254.5500,74482500.0
2017-01-25,257.2500,254.4000,254.4000,77139000.0
2017-01-26,254.2500,252.4500,252.4500,47281500.0
2017-01-27,251.4000,252.9000,252.9000,47494500.0
2017-01-30,252.6000,250.6500,250.6500,57016500.0
2017-01-31,249.3000,252.0000,252.0000,61741500.0
2017-02-01,253.0500,249.3000,249.3000,59382000.0
2017-02-02,248.4000,251.5500,251.5500,37497000.0
2017-02-03,251.8500,251.4000,251.4000,32800500.0
2017-02-06,250.9500,257.7000,257.7000,53437500.0
2017-02-07,258.1500,257.5500,257.5500,63672000.0
2017-02-08,257.4000,262.0500,262.0500,58995000.0
2017-02-09,266.2500,269.2500,269.2500,117303000.0
2017-02-10,269.8500,269.2500,269.2500,54295500.0
2017-02-13,270.7500,280.6500,280.6500,105444000.0
2017-02-14,279.0000,280.9500,280.9500,110178000.0
2017-02-15,280.0500,279.7500,279.7500,74218500.0
2017-02-16,277.6500,268.9500,268.9500,106159500.0
2017-02-17,265.8000,272.2500,272.2500,93856500.0
2017-02-21,275.4000,277.3500,277.3500,85150500.0
2017-02-22,280.3500,273.4500,273.4500,131325000.0
2017-02-23,264.0000,256.0500,256.0500,223728000.0
2017-02-24,252.6000,256.9500,256.9500,122574000.0
2017-02-27,248.1000,246.3000,246.3000,171912000.0
2017-02-28,244.2000,250.0500,250.0500,91171500.0
2017-03-01,254.2500,250.0500,250.0500,72142500.0
2017-03-02,249.7500,250.5000,250.5000,50277000.0
2017-03-03,250.8000,251.5500,251.5500,43791000.0
2017-03-06,247.9500,251.2500,251.2500,50332500.0
2017-03-07,251.8500,248.5500,248.5500,51892500.0
2017-03-08,247.0500,246.9000,246.9000,55878000.0
2017-03-09,247.6500,244.9500,244.9500,58189500.0
2017-03-10,246.1500,243.7500,243.7500,45994500.0
2017-03-13,244.8000,246.1500,246.1500,45339000.0
2017-03-14,246.1500,258.0000,258.0000,113976000.0
2017-03-15,256.9500,255.7500,255.7500,79962000.0
2017-03-16,262.3500,262.0500,262.0500,106983000.0
2017-03-17,264.0000,261.4500,261.4500,97462500.0
2017-03-20,260.5500,261.9000,261.9000,54214500.0
2017-03-21,262.8000,250.6500,250.6500,103629000.0
2017-03-22,251.5500,255.0000,255.0000,60889500.0
2017-03-23,255.4500,254.8500,254.8500,49803000.0
2017-03-24,255.7500,263.1000,263.1000,84709500.0
2017-03-27,260.5500,270.1500,270.1500,93462000.0
2017-03-28,277.0500,277.5000,277.5000,119814000.0
2017-03-29,278.4000,277.3500,277.3500,55143000.0
2017-03-30,278.1000,277.9500,277.9500,62226000.0
2017-03-31,278.7000,278.2500,278.2500,49419000.0
2017-04-03,286.9500,298.5000,298.5000,208329000.0
2017-04-04,296.8500,303.7500,303.7500,152019000.0
2017-04-05,302.1000,295.0500,295.0500,118213500.0
2017-04-06,296.8500,298.6500,298.6500,82809000.0
2017-04-07,297.4500,302.5500,302.5500,68694000.0
2017-04-10,309.1500,312.4500,312.4500,114967500.0
2017-04-11,313.3500,308.7000,308.7000,85869000.0
2017-04-12,306.3000,296.8500,296.8500,90760500.0
2017-04-13,296.7000,304.0500,304.0500,139269000.0
2017-04-17,302.7000,301.5000,301.5000,62080500.0
2017-04-18,299.7000,300.3000,300.3000,45535500.0
2017-04-19,302.4000,305.5500,305.5500,58470000.0
2017-04-20,306.4500,302.5500,302.5500,92241000.0
2017-04-21,301.9500,305.5500,305.5500,67647000.0
2017-04-24,309.1500,308.1000,308.1000,76252500.0
2017-04-25,307.9500,313.8000,313.8000,101065500.0
2017-04-26,312.3000,310.2000,310.2000,70425000.0
2017-04-27,311.7000,308.7000,308.7000,52029000.0
2017-04-28,309.9000,314.1000,314.1000,67582500.0
2017-05-01,314.8500,322.8000,322.8000,132444000.0
2017-05-02,324.0000,318.9000,318.9000,80742000.0
2017-05-03,317.7000,310.9500,310.9500,107001000.0
2017-05-04,307.5000,295.5000,295.5000,212280000.0
2017-05-05,298.0500,308.4000,308.4000,122659500.0
2017-05-08,310.9500,307.2000,307.2000,105097500.0
2017-05-09,309.4500,321.3000,321.3000,145147500.0
2017-05-10,321.6000,325.2000,325.2000,86124000.0
2017-05-11,323.4000,323.1000,323.1000,71307000.0
2017-05-12,325.5000,324.7500,324.7500,61824000.0
2017-05-15,318.4500,315.9000,315.9000,114330000.0
2017-05-16,317.5500,316.9500,316.9500,62287500.0
2017-05-17,314.4000,306.1500,306.1500,100678500.0
2017-05-18,307.0500,313.0500,313.0500,84807000.0
2017-05-19,315.4500,310.8000,310.8000,70314000.0
2017-05-22,312.7500,310.3500,310.3500,64938000.0
2017-05-23,310.5000,303.9000,303.9000,64776000.0
2017-05-24,306.4500,310.2000,310.2000,75499500.0
2017-05-25,310.9500,316.8000,316.8000,75210000.0
2017-05-26,317.2500,325.2000,325.2000,117033000.0
2017-05-30,325.9500,335.1000,335.1000,116743500.0
2017-05-31,337.6500,340.9500,340.9500,149451000.0
2017-06-01,343.9500,340.3500,340.3500,114120000.0
2017-06-02,339.7500,339.9000,339.9000,83853000.0
2017-06-05,338.5500,347.2500,347.2500,101766000.0
2017-06-06,344.7000,352.8000,352.8000,166302000.0
2017-06-07,356.4000,359.7000,359.7000,140970000.0
2017-06-08,363.7500,370.0500,370.0500,135922500.0
2017-06-09,374.4000,357.3000,357.3000,258921000.0
2017-06-12,358.0500,358.9500,358.9500,157765500.0
2017-06-13,367.6500,375.9000,375.9000,177118500.0
2017-06-14,381.1500,380.7000,380.7000,192276000.0
2017-06-15,372.4500,375.3000,375.3000,156397500.0
2017-06-16,378.0000,371.4000,371.4000,100965000.0
2017-06-19,375.0000,369.7500,369.7500,98239500.0
2017-06-20,376.6500,372.3000,372.3000,111580500.0
2017-06-21,374.4000,376.3500,376.3500,73848000.0
2017-06-22,378.0000,382.6500,382.6500,112947000.0
2017-06-23,382.5000,383.4000,383.4000,96687000.0
2017-06-26,386.7000,377.5500,377.5500,99061500.0
2017-06-27,376.3500,362.4000,362.4000,104946000.0
2017-06-28,366.7500,371.2500,371.2500,94537500.0
2017-06-29,370.6500,360.7500,360.7500,123315000.0
2017-06-30,363.7500,361.6500,361.6500,87727500.0
2017-07-03,370.2000,352.6500,352.6500,94581000.0
2017-07-05,347.2500,327.1500,327.1500,255700500.0
2017-07-06,317.2500,308.8500,308.8500,289867500.0
2017-07-07,313.5000,313.2000,313.2000,212653500.0
2017-07-10,312.9000,316.0500,316.0500,207313500.0
2017-07-11,316.0500,327.1500,327.1500,173391000.0
2017-07-12,330.4500,329.5500,329.5500,155191500.0
2017-07-13,330.1500,323.4000,323.4000,128917500.0
2017-07-14,323.2500,327.7500,327.7500,84378000.0
2017-07-17,325.5000,319.5000,319.5000,148153500.0
2017-07-18,317.5500,328.2000,328.2000,95605500.0
2017-07-19,328.2000,325.2000,325.2000,95355000.0
2017-07-20,326.8500,329.8500,329.8500,77493000.0
2017-07-21,329.4000,328.3500,328.3500,73524000.0
2017-07-24,330.3000,342.4500,342.4500,129556500.0
2017-07-25,345.0000,339.6000,339.6000,104838000.0
2017-07-26,340.3500,343.8000,343.8000,72312000.0
2017-07-27,346.0500,334.5000,334.5000,124536000.0
2017-07-28,336.9000,335.1000,335.1000,73206000.0
2017-07-31,335.5500,323.4000,323.4000,128026500.0
2017-08-01,322.9500,319.5000,319.5000,124546500.0
2017-08-02,318.9000,325.9500,325.9500,196372500.0
2017-08-03,345.3000,347.1000,347.1000,203025000.0
2017-08-04,346.9500,356.8500,356.8500,139033500.0
2017-08-07,357.3000,355.2000,355.2000,94867500.0
2017-08-08,357.6000,365.2500,365.2500,111747000.0
2017-08-09,361.0500,363.6000,363.6000,103381500.0
2017-08-10,361.6500,355.3500,355.3500,106393500.0
2017-08-11,357.0000,357.9000,357.9000,65487000.0
2017-08-14,364.6500,363.7500,363.7500,67788000.0
2017-08-15,365.2500,362.4000,362.4000,46276500.0
2017-08-16,363.0000,362.8500,362.8500,51207000.0
2017-08-17,361.2000,351.9000,351.9000,75415500.0
2017-08-18,352.9500,347.4000,347.4000,81123000.0
2017-08-21,345.7500,337.8000,337.8000,97431000.0
2017-08-22,341.1000,341.4000,341.4000,64830000.0
2017-08-23,339.0000,352.8000,352.8000,74317500.0
2017-08-24,352.5000,352.9500,352.9500,68770500.0
2017-08-25,354.3000,348.0000,348.0000,52260000.0
2017-08-28,347.2500,345.6000,345.6000,56460000.0
2017-08-29,339.4500,347.4000,347.4000,61105500.0
2017-08-30,349.6500,353.2500,353.2500,51193500.0
2017-08-31,353.5500,355.9500,355.9500,61092000.0
2017-09-01,356.1000,355.3500,355.3500,45742500.0
2017-09-05,353.8500,349.6500,349.6500,57526500.0
2017-09-06,349.5000,344.5500,344.5500,61371000.0
2017-09-07,346.0500,350.5500,350.5500,63588000.0
2017-09-08,349.0500,343.3500,343.3500,48952500.0
2017-09-11,351.3000,363.7500,363.7500,115006500.0
2017-09-12,364.5000,362.7000,362.7000,89593500.0
2017-09-13,363.7500,366.3000,366.3000,62778000.0
2017-09-14,364.3500,377.7000,377.7000,108037500.0
2017-09-15,374.5500,379.8000,379.8000,81307500.0
2017-09-18,380.2500,385.0500,385.0500,107820000.0
2017-09-19,379.9500,375.1500,375.1500,96778500.0
2017-09-20,373.0500,373.9500,373.9500,73786500.0
2017-09-21,374.8500,366.4500,366.4500,69273000.0
2017-09-22,366.4500,351.1500,351.1500,122391000.0
2017-09-25,353.1000,345.0000,345.0000,114088500.0
2017-09-26,351.0000,345.3000,345.3000,107344500.0
2017-09-27,349.9500,340.9500,340.9500,90904500.0
2017-09-28,339.9000,339.6000,339.6000,79794000.0
2017-09-29,341.8500,341.1000,341.1000,76606500.0
2017-10-02,342.4500,341.5500,341.5500,79302000.0
2017-10-03,335.8500,348.1500,348.1500,152304000.0
2017-10-04,351.3000,355.0500,355.0500,122452500.0
2017-10-05,355.9500,355.3500,355.3500,62575500.0
2017-10-06,353.1000,356.8500,356.8500,64462500.0
2017-10-09,349.6500,342.9000,342.9000,112405500.0
2017-10-10,346.8000,355.6500,355.6500,104677500.0
2017-10-11,353.8500,354.6000,354.6000,67512000.0
2017-10-12,352.9500,355.6500,355.6500,61305000.0
2017-10-13,357.0000,355.5000,355.5000,53107500.0
2017-10-16,353.7000,350.5500,350.5500,80632500.0
2017-10-17,350.8500,355.8000,355.8000,49399500.0
2017-10-18,355.9500,359.7000,359.7000,74086500.0
2017-10-19,355.5000,351.7500,351.7500,75927000.0
2017-10-20,352.6500,345.1500,345.1500,73956000.0
2017-10-23,349.9500,337.0500,337.0500,86209500.0
2017-10-24,338.8500,337.3500,337.3500,67375500.0
2017-10-25,336.7500,325.8000,325.8000,128911500.0
2017-10-26,327.7500,326.1000,326.1000,75352500.0
2017-10-27,319.8000,320.8500,320.8500,104695500.0
2017-10-30,319.2000,320.1000,320.1000,63816000.0
2017-10-31,320.2500,331.5000,331.5000,85084500.0
2017-11-01,332.2500,321.1500,321.1500,126859500.0
2017-11-02,300.1500,299.2500,299.2500,296871000.0
2017-11-03,299.5500,306.1500,306.1500,133410000.0
2017-11-06,307.0500,302.8500,302.8500,97290000.0
2017-11-07,301.0500,306.0000,306.0000,79414500.0
2017-11-08,305.5500,304.3500,304.3500,70879500.0
2017-11-09,302.5500,303.0000,303.0000,81706500.0
2017-11-10,302.5500,303.0000,303.0000,69381000.0
2017-11-13,300.1500,315.4500,315.4500,113773500.0
2017-11-14,315.0000,308.7000,308.7000,85141500.0
2017-11-15,306.0000,311.2500,311.2500,89680500.0
2017-11-16,313.9500,312.4500,312.4500,87331500.0
2017-11-17,325.6500,315.0000,315.0000,206026500.0
2017-11-20,313.8000,308.7000,308.7000,123715500.0
2017-11-21,310.8000,317.8500,317.8500,108919500.0
2017-11-22,316.8000,312.6000,312.6000,73764000.0
2017-11-24,313.8000,315.6000,315.6000,48661500.0
2017-11-27,313.2000,316.8000,316.8000,68338500.0
2017-11-28,316.3500,317.5500,317.5500,74242500.0
2017-11-29,317.2500,307.5000,307.5000,131511000.0
2017-11-30,308.5500,308.8500,308.8500,65274000.0
2017-12-01,305.4000,306.6000,306.6000,64393500.0
2017-12-04,306.4500,305.2500,305.2500,87526500.0
2017-12-05,301.9500,303.7500,303.7500,69697500.0
2017-12-06,300.1500,313.2000,313.2000,107929500.0
2017-12-07,312.0000,311.2500,311.2500,71709000.0
2017-12-08,314.5500,315.1500,315.1500,52027500.0
2017-12-11,314.7000,328.9500,328.9500,119070000.0
2017-12-12,330.4500,341.1000,341.1000,130998000.0
2017-12-13,340.9500,339.0000,339.0000,93322500.0
2017-12-14,340.9500,337.9500,337.9500,86998500.0
2017-12-15,342.0000,343.5000,343.5000,103998000.0
2017-12-18,344.8500,338.8500,338.8500,82143000.0
2017-12-19,340.2000,331.0500,331.0500,102375000.0
2017-12-20,332.7000,328.9500,328.9500,89307000.0
2017-12-21,329.5500,331.6500,331.6500,65778000.0
2017-12-22,329.5500,325.2000,325.2000,63237000.0
2017-12-26,323.8500,317.2500,317.2500,65676000.0
2017-12-27,316.0500,311.7000,311.7000,70681500.0
2017-12-28,311.7000,315.3000,315.3000,64744500.0
2017-12-29,316.2000,311.4000,311.4000,56658000.0
2018-01-02,312.0000,320.5500,320.5500,65283000.0
2018-01-03,321.0000,317.2500,317.2500,67822500.0
2018-01-04,312.9000,314.5500,314.5500,149194500.0
2018-01-05,316.6500,316.6500,316.6500,68868000.0
2018-01-08,316.0500,336.4500,336.4500,147891000.0
2018-01-09,335.1000,333.7500,333.7500,107199000.0
2018-01-10,332.2500,334.8000,334.8000,64648500.0
2018-01-11,335.2500,337.9500,337.9500,99682500.0
2018-01-12,338.7000,336.1500,336.1500,72376500.0
2018-01-16,337.5000,340.0500,340.0500,97114500.0
2018-01-17,340.5000,347.1000,347.1000,106552500.0
2018-01-18,345.6000,344.5500,344.5500,85287000.0
2018-01-19,345.0000,349.9500,349.9500,73324500.0
2018-01-22,349.3500,351.6000,351.6000,93156000.0
2018-01-23,360.0000,352.8000,352.8000,81981000.0
2018-01-24,354.6000,345.9000,345.9000,79312500.0
2018-01-25,348.3000,337.6500,337.6500,101104500.0
2018-01-26,341.5500,342.9000,342.9000,68091000.0
2018-01-29,339.9000,349.5000,349.5000,71206500.0
2018-01-30,345.1500,345.7500,345.7500,70765500.0
2018-01-31,347.5500,354.3000,354.3000,93211500.0
2018-02-01,351.0000,349.2000,349.2000,62965500.0
2018-02-02,348.4500,343.8000,343.8000,55572000.0
2018-02-05,337.9500,333.1500,333.1500,66961500.0
2018-02-06,325.2000,333.9000,333.9000,76326000.0
2018-02-07,339.0000,345.0000,345.0000,104538000.0
2018-02-08,343.3500,315.3000,315.3000,154719000.0
2018-02-09,319.9500,310.3500,310.3500,194005500.0
2018-02-12,316.2000,315.7500,315.7500,93417000.0
2018-02-13,315.0000,323.7000,323.7000,68403000.0
2018-02-14,320.8500,322.3500,322.3500,59260500.0
2018-02-15,324.4500,334.0500,334.0500,88693500.0
2018-02-16,332.5500,335.5500,335.5500,84639000.0
2018-02-20,334.5000,334.8000,334.8000,60141000.0
2018-02-21,336.0000,333.3000,333.3000,48294000.0
2018-02-22,335.5500,346.2000,346.2000,104547000.0
2018-02-23,347.8500,352.0500,352.0500,87261000.0
2018-02-26,353.5500,357.4500,357.4500,65100000.0
2018-02-27,356.2500,351.0000,351.0000,71961000.0
2018-02-28,352.5000,343.0500,343.0500,91045500.0
2018-03-01,345.0000,330.9000,330.9000,103284000.0
2018-03-02,327.0000,335.1000,335.1000,76392000.0
2018-03-05,332.4000,333.3000,333.3000,57357000.0
2018-03-06,333.7500,328.2000,328.2000,64285500.0
2018-03-07,325.5000,332.2500,332.2500,75109500.0
2018-03-08,332.8500,329.1000,329.1000,53493000.0
2018-03-09,324.1500,327.1500,327.1500,82602000.0
2018-03-12,328.6500,345.4500,345.4500,123960000.0
2018-03-13,328.6500,341.8500,341.8500,89487000.0
2018-03-14,336.7500,326.7000,326.7000,119511000.0
2018-03-15,329.4000,325.6500,325.6500,98472000.0
2018-03-16,322.9500,321.3000,321.3000,91759500.0
2018-03-19,316.5000,313.5000,313.5000,112264500.0
2018-03-20,314.8500,310.5000,310.5000,71464500.0
2018-03-21,310.2000,316.5000,316.5000,89376000.0
2018-03-22,313.9500,309.1500,309.1500,74097000.0
2018-03-23,311.2500,301.5000,301.5000,99823500.0
2018-03-26,307.3500,304.2000,304.2000,125628000.0
2018-03-27,304.0500,279.1500,279.1500,208080000.0
2018-03-28,264.6000,257.8500,257.8500,315021000.0
2018-03-29,256.5000,266.1000,266.1000,227560500.0
2018-04-02,256.2000,252.4500,252.4500,241710000.0
2018-04-03,269.8500,267.6000,267.6000,282666000.0
2018-04-04,252.7500,286.9500,286.9500,298450500.0
2018-04-05,289.3500,305.7000,305.7000,286816500.0
2018-04-06,301.0500,299.2500,299.2500,202804500.0
2018-04-09,300.3000,289.6500,289.6500,153747000.0
2018-04-10,298.9500,304.6500,304.6500,164847000.0
2018-04-11,300.7500,300.9000,300.9000,112243500.0
2018-04-12,302.2500,294.1500,294.1500,114132000.0
2018-04-13,303.6000,300.3000,300.3000,109908000.0
2018-04-16,298.9500,291.1500,291.1500,95077500.0
2018-04-17,288.9000,287.7000,287.7000,105000000.0
2018-04-18,291.1500,293.4000,293.4000,98365500.0
2018-04-19,291.1500,300.1500,300.1500,91359000.0
2018-04-20,295.2000,290.2500,290.2500,84418500.0
2018-04-23,291.3000,283.3500,283.3500,73401000.0
2018-04-24,285.0000,283.5000,283.5000,85279500.0
2018-04-25,283.5000,280.6500,280.6500,60204000.0
2018-04-26,278.7000,285.4500,285.4500,65340000.0
2018-04-27,285.3000,294.1500,294.1500,65469000.0
2018-04-30,293.5500,293.8500,293.8500,63423000.0
2018-05-01,293.5500,299.8500,299.8500,69384000.0
2018-05-02,298.5000,301.2000,301.2000,134556000.0
2018-05-03,278.8500,284.4000,284.4000,260281500.0
2018-05-04,283.0500,294.1500,294.1500,128541000.0
2018-05-07,297.4500,302.7000,302.7000,130173000.0
2018-05-08,300.7500,301.9500,301.9500,88950000.0
2018-05-09,300.4500,306.9000,306.9000,85911000.0
2018-05-10,307.5000,304.9500,304.9500,84774000.0
2018-05-11,307.6500,301.0500,301.0500,70194000.0
2018-05-14,303.3000,291.9000,291.9000,109302000.0
2018-05-15,285.0000,284.2500,284.2500,142788000.0
2018-05-16,283.8000,286.5000,286.5000,85110000.0
2018-05-17,285.9000,284.5500,284.5500,66309000.0
2018-05-18,284.7000,276.7500,276.7500,108778500.0
2018-05-21,281.4000,284.5500,284.5500,137739000.0
2018-05-22,287.7000,274.9500,274.9500,134187000.0
2018-05-23,277.8000,279.0000,279.0000,89776500.0
2018-05-24,278.4000,277.8000,277.8000,62650500.0
2018-05-25,277.6500,278.8500,278.8500,58126500.0
2018-05-29,278.5500,283.8000,283.8000,84999000.0
2018-05-30,283.3500,291.7500,291.7500,112345500.0
2018-05-31,287.2500,284.7000,284.7000,88795500.0
2018-06-01,285.9000,291.7500,291.7500,81366000.0
2018-06-04,294.3000,296.7000,296.7000,71967000.0
2018-06-05,297.7500,291.1500,291.1500,89928000.0
2018-06-06,300.4500,319.5000,319.5000,281509500.0
2018-06-07,316.2000,316.0500,316.0500,215179500.0
2018-06-08,319.0500,317.7000,317.7000,123078000.0
2018-06-11,322.5000,332.1000,332.1000,197752500.0
2018-06-12,344.7000,342.7500,342.7500,335211000.0
2018-06-13,346.6500,344.8500,344.8500,142047000.0
2018-06-14,347.7000,357.7500,357.7500,164715000.0
2018-06-15,353.8500,358.2000,358.2000,162724500.0
2018-06-18,355.3500,370.8000,370.8000,181098000.0
2018-06-19,365.1000,352.5000,352.5000,191428500.0
2018-06-20,358.0500,362.2500,362.2500,125755500.0
2018-06-21,361.9500,347.5500,347.5500,119506500.0
2018-06-22,351.6000,333.6000,333.6000,153991500.0
2018-06-25,330.1500,333.0000,333.0000,103969500.0
2018-06-26,336.0000,342.0000,342.0000,111787500.0
2018-06-27,345.0000,344.5500,344.5500,125005500.0
2018-06-28,348.6000,349.9500,349.9500,125970000.0
2018-06-29,353.4000,342.9000,342.9000,97386000.0
2018-07-02,360.0000,335.1000,335.1000,281397000.0
2018-07-03,331.8000,310.8000,310.8000,184239000.0
2018-07-05,313.8000,309.1500,309.1500,262146000.0
2018-07-06,304.9500,308.8500,308.8500,132982500.0
2018-07-09,312.0000,318.4500,318.4500,113952000.0
2018-07-10,324.6000,322.5000,322.5000,142072500.0
2018-07-11,315.7500,318.9000,318.9000,73261500.0
2018-07-12,321.4500,316.6500,316.6500,85818000.0
2018-07-13,315.6000,318.9000,318.9000,88047000.0
2018-07-16,311.7000,310.0500,310.0500,117280500.0
2018-07-17,308.8500,322.6500,322.6500,104943000.0
2018-07-18,325.0500,323.8500,323.8500,84363000.0
2018-07-19,316.3500,320.2500,320.2500,88729500.0
2018-07-20,321.3000,313.6500,313.6500,77433000.0
2018-07-23,301.8000,303.1500,303.1500,164893500.0
2018-07-24,304.3500,297.4500,297.4500,143862000.0
2018-07-25,296.7000,308.7000,308.7000,106131000.0
2018-07-26,304.8000,306.6000,306.6000,69457500.0
2018-07-27,307.2000,297.1500,297.1500,85549500.0
2018-07-30,295.9500,290.1000,290.1000,102211500.0
2018-07-31,292.2000,298.2000,298.2000,76153500.0
2018-08-01,298.0500,300.9000,300.9000,151941000.0
2018-08-02,328.5000,349.5000,349.5000,348225000.0
2018-08-03,347.8500,348.1500,348.1500,204847500.0
2018-08-06,345.4500,342.0000,342.0000,128464500.0
2018-08-07,343.8000,379.5000,379.5000,463137000.0
2018-08-08,369.1500,370.3500,370.3500,368568000.0
2018-08-09,365.5500,352.5000,352.5000,257757000.0
2018-08-10,354.0000,355.5000,355.5000,173280000.0
2018-08-13,361.2000,356.4000,356.4000,156958500.0
2018-08-14,358.5000,347.7000,347.7000,104796000.0
2018-08-15,341.8500,338.7000,338.7000,136519500.0
2018-08-16,339.9000,335.4000,335.4000,90960000.0
2018-08-17,323.5500,305.5500,305.5500,284379000.0
2018-08-20,291.7500,308.4000,308.4000,261034500.0
2018-08-21,310.6500,321.9000,321.9000,197583000.0
2018-08-22,320.8500,321.6000,321.6000,89190000.0
2018-08-23,319.2000,320.1000,320.1000,77209500.0
2018-08-24,320.7000,322.8000,322.8000,54039000.0
2018-08-27,318.0000,319.2000,319.2000,196189500.0
2018-08-28,318.4500,311.8500,311.8500,114736500.0
2018-08-29,310.2000,304.9500,304.9500,111711000.0
2018-08-30,302.2500,303.1500,303.1500,108250500.0
2018-08-31,301.9500,301.6500,301.6500,80626500.0
2018-09-04,297.0000,288.9000,288.9000,125257500.0
2018-09-05,285.0000,280.8000,280.8000,115812000.0
2018-09-06,284.8500,280.9500,280.9500,112212000.0
2018-09-07,260.1000,263.2500,263.2500,337378500.0
2018-09-10,273.3000,285.4500,285.4500,214252500.0
2018-09-11,279.4500,279.4500,279.4500,137550000.0
2018-09-12,281.4000,290.5500,290.5500,150231000.0
2018-09-13,288.0000,289.5000,289.5000,95104500.0
2018-09-14,288.7500,295.2000,295.2000,101484000.0
2018-09-17,290.1000,294.9000,294.9000,103314000.0
2018-09-18,296.7000,285.0000,285.0000,248212500.0
2018-09-19,280.5000,298.9500,298.9500,124423500.0
2018-09-20,303.6000,298.3500,298.3500,110241000.0
2018-09-21,297.7500,299.1000,299.1000,75757500.0
2018-09-24,298.5000,299.7000,299.7000,72645000.0
2018-09-25,300.0000,301.0500,301.0500,67225500.0
2018-09-26,301.9500,309.6000,309.6000,117648000.0
2018-09-27,312.9000,307.5000,307.5000,127636500.0
2018-09-28,270.3000,264.7500,264.7500,504745500.0
2018-10-01,305.7000,310.6500,310.6500,326664000.0
2018-10-02,313.9500,301.0500,301.0500,176152500.0
2018-10-03,303.3000,294.7500,294.7500,119925000.0
2018-10-04,294.0000,281.8500,281.8500,147213000.0
2018-10-05,274.6500,261.9000,261.9000,269167500.0
2018-10-08,264.4500,250.5000,250.5000,202090500.0
2018-10-09,255.3000,262.8000,262.8000,180909000.0
2018-10-10,264.6000,256.9500,256.9500,192229500.0
2018-10-11,257.5500,252.3000,252.3000,122515500.0
2018-10-12,261.0000,258.7500,258.7500,108021000.0
2018-10-15,259.0500,259.6500,259.6500,93000000.0
2018-10-16,265.6500,276.6000,276.6000,142896000.0
2018-10-17,282.4500,271.8000,271.8000,129832500.0
2018-10-18,269.2500,263.8500,263.8500,81318000.0
2018-10-19,267.4500,259.9500,259.9500,140632500.0
2018-10-22,260.7000,261.0000,261.0000,84004500.0
2018-10-23,263.8500,294.1500,294.1500,285417000.0
2018-10-24,301.0500,288.4500,288.4500,300874500.0
2018-10-25,317.2500,314.8500,314.8500,312610500.0
2018-10-26,308.2500,330.9000,330.9000,411382500.0
2018-10-29,337.5000,334.8000,334.8000,217290000.0
2018-10-30,328.3500,329.8500,329.8500,136900500.0
2018-10-31,332.5500,337.3500,337.3500,114364500.0
2018-11-01,338.2500,344.2500,344.2500,120001500.0
2018-11-02,343.8000,346.3500,346.3500,117120000.0
2018-11-05,340.5000,341.4000,341.4000,117465000.0
2018-11-06,339.0000,341.1000,341.1000,101443500.0
2018-11-07,343.3500,348.1500,348.1500,110617500.0
2018-11-08,348.4500,351.4500,351.4500,106360500.0
2018-11-09,349.0500,350.5500,350.5500,76482000.0
2018-11-12,348.3000,331.3500,331.3500,104122500.0
2018-11-13,333.1500,338.7000,338.7000,81729000.0
2018-11-14,342.7500,343.9500,343.9500,75604500.0
2018-11-15,342.3000,348.4500,348.4500,69385500.0
2018-11-16,345.1500,354.3000,354.3000,108093000.0
2018-11-19,356.4000,353.4000,353.4000,145633500.0
2018-11-20,341.7000,347.5500,347.5500,120070500.0
2018-11-21,352.0500,338.2500,338.2500,70302000.0
2018-11-23,334.3500,325.8000,325.8000,63039000.0
2018-11-26,325.0500,346.0500,346.0500,119881500.0
2018-11-27,340.0500,343.9500,343.9500,95374500.0
2018-11-28,346.0500,347.8500,347.8500,61914000.0
2018-11-29,346.9500,341.1000,341.1000,46210500.0
2018-11-30,341.8500,350.5500,350.5500,84436500.0
2018-12-03,360.0000,358.5000,358.5000,124597500.0
2018-12-04,356.1000,359.7000,359.7000,126928500.0
2018-12-06,355.9500,363.0000,363.0000,117637500.0
2018-12-07,369.0000,357.9000,357.9000,172668000.0
2018-12-10,360.0000,365.1000,365.1000,99202500.0
2018-12-11,369.9000,366.7500,366.7500,94632000.0
2018-12-12,369.4500,366.6000,366.6000,75405000.0
2018-12-13,370.2000,376.8000,376.8000,110488500.0
2018-12-14,375.0000,365.7000,365.7000,95064000.0
2018-12-17,361.9500,348.4500,348.4500,115110000.0
2018-12-18,350.5500,337.0500,337.0500,106500000.0
2018-12-19,337.6500,333.0000,333.0000,124113000.0
2018-12-20,327.0000,315.4500,315.4500,136078500.0
2018-12-21,317.4000,319.8000,319.8000,120252000.0
2018-12-24,313.5000,295.3500,295.3500,83398500.0
2018-12-26,300.0000,326.1000,326.1000,122446500.0
2018-12-27,319.8000,316.2000,316.2000,128626500.0
2018-12-28,323.1000,333.9000,333.9000,149085000.0
2018-12-31,337.8000,332.8500,332.8500,94534500.0
2019-01-02,306.1500,310.0500,310.0500,174879000.0
2019-01-03,307.0500,300.3000,300.3000,104478000.0
2019-01-04,306.0000,317.7000,317.7000,110911500.0
2019-01-07,321.7500,334.9500,334.9500,113268000.0
2019-01-08,342.0000,335.4000,335.4000,105127500.0
2019-01-09,335.5500,338.5500,338.5500,81493500.0
2019-01-10,334.3500,345.0000,345.0000,90846000.0
2019-01-11,342.1500,347.2500,347.2500,75586500.0
2019-01-14,342.4500,334.3500,334.3500,78709500.0
2019-01-15,334.9500,344.4000,344.4000,90849000.0
2019-01-16,344.8500,346.0500,346.0500,70375500.0
2019-01-17,346.2000,347.2500,347.2500,55150500.0
2019-01-18,322.9500,302.2500,302.2500,362262000.0
2019-01-22,304.8000,298.9500,298.9500,181000500.0
2019-01-23,292.5000,287.5500,287.5500,187950000.0
2019-01-24,283.0500,291.4500,291.4500,120183000.0
2019-01-25,294.4500,297.0000,297.0000,108744000.0
2019-01-28,292.9500,296.4000,296.4000,96349500.0
2019-01-29,295.2000,297.4500,297.4500,69325500.0
2019-01-30,300.4500,308.7000,308.7000,168754500.0
2019-01-31,301.0500,307.0500,307.0500,188538000.0
2019-02-01,305.4000,312.1500,312.1500,109251000.0
2019-02-04,313.0500,312.9000,312.9000,110281500.0
2019-02-05,312.4500,321.3000,321.3000,101142000.0
2019-02-06,319.6500,317.2500,317.2500,75577500.0
2019-02-07,313.3500,307.5000,307.5000,97809000.0
2019-02-08,306.9000,305.8500,305.8500,87663000.0
2019-02-11,311.5500,312.9000,312.9000,106945500.0
2019-02-12,316.2000,311.8500,311.8500,82764000.0
2019-02-13,312.3000,308.1000,308.1000,77124000.0
2019-02-14,303.4500,303.7500,303.7500,78012000.0
2019-02-15,304.5000,307.9500,307.9500,58573500.0
2019-02-19,306.6000,305.7000,305.7000,62526000.0
2019-02-20,304.3500,302.5500,302.5500,107131500.0
2019-02-21,301.8000,291.3000,291.3000,133638000.0
2019-02-22,294.4500,294.7500,294.7500,86109000.0
2019-02-25,297.9000,298.8000,298.8000,99397500.0
2019-02-26,292.2000,297.9000,297.9000,128737500.0
2019-02-27,301.8000,314.7000,314.7000,167758500.0
2019-02-28,318.9000,319.9500,319.9500,157810500.0
2019-03-01,306.9000,294.7500,294.7500,343671000.0
2019-03-04,298.0500,285.3000,285.3000,256452000.0
2019-03-05,282.0000,276.6000,276.6000,281470500.0
2019-03-06,276.4500,276.3000,276.3000,155032500.0
2019-03-07,278.8500,276.6000,276.6000,141637500.0
2019-03-08,276.9000,284.1000,284.1000,132294000.0
2019-03-11,283.5000,290.8500,290.8500,110884500.0
2019-03-12,286.5000,283.3500,283.3500,112561500.0
2019-03-13,283.9500,288.9000,288.9000,102670500.0
2019-03-14,292.5000,289.9500,289.9500,106551000.0
2019-03-15,283.5000,275.4000,275.4000,221782500.0
2019-03-18,276.0000,269.5500,269.5500,154215000.0
2019-03-19,267.4500,267.4500,267.4500,177009000.0
2019-03-20,269.7000,273.6000,273.6000,103623000.0
2019-03-21,272.5500,274.0500,274.0500,89206500.0
2019-03-22,272.5500,264.6000,264.6000,131184000.0
2019-03-25,259.6500,260.4000,260.4000,153225000.0
2019-03-26,264.4500,267.7500,267.7500,110263500.0
2019-03-27,268.8000,274.8000,274.8000,131688000.0
2019-03-28,277.2000,278.5500,278.5500,101611500.0
2019-03-29,278.7000,279.9000,279.9000,89869500.0
2019-04-01,282.6000,289.2000,289.2000,121656000.0
2019-04-02,288.3000,285.9000,285.9000,82183500.0
2019-04-03,287.2500,291.7500,291.7500,118791000.0
2019-04-04,261.9000,267.7500,267.7500,355810500.0
2019-04-05,269.8500,274.9500,274.9500,195574500.0
2019-04-08,277.6500,273.1500,273.1500,156156000.0
2019-04-09,271.6500,272.2500,272.2500,88560000.0
2019-04-10,276.7500,276.0000,276.0000,105919500.0
2019-04-11,268.3500,268.3500,268.3500,147538500.0
2019-04-12,270.1500,267.7500,267.7500,101190000.0
2019-04-15,268.6500,266.4000,266.4000,150579000.0
2019-04-16,265.8000,273.3000,273.3000,109093500.0
2019-04-17,274.8000,271.2000,271.2000,76897500.0
2019-04-18,271.2000,273.3000,273.3000,88144500.0
2019-04-22,268.9500,262.8000,262.8000,182206500.0
2019-04-23,260.1000,263.8500,263.8500,164158500.0
2019-04-24,263.8500,258.6000,258.6000,160912500.0
2019-04-25,255.0000,247.6500,247.6500,327741000.0
2019-04-26,246.4500,235.2000,235.2000,335410500.0
2019-04-29,235.8000,241.5000,241.5000,250717500.0
2019-04-30,242.1000,238.6500,238.6500,141969000.0
2019-05-01,238.8000,234.0000,234.0000,160566000.0
2019-05-02,245.5500,244.0500,244.0500,272389500.0
2019-05-03,243.9000,255.0000,255.0000,355602000.0
2019-05-06,250.0500,255.3000,255.3000,162508500.0
2019-05-07,256.8000,247.0500,247.0500,151971000.0
2019-05-08,246.9000,244.8000,244.8000,92646000.0
2019-05-09,241.9500,241.9500,241.9500,100671000.0
2019-05-10,239.7000,239.5500,239.5500,105124500.0
2019-05-13,232.0500,226.9500,226.9500,162522000.0
2019-05-14,229.3500,232.3500,232.3500,108786000.0
2019-05-15,229.3500,231.9000,231.9000,109440000.0
2019-05-16,229.5000,228.3000,228.3000,112249500.0
2019-05-17,222.0000,211.0500,211.0500,266800500.0
2019-05-20,202.8000,205.3500,205.3500,307893000.0
2019-05-21,197.7000,205.0500,205.0500,270058500.0
2019-05-22,199.0500,192.7500,192.7500,280278000.0
2019-05-23,194.4000,195.4500,195.4500,398206500.0
2019-05-24,199.8000,190.6500,190.6500,212049000.0
2019-05-28,191.2500,188.7000,188.7000,154693500.0
2019-05-29,187.0500,189.9000,189.9000,179529000.0
2019-05-30,188.7000,188.2500,188.2500,118897500.0
2019-05-31,185.1000,185.1000,185.1000,156100500.0
2019-06-03,185.5500,178.9500,178.9500,195966000.0
2019-06-04,181.0500,193.6500,193.6500,207112500.0
2019-06-05,198.7500,196.6500,196.6500,202662000.0
2019-06-06,204.4500,205.9500,205.9500,303633000.0
2019-06-07,205.0500,204.4500,204.4500,240052500.0
2019-06-10,210.3000,212.8500,212.8500,158775000.0
2019-06-11,219.1500,217.0500,217.0500,174802500.0
2019-06-12,222.9000,209.2500,209.2500,227962500.0
2019-06-13,210.4500,213.9000,213.9000,122524500.0
2019-06-14,211.2000,214.9500,214.9500,111501000.0
2019-06-17,215.5500,225.0000,225.0000,184752000.0
2019-06-18,228.7500,224.7000,224.7000,190737000.0
2019-06-19,225.1500,226.5000,226.5000,98626500.0
2019-06-20,223.0500,219.6000,219.6000,177952500.0
2019-06-21,216.1500,221.8500,221.8500,123031500.0
2019-06-24,223.2000,223.6500,223.6500,86262000.0
2019-06-25,224.4000,219.7500,219.7500,92731500.0
2019-06-26,220.3500,219.3000,219.3000,127608000.0
2019-06-27,219.4500,222.9000,222.9000,95095500.0
2019-06-28,220.9500,223.5000,223.5000,102771000.0
2019-07-01,230.2500,227.1000,227.1000,123201000.0
2019-07-02,228.9000,224.5500,224.5500,138885000.0
2019-07-03,239.4000,234.9000,234.9000,213016500.0
2019-07-05,234.6000,233.1000,233.1000,105985500.0
2019-07-08,231.3000,230.4000,230.4000,88207500.0
2019-07-09,228.9000,230.1000,230.1000,92862000.0
2019-07-10,234.1500,238.9500,238.9500,137185500.0
2019-07-11,238.2000,238.6500,238.6500,112716000.0
2019-07-12,239.7000,245.1000,245.1000,138007500.0
2019-07-15,247.9500,253.5000,253.5000,165001500.0
2019-07-16,249.3000,252.4500,252.4500,122235000.0
2019-07-17,255.6000,254.8500,254.8500,146470500.0
2019-07-18,255.0000,253.5000,253.5000,71379000.0
2019-07-19,255.7500,258.1500,258.1500,105726000.0
2019-07-22,258.7500,255.7500,255.7500,102636000.0
2019-07-23,256.6500,260.1000,260.1000,75346500.0
2019-07-24,259.2000,264.9000,264.9000,166092000.0
2019-07-25,233.5500,228.7500,228.7500,336274500.0
2019-07-26,226.9500,228.0000,228.0000,150415500.0
2019-07-29,227.1000,235.8000,235.8000,139099500.0
2019-07-30,232.9500,242.2500,242.2500,121635000.0
2019-07-31,243.0000,241.6500,241.6500,137673000.0
2019-08-01,242.7000,233.8500,233.8500,123892500.0
2019-08-02,231.3000,234.3000,234.3000,92047500.0
2019-08-05,229.6500,228.3000,228.3000,105424500.0
2019-08-06,231.9000,230.7000,230.7000,83463000.0
2019-08-07,226.5000,233.4000,233.4000,71647500.0
2019-08-08,234.4500,238.3500,238.3500,79114500.0
2019-08-09,236.1000,235.0500,235.0500,58473000.0
2019-08-12,232.9500,229.0500,229.0500,69958500.0
2019-08-13,228.7500,235.0500,235.0500,72721500.0
2019-08-14,231.1500,219.6000,219.6000,143439000.0
2019-08-15,220.8000,215.7000,215.7000,122394000.0
2019-08-16,216.6000,219.9000,219.9000,76477500.0
2019-08-19,224.2500,226.8000,226.8000,79644000.0
2019-08-20,227.5500,225.9000,225.9000,61878000.0
2019-08-21,222.0000,220.8000,220.8000,116914500.0
2019-08-22,222.7500,222.1500,222.1500,98385000.0
2019-08-23,219.9000,211.3500,211.3500,128079000.0
2019-08-26,213.6000,214.9500,214.9500,75778500.0
2019-08-27,215.7000,214.0500,214.0500,81243000.0
2019-08-28,213.7500,215.5500,215.5500,48382500.0
2019-08-29,219.0000,221.7000,221.7000,77692500.0
2019-08-30,229.2000,225.6000,225.6000,139809000.0
2019-09-03,224.1000,225.0000,225.0000,80311500.0
2019-09-04,226.9500,220.6500,220.6500,86415000.0
2019-09-05,222.4500,229.6500,229.6500,110929500.0
2019-09-06,227.2500,227.4000,227.4000,62841000.0
2019-09-09,229.9500,231.7500,231.7500,72040500.0
2019-09-10,230.8500,235.5000,235.5000,73255500.0
2019-09-11,237.4500,247.0500,247.0500,150642000.0
2019-09-12,247.6500,245.8500,245.8500,128718000.0
2019-09-13,246.9000,245.2500,245.2500,79696500.0
2019-09-16,246.0000,242.8500,242.8500,70921500.0
2019-09-17,242.4000,244.8000,244.8000,57981000.0
2019-09-18,244.9500,243.4500,243.4500,62553000.0
2019-09-19,246.0000,246.6000,246.6000,71937000.0
2019-09-20,246.4500,240.6000,240.6000,95295000.0
2019-09-23,240.0000,241.2000,241.2000,65103000.0
2019-09-24,241.5000,223.2000,223.2000,193372500.0
2019-09-25,224.5500,228.7500,228.7500,141406500.0
2019-09-26,230.7000,242.5500,242.5500,178267500.0
2019-09-27,242.2500,242.1000,242.1000,166746000.0
2019-09-30,243.0000,240.9000,240.9000,88197000.0
2019-10-01,241.5000,244.6500,244.6500,92439000.0
2019-10-02,243.3000,243.1500,243.1500,84471000.0
2019-10-03,231.9000,233.1000,233.1000,226267500.0
2019-10-04,231.6000,231.4500,231.4500,119925000.0
2019-10-07,229.8000,237.7500,237.7500,120963000.0
2019-10-08,235.8000,240.0000,240.0000,130173000.0
2019-10-09,241.3500,244.5000,244.5000,103416000.0
2019-10-10,245.2500,244.8000,244.8000,94249500.0
2019-10-11,247.2000,247.9500,247.9500,127131000.0
2019-10-14,247.9500,256.9500,256.9500,153075000.0
2019-10-15,257.7000,257.8500,257.8500,96492000.0
2019-10-16,257.4000,259.8000,259.8000,100261500.0
2019-10-17,262.5000,261.9000,261.9000,71539500.0
2019-10-18,260.7000,256.9500,256.9500,86247000.0
2019-10-21,258.3000,253.5000,253.5000,75304500.0
2019-10-22,254.2500,255.6000,255.6000,69012000.0
2019-10-23,254.5500,254.7000,254.7000,78916500.0
2019-10-24,298.3500,299.7000,299.7000,445813500.0
2019-10-25,297.7500,328.2000,328.2000,450091500.0
2019-10-28,327.6000,327.7500,327.7500,283054500.0
2019-10-29,319.9500,316.2000,316.2000,190264500.0
2019-10-30,313.0500,315.0000,315.0000,144627000.0
2019-10-31,313.0500,314.8500,314.8500,76005000.0
2019-11-01,316.3500,313.3500,313.3500,95758500.0
2019-11-04,314.8500,317.4000,317.4000,131805000.0
2019-11-05,319.6500,317.2500,317.2500,104151000.0
2019-11-06,318.0000,326.5500,326.5500,119113500.0
2019-11-07,329.1000,335.5500,335.5500,217009500.0
2019-11-08,334.5000,337.2000,337.2000,91038000.0
2019-11-11,343.9500,345.1500,345.1500,149800500.0
2019-11-12,346.9500,349.9500,349.9500,110391000.0
2019-11-13,355.0500,346.0500,346.0500,126301500.0
2019-11-14,346.0500,349.3500,349.3500,96973500.0
2019-11-15,350.7000,352.2000,352.2000,72135000.0
2019-11-18,352.9500,349.9500,349.9500,66006000.0
2019-11-19,351.7500,359.5500,359.5500,115872000.0
2019-11-20,360.0000,352.2000,352.2000,100876500.0
2019-11-21,354.4500,354.9000,354.9000,91650000.0
2019-11-22,340.2000,333.0000,333.0000,253059000.0
2019-11-25,344.2500,336.3000,336.3000,185092500.0
2019-11-26,335.2500,328.9500,328.9500,119211000.0
2019-11-27,331.0500,331.3500,331.3500,83334000.0
2019-11-29,331.0500,330.0000,330.0000,36984000.0
2019-12-02,329.4000,334.8000,334.8000,91117500.0
2019-12-03,332.5500,336.1500,336.1500,98605500.0
2019-12-04,337.8000,333.0000,333.0000,82995000.0
2019-12-05,332.8500,330.3000,330.3000,55869000.0
2019-12-06,334.9500,335.8500,335.8500,114186000.0
2019-12-09,336.6000,339.6000,339.6000,135346500.0
2019-12-10,339.9000,348.9000,348.9000,132424500.0
2019-12-11,351.9000,352.6500,352.6500,103467000.0
2019-12-12,354.9000,359.7000,359.7000,116458500.0
2019-12-13,361.0500,358.3500,358.3500,98563500.0
2019-12-16,362.5500,381.4500,381.4500,272613000.0
2019-12-17,379.0500,379.0500,379.0500,127452000.0
2019-12-18,380.7000,393.1500,393.1500,211815000.0
2019-12-19,397.3500,404.1000,404.1000,271606500.0
2019-12-20,410.2500,405.6000,405.6000,221290500.0
2019-12-23,411.7500,419.2500,419.2500,199794000.0
2019-12-24,418.3500,425.2500,425.2500,120820500.0
2019-12-26,427.9500,430.9500,430.9500,159508500.0
2019-12-27,435.0000,430.3500,430.3500,149185500.0
2019-12-30,428.8500,414.7500,414.7500,188796000.0
2019-12-31,405.0000,418.3500,418.3500,154285500.0
2020-01-02,424.5000,430.2000,430.2000,142981500.0
2020-01-03,440.5500,442.9500,442.9500,266677500.0
2020-01-06,440.4000,451.5000,451.5000,151995000.0
2020-01-07,461.4000,469.0500,469.0500,268231500.0
2020-01-08,473.7000,492.1500,492.1500,467164500.0
2020-01-09,497.1000,481.3500,481.3500,426606000.0
2020-01-10,481.8000,478.2000,478.2000,194392500.0
2020-01-13,493.5000,524.8500,524.8500,397764000.0
2020-01-14,544.2000,537.9000,537.9000,434943000.0
2020-01-15,529.8000,518.5500,518.5500,260532000.0
2020-01-16,493.8000,513.4500,513.4500,326050500.0
2020-01-17,507.6000,510.4500,510.4500,204436500.0
2020-01-21,530.2500,547.2000,547.2000,267052500.0
2020-01-22,571.9500,569.5500,569.5500,470535000.0
2020-01-23,564.3000,572.2500,572.2500,294765000.0
2020-01-24,570.6000,564.7500,564.7500,215304000.0
2020-01-27,541.9500,558.0000,558.0000,204121500.0
2020-01-28,568.5000,566.8500,566.8500,176827500.0
2020-01-29,575.7000,580.9500,580.9500,267022500.0
2020-01-30,632.4000,640.8000,640.8000,435085500.0
2020-01-31,640.0500,650.5500,650.5500,235789500.0
2020-02-03,673.6500,780.0000,780.0000,705975000.0
2020-02-04,882.9000,887.1000,887.1000,914082000.0
2020-02-05,823.2000,734.7000,734.7000,726357000.0
2020-02-06,699.9000,748.9500,748.9500,598212000.0
2020-02-07,730.5000,748.0500,748.0500,255952500.0
2020-02-10,799.9500,771.3000,771.3000,370338000.0
2020-02-11,768.7500,774.4500,774.4500,175462500.0
2020-02-12,777.9000,767.2500,767.2500,180337500.0
2020-02-13,741.9000,804.0000,804.0000,394339500.0
2020-02-14,787.2000,800.1000,800.1000,235405500.0
2020-02-18,841.6500,858.4500,858.4500,245725500.0
2020-02-19,923.5500,917.4000,917.4000,381345000.0
2020-02-20,912.0000,899.4000,899.4000,264523500.0
2020-02-21,907.0500,901.0500,901.0500,214722000.0
2020-02-24,838.9500,833.8500,833.8500,227883000.0
2020-02-25,849.0000,799.9500,799.9500,259357500.0
2020-02-26,782.5500,778.8000,778.8000,211282500.0
2020-02-27,730.0500,679.0500,679.0500,364158000.0
2020-02-28,629.7000,667.9500,667.9500,363343500.0
2020-03-02,711.3000,743.5500,743.5500,302925000.0
2020-03-03,805.0500,745.5000,745.5000,386760000.0
2020-03-04,763.9500,749.5500,749.5500,225735000.0
2020-03-05,723.7500,724.5000,724.5000,162790500.0
2020-03-06,690.0000,703.5000,703.5000,189943500.0
2020-03-09,605.4000,607.9500,607.9500,256105500.0
2020-03-10,659.4000,645.3000,645.3000,233916000.0
2020-03-11,640.2000,634.2000,634.2000,199837500.0
2020-03-12,580.9500,560.5500,560.5500,283636500.0
2020-03-13,595.0500,546.6000,546.6000,339604500.0
2020-03-16,469.5000,445.0500,445.0500,307342500.0
2020-03-17,439.9500,430.2000,430.2000,359919000.0
2020-03-18,388.9500,361.2000,361.2000,356793000.0
2020-03-19,374.7000,427.6500,427.6500,452932500.0
2020-03-20,438.1500,427.5000,427.5000,424282500.0
2020-03-23,433.6500,434.2500,434.2500,246817500.0
2020-03-24,477.3000,505.0500,505.0500,343428000.0
2020-03-25,545.2500,539.2500,539.2500,318340500.0
2020-03-26,547.3500,528.1500,528.1500,260710500.0
2020-03-27,505.0500,514.3500,514.3500,215661000.0
2020-03-30,510.3000,502.2000,502.2000,179971500.0
2020-03-31,501.3000,523.9500,523.9500,266572500.0
2020-04-01,504.0000,481.5000,481.5000,200298000.0
2020-04-02,481.0500,454.5000,454.5000,297876000.0
2020-04-03,509.5500,480.0000,480.0000,338431500.0
2020-04-06,511.2000,516.3000,516.3000,223527000.0
2020-04-07,544.9500,545.4000,545.4000,268797000.0
2020-04-08,554.2500,548.8500,548.8500,189840000.0
2020-04-09,562.0500,573.0000,573.0000,204750000.0
2020-04-13,590.1000,651.0000,651.0000,337131000.0
2020-04-14,699.0000,709.9500,709.9500,458647500.0
2020-04-15,742.0500,729.9000,729.9000,353655000.0
2020-04-16,717.0000,745.2000,745.2000,309868500.0
2020-04-17,772.3500,753.9000,753.9000,196923000.0
2020-04-20,732.7500,746.4000,746.4000,221199000.0
2020-04-21,730.0500,686.7000,686.7000,303136500.0
2020-04-22,703.9500,732.1500,732.1500,212482500.0
2020-04-23,727.6500,705.6000,705.6000,198550500.0
2020-04-24,710.8500,725.1000,725.1000,198180000.0
2020-04-27,737.5500,798.7500,798.7500,310221000.0
2020-04-28,795.6000,769.0500,769.0500,228330000.0
2020-04-29,790.2000,800.5500,800.5500,243240000.0
2020-04-30,855.1500,781.9500,781.9500,427078500.0
2020-05-01,754.9500,701.2500,701.2500,487977000.0
2020-05-04,700.9500,761.2500,761.2500,288556500.0
2020-05-05,789.7500,768.1500,768.1500,254875500.0
2020-05-06,776.5500,782.5500,782.5500,166848000.0
2020-05-07,777.1500,780.0000,780.0000,172915500.0
2020-05-08,793.8000,819.4500,819.4500,241297500.0
2020-05-11,790.5000,811.3500,811.3500,247794000.0
2020-05-12,826.9500,809.4000,809.4000,238603500.0
2020-05-13,820.8000,790.9500,790.9500,285982500.0
2020-05-14,780.0000,803.4000,803.4000,205233000.0
2020-05-15,790.3500,799.2000,799.2000,157776000.0
2020-05-18,827.8500,813.6000,813.6000,174987000.0
2020-05-19,815.1000,808.0500,808.0500,144547500.0
2020-05-20,820.5000,815.5500,815.5500,109639500.0
2020-05-21,816.0000,827.5500,827.5500,183819000.0
2020-05-22,822.1500,816.9000,816.9000,149812500.0
2020-05-26,834.4500,818.8500,818.8500,121345500.0
2020-05-27,820.8000,820.2000,820.2000,173242500.0
2020-05-28,813.4500,805.8000,805.8000,108834000.0
2020-05-29,808.8000,835.0500,835.0500,176467500.0
2020-06-01,858.0000,898.0500,898.0500,224092500.0
2020-06-02,894.7500,881.5500,881.5500,203484000.0
2020-06-03,888.1500,882.9000,882.9000,119242500.0
2020-06-04,889.9500,864.4500,864.4500,133315500.0
2020-06-05,877.8000,885.6000,885.6000,117178500.0
2020-06-08,919.0500,949.9500,949.9500,212620500.0
2020-06-09,940.0500,940.6500,940.6500,170823000.0
2020-06-10,991.9500,1025.1000,1025.1000,278451000.0
2020-06-11,990.1500,972.9000,972.9000,238747500.0
2020-06-12,979.9500,935.2500,935.2500,251451000.0
2020-06-15,917.8500,990.9000,990.9000,235458000.0
2020-06-16,1011.9000,982.2000,982.2000,210766500.0
2020-06-17,987.7500,991.8000,991.8000,148362000.0
2020-06-18,1003.0500,1003.9500,1003.9500,146278500.0
2020-06-19,1012.8000,1000.9500,1000.9500,130195500.0
2020-06-22,999.9000,994.3500,994.3500,95436000.0
2020-06-23,998.8500,1001.8500,1001.8500,95479500.0
2020-06-24,994.0500,960.9000,960.9000,164394000.0
2020-06-25,954.3000,985.9500,985.9500,138817500.0
2020-06-26,994.8000,959.7000,959.7000,132823500.0
2020-06-29,969.0000,1009.3500,1009.3500,135396000.0
2020-06-30,1006.5000,1079.8500,1079.8500,253777500.0
2020-07-01,1083.0000,1119.6000,1119.6000,199903500.0
2020-07-02,1221.4500,1208.7000,1208.7000,258751500.0
2020-07-06,1276.6500,1371.6000,1371.6000,308548500.0
2020-07-07,1405.0500,1389.9000,1389.9000,322345500.0
2020-07-08,1405.0500,1365.9000,1365.9000,244669500.0
2020-07-09,1396.9500,1394.2500,1394.2500,175764000.0
2020-07-10,1396.0500,1544.7000,1544.7000,350064000.0
2020-07-13,1659.0000,1497.0000,1497.0000,584781000.0
2020-07-14,1555.9500,1516.8000,1516.8000,351271500.0
2020-07-15,1543.0500,1546.0500,1546.0500,245517000.0
2020-07-16,1477.2000,1500.6000,1500.6000,214512000.0
2020-07-17,1513.5000,1500.9000,1500.9000,139950000.0
2020-07-20,1519.0500,1642.9500,1642.9500,256821000.0
2020-07-21,1639.9500,1568.4000,1568.4000,241608000.0
2020-07-22,1599.0000,1592.4000,1592.4000,212416500.0
2020-07-23,1678.9500,1513.0500,1513.0500,364927500.0
2020-07-24,1416.0000,1417.0500,1417.0500,290949000.0
2020-07-27,1435.0500,1539.6000,1539.6000,240730500.0
2020-07-28,1504.0500,1476.4500,1476.4500,237130500.0
2020-07-29,1501.0500,1499.1000,1499.1000,141403500.0
2020-07-30,1488.0000,1487.5500,1487.5500,114315000.0
2020-07-31,1515.0000,1430.7000,1430.7000,183123000.0
2020-08-03,1449.1500,1485.0000,1485.0000,132139500.0
2020-08-04,1495.0500,1486.9500,1486.9500,126225000.0
2020-08-05,1492.9500,1485.0000,1485.0000,74217000.0
2020-08-06,1490.8500,1489.6500,1489.6500,89884500.0
2020-08-07,1499.5500,1452.7500,1452.7500,133446000.0
2020-08-10,1447.9500,1418.5500,1418.5500,112834500.0
2020-08-11,1396.0500,1374.4500,1374.4500,129387000.0
2020-08-12,1470.0000,1554.7500,1554.7500,327441000.0
2020-08-13,1611.0000,1621.0500,1621.0500,306379500.0
2020-08-14,1665.0000,1650.7500,1650.7500,188664000.0
2020-08-17,1677.0000,1835.7000,1835.7000,303634500.0
2020-08-18,1899.0000,1887.1500,1887.1500,247117500.0
2020-08-19,1864.9500,1878.6000,1878.6000,183079500.0
2020-08-20,1860.7500,2001.9000,2001.9000,309177000.0
2020-08-21,2044.8000,2050.0500,2050.0500,322344000.0
2020-08-24,2126.2500,2014.2000,2014.2000,300954000.0
2020-08-25,1974.9000,2023.3500,2023.3500,159883500.0
2020-08-26,2059.9500,2153.1000,2153.1000,213591000.0
2020-08-27,2180.4000,2238.7500,2238.7500,355395000.0
2020-08-28,2295.1500,2213.4000,2213.4000,301218000.0
2020-08-31,444.6000,498.3300,498.3300,355123200.0
2020-09-01,502.1400,475.0500,475.0500,269523300.0
2020-09-02,478.9800,447.3600,447.3600,288528300.0
2020-09-03,407.2200,407.0100,407.0100,262788300.0
2020-09-04,402.8100,418.3200,418.3200,330965700.0
2020-09-08,356.0100,330.2100,330.2100,346397100.0
2020-09-09,356.6100,366.2700,366.2700,238397400.0
2020-09-10,386.2200,371.3400,371.3400,254791800.0
2020-09-11,381.9300,372.7200,372.7200,182152500.0
2020-09-14,380.9400,419.6100,419.6100,249061800.0
2020-09-15,436.5600,449.7600,449.7600,291894600.0
2020-09-16,439.8600,441.7500,441.7500,216837900.0
2020-09-17,415.5900,423.4200,423.4200,230337600.0
2020-09-18,447.9300,442.1400,442.1400,259220400.0
2020-09-21,453.1200,449.4000,449.4000,328430400.0
2020-09-22,429.6000,424.2300,424.2300,238742400.0
2020-09-23,405.1500,380.3700,380.3700,285222600.0
2020-09-24,363.8100,387.7800,387.7800,289683300.0
2020-09-25,393.4800,407.3400,407.3400,201625500.0
2020-09-28,424.6200,421.2000,421.2000,149158800.0
2020-09-29,416.0100,419.0700,419.0700,150657900.0
2020-09-30,421.3200,429.0000,429.0000,144436800.0
2020-10-01,440.7600,448.1700,448.1700,152224500.0
2020-10-02,421.3800,415.0800,415.0800,214290000.0
2020-10-05,423.3600,425.6700,425.6700,134168400.0
2020-10-06,423.7800,413.9700,413.9700,147438900.0
2020-10-07,419.8800,425.3100,425.3100,129383100.0
2020-10-08,438.4500,425.9100,425.9100,121263300.0
2020-10-09,430.1400,434.0100,434.0100,86777100.0
2020-10-12,441.9900,442.2900,442.2900,116373300.0
2020-10-13,443.3400,446.6400,446.6400,103391100.0
2020-10-14,449.7900,461.3100,461.3100,143639100.0
2020-10-15,450.3000,448.8900,448.8900,107017200.0
2020-10-16,454.4400,439.6800,439.6800,98327700.0
2020-10-19,446.2500,430.8300,430.8300,108863400.0
2020-10-20,431.7600,421.9500,421.9500,94968900.0
2020-10-21,422.7000,422.6400,422.6400,97111500.0
2020-10-22,441.9300,425.7900,425.7900,119979600.0
2020-10-23,421.8300,420.6300,420.6300,101151000.0
2020-10-26,411.6300,420.2700,420.2700,84717600.0
2020-10-27,423.7500,424.6800,424.6800,68059500.0
2020-10-28,416.4900,406.0200,406.0200,76354200.0
2020-10-29,409.9500,410.8200,410.8200,67965900.0
2020-10-30,406.8900,388.0500,388.0500,127533900.0
2020-11-02,393.9900,400.5000,400.5000,87063300.0
2020-11-03,409.7400,423.9000,423.9000,103055100.0
2020-11-04,430.6200,420.9900,420.9900,96429300.0
2020-11-05,428.3100,438.0900,438.0900,85243500.0
2020-11-06,436.1100,429.9600,429.9600,65118000.0
2020-11-09,439.5000,421.2600,421.2600,104499000.0
2020-11-10,420.0900,410.3700,410.3700,90852600.0
2020-11-11,416.4600,417.1200,417.1200,52073100.0
2020-11-12,415.0500,411.7500,411.7500,59565300.0
2020-11-13,410.8500,408.5100,408.5100,59313300.0
2020-11-16,408.9300,408.0900,408.0900,80515800.0
2020-11-17,460.1700,441.6000,441.6000,183564900.0
2020-11-18,448.3500,486.6300,486.6300,234132000.0
2020-11-19,492.0000,499.2600,499.2600,187425900.0
2020-11-20,498.0000,489.6000,489.6000,98735700.0
2020-11-23,503.4900,521.8500,521.8500,150780900.0
2020-11-24,540.3900,555.3900,555.3900,160945500.0
2020-11-25,550.0500,573.9900,573.9900,146790600.0
2020-11-27,581.1600,585.7500,585.7500,112683300.0
2020-11-30,602.2200,567.6000,567.6000,189009300.0
2020-12-01,597.6000,584.7600,584.7600,120310500.0
2020-12-02,556.4400,568.8300,568.8300,143327100.0
2020-12-03,590.0100,593.3700,593.3700,127656000.0
2020-12-04,591.0000,599.0400,599.0400,88203900.0
2020-12-07,604.9200,641.7600,641.7600,168929100.0
2020-12-08,625.5000,649.8900,649.8900,192795000.0
2020-12-09,653.7000,604.4700,604.4700,213873600.0
2020-12-10,574.3800,627.0600,627.0600,201249600.0
2020-12-11,615.0000,609.9900,609.9900,139425000.0
2020-12-14,618.9900,639.8400,639.8400,156121800.0
2020-12-15,643.2900,633.2400,633.2400,135214500.0
2020-12-16,628.2300,622.7700,622.7700,126287400.0
2020-12-17,628.2000,655.8900,655.8900,168810300.0
2020-12-18,668.9100,695.0100,695.0100,666378600.0
2020-12-21,666.2400,649.8600,649.8600,174135900.0
2020-12-22,648.0000,640.3500,640.3500,155148000.0
2020-12-23,632.1900,645.9900,645.9900,99519000.0
2020-12-24,642.9900,661.7700,661.7700,68596800.0
2020-12-28,674.5200,663.6900,663.6900,96835800.0
2020-12-29,660.9900,666.0000,666.0000,68732400.0
2020-12-30,672.0000,694.7700,694.7700,128538000.0
2020-12-31,699.9900,705.6600,705.6600,148949700.0
2021-01-04,719.4600,729.7800,729.7800,145914600.0
2021-01-05,723.6600,735.1200,735.1200,96735600.0
2021-01-06,758.4900,755.9700,755.9700,134100000.0
2021-01-07,777.6300,816.0300,816.0300,154496700.0
2021-01-08,855.9900,880.0200,880.0200,225166500.0
2021-01-11,849.3900,811.2000,811.2000,177904800.0
2021-01-12,831.0000,849.4500,849.4500,138812100.0
2021-01-13,852.7500,854.4000,854.4000,99937500.0
2021-01-14,843.3900,845.0100,845.0100,93798900.0
2021-01-15,852.0000,826.1700,826.1700,116332800.0
2021-01-19,837.8100,844.5600,844.5600,76101000.0
2021-01-20,858.7500,850.4400,850.4400,76997700.0
2021-01-21,855.0000,844.9800,844.9800,61563300.0
2021-01-22,834.3000,846.6300,846.6300,60199500.0
2021-01-25,855.0000,880.8000,880.8000,123520200.0
2021-01-26,891.3900,883.0800,883.0800,69394800.0
2021-01-27,870.3600,864.1500,864.1500,82002000.0
2021-01-28,819.9900,835.4400,835.4400,79134000.0
2021-01-29,830.0100,793.5300,793.5300,104972400.0
2021-02-01,814.2900,839.8200,839.8200,76174200.0
2021-02-02,844.6800,872.7900,872.7900,73038600.0
2021-02-03,877.0200,854.7000,854.7000,55030500.0
2021-02-04,855.0000,849.9900,849.9900,47438100.0
2021-02-05,845.0100,852.2400,852.2400,55699800.0
2021-02-08,869.6700,863.4300,863.4300,60485100.0
2021-02-09,855.1200,849.4500,849.4500,45473100.0
2021-02-10,843.6300,804.8100,804.8100,108648300.0
2021-02-11,812.4300,811.6500,811.6500,64868400.0
2021-02-12,801.2700,816.1200,816.1200,71304900.0
2021-02-16,818.0100,796.2300,796.2300,59406900.0
2021-02-17,779.1000,798.1500,798.1500,77989500.0
2021-02-18,780.9000,787.3800,787.3800,53871300.0
2021-02-19,795.0000,781.2900,781.2900,56874900.0
2021-02-22,762.6300,714.5100,714.5100,111809100.0
2021-02-23,662.1300,698.8500,698.8500,199820700.0
2021-02-24,711.8400,742.0200,742.0200,110301000.0
2021-02-25,726.1500,682.2300,682.2300,117071700.0
2021-02-26,699.9900,675.5100,675.5100,123267600.0
2021-03-01,690.1200,718.4400,718.4400,81408600.0
2021-03-02,718.2900,686.4300,686.4300,71196600.0
2021-03-03,687.9900,653.1900,653.1900,90624000.0
2021-03-04,655.8000,621.4500,621.4500,197758500.0
2021-03-05,626.0700,597.9600,597.9600,268189500.0
2021-03-08,600.5400,563.0100,563.0100,155361000.0
2021-03-09,608.1900,673.5900,673.5900,202569900.0
2021-03-10,700.2900,668.0700,668.0700,181817100.0
2021-03-11,699.3900,699.6000,699.6000,108761700.0
2021-03-12,669.9900,693.7200,693.7200,100751400.0
2021-03-15,694.0800,707.9400,707.9400,88006800.0
2021-03-16,703.3500,676.8900,676.8900,96587100.0
2021-03-17,656.8800,701.8200,701.8200,121117500.0
2021-03-18,684.3000,653.1600,653.1600,99674400.0
2021-03-19,646.5900,654.8700,654.8700,128682000.0
2021-03-22,684.6000,669.9900,669.9900,118536600.0
2021-03-23,675.7800,662.1600,662.1600,91475700.0
2021-03-24,667.9200,630.2700,630.2700,101385600.0
2021-03-25,612.9900,640.3800,640.3800,117674700.0
2021-03-26,641.8800,618.7200,618.7200,101558400.0
2021-03-29,615.6300,611.2800,611.2800,85911000.0
2021-03-30,601.7400,635.6100,635.6100,118297200.0
2021-03-31,646.6200,667.9200,667.9200,100011900.0
2021-04-01,688.3800,661.7400,661.7400,105895200.0
2021-04-05,707.7000,691.0500,691.0500,125528400.0
2021-04-06,690.3000,691.6200,691.6200,84815400.0
2021-04-07,687.0000,670.9800,670.9800,78928200.0
2021-04-08,677.3700,683.7900,683.7900,71772900.0
2021-04-09,677.7600,677.0100,677.0100,64311300.0
2021-04-12,685.7100,701.9700,701.9700,87407100.0
2021-04-13,712.7100,762.3300,762.3300,133958400.0
2021-04-14,770.7000,732.2400,732.2400,147052200.0
2021-04-15,743.1000,738.8400,738.8400,83546700.0
2021-04-16,728.6400,739.7700,739.7700,83938500.0
2021-04-19,719.6100,714.6300,714.6300,119058600.0
2021-04-20,717.4200,718.9800,718.9800,106827000.0
2021-04-21,704.7600,744.1200,744.1200,93646500.0
2021-04-22,741.5100,719.7000,719.7000,106770900.0
2021-04-23,719.7900,729.3900,729.3900,85110000.0
2021-04-26,741.0000,738.2100,738.2100,93115500.0
2021-04-27,717.9600,704.7300,704.7300,88311000.0
2021-04-28,696.4200,694.4100,694.4100,66813000.0
2021-04-29,699.5100,677.0100,677.0100,86536200.0
2021-04-30,667.5900,709.4400,709.4400,122276100.0
2021-05-03,703.8000,684.9000,684.9000,81129300.0
2021-05-04,678.9300,673.5900,673.5900,89217900.0
2021-05-05,681.0600,670.9500,670.9500,65705700.0
2021-05-06,680.7600,663.5400,663.5400,83353800.0
2021-05-07,665.7900,672.3600,672.3600,70407600.0
2021-05-10,664.8900,629.0400,629.0400,94177200.0
2021-05-11,599.2500,617.1900,617.1900,139511700.0
2021-05-12,602.4900,589.8900,589.8900,101470800.0
2021-05-13,601.5300,571.6800,571.6800,132554700.0
2021-05-14,583.4100,589.7400,589.7400,100112700.0
2021-05-17,575.5500,576.8400,576.8400,97171200.0
2021-05-18,567.9900,577.8600,577.8600,110491800.0
2021-05-19,552.5400,563.4600,563.4600,118735200.0
2021-05-20,575.0100,586.7700,586.7700,92463300.0
2021-05-21,596.1000,580.8900,580.8900,78091800.0
2021-05-24,581.6100,606.4500,606.4500,103674300.0
2021-05-25,607.3200,604.6800,604.6800,84017700.0
2021-05-26,607.5600,619.1400,619.1400,85917900.0
2021-05-27,620.2500,630.8400,630.8400,79111800.0
2021-05-28,628.5000,625.2300,625.2300,68211000.0
2021-06-01,627.8100,623.9100,623.9100,54254700.0
2021-06-02,620.1300,605.1300,605.1300,69908400.0
2021-06-03,601.8000,572.8500,572.8500,90335700.0
2021-06-04,579.7200,599.0400,599.0400,72110700.0
2021-06-07,591.8400,605.1300,605.1300,67631100.0
2021-06-08,623.0100,603.6000,603.6000,78160200.0
2021-06-09,602.1600,598.7700,598.7700,49753800.0
2021-06-10,603.8700,610.1100,610.1100,71758800.0
2021-06-11,610.2300,609.9000,609.9000,48615900.0
2021-06-14,612.2400,617.7000,617.7000,61272000.0
2021-06-15,616.6800,599.3700,599.3700,53292300.0
2021-06-16,597.5400,604.8600,604.8600,66432300.0
2021-06-17,601.8900,616.5900,616.5900,68104200.0
2021-06-18,613.3800,623.3100,623.3100,73682700.0
2021-06-21,624.4800,620.8200,620.8200,74438100.0
2021-06-22,618.2400,623.7000,623.7000,57476700.0
2021-06-23,632.0100,656.5800,656.5800,93297600.0
2021-06-24,675.0000,679.8300,679.8300,137947200.0
2021-06-25,689.5800,671.8800,671.8800,97490100.0
2021-06-28,671.6400,688.7100,688.7100,64884600.0
2021-06-29,684.6600,680.7600,680.7600,52143900.0
2021-06-30,679.7700,679.7100,679.7100,56774700.0
2021-07-01,683.9100,677.9100,677.9100,55903500.0
2021-07-02,678.9900,678.9000,678.9000,81163500.0
2021-07-06,681.7200,659.5800,659.5800,69853500.0
2021-07-07,664.2600,644.6400,644.6400,56376000.0
2021-07-08,628.3800,652.8000,652.8000,68319900.0
2021-07-09,653.1900,656.9400,656.9400,54421500.0
2021-07-12,662.1900,685.7100,685.7100,77781000.0
2021-07-13,686.3100,668.5500,668.5500,62898300.0
2021-07-14,670.7400,653.3700,653.3700,64923600.0
2021-07-15,658.3800,650.6100,650.6100,60628800.0
2021-07-16,654.6900,644.2200,644.2200,49113000.0
2021-07-19,629.8800,646.2300,646.2300,63891300.0
2021-07-20,651.9900,660.5100,660.5100,46461300.0
2021-07-21,659.6100,655.2900,655.2900,41859900.0
2021-07-22,656.4300,649.2600,649.2600,45317100.0
2021-07-23,646.3500,643.3800,643.3800,43814700.0
2021-07-26,650.9700,657.6300,657.6300,76009800.0
2021-07-27,663.3900,644.7900,644.7900,98439900.0
2021-07-28,647.0100,646.9800,646.9800,48019800.0
2021-07-29,649.8000,677.3400,677.3400,91183800.0
2021-07-30,671.7600,687.2100,687.2100,88969200.0
2021-08-02,699.9900,709.6800,709.6800,100847400.0
2021-08-03,719.0100,709.7400,709.7400,64860900.0
2021-08-04,711.0000,710.9100,710.9100,51007800.0
2021-08-05,716.0100,714.6300,714.6300,38758800.0
2021-08-06,711.9000,699.0900,699.0900,46869000.0
2021-08-09,710.1600,713.7600,713.7600,44145900.0
2021-08-10,714.0000,709.9800,709.9800,40296900.0
2021-08-11,712.7100,707.8200,707.8200,29401800.0
2021-08-12,706.3500,722.2500,722.2500,52377300.0
2021-08-13,723.7200,717.1800,717.1800,50194500.0
2021-08-16,705.0600,686.1600,686.1600,68032200.0
2021-08-17,672.6600,665.7000,665.7000,71163900.0
2021-08-18,669.7500,688.9800,688.9800,61048200.0
2021-08-19,678.2100,673.4700,673.4700,42940500.0
2021-08-20,682.8600,680.2500,680.2500,44525700.0
2021-08-23,685.4400,706.2900,706.2900,60794700.0
2021-08-24,710.6700,708.4800,708.4800,39249300.0
2021-08-25,707.0400,711.2100,711.2100,37936800.0
2021-08-26,708.3000,701.1600,701.1600,39642900.0
2021-08-27,705.0000,711.9300,711.9300,41501400.0
2021-08-30,714.7200,730.9200,730.9200,55812600.0
2021-08-31,732.9900,735.7200,735.7200,62566200.0
2021-09-01,734.0700,734.1000,734.1000,39612900.0
2021-09-02,734.4900,732.3900,732.3900,38331900.0
2021-09-03,732.2400,733.5600,733.5600,45738300.0
2021-09-07,740.0100,752.9100,752.9100,60119400.0
2021-09-08,761.5800,753.8700,753.8700,56379000.0
2021-09-09,753.4200,754.8600,754.8600,42233100.0
2021-09-10,759.6000,736.2600,736.2600,45552600.0
2021-09-13,740.2200,743.0100,743.0100,68857500.0
2021-09-14,742.5600,744.4800,744.4800,55574700.0
2021-09-15,744.9900,755.8200,755.8200,46073100.0
2021-09-16,752.8200,756.9900,756.9900,41770200.0
2021-09-17,757.1400,759.4800,759.4800,84612600.0
2021-09-20,734.5500,730.1700,730.1700,74273100.0
2021-09-21,734.7900,739.3800,739.3800,48992100.0
2021-09-22,743.5200,751.9500,751.9500,45378900.0
2021-09-23,755.0100,753.6300,753.6300,35842500.0
2021-09-24,745.8900,774.3900,774.3900,64119000.0
2021-09-27,773.1300,791.3700,791.3700,84212100.0
2021-09-28,787.2000,777.5700,777.5700,76144200.0
2021-09-29,779.7900,781.3200,781.3200,62828700.0
2021-09-30,780.9900,775.4700,775.4700,53868000.0
2021-10-01,778.4100,775.2300,775.2300,51094200.0
2021-10-04,796.5000,781.5300,781.5300,91449900.0
2021-10-05,784.8000,780.6000,780.6000,55297800.0
2021-10-06,776.1900,782.7600,782.7600,43898400.0
2021-10-07,785.4600,793.6200,793.6200,57587400.0
2021-10-08,796.2000,785.4900,785.4900,50215800.0
2021-10-11,787.6500,791.9400,791.9400,42600900.0
2021-10-12,800.9400,805.7100,805.7100,66060000.0
2021-10-13,810.4800,811.0800,811.0800,42360300.0
2021-10-14,815.4900,818.3100,818.3100,36741600.0
2021-10-15,823.7400,843.0300,843.0300,56773800.0
2021-10-18,851.7900,870.1200,870.1200,72621600.0
2021-10-19,877.5300,864.2700,864.2700,52143300.0
2021-10-20,865.3500,865.8000,865.8000,42096300.0
2021-10-21,855.9900,894.0000,894.0000,94444500.0
2021-10-22,895.5000,909.6900,909.6900,68642400.0
2021-10-25,950.5200,1024.8600,1024.8600,188556300.0
2021-10-26,1024.6800,1018.4400,1018.4400,187245000.0
2021-10-27,1039.6500,1037.8500,1037.8500,115579500.0
2021-10-28,1068.3000,1077.0300,1077.0300,81639600.0
2021-10-29,1081.8600,1113.9900,1113.9900,89755200.0
2021-11-01,1145.0100,1208.5800,1208.5800,168146100.0
2021-11-02,1159.3500,1172.0100,1172.0100,128213400.0
2021-11-03,1177.3200,1213.8600,1213.8600,103885500.0
2021-11-04,1234.4100,1229.9100,1229.9100,76192200.0
2021-11-05,1227.9900,1222.0800,1222.0800,64886400.0
2021-11-08,1149.7800,1162.9500,1162.9500,100337100.0
2021-11-09,1173.6000,1023.5100,1023.5100,177317400.0
2021-11-10,1010.4000,1067.9400,1067.9400,128408100.0
2021-11-11,1102.7700,1063.5000,1063.5000,67189800.0
2021-11-12,1047.5100,1033.4100,1033.4100,76719300.0
2021-11-15,1017.6300,1013.4000,1013.4000,104326800.0
2021-11-16,1003.3200,1054.7400,1054.7400,79627200.0
2021-11-17,1063.5000,1089.0000,1089.0000,94336200.0
2021-11-18,1106.5500,1096.3800,1096.3800,62696700.0
2021-11-19,1098.8700,1137.0600,1137.0600,64926900.0
2021-11-22,1162.3200,1156.8600,1156.8600,99217500.0
2021-11-23,1167.5100,1109.0400,1109.0400,108515100.0
2021-11-24,1080.3900,1116.0000,1116.0000,67680600.0
2021-11-26,1099.4700,1081.9200,1081.9200,35042700.0
2021-11-29,1101.0000,1137.0000,1137.0000,58393500.0
2021-11-30,1144.3800,1144.7700,1144.7700,81276000.0
2021-12-01,1160.7000,1095.0000,1095.0000,68450400.0
2021-12-02,1099.0500,1084.5900,1084.5900,73114800.0
2021-12-03,1084.8000,1014.9600,1014.9600,92322000.0
2021-12-06,1001.5200,1009.0200,1009.0200,81663000.0
2021-12-07,1044.2100,1051.7400,1051.7400,56084700.0
2021-12-08,1052.7000,1068.9600,1068.9600,41906400.0
2021-12-09,1060.6500,1003.8000,1003.8000,59438400.0
2021-12-10,1008.7500,1017.0300,1017.0300,59664300.0
2021-12-13,1001.1000,966.4200,966.4200,78595500.0
2021-12-14,945.0000,958.5000,958.5000,70806300.0
2021-12-15,953.2200,975.9900,975.9900,75169200.0
2021-12-16,994.5000,926.9100,926.9100,82771500.0
2021-12-17,914.7600,932.5800,932.5800,100437300.0
2021-12-20,910.7100,899.9400,899.9400,56480100.0
2021-12-21,916.8600,938.5200,938.5200,71517900.0
2021-12-22,965.6700,1008.8700,1008.8700,93634200.0
2021-12-23,1006.8000,1067.0100,1067.0100,92713200.0
2021-12-27,1073.6700,1093.9500,1093.9500,71145900.0
2021-12-28,1109.4900,1088.4600,1088.4600,60324000.0
2021-12-29,1098.6300,1086.1800,1086.1800,56154000.0
2021-12-30,1061.3400,1070.3400,1070.3400,47040900.0
2021-12-31,1073.4300,1056.7800,1056.7800,40733700.0
2022-01-03,1147.7400,1199.7900,1199.7900,103931400.0
2022-01-04,1189.5600,1149.6000,1149.6000,100248300.0
2022-01-05,1146.6600,1088.1300,1088.1300,80119800.0
2022-01-06,1077.0000,1064.7000,1064.7000,90336600.0
2022-01-07,1080.3600,1026.9600,1026.9600,84164700.0
2022-01-10,999.9900,1058.1300,1058.1300,91815000.0
2022-01-11,1053.6600,1064.4000,1064.4000,66063300.0
2022-01-12,1078.8600,1106.2200,1106.2200,83739000.0
2022-01-13,1109.0700,1031.5500,1031.5500,97209900.0
2022-01-14,1019.8800,1049.6100,1049.6100,72924300.0
2022-01-18,1026.6000,1030.5000,1030.5000,66743400.0
2022-01-19,1041.7200,995.6400,995.6400,75442500.0
2022-01-20,1009.7400,996.2700,996.2700,70488600.0
2022-01-21,996.3300,943.8900,943.8900,103416000.0
2022-01-24,904.7700,930.0000,930.0000,151565700.0
2022-01-25,914.1900,918.3900,918.3900,86595900.0
2022-01-26,952.4400,937.4100,937.4100,104867400.0
2022-01-27,933.3600,829.1100,829.1100,147109500.0
2022-01-28,831.5700,846.3600,846.3600,134789100.0
2022-01-31,872.7000,936.7200,936.7200,104436000.0
2022-02-01,935.2200,931.2600,931.2600,73138200.0
2022-02-02,928.1700,905.6700,905.6700,66792900.0
2022-02-03,882.0000,891.1500,891.1500,78855600.0
2022-02-04,897.2100,923.3100,923.3100,73625400.0
2022-02-07,923.7900,907.3500,907.3500,60994500.0
2022-02-08,905.5200,921.9900,921.9900,50729100.0
2022-02-09,935.0100,932.0100,932.0100,52259400.0
2022-02-10,908.3700,904.5600,904.5600,66126900.0
2022-02-11,909.6300,860.0100,860.0100,79645800.0
2022-02-14,861.5700,875.7600,875.7600,67756500.0
2022-02-15,900.0000,922.4400,922.4400,57286200.0
2022-02-16,914.0400,923.4000,923.4000,51294300.0
2022-02-17,913.2600,876.3600,876.3600,55178400.0
2022-02-18,885.9900,856.9800,856.9800,68501700.0
2022-02-22,834.1200,821.5200,821.5200,83288100.0
2022-02-23,830.4300,764.0400,764.0400,95256900.0
2022-02-24,700.3800,800.7600,800.7600,135322200.0
2022-02-25,809.2200,809.8800,809.8800,76067700.0
2022-02-28,815.0100,870.4200,870.4200,99006900.0
2022-03-01,869.6700,864.3600,864.3600,74766900.0
2022-03-02,872.1300,879.9000,879.9000,74643300.0
2022-03-03,878.7600,839.2800,839.2800,61623600.0
2022-03-04,849.0900,838.2900,838.2900,66999600.0
2022-03-07,856.2900,804.5700,804.5700,72494100.0
2022-03-08,795.5400,824.4000,824.4000,80399100.0
2022-03-09,839.4900,858.9600,858.9600,59184000.0
2022-03-10,851.4600,838.2900,838.2900,58648500.0
2022-03-11,840.2100,795.3600,795.3600,67037100.0
2022-03-14,780.6000,766.3800,766.3800,71152200.0
2022-03-15,775.2600,801.9000,801.9000,66841200.0
2022-03-16,809.0100,840.2400,840.2400,84028800.0
2022-03-17,831.0000,871.5900,871.5900,66582900.0
2022-03-18,874.5000,905.4000,905.4000,100414200.0
2022-03-21,914.9700,921.1500,921.1500,81981600.0
2022-03-22,930.0000,993.9900,993.9900,105868500.0
2022-03-23,979.9500,999.1200,999.1200,120676200.0
2022-03-24,1009.7400,1013.9100,1013.9100,68920800.0
2022-03-25,1008.0000,1010.6400,1010.6400,62031600.0
2022-03-28,1065.0900,1091.8500,1091.8500,102506100.0
2022-03-29,1107.9900,1099.5600,1099.5600,73614900.0
2022-03-30,1091.1600,1093.9800,1093.9800,59865000.0
2022-03-31,1094.5800,1077.6000,1077.6000,48992700.0
2022-04-01,1081.1400,1084.5900,1084.5900,54263100.0
2022-04-04,1089.3900,1145.4600,1145.4600,82035900.0
2022-04-05,1136.3100,1091.2500,1091.2500,80075100.0
2022-04-06,1073.4600,1045.7700,1045.7700,89348400.0
2022-04-07,1052.4000,1057.2600,1057.2600,79447200.0
2022-04-08,1043.2200,1025.4900,1025.4900,55013700.0
2022-04-11,980.4000,975.9300,975.9300,59357100.0
2022-04-12,997.6500,986.9400,986.9400,65976000.0
2022-04-13,981.0900,1022.3700,1022.3700,55121100.0
2022-04-14,999.3000,984.9900,984.9900,58422300.0
2022-04-18,989.0400,1004.2800,1004.2800,51715200.0
2022-04-19,1005.0600,1028.1600,1028.1600,49847700.0
2022-04-20,1029.9900,977.1900,977.1900,70711200.0
2022-04-21,1074.7200,1008.7800,1008.7800,105416400.0
2022-04-22,1014.9000,1005.0600,1005.0600,69696600.0
2022-04-25,978.9600,998.0100,998.0100,68341200.0
2022-04-26,995.4300,876.4200,876.4200,136133700.0
2022-04-27,898.5900,881.5200,881.5200,76956300.0
2022-04-28,899.9700,877.5000,877.5000,124948500.0
2022-04-29,902.2500,870.7500,870.7500,88133100.0
2022-05-02,860.7600,902.9400,902.9400,75781500.0
2022-05-03,903.1800,909.2400,909.2400,63709500.0
2022-05-04,903.9300,952.6200,952.6200,81643800.0
2022-05-05,939.0300,873.2700,873.2700,92519100.0
2022-05-06,887.0100,865.6500,865.6500,72903000.0
2022-05-09,836.4600,787.1100,787.1100,90810300.0
2022-05-10,819.3000,800.0400,800.0400,84401700.0
2022-05-11,795.0000,734.0100,734.0100,97224600.0
2022-05-12,701.0100,728.0100,728.0100,140313000.0
2022-05-13,773.4900,769.5900,769.5900,92150700.0
2022-05-16,767.1600,724.3800,724.3800,86098500.0
2022-05-17,747.3600,761.6100,761.6100,80236200.0
2022-05-18,744.5100,709.8000,709.8000,87811800.0
2022-05-19,707.0100,709.4100,709.4100,90296700.0
2022-05-20,714.0000,663.9000,663.9000,144973200.0
2022-05-23,655.0200,674.9100,674.9100,88903500.0
2022-05-24,653.5200,628.1700,628.1700,89092500.0
2022-05-25,623.8500,658.8000,658.8000,92139300.0
2022-05-26,661.4100,707.7300,707.7300,106003200.0
2022-05-27,723.2400,759.6300,759.6300,89295000.0
2022-05-31,773.8500,758.2500,758.2500,101914500.0
2022-06-01,755.1600,740.3700,740.3700,77247900.0
2022-06-02,732.4800,774.9900,774.9900,93473100.0
2022-06-03,729.6900,703.5600,703.5600,112393800.0
2022-06-06,733.0500,714.8400,714.8400,84204600.0
2022-06-07,702.0000,716.6700,716.6700,72808500.0
2022-06-08,720.2700,725.6100,725.6100,76210500.0
2022-06-09,748.0200,719.1300,719.1300,96491400.0
2022-06-10,705.4800,696.6900,696.6900,97536600.0
2022-06-13,669.5100,647.2200,647.2200,102767400.0
2022-06-14,654.8700,662.6700,662.6700,97988700.0
2022-06-15,662.7600,699.0000,699.0000,119131800.0
2022-06-16,668.2200,639.3000,639.3000,107390700.0
2022-06-17,640.2900,650.2800,650.2800,92641800.0
2022-06-21,673.8000,711.1200,711.1200,122793000.0
2022-06-22,703.5000,708.2700,708.2700,101107500.0
2022-06-23,713.7300,705.2100,705.2100,104202600.0
2022-06-24,712.4100,737.1300,737.1300,95770800.0
2022-06-27,748.1100,734.7600,734.7600,89178300.0
2022-06-28,733.4400,697.9800,697.9800,90391200.0
2022-06-29,691.5000,685.4700,685.4700,82897200.0
2022-06-30,673.5300,673.4100,673.4100,94600500.0
2022-07-01,681.0000,681.7800,681.7800,74460300.0
2022-07-05,669.0000,699.2100,699.2100,84581100.0
2022-07-06,692.3400,695.1900,695.1900,71853600.0
2022-07-07,701.7600,733.6200,733.6200,81930600.0
2022-07-08,726.9900,752.2800,752.2800,101854200.0
2022-07-11,756.3000,703.0200,703.0200,99241200.0
2022-07-12,710.5500,699.2100,699.2100,87930900.0
2022-07-13,676.5000,711.1200,711.1200,97954500.0
2022-07-14,704.7000,714.9300,714.9300,78557400.0
2022-07-15,720.0000,720.2100,720.2100,69683100.0
2022-07-18,734.8200,721.6500,721.6500,82537500.0
2022-07-19,735.0000,736.5900,736.5900,80890200.0
2022-07-20,740.3400,742.5000,742.5000,88864200.0
2022-07-21,765.3300,815.1300,815.1300,142032300.0
2022-07-22,828.6600,816.7200,816.7200,103472700.0
2022-07-25,816.6600,805.2900,805.2900,64073400.0
2022-07-26,799.5300,776.5800,776.5800,66820800.0
2022-07-27,791.4300,824.4600,824.4600,88110000.0
2022-07-28,840.2100,842.7000,842.7000,84723000.0
2022-07-29,842.1000,891.4500,891.4500,95313000.0
2022-08-01,903.8400,891.8400,891.8400,117042900.0
2022-08-02,882.0000,901.7700,901.7700,95577600.0
2022-08-03,915.0000,922.2000,922.2000,80091000.0
2022-08-04,933.0000,925.8900,925.8900,72256200.0
2022-08-05,908.0100,864.5100,864.5100,113172900.0
2022-08-08,885.0000,871.2600,871.2600,98994000.0
2022-08-09,870.8700,849.9900,849.9900,86244600.0
2022-08-10,891.2100,883.0800,883.0800,94918800.0
2022-08-11,889.5300,859.8900,859.8900,70155000.0
2022-08-12,868.2600,900.0900,900.0900,79657200.0
2022-08-15,905.3700,927.9600,927.9600,89359200.0
2022-08-16,935.0100,919.6800,919.6800,88136400.0
2022-08-17,910.2000,912.0000,912.0000,68766000.0
2022-08-18,918.0000,908.6100,908.6100,47500500.0
2022-08-19,897.0000,890.0100,890.0100,61395300.0
2022-08-22,875.7300,869.7300,869.7300,55843200.0
2022-08-23,874.3500,889.3500,889.3500,63984900.0
2022-08-24,892.6800,891.3000,891.3000,57259800.0
2022-08-25,302.36,296.07,296.07,53230000.0
2022-08-26,297.43,288.09,288.09,57163900.0
2022-08-29,282.83,284.82,284.82,41864700.0
2022-08-30,287.87,277.7,277.7,50541800.0
2022-08-31,280.62,275.61,275.61,52107300.0
2022-09-01,272.58,277.16,277.16,54287000.0
2022-09-02,281.07,270.21,270.21,50890100.0
2022-09-06,272.68,274.42,274.42,55860000.0
2022-09-07,273.1,283.7,283.7,50028900.0
2022-09-08,281.3,289.26,289.26,53713100.0
2022-09-09,291.67,299.68,299.68,54338100.0
2022-09-12,300.72,304.42,304.42,48674600.0
2022-09-13,292.9,292.13,292.13,68229600.0
2022-09-14,292.24,302.61,302.61,72628700.0
2022-09-15,301.83,303.75,303.75,64795500.0
2022-09-16,299.61,303.35,303.35,87087800.0
2022-09-19,300.09,309.07,309.07,60231200.0
2022-09-20,306.91,308.73,308.73,61642800.0
2022-09-21,308.29,300.8,300.8,62555700.0
2022-09-22,299.86,288.59,288.59,70545400.0
2022-09-23,283.09,275.33,275.33,63748400.0
2022-09-26,271.83,276.01,276.01,58076900.0
2022-09-27,283.84,282.94,282.94,61925200.0
2022-09-28,283.08,287.81,287.81,54664800.0
2022-09-29,282.76,268.21,268.21,77620600.0
2022-09-30,266.15,265.25,265.25,67726600.0
2022-10-03,254.5,242.4,242.4,98363500.0
2022-10-04,250.52,249.44,249.44,109578500.0
2022-10-05,245.01,240.81,240.81,86982700.0
2022-10-06,239.44,238.13,238.13,69298400.0
2022-10-07,233.94,223.07,223.07,83916800.0
2022-10-10,223.93,222.96,222.96,67925000.0
2022-10-11,220.95,216.5,216.5,77013200.0
2022-10-12,215.33,217.24,217.24,66860700.0
2022-10-13,208.3,221.72,221.72,91483000.0
2022-10-14,224.01,204.99,204.99,94124500.0
2022-10-17,210.04,219.35,219.35,79428800.0
2022-10-18,229.5,220.19,220.19,75891900.0
2022-10-19,219.8,222.04,222.04,66571500.0
2022-10-20,208.28,207.28,207.28,117798100.0
2022-10-21,206.42,214.44,214.44,75713800.0
2022-10-24,205.82,211.25,211.25,100446800.0
2022-10-25,210.1,222.42,222.42,96507900.0
2022-10-26,219.4,224.64,224.64,85012500.0
2022-10-27,229.77,225.09,225.09,61638800.0
2022-10-28,225.4,228.52,228.52,69152400.0
2022-10-31,226.19,227.54,227.54,61554300.0
2022-11-01,234.05,227.82,227.82,62688800.0
2022-11-02,226.04,214.98,214.98,63070300.0
2022-11-03,211.36,215.31,215.31,56538800.0
2022-11-04,222.6,207.47,207.47,98622200.0
2022-11-07,208.65,197.08,197.08,93916500.0
2022-11-08,194.02,191.3,191.3,128803400.0
2022-11-09,190.78,177.59,177.59,127062700.0
2022-11-10,189.9,190.72,190.72,132703000.0
2022-11-11,186.0,195.97,195.97,114403600.0
2022-11-14,192.77,190.95,190.95,92226600.0
2022-11-15,195.88,194.42,194.42,91293800.0
2022-11-16,191.51,186.92,186.92,66567600.0
2022-11-17,183.96,183.17,183.17,64336000.0
2022-11-18,185.05,180.19,180.19,76048900.0
2022-11-21,175.85,167.87,167.87,92882700.0
2022-11-22,168.63,169.91,169.91,78452300.0
2022-11-23,173.57,183.2,183.2,109536700.0
2022-11-25,185.06,182.86,182.86,50672700.0
2022-11-28,179.96,182.92,182.92,92905200.0
2022-11-29,184.99,180.83,180.83,83357100.0
2022-11-30,182.43,194.7,194.7,109186400.0
2022-12-01,197.08,194.7,194.7,80046200.0
2022-12-02,191.78,194.86,194.86,73645900.0
2022-12-05,189.44,182.45,182.45,93122700.0
2022-12-06,181.22,179.82,179.82,92150800.0
2022-12-07,175.03,174.04,174.04,84213300.0
2022-12-08,172.2,173.44,173.44,97624500.0
2022-12-09,173.84,179.05,179.05,104872300.0
2022-12-12,176.1,167.82,167.82,109794500.0
2022-12-13,174.87,160.95,160.95,175862700.0
2022-12-14,159.25,156.8,156.8,140682300.0
2022-12-15,153.44,157.67,157.67,122334500.0
2022-12-16,159.64,150.23,150.23,139032200.0
2022-12-19,154.0,149.87,149.87,139390600.0
2022-12-20,146.05,137.8,137.8,159563300.0
2022-12-21,139.34,137.57,137.57,145417400.0
2022-12-22,136.0,125.35,125.35,210090300.0
2022-12-23,126.37,123.15,123.15,166989700.0
2022-12-27,117.5,109.1,109.1,208643400.0
2022-12-28,110.35,112.71,112.71,221070500.0
2022-12-29,120.39,121.82,121.82,221923300.0
2022-12-30,119.95,123.18,123.18,157777300.0
2023-01-03,118.47,108.1,108.1,231402800.0
2023-01-04,109.11,113.64,113.64,180389000.0
2023-01-05,110.51,110.34,110.34,157986300.0
2023-01-06,103.0,113.06,113.06,220911100.0
2023-01-09,118.96,119.77,119.77,190284000.0
2023-01-10,121.07,118.85,118.85,167642500.0
2023-01-11,122.09,123.22,123.22,183810800.0
2023-01-12,122.56,123.56,123.56,169400900.0
2023-01-13,116.55,122.4,122.4,180714100.0
2023-01-17,125.7,131.49,131.49,186477000.0
2023-01-18,136.56,128.78,128.78,195680300.0
2023-01-19,127.26,127.17,127.17,170291900.0
2023-01-20,128.68,133.42,133.42,138858100.0
2023-01-23,135.87,143.75,143.75,203119200.0
2023-01-24,143.0,143.89,143.89,158699100.0
2023-01-25,141.91,144.43,144.43,192734300.0
2023-01-26,159.97,160.27,160.27,234815100.0
2023-01-27,162.43,177.9,177.9,306590600.0
2023-01-30,178.05,166.66,166.66,230878800.0
2023-01-31,164.57,173.22,173.22,196813500.0
2023-02-01,173.89,181.41,181.41,213806300.0
2023-02-02,187.33,188.27,188.27,217448300.0
2023-02-03,183.95,189.98,189.98,232662000.0
2023-02-06,193.01,194.76,194.76,186188100.0
2023-02-07,196.43,196.81,196.81,186010300.0
2023-02-08,196.1,201.29,201.29,180673600.0
2023-02-09,207.78,207.32,207.32,215431400.0
2023-02-10,202.23,196.89,196.89,204754100.0
2023-02-13,194.42,194.64,194.64,172475500.0
2023-02-14,191.94,209.25,209.25,216455700.0
2023-02-15,211.76,214.24,214.24,181006400.0
2023-02-16,210.78,202.04,202.04,229586500.0
2023-02-17,199.99,208.31,208.31,213738500.0
2023-02-21,204.99,197.37,197.37,180018600.0
2023-02-22,197.93,200.86,200.86,191828500.0
2023-02-23,203.91,202.07,202.07,146360000.0
2023-02-24,196.33,196.88,196.88,142228100.0
2023-02-27,202.03,207.63,207.63,161028300.0
2023-02-28,210.59,205.71,205.71,153144900.0
2023-03-01,206.21,202.77,202.77,156852800.0
2023-03-02,186.74,190.9,190.9,181500700.0
2023-03-03,194.8,197.79,197.79,154193300.0
2023-03-06,198.54,193.81,193.81,128100100.0
2023-03-07,191.38,187.71,187.71,148125800.0
2023-03-08,185.04,182.0,182.0,151897800.0
2023-03-09,180.25,172.92,172.92,170023800.0
2023-03-10,175.13,173.44,173.44,191488900.0
2023-03-13,167.46,174.48,174.48,167790300.0
2023-03-14,177.31,183.26,183.26,143717900.0
2023-03-15,180.8,180.45,180.45,145995600.0
2023-03-16,180.37,184.13,184.13,121136800.0
2023-03-17,184.52,180.13,180.13,133197100.0
2023-03-20,178.08,183.25,183.25,129684400.0
2023-03-21,188.28,197.58,197.58,153391400.0
2023-03-22,199.3,191.15,191.15,150376400.0
2023-03-23,195.26,192.22,192.22,144193900.0
2023-03-24,191.65,190.41,190.41,116312400.0
2023-03-27,194.42,191.81,191.81,120851600.0
2023-03-28,192.0,189.19,189.19,98654600.0
2023-03-29,193.13,193.88,193.88,123660000.0
2023-03-30,195.58,195.28,195.28,110252200.0
2023-03-31,197.53,207.46,207.46,170222100.0
2023-04-03,199.91,194.77,194.77,169545900.0
2023-04-04,197.32,192.58,192.58,126463800.0
2023-04-05,190.52,185.52,185.52,133882500.0
2023-04-06,183.08,185.06,185.06,123857900.0
2023-04-10,179.94,184.51,184.51,142154600.0
2023-04-11,186.69,186.79,186.79,115770900.0
2023-04-12,190.74,180.54,180.54,150256300.0
2023-04-13,182.96,185.9,185.9,112933000.0
2023-04-14,183.95,185.0,185.0,96438700.0
2023-04-17,186.32,187.04,187.04,116662200.0
2023-04-18,187.15,184.31,184.31,92067000.0
2023-04-19,179.1,180.59,180.59,125732700.0
2023-04-20,166.17,162.99,162.99,210970800.0
2023-04-21,164.8,165.08,165.08,123539000.0
2023-04-24,164.65,162.55,162.55,140006600.0
2023-04-25,159.82,160.67,160.67,121999300.0
2023-04-26,160.29,153.75,153.75,153364100.0
2023-04-27,152.64,160.19,160.19,127015200.0
2023-04-28,160.9,164.31,164.31,122515800.0
2023-05-01,163.17,161.83,161.83,109015000.0
2023-05-02,161.88,160.31,160.31,128259700.0
2023-05-03,160.01,160.61,160.61,119728000.0
2023-05-04,162.71,161.2,161.2,95108500.0
2023-05-05,163.97,170.06,170.06,107440900.0
2023-05-08,173.72,171.79,171.79,112249400.0
2023-05-09,168.95,169.15,169.15,88965000.0
2023-05-10,172.55,168.54,168.54,119840700.0
2023-05-11,168.7,172.08,172.08,103889900.0
2023-05-12,176.07,167.98,167.98,157577100.0
2023-05-15,167.66,166.35,166.35,105592500.0
2023-05-16,165.65,166.52,166.52,98288800.0
2023-05-17,168.41,173.86,173.86,125473600.0
2023-05-18,174.22,176.89,176.89,109520300.0
2023-05-19,177.17,180.14,180.14,136024200.0
2023-05-22,180.7,188.87,188.87,132001400.0
2023-05-23,186.2,185.77,185.77,156952100.0
2023-05-24,182.23,182.9,182.9,137605100.0
2023-05-25,186.54,184.47,184.47,96870700.0
2023-05-26,184.62,193.17,193.17,162061500.0
2023-05-30,200.1,201.16,201.16,128818700.0
2023-05-31,199.78,203.93,203.93,150711700.0
2023-06-01,202.59,207.52,207.52,148029900.0
2023-06-02,210.15,213.97,213.97,164129000.0
2023-06-05,217.8,217.61,217.61,151143100.0
2023-06-06,216.14,221.31,221.31,146911600.0
2023-06-07,228.0,224.57,224.57,185710800.0
2023-06-08,224.22,234.86,234.86,164489700.0
2023-06-09,249.07,244.4,244.4,199882300.0
2023-06-12,247.94,249.83,249.83,150337900.0
2023-06-13,253.51,258.71,258.71,162384300.0
2023-06-14,260.17,256.79,256.79,170575500.0
2023-06-15,248.4,255.9,255.9,160171200.0
2023-06-16,258.92,260.54,260.54,167563700.0
2023-06-20,261.5,274.45,274.45,165611200.0
2023-06-21,275.13,259.46,259.46,211797100.0
2023-06-22,250.77,264.61,264.61,166875900.0
2023-06-23,259.29,256.6,256.6,176584100.0
2023-06-26,250.07,241.05,241.05,179990600.0
2023-06-27,243.24,250.21,250.21,164968200.0
2023-06-28,249.7,256.24,256.24,159770800.0
2023-06-29,258.03,257.5,257.5,131283400.0
2023-06-30,260.6,261.77,261.77,112267600.0
2023-07-03,276.49,279.82,279.82,119685900.0
2023-07-05,278.82,282.48,282.48,131530900.0
2023-07-06,278.09,276.54,276.54,120332100.0
2023-07-07,278.43,274.43,274.43,113602000.0
2023-07-10,276.47,269.61,269.61,119425400.0
2023-07-11,268.65,269.79,269.79,91972400.0
2023-07-12,276.33,271.99,271.99,95672100.0
2023-07-13,274.59,277.9,277.9,112681500.0
2023-07-14,277.01,281.38,281.38,119771100.0
2023-07-17,286.63,290.38,290.38,131569600.0
2023-07-18,290.15,293.34,293.34,112434700.0
2023-07-19,296.04,291.26,291.26,142355400.0
2023-07-20,279.56,262.9,262.9,175158300.0
2023-07-21,268.0,260.02,260.02,161050100.0
2023-07-24,255.85,269.06,269.06,136508500.0
2023-07-25,272.38,265.28,265.28,112757300.0
2023-07-26,263.25,264.35,264.35,95856200.0
2023-07-27,268.31,255.71,255.71,103697300.0
2023-07-28,259.86,266.44,266.44,111446000.0
2023-07-31,267.48,267.43,267.43,84582200.0
2023-08-01,266.26,261.07,261.07,83166000.0
2023-08-02,255.57,254.11,254.11,101752900.0
2023-08-03,252.04,259.32,259.32,97569100.0
2023-08-04,260.97,253.86,253.86,99242600.0
2023-08-07,251.45,251.45,251.45,111097900.0
2023-08-08,247.45,249.7,249.7,96642200.0
2023-08-09,250.87,242.19,242.19,101596300.0
2023-08-10,245.4,245.34,245.34,109498600.0
2023-08-11,241.77,242.65,242.65,98866600.0
2023-08-14,235.7,239.76,239.76,98595300.0
2023-08-15,238.73,232.96,232.96,88197600.0
2023-08-16,228.02,225.6,225.6,112484500.0
2023-08-17,226.06,219.22,219.22,120718400.0
2023-08-18,214.12,215.49,215.49,135813700.0
2023-08-21,221.55,231.28,231.28,135702700.0
2023-08-22,240.25,233.19,233.19,130597900.0
2023-08-23,229.34,236.86,236.86,101077600.0
2023-08-24,238.66,230.04,230.04,99777400.0
2023-08-25,231.31,238.59,238.59,106612200.0
2023-08-28,242.58,238.82,238.82,107673700.0
2023-08-29,238.58,257.18,257.18,134047600.0
2023-08-30,254.2,256.9,256.9,121988400.0
2023-08-31,255.98,258.08,258.08,108861700.0
2023-09-01,257.26,245.01,245.01,132272500.0
2023-09-05,245.0,256.49,256.49,129469600.0
2023-09-06,255.14,251.92,251.92,116959800.0
2023-09-07,245.07,251.49,251.49,115312900.0
2023-09-08,251.22,248.5,248.5,118367700.0
2023-09-11,264.27,273.58,273.58,174667900.0
2023-09-12,270.76,267.48,267.48,135999900.0
2023-09-13,270.07,271.3,271.3,111673700.0
2023-09-14,271.32,276.04,276.04,107709800.0
2023-09-15,277.55,274.39,274.39,133422800.0
2023-09-18,271.16,265.28,265.28,101543300.0
2023-09-19,264.35,266.5,266.5,103704000.0
2023-09-20,267.04,262.59,262.59,122514600.0
2023-09-21,257.85,255.7,255.7,119531000.0
2023-09-22,257.4,244.88,244.88,127524100.0
2023-09-25,243.38,246.99,246.99,104636600.0
2023-09-26,242.98,244.12,244.12,101993600.0
2023-09-27,244.26,240.5,240.5,136597200.0
2023-09-28,240.02,246.38,246.38,117058900.0
2023-09-29,250.0,250.22,250.22,128346200.0
2023-10-02,244.81,251.6,251.6,123810400.0
2023-10-03,248.61,246.53,246.53,101985300.0
2023-10-04,248.14,261.16,261.16,129721600.0
2023-10-05,260.0,260.05,260.05,119159200.0
2023-10-06,253.98,260.53,260.53,117947000.0
2023-10-09,255.31,259.67,259.67,101377900.0
2023-10-10,257.75,263.62,263.62,122656000.0
2023-10-11,266.2,262.99,262.99,103706300.0
2023-10-12,262.92,258.87,258.87,111508100.0
2023-10-13,258.9,251.12,251.12,102073800.0
2023-10-16,250.05,253.92,253.92,88917200.0
2023-10-17,250.1,254.85,254.85,93562900.0
2023-10-18,252.7,242.68,242.68,125147800.0
2023-10-19,225.95,220.11,220.11,170772700.0
2023-10-20,217.01,211.99,211.99,137734000.0
2023-10-23,210.0,212.08,212.08,150683400.0
2023-10-24,216.5,216.52,216.52,118231100.0
2023-10-25,215.88,212.42,212.42,107065100.0
2023-10-26,211.32,205.76,205.76,115112600.0
2023-10-27,210.6,207.3,207.3,94881200.0
2023-10-30,209.28,197.36,197.36,136448200.0
2023-10-31,196.12,200.84,200.84,118068300.0
2023-11-01,204.04,205.66,205.66,121661700.0
2023-11-02,212.97,218.51,218.51,125987600.0
2023-11-03,221.15,219.96,219.96,119281000.0
2023-11-06,223.98,219.27,219.27,117335800.0
2023-11-07,219.98,222.18,222.18,116900100.0
2023-11-08,223.15,222.11,222.11,106584800.0
2023-11-09,219.75,209.98,209.98,142110500.0
2023-11-10,210.03,214.65,214.65,130994000.0
2023-11-13,215.6,223.71,223.71,140447600.0
2023-11-14,235.03,237.41,237.41,149771600.0
2023-11-15,239.29,242.84,242.84,150354000.0
2023-11-16,239.49,233.59,233.59,136816800.0
2023-11-17,232.0,234.3,234.3,142532800.0
2023-11-20,234.04,235.6,235.6,116320100.0
2023-11-21,235.04,241.2,241.2,122288000.0
2023-11-22,242.04,234.21,234.21,117950600.0
2023-11-24,233.75,235.45,235.45,65125200.0
2023-11-27,236.89,236.08,236.08,112031800.0
2023-11-28,236.68,246.72,246.72,148549900.0
2023-11-29,249.21,244.14,244.14,135401300.0
2023-11-30,245.14,240.08,240.08,132353200.0
2023-12-01,233.14,238.83,238.83,121173500.0
2023-12-04,235.75,235.58,235.58,104099800.0
2023-12-05,233.87,238.72,238.72,137971100.0
2023-12-06,242.92,239.37,239.37,126436200.0
2023-12-07,241.55,242.64,242.64,107142300.0
2023-12-08,240.27,243.84,243.84,102980100.0
2023-12-11,242.74,239.74,239.74,97913900.0
2023-12-12,238.55,237.01,237.01,95328300.0
2023-12-13,234.19,239.29,239.29,145825100.0
2023-12-14,241.22,251.05,251.05,160829200.0
2023-12-15,251.21,253.5,253.5,135720800.0
2023-12-18,253.78,252.08,252.08,116416500.0
2023-12-19,253.48,257.22,257.22,106538600.0
2023-12-20,256.41,255.44,255.44,60099297.0
2023-12-21,251.9,254.5,254.5,109344200.0
2023-12-22,256.76,252.54,252.54,92970913.0
2023-12-26,254.49,257.45,257.45,63866878.0
2023-12-27,258.35,261.44,261.44,106171300.0
2023-12-28,263.66,253.82,253.82,99071959.0
2023-12-29,255.1,248.98,248.98,35089648.0
2024-01-02,250.08,248.42,248.42,104437200.0
2024-01-03,244.98,238.45,238.45,120453058.0
2024-01-04,239.25,237.93,237.93,102150282.0
2024-01-05,236.86,237.49,237.49,92379400.0
2024-01-08,236.14,240.45,240.45,85166600.0
2024-01-09,238.11,234.96,234.96,96705700.0
2024-01-10,235.1,233.94,233.94,91628500.0
2024-01-11,230.57,227.22,227.22,105398000.0
2024-01-12,220.08,218.89,218.89,122889000.0
2024-01-16,215.1,219.91,219.91,115064708.0
2024-01-17,214.86,215.55,215.55,102874100.0
2024-01-18,216.88,211.88,211.88,108262900.0
2024-01-19,209.99,208.92,208.92,58036470.0
2024-01-22,212.26,208.8,208.8,117726800.0
2024-01-23,211.3,211.76,211.76,32024910.0
2024-01-24,211.88,209.11,209.11,16639271.0
2024-01-25,189.7,182.63,182.63,197423000.0
2024-01-26,185.5,183.25,183.25,107063400.0
2024-01-29,185.63,187.81,187.81,37442982.0
2024-01-30,195.33,191.59,191.59,108989800.0
2024-01-31,186.99,190.62,190.62,45036300.0
2024-02-01,188.5,185.22,185.22,44026134.0
2024-02-02,185.04,182.92,182.92,45234255.0
2024-02-05,184.26,181.06,181.06,134001100.0
2024-02-06,177.21,185.1,185.1,122430000.0
2024-02-07,188.18,187.58,187.58,111369800.0
2024-02-08,189.0,190.88,190.88,40295509.0
2024-02-09,190.18,190.77,190.77,46289011.0
2024-02-12,192.11,188.13,188.13,95498600.0
2024-02-13,183.99,184.02,184.02,86367448.0
2024-02-14,185.3,188.71,188.71,80917600.0
2024-02-15,185.3,195.15,195.15,55445459.0
2024-02-16,189.16,199.58,199.58,39482462.0
2024-02-20,196.13,193.76,193.76,104332300.0
2024-02-21,193.36,194.77,194.77,103500300.0
2024-02-22,194.0,197.41,197.41,92538200.0
2024-02-23,195.31,191.97,191.97,78670300.0
2024-02-26,192.29,199.4,199.4,111296200.0
2024-02-27,204.04,199.73,199.73,108521300.0
2024-02-28,200.42,202.04,202.04,98769230.0
2024-02-29,204.18,201.88,201.88,85716500.0
2024-03-01,200.52,202.64,202.64,82099200.0
2024-03-04,200.52,197.45,197.45,5335475.0
2024-03-05,183.05,180.74,180.74,119449900.0
2024-03-06,179.99,176.54,176.54,107436900.0
2024-03-07,174.35,178.65,178.65,101961700.0
2024-03-08,181.5,175.34,175.34,85315300.0
2024-03-11,175.45,178.09,178.09,45527834.0
2024-03-12,177.77,177.54,177.54,87221700.0
2024-03-13,173.05,169.48,169.48,106004300.0
2024-03-14,167.77,166.73,166.73,35857027.0
2024-03-15,163.16,163.57,163.57,96971900.0
2024-03-18,170.16,169.8,169.8,29185281.0
2024-03-19,172.23,169.82,169.82,31039872.0
2024-03-20,173.0,175.66,175.66,83189500.0
2024-03-21,176.39,172.82,172.82,73018500.0
2024-03-22,166.69,170.83,170.83,75454700.0
2024-03-25,168.76,172.63,172.63,73986200.0
2024-03-26,178.58,177.67,177.67,112970000.0
2024-03-27,181.32,179.83,179.83,80867510.0
2024-03-28,177.45,175.79,175.79,77386300.0
2024-04-01,176.17,175.22,175.22,81330700.0
2024-04-02,164.75,166.63,166.63,116423200.0
2024-04-03,164.02,168.38,168.38,82578000.0
2024-04-04,170.0,171.11,171.11,121875403.0
2024-04-05,169.08,164.9,164.9,141250700.0
2024-04-08,169.29,171.15,171.15,12099866.0
2024-04-09,172.98,177.3,177.3,23807600.0
2024-04-10,173.07,172.04,172.04,40658494.0
2024-04-11,172.55,174.6,174.6,94367800.0
2024-04-12,172.34,171.05,171.05,64506600.0
2024-04-15,170.25,166.1,166.1,47638984.0
2024-04-16,156.74,154.73,154.73,28046694.0
2024-04-17,157.64,155.45,155.45,82253100.0
2024-04-18,151.25,149.93,149.93,95515700.0
2024-04-19,148.94,149.45,149.45,22169184.0
2024-04-22,140.6,141.71,141.71,72641455.0
2024-04-23,143.21,145.43,145.43,75477520.0
2024-04-24,163.02,162.13,162.13,180368998.0
2024-04-25,158.96,164.24,164.24,73405652.0
2024-04-26,168.85,168.29,168.29,108896700.0
2024-04-29,188.49,186.85,186.85,80453554.0
2024-04-30,186.96,183.35,183.35,64869004.0
2024-05-01,182.0,179.99,179.99,92829700.0
2024-05-02,182.86,180.01,180.01,89148000.0
2024-05-03,182.01,181.19,181.19,75185712.0
2024-05-06,183.8,184.76,184.76,84222000.0
2024-05-07,182.4,177.81,177.81,75045900.0
2024-05-08,171.59,174.72,174.72,79830300.0
2024-05-09,175.0,173.68,173.68,7367502.0
2024-05-10,173.05,168.47,168.47,72350200.0
2024-05-13,170.0,171.89,171.89,66668000.0
2024-05-14,174.5,177.55,177.55,86231200.0
2024-05-15,179.9,173.99,173.99,79663000.0
2024-05-16,174.1,174.84,174.84,59812200.0
2024-05-17,173.55,177.46,177.46,76627600.0
2024-05-20,177.56,174.94,174.94,19854356.0
2024-05-21,175.49,179.16,179.16,13129759.0
2024-05-22,182.8,180.11,180.11,85729287.0
2024-05-23,181.87,179.71,179.71,4139439.0
2024-05-24,174.84,179.24,179.24,65479700.0
2024-05-28,176.4,176.75,176.75,59649400.0
2024-05-29,174.12,177.09,177.09,4648174.0
2024-05-30,178.6,178.86,178.86,6818073.0
2024-05-31,178.42,178.08,178.08,67110156.0
2024-06-03,178.13,176.29,176.29,68463700.0
2024-06-04,174.77,176.4,176.4,10612428.0
2024-06-05,175.35,175.0,175.0,57953800.0
2024-06-06,174.6,177.94,177.94,69578400.0
2024-06-07,176.15,178.52,178.52,30398731.0
2024-06-10,176.06,173.79,173.79,50774600.0
2024-06-11,173.92,170.66,170.66,64354619.0
2024-06-12,171.12,177.29,177.29,89884800.0
2024-06-13,188.43,187.98,187.98,40676877.0
2024-06-14,185.76,178.01,178.01,81297663.0
2024-06-17,177.92,187.44,187.44,109786100.0
2024-06-18,186.56,184.86,184.86,68853400.0
2024-06-20,184.68,181.57,181.57,55893100.0
2024-06-21,182.3,183.01,183.01,61937300.0
2024-06-24,184.97,182.58,182.58,61204300.0
2024-06-25,184.2,183.24,183.24,6313696.0
2024-06-26,186.54,196.37,196.37,95737100.0
2024-06-27,195.17,197.42,197.42,72616000.0
2024-06-28,199.55,197.88,197.88,95302700.0
2024-07-01,201.02,209.86,209.86,135691400.0
2024-07-02,218.89,231.26,231.26,204211200.0
2024-07-03,234.56,246.39,246.39,166561500.0
2024-07-05,249.81,251.52,251.52,154170000.0
2024-07-08,247.7,249.65,249.65,108675989.0
2024-07-09,251.0,262.33,262.33,160210900.0
2024-07-10,262.8,263.26,263.26,128209700.0
2024-07-11,263.3,241.03,241.03,221707300.0
2024-07-12,235.73,248.23,248.23,155178091.0
2024-07-15,255.96,252.64,252.64,142831728.0
2024-07-16,255.31,256.56,256.56,126332500.0
2024-07-17,252.73,248.5,248.5,115356000.0
2024-07-18,251.09,249.23,249.23,110869000.0
2024-07-19,247.79,239.2,239.2,87144100.0
2024-07-22,244.21,251.51,251.51,101225400.0
2024-07-23,253.6,246.38,246.38,111928200.0
2024-07-24,225.42,215.99,215.99,167942900.0
2024-07-25,216.8,220.25,220.25,100389800.0
2024-07-26,221.19,219.8,219.8,94483000.0
2024-07-29,224.9,232.1,232.1,128854400.0
2024-07-30,232.25,222.62,222.62,100560300.0
2024-07-31,227.9,232.07,232.07,67337000.0
2024-08-01,227.69,216.86,216.86,83613400.0
2024-08-02,214.88,207.67,207.67,82552200.0
2024-08-05,185.22,198.88,198.88,100308800.0
2024-08-06,200.75,200.64,200.64,73353900.0
2024-08-07,200.77,191.76,191.76,70761400.0
2024-08-08,195.7,194.48,194.48,12538172.0
2024-08-09,197.05,200.0,200.0,58548800.0
2024-08-12,199.02,197.49,197.49,64044900.0
2024-08-13,198.47,207.83,207.83,76247400.0
2024-08-14,207.39,201.38,201.38,70129100.0
2024-08-15,205.02,214.14,214.14,89848500.0
2024-08-16,211.15,216.12,216.12,88765100.0
2024-08-19,217.07,222.72,222.72,76435200.0
2024-08-20,224.88,221.1,221.1,74001200.0
2024-08-21,222.65,223.27,223.27,69799405.0
2024-08-22,223.82,210.66,210.66,79514500.0
2024-08-23,214.46,220.32,220.32,81376300.0
2024-08-26,218.68,213.21,213.21,58984295.0
2024-08-27,213.22,209.21,209.21,62490687.0
2024-08-28,209.72,205.75,205.75,63851100.0
2024-08-29,209.8,206.28,206.28,62199600.0
2024-08-30,208.63,214.11,214.11,63246000.0
2024-09-03,215.26,210.6,210.6,76500900.0
2024-09-04,210.59,219.41,219.41,80651800.0
2024-09-05,223.49,230.17,230.17,118648447.0
2024-09-06,232.64,210.73,210.73,110253793.0
2024-09-09,216.1,216.27,216.27,66903859.0
2024-09-10,220.07,226.17,226.17,78891100.0
2024-09-11,224.55,228.13,228.13,83548600.0
2024-09-12,224.66,229.81,229.81,72020000.0
2024-09-13,228.0,230.29,230.29,59383300.0
2024-09-16,229.3,226.78,226.78,54323000.0
2024-09-17,229.45,227.87,227.87,66761600.0
2024-09-18,230.09,227.2,227.2,78010200.0
2024-09-19,234.0,243.92,243.92,102694600.0
2024-09-20,241.52,238.25,238.25,98965572.0
2024-09-23,242.61,250.0,250.0,86927200.0
2024-09-24,254.08,254.27,254.27,88305900.0
2024-09-25,252.54,257.02,257.02,65034300.0
2024-09-26,260.6,254.22,254.22,66972600.0
2024-09-27,257.38,260.46,260.46,70729000.0
2024-09-30,259.0,261.63,261.63,79776578.0
2024-10-01,262.67,258.02,258.02,87093400.0
2024-10-02,247.55,249.02,249.02,93983900.0
2024-10-03,244.48,240.66,240.66,80729200.0
2024-10-04,246.69,250.08,250.08,86573200.0
2024-10-07,249.0,240.83,240.83,68113300.0
2024-10-08,243.56,244.5,244.5,56303200.0
2024-10-09,243.82,241.05,241.05,66017900.0
2024-10-10,241.81,238.77,238.77,83087100.0
2024-10-11,220.13,217.8,217.8,142628900.0
2024-10-14,220.13,219.16,219.16,86291900.0
2024-10-15,220.01,219.57,219.57,62988800.0
2024-10-16,221.4,221.33,221.33,49632800.0
2024-10-17,221.59,220.89,220.89,50700500.0
2024-10-18,220.72,221.96,221.96,22635539.0
2024-10-21,218.9,218.85,218.85,47329000.0
2024-10-22,217.31,217.97,217.97,43268700.0
2024-10-23,217.13,213.65,213.65,77867400.0
2024-10-24,244.68,260.48,260.48,204491900.0
2024-10-25,256.01,269.19,269.19,161061400.0
2024-10-28,270.0,262.51,262.51,107093500.0
2024-10-29,264.51,259.52,259.52,80521800.0
2024-10-30,258.04,257.55,257.55,53993600.0
2024-10-31,257.99,249.85,249.85,66575300.0
2024-11-01,252.04,248.98,248.98,57424000.0
2024-11-04,244.56,242.84,242.84,68802400.0
2024-11-05,247.34,251.44,251.44,66787000.0
2024-11-06,284.67,288.53,288.53,165228700.0
2024-11-07,288.89,296.91,296.91,117309200.0
2024-11-08,299.14,321.22,321.22,203590100.0
2024-11-11,346.3,350.0,350.0,208785500.0
2024-11-12,342.74,328.49,328.49,155726000.0
2024-11-13,335.92,330.24,330.24,124381385.0
2024-11-14,327.69,311.18,311.18,119921600.0
2024-11-15,310.57,320.72,320.72,114128900.0
2024-11-18,340.73,338.74,338.74,126547500.0
2024-11-19,335.76,346.0,346.0,88852500.0
2024-11-20,345.0,342.03,342.03,66340700.0
2024-11-21,343.81,339.64,339.64,58011700.0
2024-11-22,341.09,352.56,352.56,89140700.0
2024-11-25,360.14,338.59,338.59,95890900.0
2024-11-26,341.0,338.23,338.23,62295900.0
2024-11-27,341.8,332.89,332.89,57896400.0
2024-11-29,336.08,345.16,345.16,37167600.0
2024-12-02,352.38,357.09,357.09,77986500.0
2024-12-03,351.8,351.42,351.42,58267200.0
2024-12-04,353.0,357.93,357.93,50810900.0
2024-12-05,359.87,369.49,369.49,80364227.0
2024-12-06,377.42,389.22,389.22,80548300.0
2024-12-09,397.61,389.79,389.79,96359200.0
2024-12-10,392.68,400.99,400.99,97563600.0
2024-12-11,409.7,424.77,424.77,104287600.0
2024-12-12,424.84,418.1,418.1,87752200.0
2024-12-13,420.0,436.23,436.23,88514300.0
2024-12-16,441.09,463.02,463.02,112527000.0
2024-12-17,475.9,479.86,479.86,131223000.0
2024-12-18,466.5,440.13,440.13,149340800.0
2024-12-19,451.88,436.17,436.17,118566100.0
2024-12-20,425.51,421.06,421.06,131374800.0
2024-12-23,431.0,430.6,430.6,72698100.0
2024-12-24,435.9,462.28,462.28,59551800.0
2024-12-26,465.15,454.13,454.13,75867190.0
2024-12-27,449.52,431.66,431.66,82330900.0
2024-12-30,419.4,417.41,417.41,64403000.0
2024-12-31,423.79,403.84,403.84,76433000.0
2025-01-02,390.1,379.28,379.28,109051800.0
2025-01-03,381.65,410.44,410.44,93808487.0
2025-01-06,423.2,411.05,411.05,85516500.0
2025-01-07,405.83,394.36,394.36,75699500.0
2025-01-08,392.95,394.94,394.94,73038800.0
2025-01-10,391.4,394.74,394.74,62127500.0
2025-01-13,383.21,403.31,403.31,67580500.0
2025-01-14,414.34,396.36,396.36,84084000.0
2025-01-15,409.86,428.22,428.22,79438733.0
2025-01-16,423.49,413.82,413.82,67994900.0
2025-01-17,421.72,433.4,433.4,41993767.0
2025-01-21,432.64,424.07,424.07,87320900.0
2025-01-22,416.81,415.11,415.11,60633000.0
2025-01-23,416.06,412.38,412.38,50690600.0
2025-01-24,414.45,406.58,406.58,56140900.0
2025-01-27,394.8,397.15,397.15,58125500.0
2025-01-28,396.91,398.09,398.09,48732200.0
2025-01-29,395.19,395.82,395.82,2965247.0
2025-01-30,410.78,400.28,400.28,98092900.0
2025-01-31,401.52,404.6,404.6,83089760.0
2025-02-03,386.69,383.68,383.68,92485863.0
2025-02-04,383.0,392.21,392.21,56316149.0
2025-02-05,387.51,378.17,378.17,57223300.0
2025-02-06,373.11,374.32,374.32,77152311.0
2025-02-07,370.19,361.62,361.62,69494500.0
2025-02-10,356.21,350.73,350.73,76860600.0
2025-02-11,345.83,333.57,333.57,55641323.0
2025-02-12,329.98,336.51,336.51,103935563.0
2025-02-13,345.04,346.77,346.77,16001680.0
2025-02-14,360.62,355.84,355.84,68054700.0
2025-02-18,355.01,354.11,354.11,51631700.0
2025-02-19,354.0,360.56,360.56,67094400.0
2025-02-20,361.51,354.4,354.4,45965400.0
2025-02-21,353.44,337.8,337.8,74058600.0
2025-02-24,338.14,330.53,330.53,76052300.0
2025-02-25,327.02,302.8,302.8,134228800.0
2025-02-26,303.71,290.8,290.8,100118300.0
2025-02-27,291.16,281.95,281.95,101748200.0
2025-02-28,279.5,292.98,292.98,115697000.0
2025-03-03,300.34,284.65,284.65,115551400.0
2025-03-04,270.93,272.04,272.04,126706600.0
2025-03-05,272.92,279.1,279.1,94042900.0
2025-03-06,272.06,263.45,263.45,98451600.0
2025-03-07,259.32,262.67,262.67,102369600.0
2025-03-10,252.54,222.15,222.15,189076900.0
2025-03-11,225.31,230.58,230.58,174896400.0
2025-03-12,247.22,248.09,248.09,142215700.0
2025-03-13,248.13,240.68,240.68,114813500.0
2025-03-14,247.31,249.98,249.98,100242300.0
2025-03-17,245.06,238.01,238.01,111900600.0
2025-03-18,228.16,225.31,225.31,111477600.0
2025-03-19,231.61,235.86,235.86,111993800.0
2025-03-20,233.35,236.26,236.26,99028300.0
2025-03-21,234.99,248.71,248.71,132728700.0
2025-03-24,258.08,278.39,278.39,169079900.0
2025-03-25,283.6,288.14,288.14,150361500.0
2025-03-26,282.66,272.06,272.06,153629800.0
2025-03-27,272.48,273.13,273.13,162572100.0
2025-03-28,275.58,263.55,263.55,123809400.0
2025-03-31,249.31,259.16,259.16,134008900.0
2025-04-01,263.8,268.46,268.46,146486900.0
2025-04-02,254.6,282.76,282.76,212787800.0
2025-04-03,265.29,267.28,267.28,136174300.0
2025-04-04,255.38,239.43,239.43,181229400.0
2025-04-07,223.78,233.29,233.29,183453800.0
2025-04-08,245.0,221.86,221.86,171603500.0
2025-04-09,224.69,272.2,272.2,219433400.0
2025-04-10,260.0,252.4,252.4,181722600.0
2025-04-11,251.84,252.31,252.31,128948100.0
2025-04-14,258.36,252.35,252.35,100135200.0
2025-04-15,249.91,254.11,254.11,79594300.0
2025-04-16,247.61,241.55,241.55,112378700.0
2025-04-17,243.47,241.37,241.37,83404800.0
2025-04-21,230.26,227.5,227.5,97768000.0
2025-04-22,230.96,237.97,237.97,120858500.0
2025-04-23,254.86,250.74,250.74,150381900.0
2025-04-24,250.5,259.51,259.51,94464200.0
2025-04-25,261.69,284.95,284.95,167059300.0
2025-04-28,288.98,285.88,285.88,150957200.0
2025-04-29,285.48,286.45,286.45,85260760.0
2025-04-30,279.9,282.16,282.16,128961100.0
2025-05-01,280.01,280.52,280.52,99659000.0
2025-05-02,284.9,287.21,287.21,114454700.0
2025-05-05,284.57,280.26,280.26,94618900.0
2025-05-06,273.11,275.35,275.35,76715800.0
2025-05-07,276.88,276.22,276.22,71592600.0
2025-05-08,279.63,284.82,284.82,97539400.0
2025-05-09,290.21,298.26,298.26,132387800.0
2025-05-12,321.99,318.38,318.38,112826700.0
2025-05-13,320.0,334.07,334.07,136992600.0
2025-05-14,342.5,347.68,347.68,136997300.0
2025-05-15,340.34,342.82,342.82,97882600.0
2025-05-16,346.24,349.98,349.98,93811800.0
2025-05-19,336.34,342.09,342.09,88178277.0
2025-05-20,347.87,343.82,343.82,131715500.0
2025-05-21,344.43,334.62,334.62,100061288.0
2025-05-22,331.9,341.04,341.04,97113400.0
2025-05-23,337.92,339.34,339.34,84654800.0
2025-05-27,347.35,362.89,362.89,120146400.0
2025-05-28,364.84,356.9,356.9,91404300.0
2025-05-29,365.29,358.43,358.43,88545700.0
2025-05-30,355.52,346.46,346.46,123474900.0
2025-06-02,343.5,342.69,342.69,81873800.0
2025-06-03,346.6,344.27,344.27,99324500.0
2025-06-04,345.1,332.05,332.05,97421127.0
2025-06-05,322.49,284.7,284.7,287499800.0
2025-06-06,298.83,295.14,295.14,164747700.0
2025-06-09,285.96,308.58,308.58,140908900.0
2025-06-10,314.94,326.09,326.09,151256500.0
2025-06-11,334.4,326.43,326.43,122611400.0
2025-06-12,323.08,319.11,319.11,105127500.0
2025-06-13,313.97,325.31,325.31,128495300.0
2025-06-16,331.29,329.13,329.13,83925900.0
2025-06-17,326.09,316.35,316.35,88282700.0
2025-06-18,317.31,322.05,322.05,95137700.0
2025-06-20,327.81,324.01,324.01,18692848.0
2025-06-23,327.54,348.68,348.68,190716800.0
2025-06-24,356.17,340.47,340.47,114736200.0
2025-06-25,342.7,327.55,327.55,119845100.0
2025-06-26,324.61,325.78,325.78,80440900.0
2025-06-27,324.51,323.63,323.63,88826400.0
2025-06-30,319.9,317.66,317.66,76695100.0
2025-07-01,298.46,300.71,300.71,145085700.0
2025-07-02,312.63,315.65,315.65,119483700.0
2025-07-03,317.99,315.35,315.35,58042300.0
2025-07-07,291.37,293.94,293.94,130514200.0
2025-07-08,296.88,302.06,302.06,45821975.0
2025-07-09,297.55,295.88,295.88,75586800.0
2025-07-10,300.05,309.87,309.87,104365300.0
2025-07-11,307.89,313.51,313.51,78921900.0
2025-07-14,317.73,316.9,316.9,78043400.0
2025-07-15,319.68,310.78,310.78,77099800.0
2025-07-16,312.8,315.0,315.0,4671321.0
2025-07-17,323.11,321.85,321.85,11712219.0
2025-07-18,321.66,329.65,329.65,94255000.0
2025-07-21,334.4,328.49,328.49,75768800.0
2025-07-22,329.74,332.11,332.11,77370400.0
2025-07-23,330.9,332.56,332.56,92553800.0
2025-07-24,310.0,305.3,305.3,156966000.0
2025-07-25,308.74,316.06,316.06,148227000.0
2025-07-28,318.45,325.59,325.59,112673800.0
2025-07-29,325.55,321.2,321.2,87358900.0
2025-07-30,322.18,319.04,319.04,83931900.0
2025-07-31,319.61,308.27,308.27,85270900.0
2025-08-01,306.21,302.63,302.63,89121400.0
2025-08-04,309.08,309.26,309.26,78683900.0
2025-08-05,308.95,308.72,308.72,57961300.0
2025-08-06,307.89,319.91,319.91,78523600.0
2025-08-07,319.79,322.27,322.27,66658700.0
2025-08-08,321.43,329.65,329.65,91200300.0
2025-08-11,335.0,339.03,339.03,105320200.0
2025-08-12,345.0,340.84,340.84,80522100.0
2025-08-13,341.5,339.38,339.38,67838900.0
2025-08-14,335.76,335.58,335.58,75000700.0
2025-08-15,337.66,330.56,330.56,74319800.0
2025-08-18,329.62,335.16,335.16,56956600.0
2025-08-19,335.79,329.31,329.31,75956000.0
2025-08-20,329.22,323.9,323.9,77481800.0
2025-08-21,322.08,320.11,320.11,55744400.0
2025-08-22,321.66,340.01,340.01,94016300.0
2025-08-25,338.9,346.6,346.6,86670000.0
2025-08-26,344.93,351.67,351.67,76343600.0
2025-08-27,351.94,351.36,351.36,9196010.0
2025-08-28,350.91,345.98,345.98,67903200.0
2025-08-29,347.23,333.87,333.87,81145700.0
2025-09-02,328.23,329.36,329.36,58392000.0
2025-09-03,335.2,334.09,334.09,88733300.0
2025-09-04,336.15,338.53,338.53,60711000.0
2025-09-05,348.0,350.84,350.84,108989800.0
2025-09-08,354.64,346.4,346.4,75208300.0
2025-09-09,348.44,346.97,346.97,53816000.0
2025-09-10,350.55,347.79,347.79,72121700.0
2025-09-11,350.17,368.81,368.81,103756000.0
2025-09-12,370.94,395.94,395.94,168156400.0
2025-09-15,423.13,410.04,410.04,163823700.0
2025-09-16,414.5,421.62,421.62,104285700.0
2025-09-17,415.75,425.86,425.86,106133500.0
2025-09-18,428.87,416.85,416.85,90454500.0
2025-09-19,421.82,426.07,426.07,92847900.0
2025-09-22,431.11,434.21,434.21,96600900.0
2025-09-23,440.02,426.98,426.98,65141673.0
2025-09-24,429.83,442.79,442.79,93133600.0
2025-09-25,435.24,423.39,423.39,96746400.0
2025-09-26,428.3,440.4,440.4,101332800.0
2025-09-29,444.35,443.21,443.21,79491500.0
2025-09-30,441.52,444.72,444.72,74358000.0
2025-10-01,443.74,459.46,459.46,97116635.0
2025-10-02,470.54,436.0,436.0,137009000.0
2025-10-03,443.29,429.83,429.83,133188200.0
2025-10-06,440.75,453.25,453.25,84866800.0
2025-10-07,447.86,448.43,448.43,55993243.0
2025-10-08,437.57,438.69,438.69,70968500.0
2025-10-09,431.81,435.54,435.54,69149400.0
2025-10-10,431.7,423.5,423.5,37249303.0
2025-10-13,423.53,435.9,435.9,79552800.0
2025-10-14,426.79,429.24,429.24,72669400.0
2025-10-15,434.9,435.15,435.15,71375300.0
2025-10-16,434.75,431.85,431.85,35170561.0
2025-10-17,425.5,439.31,439.31,89331600.0
2025-10-20,443.87,447.43,447.43,63719000.0
2025-10-21,445.76,442.6,442.6,54412200.0
2025-10-22,443.45,438.97,438.97,84023500.0
2025-10-23,420.0,448.98,448.98,126709800.0
2025-10-24,446.83,433.72,433.72,94727800.0
2025-10-27,439.98,452.42,452.42,105867500.0
2025-10-28,454.78,460.55,460.55,80185700.0
2025-10-29,462.5,461.51,461.51,67983500.0
2025-10-30,451.05,440.1,440.1,72447900.0
2025-10-31,446.75,456.56,456.56,83135800.0
2025-11-03,455.99,468.37,468.37,84595200.0
2025-11-04,454.46,444.26,444.26,87756600.0
2025-11-05,452.05,462.07,462.07,85573000.0
2025-11-06,461.96,445.91,445.91,109622900.0
2025-11-07,437.92,429.52,429.52,103091100.0
2025-11-10,439.6,445.23,445.23,76515900.0
2025-11-11,439.4,439.62,439.62,60533200.0
2025-11-12,442.15,430.6,430.6,58513500.0
2025-11-13,423.13,401.99,401.99,118948000.0
2025-11-14,386.3,404.35,404.35,105506700.0
2025-11-17,398.74,408.92,408.92,102214300.0
2025-11-18,405.38,401.25,401.25,80688600.0
2025-11-19,406.18,403.99,403.99,72047700.0
2025-11-20,414.63,395.23,395.23,113548800.0
2025-11-21,402.32,391.09,391.09,100460600.0
2025-11-24,402.17,417.78,417.78,96806400.0
2025-11-25,414.42,419.4,419.4,71726100.0
2025-11-26,423.95,426.58,426.58,63463000.0
2025-11-28,426.59,430.17,430.17,35859577.0
2025-12-01,425.32,430.14,430.14,57307600.0
2025-12-02,430.81,429.24,429.24,69336600.0
2025-12-03,432.1,446.74,446.74,87483000.0
2025-12-04,449.94,454.53,454.53,71906500.0
2025-12-05,453.03,455.0,455.0,56427500.0
2025-12-08,447.45,439.58,439.58,69165800.0
2025-12-09,437.54,445.17,445.17,62367400.0
2025-12-10,446.07,451.45,451.45,63257500.0
2025-12-11,448.95,446.89,446.89,55979500.0
2025-12-12,448.09,458.96,458.96,73773952.0
2025-12-15,469.44,475.31,475.31,114542200.0
2025-12-16,472.21,489.88,489.88,107608100.0
2025-12-17,488.22,467.26,467.26,106490400.0
2025-12-18,478.16,483.37,483.37,95168400.0
2025-12-19,488.12,481.2,481.2,103305400.0
2025-12-22,489.88,488.73,488.73,86916100.0
2025-12-23,489.4,485.56,485.56,58223600.0
2025-12-24,488.48,485.4,485.4,41285400.0
2025-12-26,485.23,475.19,475.19,58521400.0
2025-12-29,485.23,466.98,466.98,35283355.0
2025-12-30,461.09,461.09,461.09,29986726.0
2025-12-31,456.1,449.72,449.72,49078000.0
2026-01-02,457.8,438.07,438.07,85535400.0
2026-01-05,447.99,451.67,451.67,67940800.0
2026-01-06,446.38,432.96,432.96,88816200.0
2026-01-07,435.9,431.41,431.41,59828800.0
2026-01-08,427.93,435.8,435.8,55121032.0
2026-01-09,435.95,445.01,445.01,67185700.0
2026-01-12,441.23,448.96,448.96,61649600.0
2026-01-13,450.2,447.2,447.2,53719200.0
2026-01-14,442.81,439.2,439.2,57259500.0
2026-01-15,441.13,438.57,438.57,49465800.0
2026-01-16,439.5,437.5,437.5,60220600.0
2026-01-20,429.36,419.25,419.25,63187300.0
2026-01-21,421.66,431.44,431.44,68124000.0
2026-01-22,435.16,449.36,449.36,71546700.0
2026-01-23,447.43,449.06,449.06,56771400.0
2026-01-26,445.0,435.2,435.2,49397400.0
2026-01-27,437.41,430.9,430.9,37733100.0
2026-01-28,431.91,431.46,431.46,54857400.0
2026-01-29,437.8,416.56,416.56,81686100.0
2026-01-30,425.58,430.41,430.41,82299930.0
2026-02-02,421.29,421.81,421.81,58739500.0
2026-02-03,424.27,421.96,421.96,56886500.0
2026-02-04,420.46,406.01,406.01,74606900.0
2026-02-05,397.02,397.21,397.21,72819800.0
2026-02-06,400.87,411.11,411.11,62559600.0
2026-02-09,409.91,417.32,417.32,54484300.0
2026-02-10,418.08,425.21,425.21,64450200.0
2026-02-11,427.96,428.27,428.27,57227500.0
2026-02-12,430.3,417.07,417.07,61933400.0
2026-02-13,414.31,417.44,417.44,51434100.0
2026-02-17,412.36,410.63,410.63,59678800.0
2026-02-18,411.11,411.32,411.32,45921400.0
2026-02-19,407.25,411.71,411.71,51019600.0
2026-02-20,408.3,411.82,411.82,57843900.0
2026-02-23,407.29,399.83,399.83,69480900.0
2026-02-24,399.5,409.38,409.38,58441300.0
2026-02-25,412.15,414.75,414.75,34092956.0
2026-02-26,414.42,408.58,408.58,53602500.0
2026-02-27,402.94,402.51,402.51,56890100.0
2026-03-02,390.6,403.32,403.32,55088300.0
2026-03-03,395.09,392.43,392.43,62441000.0
2026-03-04,397.85,404.24,404.24,44033023.0
2026-03-05,401.57,405.55,405.55,51925900.0
2026-03-06,398.18,396.73,396.73,63495510.0
2026-03-09,390.05,398.68,398.68,67018900.0
2026-03-10,402.22,399.24,399.24,59148300.0
2026-03-11,402.28,407.82,407.82,62559900.0
2026-03-12,405.18,395.01,395.01,60973800.0
2026-03-13,399.17,391.2,391.2,58504091.0
2026-03-16,396.13,395.56,395.56,57799658.0
2026-03-17,395.69,399.27,399.27,46890500.0
2026-03-18,399.0,392.78,392.78,50853100.0
2026-03-19,387.27,380.3,380.3,67078300.0
2026-03-20,379.39,367.96,367.96,74680129.0
2026-03-23,373.09,380.85,380.85,74606000.0
2026-03-24,376.56,383.03,383.03,59818700.0
2026-03-25,389.99,387.75,387.75,30910009.0
2026-03-26,381.6,372.11,372.11,55522900.0
2026-03-27,369.69,361.83,361.83,61869200.0
2026-03-30,365.86,361.91,361.91,21784953.0
2026-03-31,361.51,371.75,371.75,75289300.0
2026-04-01,378.77,376.07,376.07,11514142.0
2026-04-02,364.2,360.59,360.59,83031200.0
2026-04-06,362.59,352.82,352.82,77697600.0
2026-04-07,346.44,346.65,346.65,74515400.0
2026-04-08,363.79,343.25,343.25,78838600.0
2026-04-09,343.15,345.62,345.62,62164000.0
2026-04-10,346.29,348.95,348.95,51336000.0
2026-04-13,350.07,352.42,352.42,53399400.0
2026-04-14,357.36,366.04,366.04,30390762.0
2026-04-15,366.83,391.95,391.95,113810400.0
2026-04-16,393.81,388.9,388.9,63515100.0
2026-04-17,395.92,400.62,400.62,90640000.0
2026-04-20,402.58,392.5,392.5,64603900.0
2026-04-21,393.0,386.42,386.42,50530600.0
2026-04-22,387.57,387.51,387.51,62362800.0
2026-04-23,375.28,373.72,373.72,93969500.0
2026-04-24,373.5,376.3,376.3,62893300.0
2026-04-27,372.09,378.67,378.67,66735800.0
2026-04-28,374.68,376.02,376.02,50864400.0
2026-04-29,375.4,372.8,372.8,45384800.0
2026-04-30,372.75,381.63,381.63,51076000.0
2026-05-01,382.49,390.82,390.82,65338300.0
2026-05-04,390.23,392.51,392.51,48673900.0
2026-05-05,395.18,391.78,391.78,34131497.0
2026-05-06,386.25,398.73,398.73,53465365.0
2026-05-07,407.48,411.79,411.79,64294224.0
2026-05-08,416.48,428.35,428.35,65049970.0
2026-05-11,422.16,445.0,445.0,78376127.0
2026-05-12,441.41,433.45,433.45,60569303.0
2026-05-13,436.67,445.27,445.27,68283229.0
2026-05-14,446.49,443.3,443.3,46070361.0
2026-05-15,433.98,422.24,422.24,52688742.0
2026-05-18,419.27,409.99,409.99,52474188.0
2026-05-19,403.16,404.11,404.11,46500551.0
2026-05-20,407.6,417.26,417.26,44484579.0
2026-05-21,422.18,417.85,417.85,42636854.0
2026-05-22,422.67,426.01,426.01,46104710.0
2026-05-26,430.26,433.59,433.59,45658897.0
2026-05-27,442.89,440.36,440.36,44656505.0
2026-05-28,437.615,442.1,442.1,32434996
2026-05-29,439.845,435.79,435.79,45176821
2026-06-01,427.49,415.88,415.88,44937852
2026-06-02,418.22,423.74,423.74,37596045
2026-06-03,418.7,423.7,423.7,44500733
2026-06-04,419.84,418.45,418.45,35323259
2026-06-05,420.5,391.0,391.0,63420177
2026-06-08,396.33,408.95,408.95,50328834
2026-06-09,411.03,396.68,396.68,59940230
2026-06-10,391.54,381.59,381.59,49695583
2026-06-11,388.28,399.15,399.15,45324348
2026-06-12,399.49,406.43,406.43,63652286
2026-06-15,412.37,411.15,411.15,45620514
2026-06-16,404.11,404.66,404.66,40255473
2026-06-17,401.53,396.38,396.38,43534299
2026-06-18,398.095,400.49,400.49,58384713
2026-06-22,394.85,405.05,405.05,47819486
2026-06-23,392.61,381.61,381.61,50420210
2026-06-24,380.08,375.53,375.53,37081421
2026-06-25,375.27,375.12,375.12,30259987
2026-06-26,370.15,379.71,379.71,53434138
2026-06-29,381.79,411.84,411.84,57645798
2026-06-30,406.0,420.6,420.6,43385619
2026-07-01,421.46,425.3,425.3,40127902
2026-07-02,428.01,393.45,393.45,73915762
2026-07-06,397.5,419.77,419.77,54727861
2026-07-07,416.96,402.9,402.9,38149901
2026-07-08,399.375,394.06,394.06,33844906
2026-07-09,393.99,406.55,406.55,37834988
2026-07-10,410.49,407.76,407.76,33409995
2026-07-13,404.61,394.76,394.76,32809171
2026-07-14,399.05,396.18,396.18,23384992
2026-07-15,399.395,394.46,394.46,31549805
2026-07-16,392.35,391.06,391.06,29269113
2026-07-17,381.78,380.84,380.84,31394594
2026-07-20,386.045,369.57,369.57,33901516
2026-07-21,371.165,378.93,378.93,32735334
2026-07-22,375.53,374.01,374.01,30646124
2026-07-23,341.0,319.69,319.69,115606413
2026-07-24,320.72,313.03,313.03,62760007
2026-07-27,313.24,309.22,309.22,44919377
2026-07-28,305.925,307.44,307.44,39802421
2026-07-29,307.14,298.32,298.32,39478039
2026-07-30,302.7,308.85,308.85,38005390
2026-07-31,309.69,311.21,311.21,36630560
2026-08-03,310.96,322.08,322.08,38281362
2026-08-04,324.0,327.35,327.35,33318303
2026-08-05,323.42,321.55,321.55,27820813
2026-08-06,317.05,319.53,319.53,26033776
2026-08-07,322.34,328.58,328.58,39492345
2026-08-10,326.595,330.88,330.88,25003808
2026-08-11,332.8,332.81,332.81,23345233
2026-08-12,335.0,327.51,327.51,28698879
2026-08-13,327.2,339.96,339.96,34708303
2026-08-14,342.33,342.27,342.27,45437144
2026-08-17,340.69,339.3,339.3,26037093
2026-08-18,333.22,336.87,336.87,27994466
2026-08-19,338.89,351.12,351.12,36735428
2026-08-20,346.2,345.13,345.13,30766360
2026-08-21,349.88,362.86,362.86,59223958
2026-08-24,361.41,348.95,348.95,39190484
2026-08-25,349.58,350.25,350.25,29816685
2026-08-26,345.27,345.82,345.82,28573007
2026-08-27,346.155,354.81,354.81,30136164
2026-08-28,357.095,348.75,348.75,32972214
