date,open_price_usd,close_price_usd,adj_close_price_usd,total_volume_usd
2013-04-29,147.02,147.02,121.97,0.0
2013-04-30,147.39,147.39,122.28,0.0
2013-05-01,146.02,146.02,121.14,0.0
2013-05-02,147.41,147.41,122.29,0.0
2013-05-03,148.98,148.98,123.6,0.0
2013-05-06,149.26,149.26,123.83,0.0
2013-05-07,150.05,150.05,124.48,0.0
2013-05-08,150.74,150.74,125.06,0.0
2013-05-09,150.25,150.25,124.65,0.0
2013-05-10,150.9,150.9,125.19,0.0
2013-05-13,150.92,150.92,125.21,0.0
2013-05-14,152.48,152.48,126.5,0.0
2013-05-15,153.31,153.31,127.19,0.0
2013-05-16,152.55,152.55,126.56,0.0
2013-05-17,154.12,154.12,127.86,0.0
2013-05-20,154.02,154.02,127.78,0.0
2013-05-21,154.29,154.29,128.0,0.0
2013-05-22,153.03,153.03,126.96,0.0
2013-05-23,152.6,152.6,126.6,0.0
2013-05-24,152.53,152.53,126.54,0.0
2013-05-28,153.49,153.49,127.34,0.0
2013-05-29,152.43,152.43,126.46,0.0
2013-05-30,153.02,153.02,126.95,0.0
2013-05-31,150.83,150.83,125.13,0.0
2013-06-03,151.74,151.74,125.89,0.0
2013-06-04,150.91,150.91,125.2,0.0
2013-06-05,148.87,148.87,123.51,0.0
2013-06-06,150.15,150.15,124.57,0.0
2013-06-07,152.08,152.08,126.17,0.0
2013-06-10,152.04,152.04,126.14,0.0
2013-06-11,150.49,150.49,124.85,0.0
2013-06-12,149.27,149.27,123.84,0.0
2013-06-13,151.5,151.5,125.69,0.0
2013-06-14,150.61,150.61,124.95,0.0
2013-06-17,151.75,151.75,125.89,0.0
2013-06-18,152.93,152.93,126.87,0.0
2013-06-19,150.81,150.81,125.11,0.0
2013-06-20,147.07,147.07,122.01,0.0
2013-06-21,146.71,146.71,122.33,0.0
2013-06-24,144.93,144.93,120.85,0.0
2013-06-25,146.32,146.32,122.01,0.0
2013-06-26,147.76,147.76,123.21,0.0
2013-06-27,148.68,148.68,123.97,0.0
2013-06-28,148.05,148.05,123.45,0.0
2013-07-01,148.87,148.87,124.13,0.0
2013-07-02,148.82,148.82,124.09,0.0
2013-07-03,148.94,148.94,124.19,0.0
2013-07-05,150.46,150.46,125.46,0.0
2013-07-08,151.3,151.3,126.16,0.0
2013-07-09,152.39,152.39,127.07,0.0
2013-07-10,152.43,152.43,127.1,0.0
2013-07-11,154.51,154.51,128.84,0.0
2013-07-12,154.98,154.98,129.23,0.0
2013-07-15,155.2,155.2,129.41,0.0
2013-07-16,154.62,154.62,128.93,0.0
2013-07-17,155.07,155.07,129.3,0.0
2013-07-18,155.87,155.87,129.97,0.0
2013-07-19,156.12,156.12,130.18,0.0
2013-07-22,156.44,156.44,130.44,0.0
2013-07-23,156.15,156.15,130.2,0.0
2013-07-24,155.56,155.56,129.71,0.0
2013-07-25,155.96,155.96,130.04,0.0
2013-07-26,156.09,156.09,130.15,0.0
2013-07-29,155.52,155.52,129.68,0.0
2013-07-30,155.58,155.58,129.73,0.0
2013-07-31,155.58,155.58,129.73,0.0
2013-08-01,157.54,157.54,131.36,0.0
2013-08-02,157.81,157.81,131.59,0.0
2013-08-05,157.59,157.59,131.4,0.0
2013-08-06,156.69,156.69,130.65,0.0
2013-08-07,156.15,156.15,130.2,0.0
2013-08-08,156.79,156.79,130.74,0.0
2013-08-09,156.26,156.26,130.29,0.0
2013-08-12,156.08,156.08,130.14,0.0
2013-08-13,156.55,156.55,130.54,0.0
2013-08-14,155.77,155.77,129.89,0.0
2013-08-15,153.57,153.57,128.05,0.0
2013-08-16,153.07,153.07,127.63,0.0
2013-08-19,152.18,152.18,126.89,0.0
2013-08-20,152.76,152.76,127.38,0.0
2013-08-21,151.89,151.89,126.65,0.0
2013-08-22,153.2,153.2,127.74,0.0
2013-08-23,153.83,153.83,128.27,0.0
2013-08-26,153.21,153.21,127.75,0.0
2013-08-27,150.77,150.77,125.72,0.0
2013-08-28,151.22,151.22,126.09,0.0
2013-08-29,151.54,151.54,126.36,0.0
2013-08-30,151.07,151.07,125.97,0.0
2013-09-03,151.7,151.7,126.49,0.0
2013-09-04,152.97,152.97,127.55,0.0
2013-09-05,153.16,153.16,127.71,0.0
2013-09-06,153.19,153.19,127.73,0.0
2013-09-09,154.73,154.73,129.02,0.0
2013-09-10,155.86,155.86,129.96,0.0
2013-09-11,156.36,156.36,130.38,0.0
2013-09-12,155.88,155.88,129.98,0.0
2013-09-13,156.3,156.3,130.33,0.0
2013-09-16,157.19,157.19,131.07,0.0
2013-09-17,157.86,157.86,131.63,0.0
2013-09-18,159.78,159.78,133.23,0.0
2013-09-19,159.51,159.51,133.0,0.0
2013-09-20,157.56,157.56,132.03,0.0
2013-09-23,156.82,156.82,131.41,0.0
2013-09-24,156.43,156.43,131.09,0.0
2013-09-25,156.01,156.01,130.74,0.0
2013-09-26,156.58,156.58,131.21,0.0
2013-09-27,155.95,155.95,130.69,0.0
2013-09-30,155.02,155.02,129.91,0.0
2013-10-01,156.27,156.27,130.95,0.0
2013-10-02,156.19,156.19,130.89,0.0
2013-10-03,154.79,154.79,129.71,0.0
2013-10-04,155.89,155.89,130.64,0.0
2013-10-07,154.56,154.56,129.52,0.0
2013-10-08,152.7,152.7,127.96,0.0
2013-10-09,152.81,152.81,128.05,0.0
2013-10-10,156.17,156.17,130.87,0.0
2013-10-11,157.15,157.15,131.69,0.0
2013-10-14,157.79,157.79,132.23,0.0
2013-10-15,156.67,156.67,131.29,0.0
2013-10-16,158.86,158.86,133.12,0.0
2013-10-17,159.94,159.94,134.03,0.0
2013-10-18,160.99,160.99,134.91,0.0
2013-10-21,161.0,161.0,134.92,0.0
2013-10-22,161.93,161.93,135.7,0.0
2013-10-23,161.17,161.17,135.06,0.0
2013-10-24,161.69,161.69,135.5,0.0
2013-10-25,162.4,162.4,136.09,0.0
2013-10-28,162.62,162.62,136.28,0.0
2013-10-29,163.54,163.54,137.05,0.0
2013-10-30,162.75,162.75,136.38,0.0
2013-10-31,162.14,162.14,135.87,0.0
2013-11-01,162.61,162.61,136.27,0.0
2013-11-04,163.19,163.19,136.75,0.0
2013-11-05,162.75,162.75,136.38,0.0
2013-11-06,163.54,163.54,137.05,0.0
2013-11-07,161.42,161.42,135.27,0.0
2013-11-08,163.58,163.58,137.08,0.0
2013-11-11,163.7,163.7,137.18,0.0
2013-11-12,163.33,163.33,136.87,0.0
2013-11-13,164.7,164.7,138.02,0.0
2013-11-14,165.52,165.52,138.71,0.0
2013-11-15,166.22,166.22,139.29,0.0
2013-11-18,165.62,165.62,138.79,0.0
2013-11-19,165.31,165.31,138.53,0.0
2013-11-20,164.72,164.72,138.03,0.0
2013-11-21,166.06,166.06,139.16,0.0
2013-11-22,166.91,166.91,139.87,0.0
2013-11-25,166.7,166.7,139.69,0.0
2013-11-26,166.75,166.75,139.74,0.0
2013-11-27,167.2,167.2,140.11,0.0
2013-11-29,167.07,167.07,140.0,0.0
2013-12-02,166.62,166.62,139.63,0.0
2013-12-03,166.1,166.1,139.19,0.0
2013-12-04,165.93,165.93,139.05,0.0
2013-12-05,165.21,165.21,138.45,0.0
2013-12-06,167.09,167.09,140.02,0.0
2013-12-09,167.4,167.4,140.28,0.0
2013-12-10,166.86,166.86,139.83,0.0
2013-12-11,164.99,164.99,138.26,0.0
2013-12-12,164.42,164.42,137.78,0.0
2013-12-13,164.4,164.4,137.77,0.0
2013-12-16,165.44,165.44,138.64,0.0
2013-12-17,164.93,164.93,138.21,0.0
2013-12-18,167.68,167.68,140.52,0.0
2013-12-19,167.61,167.61,140.46,0.0
2013-12-20,168.42,168.42,141.14,0.0
2013-12-23,168.41,168.41,141.9,0.0
2013-12-24,168.92,168.92,142.33,0.0
2013-12-26,169.72,169.72,143.01,0.0
2013-12-27,169.7,169.7,142.99,0.0
2013-12-30,169.68,169.68,142.97,0.0
2013-12-31,170.36,170.36,143.55,0.0
2014-01-02,168.88,168.88,142.3,0.0
2014-01-03,168.82,168.82,142.25,0.0
2014-01-06,168.4,168.4,141.89,0.0
2014-01-07,169.43,169.43,142.76,0.0
2014-01-08,169.44,169.44,142.77,0.0
2014-01-09,169.5,169.5,142.82,0.0
2014-01-10,169.89,169.89,143.15,0.0
2014-01-13,167.77,167.77,141.36,0.0
2014-01-14,169.59,169.59,142.9,0.0
2014-01-15,170.47,170.47,143.64,0.0
2014-01-16,170.24,170.24,143.44,0.0
2014-01-17,169.58,169.58,142.89,0.0
2014-01-21,170.06,170.06,143.29,0.0
2014-01-22,170.17,170.17,143.39,0.0
2014-01-23,168.66,168.66,142.11,0.0
2014-01-24,165.14,165.14,139.15,0.0
2014-01-27,164.34,164.34,138.47,0.0
2014-01-28,165.35,165.35,139.32,0.0
2014-01-29,163.68,163.68,137.92,0.0
2014-01-30,165.53,165.53,139.48,0.0
2014-01-31,164.47,164.47,138.58,0.0
2014-02-03,160.71,160.71,135.41,0.0
2014-02-04,161.94,161.94,136.45,0.0
2014-02-05,161.66,161.66,136.21,0.0
2014-02-06,163.76,163.76,137.98,0.0
2014-02-07,165.94,165.94,139.82,0.0
2014-02-10,166.2,166.2,140.04,0.0
2014-02-11,168.05,168.05,141.6,0.0
2014-02-12,168.09,168.09,141.63,0.0
2014-02-13,169.08,169.08,142.47,0.0
2014-02-14,169.9,169.9,143.16,0.0
2014-02-18,170.13,170.13,143.35,0.0
2014-02-19,169.03,169.03,142.42,0.0
2014-02-20,170.08,170.08,143.31,0.0
2014-02-21,169.77,169.77,143.05,0.0
2014-02-24,170.82,170.82,143.93,0.0
2014-02-25,170.6,170.6,143.75,0.0
2014-02-26,170.63,170.63,143.77,0.0
2014-02-27,171.5,171.5,144.51,0.0
2014-02-28,171.98,171.98,144.91,0.0
2014-03-03,170.72,170.72,143.85,0.0
2014-03-04,173.33,173.33,146.05,0.0
2014-03-05,173.35,173.35,146.06,0.0
2014-03-06,173.68,173.68,146.34,0.0
2014-03-07,173.79,173.79,146.44,0.0
2014-03-10,173.72,173.72,146.38,0.0
2014-03-11,172.84,172.84,145.63,0.0
2014-03-12,172.94,172.94,145.72,0.0
2014-03-13,170.94,170.94,144.03,0.0
2014-03-14,170.46,170.46,143.63,0.0
2014-03-17,172.1,172.1,145.01,0.0
2014-03-18,173.34,173.34,146.06,0.0
2014-03-19,172.28,172.28,145.16,0.0
2014-03-20,173.32,173.32,146.04,0.0
2014-03-21,172.03,172.03,145.61,0.0
2014-03-24,171.19,171.19,144.9,0.0
2014-03-25,171.96,171.96,145.55,0.0
2014-03-26,170.76,170.76,144.54,0.0
2014-03-27,170.47,170.47,144.29,0.0
2014-03-28,171.27,171.27,144.97,0.0
2014-03-31,172.63,172.63,146.12,0.0
2014-04-01,173.86,173.86,147.16,0.0
2014-04-02,174.38,174.38,147.6,0.0
2014-04-03,174.19,174.19,147.44,0.0
2014-04-04,172.01,172.01,145.59,0.0
2014-04-07,170.16,170.16,144.03,0.0
2014-04-08,170.86,170.86,144.62,0.0
2014-04-09,172.73,172.73,146.2,0.0
2014-04-10,169.13,169.13,143.16,0.0
2014-04-11,167.54,167.54,141.81,0.0
2014-04-14,168.92,168.92,142.98,0.0
2014-04-15,170.06,170.06,143.94,0.0
2014-04-16,171.85,171.85,145.46,0.0
2014-04-17,172.09,172.09,145.66,0.0
2014-04-21,172.74,172.74,146.21,0.0
2014-04-22,173.45,173.45,146.81,0.0
2014-04-23,173.09,173.09,146.51,0.0
2014-04-24,173.39,173.39,146.76,0.0
2014-04-25,171.98,171.98,145.57,0.0
2014-04-28,172.55,172.55,146.05,0.0
2014-04-29,173.37,173.37,146.75,0.0
2014-04-30,173.9,173.9,147.19,0.0
2014-05-01,173.88,173.88,147.18,0.0
2014-05-02,173.65,173.65,146.98,0.0
2014-05-05,173.99,173.99,147.27,0.0
2014-05-06,172.43,172.43,145.95,0.0
2014-05-07,173.47,173.47,146.83,0.0
2014-05-08,173.28,173.28,146.67,0.0
2014-05-09,173.57,173.57,146.92,0.0
2014-05-12,175.26,175.26,148.35,0.0
2014-05-13,175.37,175.37,148.44,0.0
2014-05-14,174.58,174.58,147.77,0.0
2014-05-15,172.98,172.98,146.42,0.0
2014-05-16,173.63,173.63,146.97,0.0
2014-05-19,174.31,174.31,147.54,0.0
2014-05-20,173.18,173.18,146.59,0.0
2014-05-21,174.61,174.61,147.8,0.0
2014-05-22,175.05,175.05,148.17,0.0
2014-05-23,175.79,175.79,148.79,0.0
2014-05-27,176.85,176.85,149.69,0.0
2014-05-28,176.68,176.68,149.55,0.0
2014-05-29,177.65,177.65,150.37,0.0
2014-05-30,177.97,177.97,150.64,0.0
2014-06-02,178.12,178.12,150.77,0.0
2014-06-03,178.06,178.06,150.72,0.0
2014-06-04,178.43,178.43,151.03,0.0
2014-06-05,179.61,179.61,152.03,0.0
2014-06-06,180.46,180.46,152.75,0.0
2014-06-09,180.64,180.64,152.9,0.0
2014-06-10,180.6,180.6,152.87,0.0
2014-06-11,179.98,179.98,152.34,0.0
2014-06-12,178.75,178.75,151.3,0.0
2014-06-13,179.32,179.32,151.78,0.0
2014-06-16,179.47,179.47,151.91,0.0
2014-06-17,179.86,179.86,152.24,0.0
2014-06-18,181.25,181.25,153.42,0.0
2014-06-19,181.5,181.5,153.63,0.0
2014-06-20,181.01,181.01,153.9,0.0
2014-06-23,180.98,180.98,153.88,0.0
2014-06-24,179.83,179.83,152.9,0.0
2014-06-25,180.72,180.72,153.66,0.0
2014-06-26,180.53,180.53,153.5,0.0
2014-06-27,180.89,180.89,153.8,0.0
2014-06-30,180.83,180.83,153.75,0.0
2014-07-01,182.07,182.07,154.81,0.0
2014-07-02,182.2,182.2,154.92,0.0
2014-07-03,183.2,183.2,155.77,0.0
2014-07-07,182.49,182.49,155.16,0.0
2014-07-08,181.26,181.26,154.12,0.0
2014-07-09,182.11,182.11,154.84,0.0
2014-07-10,181.35,181.35,154.19,0.0
2014-07-11,181.64,181.64,154.44,0.0
2014-07-14,182.52,182.52,155.19,0.0
2014-07-15,182.17,182.17,154.89,0.0
2014-07-16,182.95,182.95,155.55,0.0
2014-07-17,180.81,180.81,153.73,0.0
2014-07-18,182.66,182.66,155.31,0.0
2014-07-21,182.24,182.24,154.95,0.0
2014-07-22,183.16,183.16,155.73,0.0
2014-07-23,183.48,183.48,156.0,0.0
2014-07-24,183.57,183.57,156.08,0.0
2014-07-25,182.69,182.69,155.33,0.0
2014-07-28,182.74,182.74,155.37,0.0
2014-07-29,181.92,181.92,154.68,0.0
2014-07-30,181.96,181.96,154.71,0.0
2014-07-31,178.33,178.33,151.63,0.0
2014-08-01,177.82,177.82,151.19,0.0
2014-08-04,179.1,179.1,152.28,0.0
2014-08-05,177.38,177.38,150.82,0.0
2014-08-06,177.44,177.44,150.87,0.0
2014-08-07,176.5,176.5,150.07,0.0
2014-08-08,178.53,178.53,151.8,0.0
2014-08-11,179.06,179.06,152.25,0.0
2014-08-12,178.78,178.78,152.01,0.0
2014-08-13,180.02,180.02,153.06,0.0
2014-08-14,180.82,180.82,153.74,0.0
2014-08-15,180.83,180.83,153.75,0.0
2014-08-18,182.38,182.38,155.07,0.0
2014-08-19,183.33,183.33,155.88,0.0
2014-08-20,183.79,183.79,156.27,0.0
2014-08-21,184.34,184.34,156.74,0.0
2014-08-22,184.0,184.0,156.45,0.0
2014-08-25,184.88,184.88,157.19,0.0
2014-08-26,185.08,185.08,157.36,0.0
2014-08-27,185.12,185.12,157.4,0.0
2014-08-28,184.83,184.83,157.15,0.0
2014-08-29,185.46,185.46,157.69,0.0
2014-09-02,185.37,185.37,157.61,0.0
2014-09-03,185.26,185.26,157.52,0.0
2014-09-04,184.98,184.98,157.28,0.0
2014-09-05,185.91,185.91,158.07,0.0
2014-09-08,185.37,185.37,157.61,0.0
2014-09-09,184.16,184.16,156.58,0.0
2014-09-10,184.85,184.85,157.17,0.0
2014-09-11,185.07,185.07,157.36,0.0
2014-09-12,183.97,183.97,156.42,0.0
2014-09-15,183.84,183.84,156.31,0.0
2014-09-16,185.22,185.22,157.48,0.0
2014-09-17,185.46,185.46,157.69,0.0
2014-09-18,186.39,186.39,158.48,0.0
2014-09-19,185.43,185.43,158.41,0.0
2014-09-22,183.94,183.94,157.14,0.0
2014-09-23,182.89,182.89,156.24,0.0
2014-09-24,184.33,184.33,157.47,0.0
2014-09-25,181.35,181.35,154.93,0.0
2014-09-26,182.94,182.94,156.29,0.0
2014-09-29,182.49,182.49,155.9,0.0
2014-09-30,181.99,181.99,155.47,0.0
2014-10-01,179.59,179.59,153.42,0.0
2014-10-02,179.61,179.61,153.44,0.0
2014-10-03,181.62,181.62,155.16,0.0
2014-10-06,181.33,181.33,154.91,0.0
2014-10-07,178.59,178.59,152.57,0.0
2014-10-08,181.77,181.77,155.29,0.0
2014-10-09,178.03,178.03,152.09,0.0
2014-10-10,176.0,176.0,150.36,0.0
2014-10-13,173.11,173.11,147.89,0.0
2014-10-14,173.38,173.38,148.12,0.0
2014-10-15,171.99,171.99,146.93,0.0
2014-10-16,172.02,172.02,146.96,0.0
2014-10-17,174.24,174.24,148.85,0.0
2014-10-20,175.84,175.84,150.22,0.0
2014-10-21,179.28,179.28,153.16,0.0
2014-10-22,177.99,177.99,152.06,0.0
2014-10-23,180.18,180.18,153.93,0.0
2014-10-24,181.45,181.45,155.01,0.0
2014-10-27,181.18,181.18,154.78,0.0
2014-10-28,183.34,183.34,156.63,0.0
2014-10-29,183.1,183.1,156.42,0.0
2014-10-30,184.26,184.26,157.41,0.0
2014-10-31,186.42,186.42,159.26,0.0
2014-11-03,186.4,186.4,159.24,0.0
2014-11-04,185.87,185.87,158.79,0.0
2014-11-05,187.0,187.0,159.75,0.0
2014-11-06,187.76,187.76,160.4,0.0
2014-11-07,187.86,187.86,160.49,0.0
2014-11-10,188.46,188.46,161.0,0.0
2014-11-11,188.59,188.59,161.11,0.0
2014-11-12,188.51,188.51,161.04,0.0
2014-11-13,188.63,188.63,161.15,0.0
2014-11-14,188.7,188.7,161.21,0.0
2014-11-17,188.85,188.85,161.33,0.0
2014-11-18,189.85,189.85,162.19,0.0
2014-11-19,189.58,189.58,161.96,0.0
2014-11-20,189.96,189.96,162.28,0.0
2014-11-21,190.98,190.98,163.15,0.0
2014-11-24,191.53,191.53,163.62,0.0
2014-11-25,191.34,191.34,163.46,0.0
2014-11-26,191.92,191.92,163.96,0.0
2014-11-28,191.44,191.44,163.55,0.0
2014-12-01,190.14,190.14,162.44,0.0
2014-12-02,191.36,191.36,163.48,0.0
2014-12-03,192.13,192.13,164.14,0.0
2014-12-04,191.92,191.92,163.96,0.0
2014-12-05,192.24,192.24,164.23,0.0
2014-12-08,190.87,190.87,163.06,0.0
2014-12-09,190.82,190.82,163.02,0.0
2014-12-10,187.72,187.72,160.37,0.0
2014-12-11,188.62,188.62,161.14,0.0
2014-12-12,185.57,185.57,158.53,0.0
2014-12-15,184.4,184.4,157.53,0.0
2014-12-16,182.83,182.83,156.19,0.0
2014-12-17,185.53,185.53,159.4,0.0
2014-12-18,190.01,190.01,163.25,0.0
2014-12-19,190.88,190.88,164.0,0.0
2014-12-22,191.63,191.63,164.64,0.0
2014-12-23,191.98,191.98,164.94,0.0
2014-12-24,191.96,191.96,164.92,0.0
2014-12-26,192.59,192.59,165.47,0.0
2014-12-29,192.79,192.79,165.64,0.0
2014-12-30,191.87,191.87,164.85,0.0
2014-12-31,189.89,189.89,163.15,0.0
2015-01-02,189.85,189.85,163.11,0.0
2015-01-05,186.4,186.4,160.15,0.0
2015-01-06,184.74,184.74,158.72,0.0
2015-01-07,186.94,186.94,160.61,0.0
2015-01-08,190.29,190.29,163.49,0.0
2015-01-09,188.69,188.69,162.11,0.0
2015-01-12,187.16,187.16,160.8,0.0
2015-01-13,186.7,186.7,160.4,0.0
2015-01-14,185.62,185.62,159.48,0.0
2015-01-15,183.91,183.91,158.01,0.0
2015-01-16,186.38,186.38,160.13,0.0
2015-01-20,186.67,186.67,160.38,0.0
2015-01-21,187.58,187.58,161.16,0.0
2015-01-22,190.44,190.44,163.62,0.0
2015-01-23,189.4,189.4,162.72,0.0
2015-01-26,189.89,189.89,163.15,0.0
2015-01-27,187.35,187.35,160.96,0.0
2015-01-28,184.83,184.83,158.8,0.0
2015-01-29,186.61,186.61,160.33,0.0
2015-01-30,184.19,184.19,158.25,0.0
2015-02-02,186.58,186.58,160.3,0.0
2015-02-03,189.27,189.27,162.61,0.0
2015-02-04,188.54,188.54,161.99,0.0
2015-02-05,190.52,190.52,163.69,0.0
2015-02-06,189.92,189.92,163.17,0.0
2015-02-09,189.12,189.12,162.48,0.0
2015-02-10,191.15,191.15,164.23,0.0
2015-02-11,191.21,191.21,164.28,0.0
2015-02-12,193.1,193.1,165.9,0.0
2015-02-13,193.91,193.91,166.6,0.0
2015-02-17,194.25,194.25,166.89,0.0
2015-02-18,194.19,194.19,166.84,0.0
2015-02-19,194.02,194.02,166.69,0.0
2015-02-20,195.23,195.23,167.73,0.0
2015-02-23,195.17,195.17,167.68,0.0
2015-02-24,195.72,195.72,168.15,0.0
2015-02-25,195.6,195.6,168.05,0.0
2015-02-26,195.34,195.34,167.83,0.0
2015-02-27,194.77,194.77,167.34,0.0
2015-03-02,195.97,195.97,168.37,0.0
2015-03-03,195.08,195.08,167.6,0.0
2015-03-04,194.27,194.27,166.91,0.0
2015-03-05,194.51,194.51,167.11,0.0
2015-03-06,191.78,191.78,164.77,0.0
2015-03-09,192.55,192.55,165.43,0.0
2015-03-10,189.3,189.3,162.64,0.0
2015-03-11,188.96,188.96,162.35,0.0
2015-03-12,191.39,191.39,164.43,0.0
2015-03-13,190.23,190.23,163.44,0.0
2015-03-16,192.81,192.81,165.65,0.0
2015-03-17,192.17,192.17,165.1,0.0
2015-03-18,194.51,194.51,167.11,0.0
2015-03-19,193.57,193.57,166.31,0.0
2015-03-20,194.32,194.32,167.81,0.0
2015-03-23,193.98,193.98,167.52,0.0
2015-03-24,192.8,192.8,166.5,0.0
2015-03-25,190.0,190.0,164.08,0.0
2015-03-26,189.56,189.56,163.7,0.0
2015-03-27,190.04,190.04,164.11,0.0
2015-03-30,192.38,192.38,166.14,0.0
2015-03-31,190.71,190.71,164.69,0.0
2015-04-01,189.98,189.98,164.06,0.0
2015-04-02,190.65,190.65,164.64,0.0
2015-04-06,191.91,191.91,165.73,0.0
2015-04-07,191.52,191.52,165.39,0.0
2015-04-08,192.11,192.11,165.9,0.0
2015-04-09,192.96,192.96,166.64,0.0
2015-04-10,193.97,193.97,167.51,0.0
2015-04-13,193.09,193.09,166.75,0.0
2015-04-14,193.41,193.41,167.02,0.0
2015-04-15,194.41,194.41,167.89,0.0
2015-04-16,194.26,194.26,167.76,0.0
2015-04-17,192.06,192.06,165.86,0.0
2015-04-20,193.84,193.84,167.4,0.0
2015-04-21,193.56,193.56,167.15,0.0
2015-04-22,194.55,194.55,168.01,0.0
2015-04-23,195.02,195.02,168.42,0.0
2015-04-24,195.46,195.46,168.8,0.0
2015-04-27,194.65,194.65,168.1,0.0
2015-04-28,195.21,195.21,168.58,0.0
2015-04-29,194.49,194.49,167.96,0.0
2015-04-30,192.53,192.53,166.26,0.0
2015-05-01,194.63,194.63,168.08,0.0
2015-05-04,195.21,195.21,168.58,0.0
2015-05-05,192.91,192.91,166.59,0.0
2015-05-06,192.12,192.12,165.91,0.0
2015-05-07,192.9,192.9,166.58,0.0
2015-05-08,195.5,195.5,168.83,0.0
2015-05-11,194.54,194.54,168.0,0.0
2015-05-12,193.99,193.99,167.53,0.0
2015-05-13,193.96,193.96,167.5,0.0
2015-05-14,196.07,196.07,169.32,0.0
2015-05-15,196.25,196.25,169.48,0.0
2015-05-18,196.86,196.86,170.0,0.0
2015-05-19,196.77,196.77,169.93,0.0
2015-05-20,196.61,196.61,169.79,0.0
2015-05-21,197.09,197.09,170.2,0.0
2015-05-22,196.65,196.65,169.82,0.0
2015-05-26,194.64,194.64,168.09,0.0
2015-05-27,196.45,196.45,169.65,0.0
2015-05-28,196.23,196.23,169.46,0.0
2015-05-29,195.0,195.0,168.4,0.0
2015-06-01,195.42,195.42,168.76,0.0
2015-06-02,195.23,195.23,168.6,0.0
2015-06-03,195.68,195.68,168.99,0.0
2015-06-04,194.0,194.0,167.53,0.0
2015-06-05,193.73,193.73,167.3,0.0
2015-06-08,192.51,192.51,166.25,0.0
2015-06-09,192.59,192.59,166.32,0.0
2015-06-10,194.92,194.92,168.33,0.0
2015-06-11,195.32,195.32,168.67,0.0
2015-06-12,193.96,193.96,167.5,0.0
2015-06-15,193.07,193.07,166.73,0.0
2015-06-16,194.17,194.17,167.68,0.0
2015-06-17,194.56,194.56,168.02,0.0
2015-06-18,196.51,196.51,169.7,0.0
2015-06-19,194.56,194.56,168.8,0.0
2015-06-22,195.75,195.75,169.83,0.0
2015-06-23,195.89,195.89,169.95,0.0
2015-06-24,194.45,194.45,168.7,0.0
2015-06-25,193.88,193.88,168.21,0.0
2015-06-26,193.84,193.84,168.17,0.0
2015-06-29,189.84,189.84,164.7,0.0
2015-06-30,190.36,190.36,165.15,0.0
2015-07-01,191.73,191.73,166.34,0.0
2015-07-02,191.67,191.67,166.29,0.0
2015-07-06,190.93,190.93,165.65,0.0
2015-07-07,192.09,192.09,166.66,0.0
2015-07-08,188.95,188.95,163.93,0.0
2015-07-09,189.38,189.38,164.3,0.0
2015-07-10,191.72,191.72,166.33,0.0
2015-07-13,193.86,193.86,168.19,0.0
2015-07-14,194.72,194.72,168.94,0.0
2015-07-15,194.58,194.58,168.82,0.0
2015-07-16,196.14,196.14,170.17,0.0
2015-07-17,196.36,196.36,170.36,0.0
2015-07-20,196.51,196.51,170.49,0.0
2015-07-21,195.69,195.69,169.78,0.0
2015-07-22,195.24,195.24,169.39,0.0
2015-07-23,194.14,194.14,168.43,0.0
2015-07-24,192.06,192.06,166.63,0.0
2015-07-27,190.95,190.95,165.67,0.0
2015-07-28,193.32,193.32,167.72,0.0
2015-07-29,194.76,194.76,168.97,0.0
2015-07-30,194.78,194.78,168.99,0.0
2015-07-31,194.34,194.34,168.61,0.0
2015-08-03,193.8,193.8,168.14,0.0
2015-08-04,193.37,193.37,167.77,0.0
2015-08-05,194.05,194.05,168.36,0.0
2015-08-06,192.6,192.6,167.1,0.0
2015-08-07,192.05,192.05,166.62,0.0
2015-08-10,194.51,194.51,168.76,0.0
2015-08-11,192.69,192.69,167.18,0.0
2015-08-12,192.92,192.92,167.38,0.0
2015-08-13,192.7,192.7,167.18,0.0
2015-08-14,193.46,193.46,167.84,0.0
2015-08-17,194.5,194.5,168.75,0.0
2015-08-18,194.03,194.03,168.34,0.0
2015-08-19,192.43,192.43,166.95,0.0
2015-08-20,188.37,188.37,163.43,0.0
2015-08-21,182.41,182.41,158.26,0.0
2015-08-24,175.22,175.22,152.02,0.0
2015-08-25,172.86,172.86,149.97,0.0
2015-08-26,179.61,179.61,155.83,0.0
2015-08-27,184.0,184.0,159.64,0.0
2015-08-28,184.14,184.14,159.76,0.0
2015-08-31,182.61,182.61,158.43,0.0
2015-09-01,177.22,177.22,153.75,0.0
2015-09-02,180.49,180.49,156.59,0.0
2015-09-03,180.71,180.71,156.78,0.0
2015-09-04,177.95,177.95,154.39,0.0
2015-09-08,182.44,182.44,158.28,0.0
2015-09-09,179.92,179.92,156.1,0.0
2015-09-10,180.88,180.88,156.93,0.0
2015-09-11,181.75,181.75,157.68,0.0
2015-09-14,181.01,181.01,157.04,0.0
2015-09-15,183.34,183.34,159.06,0.0
2015-09-16,184.94,184.94,160.45,0.0
2015-09-17,184.5,184.5,160.07,0.0
2015-09-18,180.56,180.56,157.47,0.0
2015-09-21,181.38,181.38,158.19,0.0
2015-09-22,179.15,179.15,156.24,0.0
2015-09-23,178.79,178.79,155.93,0.0
2015-09-24,178.19,178.19,155.4,0.0
2015-09-25,178.11,178.11,155.33,0.0
2015-09-28,173.59,173.59,151.39,0.0
2015-09-29,173.81,173.81,151.58,0.0
2015-09-30,177.14,177.14,154.49,0.0
2015-10-01,177.5,177.5,154.8,0.0
2015-10-02,180.06,180.06,157.03,0.0
2015-10-05,183.36,183.36,159.91,0.0
2015-10-06,182.7,182.7,159.34,0.0
2015-10-07,184.24,184.24,160.68,0.0
2015-10-08,185.86,185.86,162.09,0.0
2015-10-09,186.0,186.0,162.22,0.0
2015-10-12,186.24,186.24,162.42,0.0
2015-10-13,184.98,184.98,161.33,0.0
2015-10-14,184.12,184.12,160.58,0.0
2015-10-15,186.87,186.87,162.97,0.0
2015-10-16,187.72,187.72,163.72,0.0
2015-10-19,187.78,187.78,163.77,0.0
2015-10-20,187.51,187.51,163.53,0.0
2015-10-21,186.44,186.44,162.6,0.0
2015-10-22,189.55,189.55,165.31,0.0
2015-10-23,191.65,191.65,167.14,0.0
2015-10-26,191.28,191.28,166.82,0.0
2015-10-27,190.79,190.79,166.39,0.0
2015-10-28,193.06,193.06,168.37,0.0
2015-10-29,193.0,193.0,168.32,0.0
2015-10-30,192.07,192.07,167.51,0.0
2015-11-02,194.35,194.35,169.5,0.0
2015-11-03,194.88,194.88,169.96,0.0
2015-11-04,194.26,194.26,169.42,0.0
2015-11-05,194.08,194.08,169.26,0.0
2015-11-06,194.03,194.03,169.22,0.0
2015-11-09,192.17,192.17,167.6,0.0
2015-11-10,192.51,192.51,167.89,0.0
2015-11-11,191.89,191.89,167.35,0.0
2015-11-12,189.24,189.24,165.04,0.0
2015-11-13,187.12,187.12,163.19,0.0
2015-11-16,189.94,189.94,165.65,0.0
2015-11-17,189.73,189.73,165.47,0.0
2015-11-18,192.82,192.82,168.16,0.0
2015-11-19,192.61,192.61,167.98,0.0
2015-11-20,193.38,193.38,168.65,0.0
2015-11-23,193.14,193.14,168.44,0.0
2015-11-24,193.38,193.38,168.65,0.0
2015-11-25,193.38,193.38,168.65,0.0
2015-11-27,193.54,193.54,168.79,0.0
2015-11-30,192.65,192.65,168.01,0.0
2015-12-01,194.72,194.72,169.82,0.0
2015-12-02,192.62,192.62,167.99,0.0
2015-12-03,189.86,189.86,165.58,0.0
2015-12-04,193.76,193.76,168.98,0.0
2015-12-07,192.42,192.42,167.81,0.0
2015-12-08,191.19,191.19,166.74,0.0
2015-12-09,189.72,189.72,165.46,0.0
2015-12-10,190.17,190.17,165.85,0.0
2015-12-11,186.5,186.5,162.65,0.0
2015-12-14,187.4,187.4,163.44,0.0
2015-12-15,189.4,189.4,165.18,0.0
2015-12-16,192.16,192.16,167.59,0.0
2015-12-17,189.3,189.3,165.09,0.0
2015-12-18,184.83,184.83,162.14,0.0
2015-12-21,186.29,186.29,163.42,0.0
2015-12-22,187.95,187.95,164.88,0.0
2015-12-23,190.3,190.3,166.94,0.0
2015-12-24,190.0,190.0,166.67,0.0
2015-12-28,189.58,189.58,166.31,0.0
2015-12-29,191.64,191.64,168.11,0.0
2015-12-30,190.27,190.27,166.91,0.0
2015-12-31,188.48,188.48,165.34,0.0
2016-01-04,185.64,185.64,162.85,0.0
2016-01-05,186.01,186.01,163.17,0.0
2016-01-06,183.64,183.64,161.09,0.0
2016-01-07,179.29,179.29,157.28,0.0
2016-01-08,177.35,177.35,155.58,0.0
2016-01-11,177.5,177.5,155.71,0.0
2016-01-12,178.88,178.88,156.92,0.0
2016-01-13,174.44,174.44,153.02,0.0
2016-01-14,177.35,177.35,155.58,0.0
2016-01-15,173.53,173.53,152.23,0.0
2016-01-19,173.62,173.62,152.3,0.0
2016-01-20,171.62,171.62,150.55,0.0
2016-01-21,172.51,172.51,151.33,0.0
2016-01-22,176.01,176.01,154.4,0.0
2016-01-25,173.26,173.26,151.99,0.0
2016-01-26,175.71,175.71,154.14,0.0
2016-01-27,173.81,173.81,152.47,0.0
2016-01-28,174.79,174.79,153.33,0.0
2016-01-29,179.12,179.12,157.13,0.0
2016-02-01,179.05,179.05,157.07,0.0
2016-02-02,175.7,175.7,154.13,0.0
2016-02-03,176.64,176.64,154.95,0.0
2016-02-04,176.94,176.94,155.22,0.0
2016-02-05,173.68,173.68,152.36,0.0
2016-02-08,171.24,171.24,150.22,0.0
2016-02-09,171.16,171.16,150.15,0.0
2016-02-10,171.18,171.18,150.16,0.0
2016-02-11,169.11,169.11,148.35,0.0
2016-02-12,172.43,172.43,151.26,0.0
2016-02-16,175.33,175.33,153.81,0.0
2016-02-17,178.24,178.24,156.36,0.0
2016-02-18,177.42,177.42,155.64,0.0
2016-02-19,177.44,177.44,155.66,0.0
2016-02-22,180.0,180.0,157.9,0.0
2016-02-23,177.77,177.77,155.95,0.0
2016-02-24,178.57,178.57,156.65,0.0
2016-02-25,180.64,180.64,158.46,0.0
2016-02-26,180.32,180.32,158.18,0.0
2016-02-29,178.87,178.87,156.91,0.0
2016-03-01,183.15,183.15,160.66,0.0
2016-03-02,183.93,183.93,161.35,0.0
2016-03-03,184.59,184.59,161.93,0.0
2016-03-04,185.21,185.21,162.47,0.0
2016-03-07,185.38,185.38,162.62,0.0
2016-03-08,183.33,183.33,160.82,0.0
2016-03-09,184.29,184.29,161.66,0.0
2016-03-10,184.33,184.33,161.7,0.0
2016-03-11,187.4,187.4,164.39,0.0
2016-03-14,187.18,187.18,164.2,0.0
2016-03-15,186.84,186.84,163.9,0.0
2016-03-16,187.9,187.9,164.83,0.0
2016-03-17,189.14,189.14,165.92,0.0
2016-03-18,188.96,188.96,166.66,0.0
2016-03-21,189.14,189.14,166.81,0.0
2016-03-22,189.01,189.01,166.7,0.0
2016-03-23,187.8,187.8,165.63,0.0
2016-03-24,187.73,187.73,165.57,0.0
2016-03-28,187.83,187.83,165.66,0.0
2016-03-29,189.53,189.53,167.16,0.0
2016-03-30,190.37,190.37,167.9,0.0
2016-03-31,189.98,189.98,167.56,0.0
2016-04-01,191.19,191.19,168.62,0.0
2016-04-04,190.61,190.61,168.11,0.0
2016-04-05,188.68,188.68,166.41,0.0
2016-04-06,190.73,190.73,168.22,0.0
2016-04-07,188.45,188.45,166.21,0.0
2016-04-08,188.98,188.98,166.67,0.0
2016-04-11,188.46,188.46,166.22,0.0
2016-04-12,190.29,190.29,167.83,0.0
2016-04-13,192.23,192.23,169.54,0.0
2016-04-14,192.28,192.28,169.58,0.0
2016-04-15,192.09,192.09,169.42,0.0
2016-04-18,193.35,193.35,170.53,0.0
2016-04-19,193.95,193.95,171.06,0.0
2016-04-20,194.11,194.11,171.2,0.0
2016-04-21,193.1,193.1,170.31,0.0
2016-04-22,193.11,193.11,170.32,0.0
2016-04-25,192.76,192.76,170.01,0.0
2016-04-26,193.12,193.12,170.32,0.0
2016-04-27,193.46,193.46,170.62,0.0
2016-04-28,191.68,191.68,169.05,0.0
2016-04-29,190.72,190.72,168.21,0.0
2016-05-02,192.2,192.2,169.51,0.0
2016-05-03,190.54,190.54,168.05,0.0
2016-05-04,189.45,189.45,167.09,0.0
2016-05-05,189.45,189.45,167.09,0.0
2016-05-06,190.08,190.08,167.64,0.0
2016-05-09,190.22,190.22,167.77,0.0
2016-05-10,192.6,192.6,169.87,0.0
2016-05-11,190.86,190.86,168.33,0.0
2016-05-12,190.84,190.84,168.31,0.0
2016-05-13,189.24,189.24,166.9,0.0
2016-05-16,191.11,191.11,168.55,0.0
2016-05-17,189.37,189.37,167.02,0.0
2016-05-18,189.44,189.44,167.08,0.0
2016-05-19,188.74,188.74,166.46,0.0
2016-05-20,189.91,189.91,167.49,0.0
2016-05-23,189.52,189.52,167.15,0.0
2016-05-24,192.11,192.11,169.43,0.0
2016-05-25,193.46,193.46,170.62,0.0
2016-05-26,193.45,193.45,170.62,0.0
2016-05-27,194.31,194.31,171.37,0.0
2016-05-31,194.13,194.13,171.22,0.0
2016-06-01,194.38,194.38,171.44,0.0
2016-06-02,194.95,194.95,171.94,0.0
2016-06-03,194.39,194.39,171.45,0.0
2016-06-06,195.35,195.35,172.29,0.0
2016-06-07,195.6,195.6,172.51,0.0
2016-06-08,196.29,196.29,173.12,0.0
2016-06-09,195.96,195.96,172.83,0.0
2016-06-10,194.17,194.17,171.25,0.0
2016-06-13,192.65,192.65,169.91,0.0
2016-06-14,192.31,192.31,169.61,0.0
2016-06-15,191.98,191.98,169.32,0.0
2016-06-16,192.61,192.61,169.88,0.0
2016-06-17,191.98,191.98,169.32,0.0
2016-06-20,192.14,192.14,170.31,0.0
2016-06-21,192.68,192.68,170.79,0.0
2016-06-22,192.36,192.36,170.51,0.0
2016-06-23,194.93,194.93,172.78,0.0
2016-06-24,187.93,187.93,166.58,0.0
2016-06-27,184.53,184.53,163.57,0.0
2016-06-28,187.85,187.85,166.51,0.0
2016-06-29,191.07,191.07,169.36,0.0
2016-06-30,193.66,193.66,171.66,0.0
2016-07-01,194.08,194.08,172.03,0.0
2016-07-05,192.76,192.76,170.86,0.0
2016-07-06,193.86,193.86,171.84,0.0
2016-07-07,193.71,193.71,171.7,0.0
2016-07-08,196.66,196.66,174.32,0.0
2016-07-11,197.33,197.33,174.91,0.0
2016-07-12,198.72,198.72,176.14,0.0
2016-07-13,198.76,198.76,176.18,0.0
2016-07-14,199.81,199.81,177.11,0.0
2016-07-15,199.62,199.62,176.94,0.0
2016-07-18,200.11,200.11,177.38,0.0
2016-07-19,199.82,199.82,177.12,0.0
2016-07-20,200.7,200.7,177.9,0.0
2016-07-21,199.98,199.98,177.26,0.0
2016-07-22,200.89,200.89,178.07,0.0
2016-07-25,200.29,200.29,177.54,0.0
2016-07-26,200.36,200.36,177.6,0.0
2016-07-27,200.12,200.12,177.38,0.0
2016-07-28,200.46,200.46,177.69,0.0
2016-07-29,200.79,200.79,177.98,0.0
2016-08-01,200.54,200.54,177.76,0.0
2016-08-02,199.27,199.27,176.63,0.0
2016-08-03,199.95,199.95,177.23,0.0
2016-08-04,200.04,200.04,177.31,0.0
2016-08-05,201.77,201.77,178.85,0.0
2016-08-08,201.6,201.6,178.7,0.0
2016-08-09,201.69,201.69,178.78,0.0
2016-08-10,201.19,201.19,178.33,0.0
2016-08-11,202.17,202.17,179.2,0.0
2016-08-12,202.02,202.02,179.07,0.0
2016-08-15,202.6,202.6,179.58,0.0
2016-08-16,201.53,201.53,178.63,0.0
2016-08-17,201.95,201.95,179.01,0.0
2016-08-18,202.4,202.4,179.41,0.0
2016-08-19,202.14,202.14,179.18,0.0
2016-08-22,202.03,202.03,179.08,0.0
2016-08-23,202.43,202.43,179.43,0.0
2016-08-24,201.38,201.38,178.5,0.0
2016-08-25,201.11,201.11,178.26,0.0
2016-08-26,200.8,200.8,177.99,0.0
2016-08-29,201.87,201.87,178.94,0.0
2016-08-30,201.51,201.51,178.62,0.0
2016-08-31,201.07,201.07,178.23,0.0
2016-09-01,201.06,201.06,178.22,0.0
2016-09-02,201.92,201.92,178.98,0.0
2016-09-06,202.52,202.52,179.51,0.0
2016-09-07,202.54,202.54,179.53,0.0
2016-09-08,202.1,202.1,179.14,0.0
2016-09-09,197.15,197.15,174.75,0.0
2016-09-12,199.16,199.16,177.33,0.0
2016-09-13,196.27,196.27,174.76,0.0
2016-09-14,196.17,196.17,174.67,0.0
2016-09-15,198.19,198.19,176.47,0.0
2016-09-16,197.44,197.44,175.8,0.0
2016-09-19,197.44,197.44,175.8,0.0
2016-09-20,197.5,197.5,175.86,0.0
2016-09-21,199.66,199.66,177.78,0.0
2016-09-22,200.96,200.96,178.94,0.0
2016-09-23,199.81,199.81,177.91,0.0
2016-09-26,198.11,198.11,176.4,0.0
2016-09-27,199.39,199.39,177.54,0.0
2016-09-28,200.49,200.49,178.52,0.0
2016-09-29,198.63,198.63,176.86,0.0
2016-09-30,200.21,200.21,178.27,0.0
2016-10-03,199.58,199.58,177.71,0.0
2016-10-04,198.61,198.61,176.84,0.0
2016-10-05,199.54,199.54,177.67,0.0
2016-10-06,199.65,199.65,177.77,0.0
2016-10-07,199.0,199.0,177.19,0.0
2016-10-10,199.92,199.92,178.01,0.0
2016-10-11,197.44,197.44,175.8,0.0
2016-10-12,197.68,197.68,176.02,0.0
2016-10-13,197.07,197.07,175.47,0.0
2016-10-14,197.11,197.11,175.51,0.0
2016-10-17,196.52,196.52,174.98,0.0
2016-10-18,197.73,197.73,176.06,0.0
2016-10-19,198.19,198.19,176.47,0.0
2016-10-20,197.93,197.93,176.24,0.0
2016-10-21,197.91,197.91,176.22,0.0
2016-10-24,198.85,198.85,177.06,0.0
2016-10-25,198.1,198.1,176.39,0.0
2016-10-26,197.76,197.76,176.09,0.0
2016-10-27,197.18,197.18,175.57,0.0
2016-10-28,196.58,196.58,175.04,0.0
2016-10-31,196.55,196.55,175.01,0.0
2016-11-01,195.22,195.22,173.83,0.0
2016-11-02,193.97,193.97,172.71,0.0
2016-11-03,193.18,193.18,172.01,0.0
2016-11-04,192.87,192.87,171.73,0.0
2016-11-07,197.16,197.16,175.55,0.0
2016-11-08,198.0,198.0,176.3,0.0
2016-11-09,200.21,200.21,178.27,0.0
2016-11-10,200.62,200.62,178.63,0.0
2016-11-11,200.34,200.34,178.39,0.0
2016-11-14,200.34,200.34,178.39,0.0
2016-11-15,201.89,201.89,179.77,0.0
2016-11-16,201.62,201.62,179.52,0.0
2016-11-17,202.58,202.58,180.38,0.0
2016-11-18,202.13,202.13,179.98,0.0
2016-11-21,203.64,203.64,181.32,0.0
2016-11-22,204.09,204.09,181.72,0.0
2016-11-23,204.26,204.26,181.88,0.0
2016-11-25,205.06,205.06,182.59,0.0
2016-11-28,204.01,204.01,181.65,0.0
2016-11-29,204.33,204.33,181.94,0.0
2016-11-30,203.83,203.83,181.49,0.0
2016-12-01,203.13,203.13,180.87,0.0
2016-12-02,203.21,203.21,180.94,0.0
2016-12-05,204.41,204.41,182.01,0.0
2016-12-06,205.11,205.11,182.63,0.0
2016-12-07,207.85,207.85,185.07,0.0
2016-12-08,208.32,208.32,185.49,0.0
2016-12-09,209.56,209.56,186.59,0.0
2016-12-12,209.33,209.33,186.39,0.0
2016-12-13,210.74,210.74,187.65,0.0
2016-12-14,209.04,209.04,186.13,0.0
2016-12-15,209.86,209.86,186.86,0.0
2016-12-16,209.5,209.5,186.54,0.0
2016-12-19,209.92,209.92,186.92,0.0
2016-12-20,210.71,210.71,187.62,0.0
2016-12-21,208.89,208.89,187.16,0.0
2016-12-22,208.53,208.53,186.83,0.0
2016-12-23,208.81,208.81,187.09,0.0
2016-12-27,209.28,209.28,187.51,0.0
2016-12-28,207.57,207.57,185.97,0.0
2016-12-29,207.52,207.52,185.93,0.0
2016-12-30,206.57,206.57,185.08,0.0
2017-01-03,208.33,208.33,186.66,0.0
2017-01-04,209.56,209.56,187.76,0.0
2017-01-05,209.41,209.41,187.62,0.0
2017-01-06,210.21,210.21,188.34,0.0
2017-01-09,209.46,209.46,187.67,0.0
2017-01-10,209.46,209.46,187.67,0.0
2017-01-11,210.07,210.07,188.21,0.0
2017-01-12,209.63,209.63,187.82,0.0
2017-01-13,210.01,210.01,188.16,0.0
2017-01-17,209.39,209.39,187.61,0.0
2017-01-18,209.79,209.79,187.96,0.0
2017-01-19,209.04,209.04,187.29,0.0
2017-01-20,209.75,209.75,187.93,0.0
2017-01-23,209.19,209.19,187.43,0.0
2017-01-24,210.56,210.56,188.65,0.0
2017-01-25,212.25,212.25,190.17,0.0
2017-01-26,212.1,212.1,190.03,0.0
2017-01-27,211.93,211.93,189.88,0.0
2017-01-30,210.66,210.66,188.74,0.0
2017-01-31,210.48,210.48,188.58,0.0
2017-02-01,210.59,210.59,188.68,0.0
2017-02-02,210.72,210.72,188.8,0.0
2017-02-03,212.27,212.27,190.19,0.0
2017-02-06,211.82,211.82,189.78,0.0
2017-02-07,211.88,211.88,189.84,0.0
2017-02-08,212.09,212.09,190.02,0.0
2017-02-09,213.35,213.35,191.15,0.0
2017-02-10,214.12,214.12,191.84,0.0
2017-02-13,215.3,215.3,192.9,0.0
2017-02-14,216.23,216.23,193.73,0.0
2017-02-15,217.34,217.34,194.73,0.0
2017-02-16,217.17,217.17,194.58,0.0
2017-02-17,217.54,217.54,194.91,0.0
2017-02-21,218.85,218.85,196.08,0.0
2017-02-22,218.64,218.64,195.89,0.0
2017-02-23,218.75,218.75,195.99,0.0
2017-02-24,219.13,219.13,196.33,0.0
2017-02-27,219.39,219.39,196.56,0.0
2017-02-28,218.83,218.83,196.06,0.0
2017-03-01,221.86,221.86,198.78,0.0
2017-03-02,220.58,220.58,197.63,0.0
2017-03-03,220.69,220.69,197.73,0.0
2017-03-06,219.98,219.98,197.09,0.0
2017-03-07,219.35,219.35,196.53,0.0
2017-03-08,218.91,218.91,196.13,0.0
2017-03-09,219.09,219.09,196.3,0.0
2017-03-10,219.8,219.8,196.93,0.0
2017-03-13,219.96,219.96,197.08,0.0
2017-03-14,219.22,219.22,196.41,0.0
2017-03-15,221.06,221.06,198.06,0.0
2017-03-16,220.71,220.71,197.75,0.0
2017-03-17,220.42,220.42,197.49,0.0
2017-03-20,219.99,219.99,197.1,0.0
2017-03-21,216.27,216.27,194.66,0.0
2017-03-22,216.69,216.69,195.04,0.0
2017-03-23,216.46,216.46,194.83,0.0
2017-03-24,216.28,216.28,194.67,0.0
2017-03-27,216.06,216.06,194.47,0.0
2017-03-28,217.62,217.62,195.87,0.0
2017-03-29,217.9,217.9,196.13,0.0
2017-03-30,218.55,218.55,196.71,0.0
2017-03-31,218.06,218.06,196.27,0.0
2017-04-03,217.71,217.71,195.95,0.0
2017-04-04,217.87,217.87,196.1,0.0
2017-04-05,217.22,217.22,195.51,0.0
2017-04-06,217.71,217.71,195.95,0.0
2017-04-07,217.52,217.52,195.78,0.0
2017-04-10,217.69,217.69,195.94,0.0
2017-04-11,217.4,217.4,195.68,0.0
2017-04-12,216.59,216.59,194.95,0.0
2017-04-13,215.12,215.12,193.62,0.0
2017-04-17,216.97,216.97,195.29,0.0
2017-04-18,216.34,216.34,194.72,0.0
2017-04-19,216.0,216.0,194.42,0.0
2017-04-20,217.64,217.64,195.89,0.0
2017-04-21,216.98,216.98,195.3,0.0
2017-04-24,219.33,219.33,197.41,0.0
2017-04-25,220.67,220.67,198.62,0.0
2017-04-26,220.56,220.56,198.52,0.0
2017-04-27,220.71,220.71,198.66,0.0
2017-04-28,220.29,220.29,198.28,0.0
2017-05-01,220.67,220.67,198.62,0.0
2017-05-02,220.93,220.93,198.85,0.0
2017-05-03,220.69,220.69,198.64,0.0
2017-05-04,220.84,220.84,198.77,0.0
2017-05-05,221.74,221.74,199.58,0.0
2017-05-08,221.77,221.77,199.61,0.0
2017-05-09,221.55,221.55,199.41,0.0
2017-05-10,221.89,221.89,199.72,0.0
2017-05-11,221.48,221.48,199.35,0.0
2017-05-12,221.15,221.15,199.05,0.0
2017-05-15,222.24,222.24,200.03,0.0
2017-05-16,222.13,222.13,199.93,0.0
2017-05-17,218.16,218.16,196.36,0.0
2017-05-18,218.96,218.96,197.08,0.0
2017-05-19,220.45,220.45,198.42,0.0
2017-05-22,221.59,221.59,199.45,0.0
2017-05-23,222.0,222.0,199.82,0.0
2017-05-24,222.56,222.56,200.32,0.0
2017-05-25,223.58,223.58,201.24,0.0
2017-05-26,223.68,223.68,201.33,0.0
2017-05-30,223.45,223.45,201.12,0.0
2017-05-31,223.38,223.38,201.06,0.0
2017-06-01,225.1,225.1,202.61,0.0
2017-06-02,225.93,225.93,203.35,0.0
2017-06-05,225.67,225.67,203.12,0.0
2017-06-06,225.04,225.04,202.55,0.0
2017-06-07,225.44,225.44,202.91,0.0
2017-06-08,225.5,225.5,202.97,0.0
2017-06-09,225.31,225.31,202.8,0.0
2017-06-12,225.11,225.11,202.62,0.0
2017-06-13,226.19,226.19,203.59,0.0
2017-06-14,225.98,225.98,203.4,0.0
2017-06-15,225.51,225.51,202.98,0.0
2017-06-16,225.58,225.58,203.04,0.0
2017-06-19,227.46,227.46,204.73,0.0
2017-06-20,225.94,225.94,203.36,0.0
2017-06-21,225.83,225.83,203.26,0.0
2017-06-22,224.71,224.71,203.17,0.0
2017-06-23,225.06,225.06,203.49,0.0
2017-06-26,225.13,225.13,203.55,0.0
2017-06-27,223.32,223.32,201.91,0.0
2017-06-28,225.33,225.33,203.73,0.0
2017-06-29,223.4,223.4,201.99,0.0
2017-06-30,223.75,223.75,202.3,0.0
2017-07-03,224.28,224.28,202.78,0.0
2017-07-05,224.65,224.65,203.12,0.0
2017-07-06,222.63,222.63,201.29,0.0
2017-07-07,224.06,224.06,202.58,0.0
2017-07-10,224.27,224.27,202.77,0.0
2017-07-11,224.09,224.09,202.61,0.0
2017-07-12,225.75,225.75,204.11,0.0
2017-07-13,226.18,226.18,204.5,0.0
2017-07-14,227.24,227.24,205.46,0.0
2017-07-17,227.24,227.24,205.46,0.0
2017-07-18,227.37,227.37,205.58,0.0
2017-07-19,228.62,228.62,206.71,0.0
2017-07-20,228.6,228.6,206.69,0.0
2017-07-21,228.51,228.51,206.61,0.0
2017-07-24,228.28,228.28,206.4,0.0
2017-07-25,228.94,228.94,206.99,0.0
2017-07-26,229.0,229.0,207.05,0.0
2017-07-27,228.81,228.81,206.88,0.0
2017-07-28,228.51,228.51,206.61,0.0
2017-07-31,228.34,228.34,206.45,0.0
2017-08-01,228.9,228.9,206.96,0.0
2017-08-02,229.06,229.06,207.1,0.0
2017-08-03,228.6,228.6,206.69,0.0
2017-08-04,229.04,229.04,207.09,0.0
2017-08-07,229.42,229.42,207.43,0.0
2017-08-08,228.89,228.89,206.95,0.0
2017-08-09,228.84,228.84,206.9,0.0
2017-08-10,225.61,225.61,203.98,0.0
2017-08-11,225.91,225.91,204.26,0.0
2017-08-14,228.19,228.19,206.32,0.0
2017-08-15,228.13,228.13,206.26,0.0
2017-08-16,228.52,228.52,206.62,0.0
2017-08-17,225.0,225.0,203.43,0.0
2017-08-18,224.59,224.59,203.06,0.0
2017-08-21,224.86,224.86,203.31,0.0
2017-08-22,227.1,227.1,205.33,0.0
2017-08-23,226.34,226.34,204.64,0.0
2017-08-24,225.87,225.87,204.22,0.0
2017-08-25,226.27,226.27,204.58,0.0
2017-08-28,226.39,226.39,204.69,0.0
2017-08-29,226.62,226.62,204.9,0.0
2017-08-30,227.72,227.72,205.89,0.0
2017-08-31,229.03,229.03,207.08,0.0
2017-09-01,229.51,229.51,207.51,0.0
2017-09-05,227.78,227.78,205.95,0.0
2017-09-06,228.5,228.5,206.6,0.0
2017-09-07,228.51,228.51,206.61,0.0
2017-09-08,228.18,228.18,206.31,0.0
2017-09-11,230.65,230.65,208.54,0.0
2017-09-12,231.44,231.44,209.26,0.0
2017-09-13,231.62,231.62,209.42,0.0
2017-09-14,231.44,231.44,209.26,0.0
2017-09-15,231.9,231.9,209.67,0.0
2017-09-18,232.24,232.24,209.98,0.0
2017-09-19,231.31,231.31,210.21,0.0
2017-09-20,231.46,231.46,210.35,0.0
2017-09-21,230.76,230.76,209.71,0.0
2017-09-22,230.92,230.92,209.86,0.0
2017-09-25,230.41,230.41,209.39,0.0
2017-09-26,230.44,230.44,209.42,0.0
2017-09-27,231.38,231.38,210.28,0.0
2017-09-28,231.71,231.71,210.58,0.0
2017-09-29,232.57,232.57,211.36,0.0
2017-10-02,233.47,233.47,212.18,0.0
2017-10-03,233.99,233.99,212.65,0.0
2017-10-04,234.29,234.29,212.92,0.0
2017-10-05,235.66,235.66,214.17,0.0
2017-10-06,235.48,235.48,214.0,0.0
2017-10-09,235.05,235.05,213.61,0.0
2017-10-10,235.6,235.6,214.11,0.0
2017-10-11,236.03,236.03,214.5,0.0
2017-10-12,235.65,235.65,214.16,0.0
2017-10-13,235.87,235.87,214.36,0.0
2017-10-16,236.28,236.28,214.73,0.0
2017-10-17,236.44,236.44,214.87,0.0
2017-10-18,236.62,236.62,215.04,0.0
2017-10-19,236.72,236.72,215.13,0.0
2017-10-20,237.95,237.95,216.25,0.0
2017-10-23,237.01,237.01,215.39,0.0
2017-10-24,237.4,237.4,215.75,0.0
2017-10-25,236.29,236.29,214.74,0.0
2017-10-26,236.59,236.59,215.01,0.0
2017-10-27,238.5,238.5,216.75,0.0
2017-10-30,237.76,237.76,216.07,0.0
2017-10-31,237.99,237.99,216.28,0.0
2017-11-01,238.37,238.37,216.63,0.0
2017-11-02,238.44,238.44,216.69,0.0
2017-11-03,239.2,239.2,217.38,0.0
2017-11-06,239.53,239.53,217.68,0.0
2017-11-07,239.48,239.48,217.64,0.0
2017-11-08,239.83,239.83,217.95,0.0
2017-11-09,238.99,238.99,217.19,0.0
2017-11-10,238.86,238.86,217.07,0.0
2017-11-13,239.1,239.1,217.29,0.0
2017-11-14,238.58,238.58,216.82,0.0
2017-11-15,237.32,237.32,215.67,0.0
2017-11-16,239.34,239.34,217.51,0.0
2017-11-17,238.72,238.72,216.95,0.0
2017-11-20,239.03,239.03,217.23,0.0
2017-11-21,240.6,240.6,218.65,0.0
2017-11-22,240.45,240.45,218.52,0.0
2017-11-24,240.95,240.95,218.97,0.0
2017-11-27,240.88,240.88,218.91,0.0
2017-11-28,243.27,243.27,221.08,0.0
2017-11-29,243.21,243.21,221.03,0.0
2017-11-30,245.29,245.29,222.92,0.0
2017-12-01,244.8,244.8,222.47,0.0
2017-12-04,244.55,244.55,222.24,0.0
2017-12-05,243.64,243.64,221.42,0.0
2017-12-06,243.62,243.62,221.4,0.0
2017-12-07,244.38,244.38,222.09,0.0
2017-12-08,245.75,245.75,223.34,0.0
2017-12-11,246.54,246.54,224.05,0.0
2017-12-12,246.93,246.93,224.41,0.0
2017-12-13,246.82,246.82,224.31,0.0
2017-12-14,245.86,245.86,223.43,0.0
2017-12-15,248.08,248.08,225.45,0.0
2017-12-18,249.42,249.42,226.67,0.0
2017-12-19,248.61,248.61,225.93,0.0
2017-12-20,248.44,248.44,225.78,0.0
2017-12-21,248.93,248.93,226.22,0.0
2017-12-22,247.63,247.63,226.13,0.0
2017-12-26,247.38,247.38,225.9,0.0
2017-12-27,247.59,247.59,226.09,0.0
2017-12-28,248.09,248.09,226.55,0.0
2017-12-29,246.82,246.82,225.39,0.0
2018-01-02,248.88,248.88,227.27,0.0
2018-01-03,250.47,250.47,228.72,0.0
2018-01-04,251.53,251.53,229.69,0.0
2018-01-05,253.3,253.3,231.3,0.0
2018-01-08,253.73,253.73,231.7,0.0
2018-01-09,254.13,254.13,232.06,0.0
2018-01-10,253.85,253.85,231.81,0.0
2018-01-11,255.66,255.66,233.46,0.0
2018-01-12,257.38,257.38,235.03,0.0
2018-01-16,256.48,256.48,234.21,0.0
2018-01-17,258.89,258.89,236.41,0.0
2018-01-18,258.5,258.5,236.05,0.0
2018-01-19,259.64,259.64,237.09,0.0
2018-01-22,261.73,261.73,239.0,0.0
2018-01-23,262.31,262.31,239.53,0.0
2018-01-24,262.17,262.17,239.4,0.0
2018-01-25,262.33,262.33,239.55,0.0
2018-01-26,265.44,265.44,242.39,0.0
2018-01-29,263.66,263.66,240.76,0.0
2018-01-30,260.81,260.81,238.16,0.0
2018-01-31,260.94,260.94,238.28,0.0
2018-02-01,260.82,260.82,238.17,0.0
2018-02-02,255.3,255.3,233.13,0.0
2018-02-05,244.83,244.83,223.57,0.0
2018-02-06,249.14,249.14,227.51,0.0
2018-02-07,247.9,247.9,226.37,0.0
2018-02-08,238.64,238.64,217.92,0.0
2018-02-09,242.27,242.27,221.23,0.0
2018-02-12,245.65,245.65,224.32,0.0
2018-02-13,246.31,246.31,224.92,0.0
2018-02-14,249.68,249.68,228.0,0.0
2018-02-15,252.76,252.76,230.81,0.0
2018-02-16,252.87,252.87,230.91,0.0
2018-02-20,251.41,251.41,229.58,0.0
2018-02-21,250.03,250.03,228.32,0.0
2018-02-22,250.3,250.3,228.56,0.0
2018-02-23,254.32,254.32,232.24,0.0
2018-02-26,257.35,257.35,235.0,0.0
2018-02-27,254.11,254.11,232.04,0.0
2018-02-28,251.32,251.32,229.5,0.0
2018-03-01,248.01,248.01,226.47,0.0
2018-03-02,249.29,249.29,227.64,0.0
2018-03-05,252.04,252.04,230.15,0.0
2018-03-06,252.72,252.72,230.77,0.0
2018-03-07,252.61,252.61,230.67,0.0
2018-03-08,253.81,253.81,231.77,0.0
2018-03-09,258.22,258.22,235.8,0.0
2018-03-12,257.89,257.89,235.5,0.0
2018-03-13,256.27,256.27,234.02,0.0
2018-03-14,254.87,254.87,232.74,0.0
2018-03-15,254.69,254.69,232.57,0.0
2018-03-16,255.13,255.13,232.98,0.0
2018-03-19,251.51,251.51,229.67,0.0
2018-03-20,251.88,251.88,230.01,0.0
2018-03-21,251.45,251.45,229.61,0.0
2018-03-22,245.13,245.13,223.84,0.0
2018-03-23,238.9,238.9,219.13,0.0
2018-03-26,245.39,245.39,225.08,0.0
2018-03-27,241.15,241.15,221.19,0.0
2018-03-28,240.49,240.49,220.59,0.0
2018-03-29,243.81,243.81,223.63,0.0
2018-04-02,238.36,238.36,218.63,0.0
2018-04-03,241.38,241.38,221.4,0.0
2018-04-04,244.19,244.19,223.98,0.0
2018-04-05,245.9,245.9,225.55,0.0
2018-04-06,240.51,240.51,220.61,0.0
2018-04-09,241.39,241.39,221.41,0.0
2018-04-10,245.43,245.43,225.12,0.0
2018-04-11,244.08,244.08,223.88,0.0
2018-04-12,246.13,246.13,225.76,0.0
2018-04-13,245.43,245.43,225.12,0.0
2018-04-16,247.42,247.42,226.94,0.0
2018-04-17,250.06,250.06,229.37,0.0
2018-04-18,250.27,250.27,229.56,0.0
2018-04-19,248.86,248.86,228.27,0.0
2018-04-20,246.75,246.75,226.33,0.0
2018-04-23,246.76,246.76,226.34,0.0
2018-04-24,243.47,243.47,223.32,0.0
2018-04-25,243.92,243.92,223.73,0.0
2018-04-26,246.46,246.46,226.06,0.0
2018-04-27,246.75,246.75,226.33,0.0
2018-04-30,244.73,244.73,224.48,0.0
2018-05-01,245.36,245.36,225.06,0.0
2018-05-02,243.59,243.59,223.43,0.0
2018-05-03,243.07,243.07,222.95,0.0
2018-05-04,246.23,246.23,225.85,0.0
2018-05-07,247.08,247.08,226.63,0.0
2018-05-08,247.02,247.02,226.58,0.0
2018-05-09,249.44,249.44,228.8,0.0
2018-05-10,251.83,251.83,230.99,0.0
2018-05-11,252.35,252.35,231.47,0.0
2018-05-14,252.58,252.58,231.68,0.0
2018-05-15,250.87,250.87,230.11,0.0
2018-05-16,251.95,251.95,231.1,0.0
2018-05-17,251.81,251.81,230.97,0.0
2018-05-18,251.17,251.17,230.38,0.0
2018-05-21,253.03,253.03,232.09,0.0
2018-05-22,252.24,252.24,231.37,0.0
2018-05-23,253.07,253.07,232.13,0.0
2018-05-24,252.56,252.56,231.66,0.0
2018-05-25,252.0,252.0,231.15,0.0
2018-05-29,249.1,249.1,228.49,0.0
2018-05-30,252.3,252.3,231.42,0.0
2018-05-31,250.62,250.62,229.88,0.0
2018-06-01,253.36,253.36,232.39,0.0
2018-06-04,254.5,254.5,233.44,0.0
2018-06-05,254.7,254.7,233.62,0.0
2018-06-06,256.89,256.89,235.63,0.0
2018-06-07,256.75,256.75,235.5,0.0
2018-06-08,257.56,257.56,236.25,0.0
2018-06-11,257.84,257.84,236.5,0.0
2018-06-12,258.29,258.29,236.92,0.0
2018-06-13,257.26,257.26,235.97,0.0
2018-06-14,257.98,257.98,236.63,0.0
2018-06-15,257.74,257.74,236.41,0.0
2018-06-18,257.2,257.2,235.92,0.0
2018-06-19,256.17,256.17,234.97,0.0
2018-06-20,256.61,256.61,235.37,0.0
2018-06-21,255.01,255.01,233.91,0.0
2018-06-22,255.49,255.49,234.35,0.0
2018-06-25,251.99,251.99,231.14,0.0
2018-06-26,252.54,252.54,231.64,0.0
2018-06-27,249.2,249.2,229.64,0.0
2018-06-28,250.77,250.77,231.08,0.0
2018-06-29,250.98,250.98,231.28,0.0
2018-07-02,251.76,251.76,232.0,0.0
2018-07-03,250.51,250.51,230.84,0.0
2018-07-05,252.73,252.73,232.89,0.0
2018-07-06,254.89,254.89,234.88,0.0
2018-07-09,257.22,257.22,237.03,0.0
2018-07-10,258.11,258.11,237.85,0.0
2018-07-11,256.28,256.28,236.16,0.0
2018-07-12,258.55,258.55,238.25,0.0
2018-07-13,258.83,258.83,238.51,0.0
2018-07-16,258.57,258.57,238.27,0.0
2018-07-17,259.61,259.61,239.23,0.0
2018-07-18,260.17,260.17,239.75,0.0
2018-07-19,259.17,259.17,238.82,0.0
2018-07-20,258.93,258.93,238.6,0.0
2018-07-23,259.41,259.41,239.05,0.0
2018-07-24,260.66,260.66,240.2,0.0
2018-07-25,263.03,263.03,242.38,0.0
2018-07-26,262.24,262.24,241.65,0.0
2018-07-27,260.52,260.52,240.07,0.0
2018-07-30,259.04,259.04,238.71,0.0
2018-07-31,260.31,260.31,239.88,0.0
2018-08-01,260.04,260.04,239.63,0.0
2018-08-02,261.35,261.35,240.83,0.0
2018-08-03,262.6,262.6,241.99,0.0
2018-08-06,263.55,263.55,242.86,0.0
2018-08-07,264.3,264.3,243.55,0.0
2018-08-08,264.23,264.23,243.49,0.0
2018-08-09,263.92,263.92,243.2,0.0
2018-08-10,262.12,262.12,241.54,0.0
2018-08-13,261.08,261.08,240.58,0.0
2018-08-14,262.77,262.77,242.14,0.0
2018-08-15,260.82,260.82,240.35,0.0
2018-08-16,262.96,262.96,242.32,0.0
2018-08-17,263.85,263.85,243.14,0.0
2018-08-20,264.5,264.5,243.74,0.0
2018-08-21,265.06,265.06,244.25,0.0
2018-08-22,264.96,264.96,244.16,0.0
2018-08-23,264.53,264.53,243.76,0.0
2018-08-24,266.17,266.17,245.28,0.0
2018-08-27,268.24,268.24,247.18,0.0
2018-08-28,268.32,268.32,247.26,0.0
2018-08-29,269.87,269.87,248.68,0.0
2018-08-30,268.72,268.72,247.63,0.0
2018-08-31,268.78,268.78,247.68,0.0
2018-09-04,268.36,268.36,247.29,0.0
2018-09-05,267.61,267.61,246.6,0.0
2018-09-06,266.71,266.71,245.77,0.0
2018-09-07,266.14,266.14,245.25,0.0
2018-09-10,266.64,266.64,245.71,0.0
2018-09-11,267.66,267.66,246.65,0.0
2018-09-12,267.76,267.76,246.74,0.0
2018-09-13,269.24,269.24,248.1,0.0
2018-09-14,269.36,269.36,248.21,0.0
2018-09-17,267.86,267.86,246.83,0.0
2018-09-18,269.31,269.31,248.17,0.0
2018-09-19,269.65,269.65,248.48,0.0
2018-09-20,271.77,271.77,250.44,0.0
2018-09-21,271.68,271.68,250.35,0.0
2018-09-24,270.72,270.72,249.47,0.0
2018-09-25,269.17,269.17,249.16,0.0
2018-09-26,268.29,268.29,248.34,0.0
2018-09-27,269.08,269.08,249.07,0.0
2018-09-28,269.09,269.09,249.08,0.0
2018-10-01,270.06,270.06,249.98,0.0
2018-10-02,269.96,269.96,249.89,0.0
2018-10-03,270.16,270.16,250.07,0.0
2018-10-04,268.01,268.01,248.08,0.0
2018-10-05,266.54,266.54,246.72,0.0
2018-10-08,266.43,266.43,246.62,0.0
2018-10-09,266.13,266.13,246.34,0.0
2018-10-10,257.38,257.38,238.24,0.0
2018-10-11,252.09,252.09,233.35,0.0
2018-10-12,255.7,255.7,236.69,0.0
2018-10-15,254.19,254.19,235.29,0.0
2018-10-16,259.66,259.66,240.36,0.0
2018-10-17,259.61,259.61,240.31,0.0
2018-10-18,255.9,255.9,236.87,0.0
2018-10-19,255.81,255.81,236.79,0.0
2018-10-22,254.72,254.72,235.78,0.0
2018-10-23,253.33,253.33,234.5,0.0
2018-10-24,245.51,245.51,227.26,0.0
2018-10-25,250.07,250.07,231.48,0.0
2018-10-26,245.75,245.75,227.48,0.0
2018-10-29,244.13,244.13,225.98,0.0
2018-10-30,247.98,247.98,229.54,0.0
2018-10-31,250.68,250.68,232.04,0.0
2018-11-01,253.33,253.33,234.5,0.0
2018-11-02,251.76,251.76,233.04,0.0
2018-11-05,253.17,253.17,234.35,0.0
2018-11-06,254.78,254.78,235.84,0.0
2018-11-07,260.18,260.18,240.84,0.0
2018-11-08,259.67,259.67,240.36,0.0
2018-11-09,257.32,257.32,238.19,0.0
2018-11-12,252.25,252.25,233.5,0.0
2018-11-13,251.89,251.89,233.16,0.0
2018-11-14,250.04,250.04,231.45,0.0
2018-11-15,252.78,252.78,233.99,0.0
2018-11-16,253.36,253.36,234.52,0.0
2018-11-19,249.15,249.15,230.63,0.0
2018-11-20,244.64,244.64,226.45,0.0
2018-11-21,245.4,245.4,227.16,0.0
2018-11-23,243.81,243.81,225.68,0.0
2018-11-26,247.62,247.62,229.21,0.0
2018-11-27,248.43,248.43,229.96,0.0
2018-11-28,254.16,254.16,235.26,0.0
2018-11-29,253.66,253.66,234.8,0.0
2018-11-30,255.78,255.78,236.76,0.0
2018-12-03,258.58,258.58,239.36,0.0
2018-12-04,250.23,250.23,231.63,0.0
2018-12-06,249.92,249.92,231.34,0.0
2018-12-07,244.13,244.13,225.98,0.0
2018-12-10,244.57,244.57,226.39,0.0
2018-12-11,244.49,244.49,226.31,0.0
2018-12-12,245.82,245.82,227.54,0.0
2018-12-13,245.81,245.81,227.53,0.0
2018-12-14,239.87,239.87,223.2,0.0
2018-12-17,234.9,234.9,218.58,0.0
2018-12-18,234.93,234.93,218.6,0.0
2018-12-19,231.34,231.34,215.26,0.0
2018-12-20,227.7,227.7,211.88,0.0
2018-12-21,223.0,223.0,207.5,0.0
2018-12-24,216.97,216.97,201.89,0.0
2018-12-26,227.74,227.74,211.91,0.0
2018-12-27,229.71,229.71,213.75,0.0
2018-12-28,229.46,229.46,213.51,0.0
2018-12-31,231.44,231.44,215.36,0.0
2019-01-02,231.73,231.73,215.63,0.0
2019-01-03,226.06,226.06,210.35,0.0
2019-01-04,233.82,233.82,217.57,0.0
2019-01-07,235.46,235.46,219.1,0.0
2019-01-08,237.74,237.74,221.22,0.0
2019-01-09,238.79,238.79,222.19,0.0
2019-01-10,239.87,239.87,223.2,0.0
2019-01-11,239.84,239.84,223.17,0.0
2019-01-14,238.6,238.6,222.02,0.0
2019-01-15,241.16,241.16,224.4,0.0
2019-01-16,241.71,241.71,224.91,0.0
2019-01-17,243.57,243.57,226.64,0.0
2019-01-18,246.78,246.78,229.63,0.0
2019-01-22,243.3,243.3,226.39,0.0
2019-01-23,243.83,243.83,226.88,0.0
2019-01-24,244.17,244.17,227.2,0.0
2019-01-25,246.26,246.26,229.15,0.0
2019-01-28,244.32,244.32,227.34,0.0
2019-01-29,243.97,243.97,227.01,0.0
2019-01-30,247.79,247.79,230.57,0.0
2019-01-31,249.98,249.98,232.61,0.0
2019-02-01,250.23,250.23,232.84,0.0
2019-02-04,251.93,251.93,234.42,0.0
2019-02-05,253.12,253.12,235.53,0.0
2019-02-06,252.58,252.58,235.03,0.0
2019-02-07,250.26,250.26,232.87,0.0
2019-02-08,250.51,250.51,233.1,0.0
2019-02-11,250.69,250.69,233.27,0.0
2019-02-12,253.94,253.94,236.29,0.0
2019-02-13,254.72,254.72,237.02,0.0
2019-02-14,254.14,254.14,236.48,0.0
2019-02-15,256.93,256.93,239.07,0.0
2019-02-19,257.33,257.33,239.45,0.0
2019-02-20,257.84,257.84,239.92,0.0
2019-02-21,256.94,256.94,239.08,0.0
2019-02-22,258.6,258.6,240.63,0.0
2019-02-25,258.96,258.96,240.96,0.0
2019-02-26,258.75,258.75,240.77,0.0
2019-02-27,258.65,258.65,240.67,0.0
2019-02-28,258.0,258.0,240.07,0.0
2019-03-01,259.79,259.79,241.74,0.0
2019-03-04,258.79,258.79,240.8,0.0
2019-03-05,258.5,258.5,240.53,0.0
2019-03-06,256.83,256.83,238.98,0.0
2019-03-07,254.79,254.79,237.08,0.0
2019-03-08,254.28,254.28,236.61,0.0
2019-03-11,258.01,258.01,240.08,0.0
2019-03-12,258.78,258.78,240.8,0.0
2019-03-13,260.61,260.61,242.5,0.0
2019-03-14,260.46,260.46,242.36,0.0
2019-03-15,261.77,261.77,243.58,0.0
2019-03-18,262.75,262.75,244.49,0.0
2019-03-19,262.72,262.72,244.46,0.0
2019-03-20,260.51,260.51,243.76,0.0
2019-03-21,263.36,263.36,246.42,0.0
2019-03-22,258.37,258.37,241.75,0.0
2019-03-25,258.18,258.18,241.58,0.0
2019-03-26,260.03,260.03,243.31,0.0
2019-03-27,258.83,258.83,242.18,0.0
2019-03-28,259.8,259.8,243.09,0.0
2019-03-29,261.56,261.56,244.74,0.0
2019-04-01,264.59,264.59,247.57,0.0
2019-04-02,264.6,264.6,247.58,0.0
2019-04-03,265.17,265.17,248.12,0.0
2019-04-04,265.78,265.78,248.69,0.0
2019-04-05,267.02,267.02,249.85,0.0
2019-04-08,267.3,267.3,250.11,0.0
2019-04-09,265.76,265.76,248.67,0.0
2019-04-10,266.71,266.71,249.56,0.0
2019-04-11,266.72,266.72,249.57,0.0
2019-04-12,268.51,268.51,251.24,0.0
2019-04-15,268.35,268.35,251.09,0.0
2019-04-16,268.49,268.49,251.22,0.0
2019-04-17,267.9,267.9,250.67,0.0
2019-04-18,268.33,268.33,251.07,0.0
2019-04-22,268.61,268.61,251.34,0.0
2019-04-23,271.0,271.0,253.57,0.0
2019-04-24,270.4,270.4,253.01,0.0
2019-04-25,270.31,270.31,252.93,0.0
2019-04-26,271.58,271.58,254.11,0.0
2019-04-29,271.88,271.88,254.39,0.0
2019-04-30,272.15,272.15,254.65,0.0
2019-05-01,270.11,270.11,252.74,0.0
2019-05-02,269.55,269.55,252.21,0.0
2019-05-03,272.17,272.17,254.67,0.0
2019-05-06,270.98,270.98,253.55,0.0
2019-05-07,266.51,266.51,249.37,0.0
2019-05-08,266.09,266.09,248.98,0.0
2019-05-09,265.38,265.38,248.31,0.0
2019-05-10,266.46,266.46,249.32,0.0
2019-05-13,260.03,260.03,243.31,0.0
2019-05-14,262.15,262.15,245.29,0.0
2019-05-15,263.73,263.73,246.77,0.0
2019-05-16,266.16,266.16,249.04,0.0
2019-05-17,264.63,264.63,247.61,0.0
2019-05-20,262.84,262.84,245.94,0.0
2019-05-21,265.08,265.08,248.03,0.0
2019-05-22,264.34,264.34,247.34,0.0
2019-05-23,261.21,261.21,244.41,0.0
2019-05-24,261.61,261.61,244.79,0.0
2019-05-28,259.42,259.42,242.74,0.0
2019-05-29,257.63,257.63,241.06,0.0
2019-05-30,258.2,258.2,241.59,0.0
2019-05-31,254.85,254.85,238.46,0.0
2019-06-03,254.15,254.15,237.81,0.0
2019-06-04,259.6,259.6,242.9,0.0
2019-06-05,261.75,261.75,244.92,0.0
2019-06-06,263.43,263.43,246.49,0.0
2019-06-07,266.22,266.22,249.1,0.0
2019-06-10,267.46,267.46,250.26,0.0
2019-06-11,267.38,267.38,250.18,0.0
2019-06-12,266.84,266.84,249.68,0.0
2019-06-13,268.01,268.01,250.77,0.0
2019-06-14,267.62,267.62,250.41,0.0
2019-06-17,267.87,267.87,250.64,0.0
2019-06-18,270.48,270.48,253.08,0.0
2019-06-19,271.29,271.29,253.84,0.0
2019-06-20,273.88,273.88,256.27,0.0
2019-06-21,273.55,273.55,255.96,0.0
2019-06-24,273.08,273.08,255.52,0.0
2019-06-25,270.49,270.49,253.09,0.0
2019-06-26,268.76,268.76,252.77,0.0
2019-06-27,269.83,269.83,253.78,0.0
2019-06-28,271.4,271.4,255.26,0.0
2019-07-01,273.48,273.48,257.21,0.0
2019-07-02,274.29,274.29,257.97,0.0
2019-07-03,276.46,276.46,260.02,0.0
2019-07-05,275.99,275.99,259.57,0.0
2019-07-08,274.66,274.66,258.32,0.0
2019-07-09,275.08,275.08,258.72,0.0
2019-07-10,276.33,276.33,259.89,0.0
2019-07-11,276.96,276.96,260.49,0.0
2019-07-12,278.26,278.26,261.71,0.0
2019-07-15,278.31,278.31,261.76,0.0
2019-07-16,277.37,277.37,260.87,0.0
2019-07-17,275.56,275.56,259.17,0.0
2019-07-18,276.58,276.58,260.13,0.0
2019-07-19,274.88,274.88,258.53,0.0
2019-07-22,275.66,275.66,259.26,0.0
2019-07-23,277.55,277.55,261.04,0.0
2019-07-24,278.86,278.86,262.27,0.0
2019-07-25,277.4,277.4,260.9,0.0
2019-07-26,279.45,279.45,262.83,0.0
2019-07-29,279.0,279.0,262.4,0.0
2019-07-30,278.31,278.31,261.76,0.0
2019-07-31,275.28,275.28,258.91,0.0
2019-08-01,272.84,272.84,256.61,0.0
2019-08-02,270.87,270.87,254.76,0.0
2019-08-05,262.81,262.81,247.18,0.0
2019-08-06,266.26,266.26,250.42,0.0
2019-08-07,266.47,266.47,250.62,0.0
2019-08-08,271.55,271.55,255.4,0.0
2019-08-09,269.8,269.8,253.75,0.0
2019-08-12,266.62,266.62,250.76,0.0
2019-08-13,270.56,270.56,254.47,0.0
2019-08-14,262.71,262.71,247.08,0.0
2019-08-15,263.41,263.41,247.74,0.0
2019-08-16,267.26,267.26,251.36,0.0
2019-08-19,270.51,270.51,254.42,0.0
2019-08-20,268.39,268.39,252.43,0.0
2019-08-21,270.62,270.62,254.52,0.0
2019-08-22,270.48,270.48,254.39,0.0
2019-08-23,263.47,263.47,247.8,0.0
2019-08-26,266.39,266.39,250.54,0.0
2019-08-27,265.54,265.54,249.75,0.0
2019-08-28,267.28,267.28,251.38,0.0
2019-08-29,270.72,270.72,254.62,0.0
2019-08-30,270.93,270.93,254.81,0.0
2019-09-03,269.08,269.08,253.07,0.0
2019-09-04,272.02,272.02,255.84,0.0
2019-09-05,275.62,275.62,259.23,0.0
2019-09-06,275.88,275.88,259.47,0.0
2019-09-09,275.88,275.88,259.47,0.0
2019-09-10,275.97,275.97,259.55,0.0
2019-09-11,277.98,277.98,261.45,0.0
2019-09-12,278.83,278.83,262.24,0.0
2019-09-13,278.7,278.7,262.12,0.0
2019-09-16,277.84,277.84,261.31,0.0
2019-09-17,278.55,278.55,261.98,0.0
2019-09-18,278.65,278.65,262.08,0.0
2019-09-19,278.67,278.67,262.09,0.0
2019-09-20,277.32,277.32,260.82,0.0
2019-09-23,277.3,277.3,260.81,0.0
2019-09-24,274.98,274.98,258.62,0.0
2019-09-25,275.37,275.37,260.22,0.0
2019-09-26,274.72,274.72,259.61,0.0
2019-09-27,273.3,273.3,258.27,0.0
2019-09-30,274.69,274.69,259.58,0.0
2019-10-01,271.33,271.33,256.41,0.0
2019-10-02,266.48,266.48,251.82,0.0
2019-10-03,268.67,268.67,253.89,0.0
2019-10-04,272.49,272.49,257.5,0.0
2019-10-07,271.27,271.27,256.35,0.0
2019-10-08,267.05,267.05,252.36,0.0
2019-10-09,269.57,269.57,254.74,0.0
2019-10-10,271.3,271.3,256.38,0.0
2019-10-11,274.3,274.3,259.21,0.0
2019-10-14,273.92,273.92,258.85,0.0
2019-10-15,276.65,276.65,261.43,0.0
2019-10-16,276.11,276.11,260.92,0.0
2019-10-17,276.89,276.89,261.66,0.0
2019-10-18,275.82,275.82,260.65,0.0
2019-10-21,277.72,277.72,262.44,0.0
2019-10-22,276.74,276.74,261.52,0.0
2019-10-23,277.53,277.53,262.26,0.0
2019-10-24,278.07,278.07,262.77,0.0
2019-10-25,279.2,279.2,263.84,0.0
2019-10-28,280.76,280.76,265.32,0.0
2019-10-29,280.67,280.67,265.23,0.0
2019-10-30,281.47,281.47,265.99,0.0
2019-10-31,280.63,280.63,265.19,0.0
2019-11-01,283.37,283.37,267.78,0.0
2019-11-04,284.42,284.42,268.78,0.0
2019-11-05,284.08,284.08,268.45,0.0
2019-11-06,284.3,284.3,268.66,0.0
2019-11-07,285.21,285.21,269.52,0.0
2019-11-08,286.0,286.0,270.27,0.0
2019-11-11,285.43,285.43,269.73,0.0
2019-11-12,285.9,285.9,270.17,0.0
2019-11-13,286.11,286.11,270.37,0.0
2019-11-14,286.42,286.42,270.67,0.0
2019-11-15,288.67,288.67,272.79,0.0
2019-11-18,288.82,288.82,272.93,0.0
2019-11-19,288.67,288.67,272.79,0.0
2019-11-20,287.64,287.64,271.82,0.0
2019-11-21,287.21,287.21,271.41,0.0
2019-11-22,287.83,287.83,272.0,0.0
2019-11-25,290.03,290.03,274.08,0.0
2019-11-26,290.67,290.67,274.68,0.0
2019-11-27,291.92,291.92,275.86,0.0
2019-11-29,290.82,290.82,274.82,0.0
2019-12-02,288.31,288.31,272.45,0.0
2019-12-03,286.41,286.41,270.66,0.0
2019-12-04,288.25,288.25,272.4,0.0
2019-12-05,288.76,288.76,272.88,0.0
2019-12-06,291.41,291.41,275.38,0.0
2019-12-09,290.52,290.52,274.54,0.0
2019-12-10,290.21,290.21,274.25,0.0
2019-12-11,291.05,291.05,275.04,0.0
2019-12-12,293.59,293.59,277.44,0.0
2019-12-13,293.66,293.66,277.51,0.0
2019-12-16,295.77,295.77,279.5,0.0
2019-12-17,295.87,295.87,279.6,0.0
2019-12-18,295.77,295.77,279.5,0.0
2019-12-19,297.11,297.11,280.77,0.0
2019-12-20,297.16,297.16,282.18,0.0
2019-12-23,297.41,297.41,282.41,0.0
2019-12-24,297.38,297.38,282.38,0.0
2019-12-26,298.93,298.93,283.86,0.0
2019-12-27,298.94,298.94,283.87,0.0
2019-12-30,297.25,297.25,282.26,0.0
2019-12-31,298.14,298.14,283.11,0.0
2020-01-02,300.68,300.68,285.52,0.0
2020-01-03,298.59,298.59,283.53,0.0
2020-01-06,299.64,299.64,284.53,0.0
2020-01-07,298.83,298.83,283.76,0.0
2020-01-08,300.31,300.31,285.17,0.0
2020-01-09,302.39,302.39,287.14,0.0
2020-01-10,301.52,301.52,286.32,0.0
2020-01-13,303.63,303.63,288.32,0.0
2020-01-14,303.2,303.2,287.91,0.0
2020-01-15,303.77,303.77,288.45,0.0
2020-01-16,306.32,306.32,290.87,0.0
2020-01-17,307.51,307.51,292.0,0.0
2020-01-21,306.7,306.7,291.23,0.0
2020-01-22,306.8,306.8,291.33,0.0
2020-01-23,307.17,307.17,291.68,0.0
2020-01-24,304.4,304.4,289.05,0.0
2020-01-27,299.61,299.61,284.5,0.0
2020-01-28,302.63,302.63,287.37,0.0
2020-01-29,302.37,302.37,287.12,0.0
2020-01-30,303.37,303.37,288.07,0.0
2020-01-31,298.02,298.02,282.99,0.0
2020-02-03,300.18,300.18,285.04,0.0
2020-02-04,304.68,304.68,289.32,0.0
2020-02-05,308.12,308.12,292.58,0.0
2020-02-06,309.19,309.19,293.6,0.0
2020-02-07,307.58,307.58,292.07,0.0
2020-02-10,309.88,309.88,294.25,0.0
2020-02-11,310.42,310.42,294.77,0.0
2020-02-12,312.43,312.43,296.68,0.0
2020-02-13,312.03,312.03,296.3,0.0
2020-02-14,312.65,312.65,296.88,0.0
2020-02-18,311.75,311.75,296.03,0.0
2020-02-19,313.28,313.28,297.48,0.0
2020-02-20,312.09,312.09,296.35,0.0
2020-02-21,308.82,308.82,293.25,0.0
2020-02-24,298.5,298.5,283.45,0.0
2020-02-25,289.47,289.47,274.87,0.0
2020-02-26,288.37,288.37,273.83,0.0
2020-02-27,275.69,275.69,261.79,0.0
2020-02-28,273.47,273.47,259.68,0.0
2020-03-02,286.06,286.06,271.64,0.0
2020-03-03,278.04,278.04,264.02,0.0
2020-03-04,289.78,289.78,275.17,0.0
2020-03-05,280.01,280.01,265.89,0.0
2020-03-06,275.25,275.25,261.37,0.0
2020-03-09,253.19,253.19,241.46,0.0
2020-03-10,265.69,265.69,253.38,0.0
2020-03-11,252.74,252.74,241.03,0.0
2020-03-12,228.75,228.75,218.15,0.0
2020-03-13,250.07,250.07,238.48,0.0
2020-03-16,220.12,220.12,209.92,0.0
2020-03-17,233.28,233.28,222.47,0.0
2020-03-18,221.2,221.2,210.95,0.0
2020-03-19,222.25,222.25,211.95,0.0
2020-03-20,212.65,212.65,202.8,0.0
2020-03-23,206.42,206.42,196.85,0.0
2020-03-24,225.82,225.82,215.36,0.0
2020-03-25,228.43,228.43,217.84,0.0
2020-03-26,242.69,242.69,231.44,0.0
2020-03-27,234.52,234.52,223.65,0.0
2020-03-30,242.42,242.42,231.19,0.0
2020-03-31,238.56,238.56,227.51,0.0
2020-04-01,228.03,228.03,217.46,0.0
2020-04-02,233.28,233.28,222.47,0.0
2020-04-03,229.78,229.78,219.13,0.0
2020-04-06,245.93,245.93,234.53,0.0
2020-04-07,245.54,245.54,234.16,0.0
2020-04-08,253.97,253.97,242.2,0.0
2020-04-09,257.68,257.68,245.74,0.0
2020-04-13,255.09,255.09,243.27,0.0
2020-04-14,262.92,262.92,250.74,0.0
2020-04-15,257.14,257.14,245.22,0.0
2020-04-16,258.63,258.63,246.65,0.0
2020-04-17,265.58,265.58,253.27,0.0
2020-04-20,260.82,260.82,248.73,0.0
2020-04-21,252.83,252.83,241.11,0.0
2020-04-22,258.64,258.64,246.65,0.0
2020-04-23,258.51,258.51,246.53,0.0
2020-04-24,262.12,262.12,249.97,0.0
2020-04-27,265.98,265.98,253.65,0.0
2020-04-28,264.6,264.6,252.34,0.0
2020-04-29,271.64,271.64,259.05,0.0
2020-04-30,269.14,269.14,256.67,0.0
2020-05-01,261.62,261.62,249.5,0.0
2020-05-04,262.73,262.73,250.56,0.0
2020-05-05,265.1,265.1,252.82,0.0
2020-05-06,263.27,263.27,251.07,0.0
2020-05-07,266.4,266.4,254.06,0.0
2020-05-08,270.95,270.95,258.39,0.0
2020-05-11,270.99,270.99,258.43,0.0
2020-05-12,265.46,265.46,253.16,0.0
2020-05-13,260.85,260.85,248.76,0.0
2020-05-14,263.92,263.92,251.69,0.0
2020-05-15,264.98,264.98,252.7,0.0
2020-05-18,273.36,273.36,260.69,0.0
2020-05-19,270.52,270.52,257.98,0.0
2020-05-20,275.07,275.07,262.32,0.0
2020-05-21,272.95,272.95,260.3,0.0
2020-05-22,273.64,273.64,260.96,0.0
2020-05-26,277.01,277.01,264.17,0.0
2020-05-27,281.12,281.12,268.09,0.0
2020-05-28,280.57,280.57,267.57,0.0
2020-05-29,281.96,281.96,268.89,0.0
2020-06-01,283.03,283.03,269.91,0.0
2020-06-02,285.36,285.36,272.14,0.0
2020-06-03,289.29,289.29,275.88,0.0
2020-06-04,288.38,288.38,275.02,0.0
2020-06-05,295.94,295.94,282.23,0.0
2020-06-08,299.51,299.51,285.63,0.0
2020-06-09,297.19,297.19,283.42,0.0
2020-06-10,295.61,295.61,281.91,0.0
2020-06-11,278.22,278.22,265.33,0.0
2020-06-12,281.94,281.94,268.88,0.0
2020-06-15,284.3,284.3,271.13,0.0
2020-06-16,289.69,289.69,276.27,0.0
2020-06-17,288.65,288.65,275.27,0.0
2020-06-18,288.82,288.82,275.44,0.0
2020-06-19,287.24,287.24,273.93,0.0
2020-06-22,289.12,289.12,275.72,0.0
2020-06-23,290.36,290.36,276.9,0.0
2020-06-24,282.86,282.86,269.75,0.0
2020-06-25,285.97,285.97,272.72,0.0
2020-06-26,277.62,277.62,266.09,0.0
2020-06-29,281.73,281.73,270.03,0.0
2020-06-30,286.09,286.09,274.21,0.0
2020-07-01,287.53,287.53,275.59,0.0
2020-07-02,288.9,288.9,276.9,0.0
2020-07-06,293.49,293.49,281.3,0.0
2020-07-07,290.32,290.32,278.26,0.0
2020-07-08,292.59,292.59,280.44,0.0
2020-07-09,291.02,291.02,278.93,0.0
2020-07-10,294.07,294.07,281.86,0.0
2020-07-13,291.32,291.32,279.22,0.0
2020-07-14,295.26,295.26,283.0,0.0
2020-07-15,297.95,297.95,285.58,0.0
2020-07-16,296.94,296.94,284.61,0.0
2020-07-17,297.8,297.8,285.43,0.0
2020-07-20,300.31,300.31,287.84,0.0
2020-07-21,300.82,300.82,288.33,0.0
2020-07-22,302.55,302.55,289.99,0.0
2020-07-23,298.85,298.85,286.44,0.0
2020-07-24,297.0,297.0,284.67,0.0
2020-07-27,299.2,299.2,286.77,0.0
2020-07-28,297.27,297.27,284.92,0.0
2020-07-29,300.96,300.96,288.46,0.0
2020-07-30,299.89,299.89,287.44,0.0
2020-07-31,302.22,302.22,289.67,0.0
2020-08-03,304.4,304.4,291.76,0.0
2020-08-04,305.49,305.49,292.8,0.0
2020-08-05,307.46,307.46,294.69,0.0
2020-08-06,309.47,309.47,296.62,0.0
2020-08-07,309.73,309.73,296.87,0.0
2020-08-10,310.58,310.58,297.68,0.0
2020-08-11,308.11,308.11,295.31,0.0
2020-08-12,312.46,312.46,299.48,0.0
2020-08-13,311.9,311.9,298.95,0.0
2020-08-14,311.87,311.87,298.92,0.0
2020-08-17,312.72,312.72,299.73,0.0
2020-08-18,313.49,313.49,300.47,0.0
2020-08-19,312.16,312.16,299.2,0.0
2020-08-20,313.16,313.16,300.15,0.0
2020-08-21,314.26,314.26,301.21,0.0
2020-08-24,317.45,317.45,304.27,0.0
2020-08-25,318.59,318.59,305.36,0.0
2020-08-26,321.84,321.84,308.47,0.0
2020-08-27,322.4,322.4,309.01,0.0
2020-08-28,324.61,324.61,311.13,0.0
2020-08-31,324.61,324.61,311.13,0.0
2020-09-01,326.38,326.38,312.83,0.0
2020-09-02,331.42,331.42,317.66,0.0
2020-09-03,319.84,319.84,306.56,0.0
2020-09-04,317.24,317.24,304.07,0.0
2020-09-08,308.45,308.45,295.64,0.0
2020-09-09,314.68,314.68,301.61,0.0
2020-09-10,309.16,309.16,296.32,0.0
2020-09-11,309.34,309.34,296.49,0.0
2020-09-14,313.38,313.38,300.37,0.0
2020-09-15,315.02,315.02,301.94,0.0
2020-09-16,313.57,313.57,300.55,0.0
2020-09-17,310.94,310.94,298.03,0.0
2020-09-18,307.47,307.47,294.7,0.0
2020-09-21,303.92,303.92,291.3,0.0
2020-09-22,307.12,307.12,294.37,0.0
2020-09-23,299.86,299.86,287.41,0.0
2020-09-24,300.77,300.77,288.28,0.0
2020-09-25,305.58,305.58,292.89,0.0
2020-09-28,309.2,309.2,297.64,0.0
2020-09-29,307.75,307.75,296.24,0.0
2020-09-30,310.29,310.29,298.68,0.0
2020-10-01,311.97,311.97,300.3,0.0
2020-10-02,308.99,308.99,297.43,0.0
2020-10-05,314.57,314.57,302.8,0.0
2020-10-06,310.18,310.18,298.58,0.0
2020-10-07,315.59,315.59,303.79,0.0
2020-10-08,318.21,318.21,306.31,0.0
2020-10-09,321.02,321.02,309.01,0.0
2020-10-12,326.29,326.29,314.09,0.0
2020-10-13,324.23,324.23,312.1,0.0
2020-10-14,322.11,322.11,310.06,0.0
2020-10-15,321.63,321.63,309.6,0.0
2020-10-16,321.67,321.67,309.64,0.0
2020-10-19,316.42,316.42,304.58,0.0
2020-10-20,317.92,317.92,306.03,0.0
2020-10-21,317.23,317.23,305.36,0.0
2020-10-22,318.92,318.92,306.99,0.0
2020-10-23,320.02,320.02,308.05,0.0
2020-10-26,314.07,314.07,302.32,0.0
2020-10-27,313.13,313.13,301.42,0.0
2020-10-28,302.08,302.08,290.78,0.0
2020-10-29,305.71,305.71,294.28,0.0
2020-10-30,302.03,302.03,290.73,0.0
2020-11-02,305.76,305.76,294.32,0.0
2020-11-03,311.2,311.2,299.56,0.0
2020-11-04,318.06,318.06,306.16,0.0
2020-11-05,324.31,324.31,312.18,0.0
2020-11-06,324.19,324.19,312.06,0.0
2020-11-09,328.08,328.08,315.81,0.0
2020-11-10,327.68,327.68,315.42,0.0
2020-11-11,330.19,330.19,317.84,0.0
2020-11-12,326.96,326.96,314.73,0.0
2020-11-13,331.44,331.44,319.04,0.0
2020-11-16,335.3,335.3,322.76,0.0
2020-11-17,333.74,333.74,321.26,0.0
2020-11-18,329.94,329.94,317.6,0.0
2020-11-19,331.27,331.27,318.88,0.0
2020-11-20,329.02,329.02,316.71,0.0
2020-11-23,330.91,330.91,318.53,0.0
2020-11-24,336.27,336.27,323.69,0.0
2020-11-25,335.74,335.74,323.18,0.0
2020-11-27,336.58,336.58,323.99,0.0
2020-11-30,335.09,335.09,322.56,0.0
2020-12-01,338.87,338.87,326.2,0.0
2020-12-02,339.51,339.51,326.81,0.0
2020-12-03,339.36,339.36,326.67,0.0
2020-12-04,342.38,342.38,329.57,0.0
2020-12-07,341.72,341.72,328.94,0.0
2020-12-08,342.68,342.68,329.86,0.0
2020-12-09,339.97,339.97,327.25,0.0
2020-12-10,339.56,339.56,326.86,0.0
2020-12-11,339.14,339.14,326.46,0.0
2020-12-14,337.72,337.72,325.09,0.0
2020-12-15,342.09,342.09,329.29,0.0
2020-12-16,342.69,342.69,329.87,0.0
2020-12-17,344.68,344.68,331.79,0.0
2020-12-18,343.5,343.5,330.65,0.0
2020-12-21,340.8,340.8,329.38,0.0
2020-12-22,340.12,340.12,328.72,0.0
2020-12-23,340.38,340.38,328.98,0.0
2020-12-24,341.62,341.62,330.17,0.0
2020-12-28,344.6,344.6,333.05,0.0
2020-12-29,343.83,343.83,332.31,0.0
2020-12-30,344.33,344.33,332.79,0.0
2020-12-31,346.57,346.57,334.96,0.0
2021-01-04,341.47,341.47,330.03,0.0
2021-01-05,343.94,343.94,332.42,0.0
2021-01-06,345.91,345.91,334.32,0.0
2021-01-07,351.12,351.12,339.36,0.0
2021-01-08,353.09,353.09,341.26,0.0
2021-01-11,350.77,350.77,339.02,0.0
2021-01-12,350.92,350.92,339.16,0.0
2021-01-13,351.73,351.73,339.95,0.0
2021-01-14,350.44,350.44,338.7,0.0
2021-01-15,347.93,347.93,336.27,0.0
2021-01-19,350.77,350.77,339.02,0.0
2021-01-20,355.66,355.66,343.74,0.0
2021-01-21,355.8,355.8,343.88,0.0
2021-01-22,354.73,354.73,342.85,0.0
2021-01-25,356.02,356.02,344.09,0.0
2021-01-26,355.49,355.49,343.58,0.0
2021-01-27,346.36,346.36,334.76,0.0
2021-01-28,349.78,349.78,338.06,0.0
2021-01-29,343.06,343.06,331.57,0.0
2021-02-01,348.66,348.66,336.98,0.0
2021-02-02,353.51,353.51,341.67,0.0
2021-02-03,353.81,353.81,341.96,0.0
2021-02-04,357.68,357.68,345.7,0.0
2021-02-05,359.12,359.12,347.09,0.0
2021-02-08,361.78,361.78,349.66,0.0
2021-02-09,361.44,361.44,349.33,0.0
2021-02-10,361.32,361.32,349.21,0.0
2021-02-11,361.99,361.99,349.86,0.0
2021-02-12,363.71,363.71,351.52,0.0
2021-02-16,363.55,363.55,351.37,0.0
2021-02-17,363.49,363.49,351.31,0.0
2021-02-18,361.9,361.9,349.78,0.0
2021-02-19,361.25,361.25,349.15,0.0
2021-02-22,358.49,358.49,346.48,0.0
2021-02-23,358.94,358.94,346.91,0.0
2021-02-24,363.02,363.02,350.86,0.0
2021-02-25,354.19,354.19,342.32,0.0
2021-02-26,352.54,352.54,340.73,0.0
2021-03-01,360.94,360.94,348.85,0.0
2021-03-02,358.02,358.02,346.03,0.0
2021-03-03,353.37,353.37,341.53,0.0
2021-03-04,348.69,348.69,337.01,0.0
2021-03-05,355.5,355.5,343.59,0.0
2021-03-08,353.59,353.59,341.74,0.0
2021-03-09,358.63,358.63,346.61,0.0
2021-03-10,360.81,360.81,348.72,0.0
2021-03-11,364.59,364.59,352.38,0.0
2021-03-12,365.05,365.05,352.82,0.0
2021-03-15,367.44,367.44,355.13,0.0
2021-03-16,366.87,366.87,354.58,0.0
2021-03-17,367.93,367.93,355.6,0.0
2021-03-18,362.52,362.52,350.37,0.0
2021-03-19,362.34,362.34,350.2,0.0
2021-03-22,364.88,364.88,352.66,0.0
2021-03-23,362.1,362.1,349.97,0.0
2021-03-24,360.14,360.14,348.07,0.0
2021-03-25,360.78,360.78,349.92,0.0
2021-03-26,366.78,366.78,355.74,0.0
2021-03-29,366.46,366.46,355.43,0.0
2021-03-30,365.34,365.34,354.34,0.0
2021-03-31,366.69,366.69,355.65,0.0
2021-04-01,371.03,371.03,359.86,0.0
2021-04-05,376.43,376.43,365.1,0.0
2021-04-06,376.08,376.08,364.76,0.0
2021-04-07,376.64,376.64,365.3,0.0
2021-04-08,378.32,378.32,366.93,0.0
2021-04-09,381.25,381.25,369.77,0.0
2021-04-12,381.18,381.18,369.7,0.0
2021-04-13,382.43,382.43,370.92,0.0
2021-04-14,380.91,380.91,369.44,0.0
2021-04-15,385.15,385.15,373.56,0.0
2021-04-16,386.54,386.54,374.9,0.0
2021-04-19,384.49,384.49,372.92,0.0
2021-04-20,381.88,381.88,370.38,0.0
2021-04-21,385.44,385.44,373.84,0.0
2021-04-22,381.92,381.92,370.42,0.0
2021-04-23,386.1,386.1,374.48,0.0
2021-04-26,386.79,386.79,375.15,0.0
2021-04-27,386.71,386.71,375.07,0.0
2021-04-28,386.38,386.38,374.75,0.0
2021-04-29,389.02,389.02,377.31,0.0
2021-04-30,386.25,386.25,374.62,0.0
2021-05-03,387.31,387.31,375.65,0.0
2021-05-04,384.72,384.72,373.14,0.0
2021-05-05,385.0,385.0,373.41,0.0
2021-05-06,388.2,388.2,376.51,0.0
2021-05-07,391.13,391.13,379.36,0.0
2021-05-10,387.05,387.05,375.4,0.0
2021-05-11,383.7,383.7,372.15,0.0
2021-05-12,375.52,375.52,364.22,0.0
2021-05-13,380.16,380.16,368.72,0.0
2021-05-14,385.86,385.86,374.24,0.0
2021-05-17,384.88,384.88,373.29,0.0
2021-05-18,381.65,381.65,370.16,0.0
2021-05-19,380.58,380.58,369.12,0.0
2021-05-20,384.63,384.63,373.05,0.0
2021-05-21,384.34,384.34,372.77,0.0
2021-05-24,388.19,388.19,376.5,0.0
2021-05-25,387.37,387.37,375.71,0.0
2021-05-26,388.1,388.1,376.42,0.0
2021-05-27,388.59,388.59,376.89,0.0
2021-05-28,388.93,388.93,377.22,0.0
2021-06-01,388.75,388.75,377.05,0.0
2021-06-02,389.36,389.36,377.64,0.0
2021-06-03,388.01,388.01,376.33,0.0
2021-06-04,391.44,391.44,379.66,0.0
2021-06-07,391.13,391.13,379.36,0.0
2021-06-08,391.21,391.21,379.43,0.0
2021-06-09,390.51,390.51,378.75,0.0
2021-06-10,392.35,392.35,380.54,0.0
2021-06-11,393.12,393.12,381.29,0.0
2021-06-14,393.93,393.93,382.07,0.0
2021-06-15,393.15,393.15,381.31,0.0
2021-06-16,391.03,391.03,379.26,0.0
2021-06-17,390.88,390.88,379.11,0.0
2021-06-18,385.76,385.76,374.15,0.0
2021-06-21,391.18,391.18,379.4,0.0
2021-06-22,393.19,393.19,381.35,0.0
2021-06-23,392.76,392.76,380.94,0.0
2021-06-24,395.08,395.08,383.19,0.0
2021-06-25,396.4,396.4,384.47,0.0
2021-06-28,395.98,395.98,385.36,0.0
2021-06-29,396.13,396.13,385.5,0.0
2021-06-30,396.66,396.66,386.02,0.0
2021-07-01,398.76,398.76,388.06,0.0
2021-07-02,401.8,401.8,391.02,0.0
2021-07-06,401.01,401.01,390.25,0.0
2021-07-07,402.35,402.35,391.55,0.0
2021-07-08,398.99,398.99,388.28,0.0
2021-07-09,403.49,403.49,392.66,0.0
2021-07-12,404.88,404.88,394.02,0.0
2021-07-13,403.46,403.46,392.63,0.0
2021-07-14,403.98,403.98,393.14,0.0
2021-07-15,402.67,402.67,391.87,0.0
2021-07-16,399.63,399.63,388.91,0.0
2021-07-19,393.3,393.3,382.75,0.0
2021-07-20,399.27,399.27,388.56,0.0
2021-07-21,402.56,402.56,391.76,0.0
2021-07-22,403.4,403.4,392.58,0.0
2021-07-23,407.51,407.51,396.58,0.0
2021-07-26,408.48,408.48,397.52,0.0
2021-07-27,406.56,406.56,395.65,0.0
2021-07-28,406.48,406.48,395.57,0.0
2021-07-29,408.24,408.24,397.29,0.0
2021-07-30,406.07,406.07,395.17,0.0
2021-08-02,405.32,405.32,394.44,0.0
2021-08-03,408.64,408.64,397.68,0.0
2021-08-04,406.75,406.75,395.84,0.0
2021-08-05,409.22,409.22,398.24,0.0
2021-08-06,409.96,409.96,398.96,0.0
2021-08-09,409.6,409.6,398.61,0.0
2021-08-10,410.01,410.01,399.01,0.0
2021-08-11,411.04,411.04,400.01,0.0
2021-08-12,412.36,412.36,401.3,0.0
2021-08-13,413.04,413.04,401.96,0.0
2021-08-16,414.13,414.13,403.02,0.0
2021-08-17,411.23,411.23,400.2,0.0
2021-08-18,406.89,406.89,395.97,0.0
2021-08-19,407.43,407.43,396.5,0.0
2021-08-20,410.76,410.76,399.74,0.0
2021-08-23,414.3,414.3,403.18,0.0
2021-08-24,414.92,414.92,403.79,0.0
2021-08-25,415.85,415.85,404.69,0.0
2021-08-26,413.44,413.44,402.35,0.0
2021-08-27,417.09,417.09,405.9,0.0
2021-08-30,418.92,418.92,407.68,0.0
2021-08-31,418.4,418.4,407.17,0.0
2021-09-01,418.56,418.56,407.33,0.0
2021-09-02,419.81,419.81,408.55,0.0
2021-09-03,419.68,419.68,408.42,0.0
2021-09-07,418.27,418.27,407.05,0.0
2021-09-08,417.73,417.73,406.52,0.0
2021-09-09,415.84,415.84,404.68,0.0
2021-09-10,412.65,412.65,401.58,0.0
2021-09-13,413.59,413.59,402.49,0.0
2021-09-14,411.31,411.31,400.27,0.0
2021-09-15,414.81,414.81,403.68,0.0
2021-09-16,414.18,414.18,403.07,0.0
2021-09-17,410.41,410.41,399.4,0.0
2021-09-20,403.44,403.44,392.61,0.0
2021-09-21,403.13,403.13,392.31,0.0
2021-09-22,406.97,406.97,396.05,0.0
2021-09-23,411.92,411.92,400.87,0.0
2021-09-24,412.53,412.53,401.46,0.0
2021-09-27,411.39,411.39,400.35,0.0
2021-09-28,401.73,401.73,392.2,0.0
2021-09-29,402.4,402.4,392.85,0.0
2021-09-30,397.63,397.63,388.19,0.0
2021-10-01,402.2,402.2,392.66,0.0
2021-10-04,397.0,397.0,387.58,0.0
2021-10-05,401.22,401.22,391.7,0.0
2021-10-06,402.87,402.87,393.31,0.0
2021-10-07,406.31,406.31,396.67,0.0
2021-10-08,405.54,405.54,395.92,0.0
2021-10-11,402.75,402.75,393.19,0.0
2021-10-12,401.78,401.78,392.25,0.0
2021-10-13,403.0,403.0,393.44,0.0
2021-10-14,409.92,409.92,400.19,0.0
2021-10-15,412.98,412.98,403.18,0.0
2021-10-18,414.37,414.37,404.54,0.0
2021-10-19,417.44,417.44,407.53,0.0
2021-10-20,418.97,418.97,409.03,0.0
2021-10-21,420.26,420.26,410.29,0.0
2021-10-22,419.81,419.81,409.85,0.0
2021-10-25,421.81,421.81,411.8,0.0
2021-10-26,422.57,422.57,412.54,0.0
2021-10-27,420.45,420.45,410.47,0.0
2021-10-28,424.6,424.6,414.52,0.0
2021-10-29,425.48,425.48,415.38,0.0
2021-11-01,426.24,426.24,416.13,0.0
2021-11-02,427.81,427.81,417.66,0.0
2021-11-03,430.58,430.58,420.36,0.0
2021-11-04,432.43,432.43,422.17,0.0
2021-11-05,434.09,434.09,423.79,0.0
2021-11-08,434.48,434.48,424.17,0.0
2021-11-09,432.99,432.99,422.71,0.0
2021-11-10,429.52,429.52,419.33,0.0
2021-11-11,429.76,429.76,419.56,0.0
2021-11-12,432.9,432.9,422.63,0.0
2021-11-15,432.92,432.92,422.65,0.0
2021-11-16,434.61,434.61,424.3,0.0
2021-11-17,433.57,433.57,423.28,0.0
2021-11-18,435.07,435.07,424.75,0.0
2021-11-19,434.47,434.47,424.16,0.0
2021-11-22,433.12,433.12,422.84,0.0
2021-11-23,433.85,433.85,423.55,0.0
2021-11-24,434.86,434.86,424.54,0.0
2021-11-26,424.99,424.99,414.9,0.0
2021-11-29,430.62,430.62,420.4,0.0
2021-11-30,422.51,422.51,412.48,0.0
2021-12-01,417.55,417.55,407.64,0.0
2021-12-02,423.55,423.55,413.5,0.0
2021-12-03,419.99,419.99,410.02,0.0
2021-12-06,424.92,424.92,414.84,0.0
2021-12-07,433.72,433.72,423.43,0.0
2021-12-08,435.08,435.08,424.76,0.0
2021-12-09,432.0,432.0,421.75,0.0
2021-12-10,436.14,436.14,425.79,0.0
2021-12-13,432.16,432.16,421.9,0.0
2021-12-14,428.99,428.99,418.81,0.0
2021-12-15,436.02,436.02,425.67,0.0
2021-12-16,432.22,432.22,421.96,0.0
2021-12-17,427.8,427.8,417.65,0.0
2021-12-20,421.39,421.39,412.87,0.0
2021-12-21,428.91,428.91,420.24,0.0
2021-12-22,433.33,433.33,424.57,0.0
2021-12-23,436.03,436.03,427.22,0.0
2021-12-27,442.07,442.07,433.13,0.0
2021-12-28,441.63,441.63,432.7,0.0
2021-12-29,442.25,442.25,433.31,0.0
2021-12-30,440.97,440.97,432.06,0.0
2021-12-31,439.83,439.83,430.94,0.0
2022-01-03,442.63,442.63,433.68,0.0
2022-01-04,442.38,442.38,433.44,0.0
2022-01-05,433.84,433.84,425.07,0.0
2022-01-06,433.45,433.45,424.69,0.0
2022-01-07,431.77,431.77,423.04,0.0
2022-01-10,431.15,431.15,422.43,0.0
2022-01-11,435.1,435.1,426.3,0.0
2022-01-12,436.33,436.33,427.51,0.0
2022-01-13,430.16,430.16,421.46,0.0
2022-01-14,430.52,430.52,421.82,0.0
2022-01-18,422.61,422.61,414.07,0.0
2022-01-19,418.52,418.52,410.06,0.0
2022-01-20,413.93,413.93,405.56,0.0
2022-01-21,406.11,406.11,397.9,0.0
2022-01-24,407.23,407.23,399.0,0.0
2022-01-25,402.28,402.28,394.15,0.0
2022-01-26,401.68,401.68,393.56,0.0
2022-01-27,399.54,399.54,391.46,0.0
2022-01-28,409.32,409.32,401.05,0.0
2022-01-31,417.05,417.05,408.62,0.0
2022-02-01,419.92,419.92,411.43,0.0
2022-02-02,423.88,423.88,415.31,0.0
2022-02-03,413.56,413.56,405.2,0.0
2022-02-04,415.76,415.76,407.36,0.0
2022-02-07,414.22,414.22,405.85,0.0
2022-02-08,417.71,417.71,409.27,0.0
2022-02-09,423.82,423.82,415.25,0.0
2022-02-10,416.2,416.2,407.79,0.0
2022-02-11,408.32,408.32,400.07,0.0
2022-02-14,406.79,406.79,398.57,0.0
2022-02-15,413.24,413.24,404.89,0.0
2022-02-16,413.67,413.67,405.31,0.0
2022-02-17,404.95,404.95,396.76,0.0
2022-02-18,402.11,402.11,393.98,0.0
2022-02-22,398.04,398.04,389.99,0.0
2022-02-23,390.71,390.71,382.81,0.0
2022-02-24,396.59,396.59,388.57,0.0
2022-02-25,405.51,405.51,397.31,0.0
2022-02-28,404.56,404.56,396.38,0.0
2022-03-01,398.31,398.31,390.26,0.0
2022-03-02,405.75,405.75,397.55,0.0
2022-03-03,403.66,403.66,395.5,0.0
2022-03-04,400.49,400.49,392.39,0.0
2022-03-07,388.67,388.67,380.81,0.0
2022-03-08,385.86,385.86,378.06,0.0
2022-03-09,395.84,395.84,387.84,0.0
2022-03-10,394.18,394.18,386.21,0.0
2022-03-11,389.09,389.09,381.22,0.0
2022-03-14,386.28,386.28,378.47,0.0
2022-03-15,394.56,394.56,386.58,0.0
2022-03-16,403.4,403.4,395.25,0.0
2022-03-17,408.4,408.4,400.14,0.0
2022-03-18,413.17,413.17,404.82,0.0
2022-03-21,413.01,413.01,404.66,0.0
2022-03-22,417.68,417.68,409.24,0.0
2022-03-23,411.2,411.2,404.22,0.0
2022-03-24,417.13,417.13,410.04,0.0
2022-03-25,419.25,419.25,412.13,0.0
2022-03-28,422.24,422.24,415.07,0.0
2022-03-29,427.42,427.42,420.16,0.0
2022-03-30,424.77,424.77,417.55,0.0
2022-03-31,418.16,418.16,411.06,0.0
2022-04-01,419.58,419.58,412.45,0.0
2022-04-04,422.98,422.98,415.8,0.0
2022-04-05,417.73,417.73,410.63,0.0
2022-04-06,413.68,413.68,406.65,0.0
2022-04-07,415.49,415.49,408.43,0.0
2022-04-08,414.39,414.39,407.35,0.0
2022-04-11,407.4,407.4,400.48,0.0
2022-04-12,406.02,406.02,399.12,0.0
2022-04-13,410.63,410.63,403.66,0.0
2022-04-14,405.64,405.64,398.75,0.0
2022-04-18,405.56,405.56,398.67,0.0
2022-04-19,412.08,412.08,405.08,0.0
2022-04-20,411.83,411.83,404.83,0.0
2022-04-21,405.79,405.79,398.9,0.0
2022-04-22,394.53,394.53,387.83,0.0
2022-04-25,396.79,396.79,390.05,0.0
2022-04-26,385.62,385.62,379.07,0.0
2022-04-27,386.43,386.43,379.87,0.0
2022-04-28,396.02,396.02,389.29,0.0
2022-04-29,381.68,381.68,375.2,0.0
2022-05-02,383.84,383.84,377.32,0.0
2022-05-03,385.7,385.7,379.15,0.0
2022-05-04,397.22,397.22,390.47,0.0
2022-05-05,383.1,383.1,376.59,0.0
2022-05-06,380.99,380.99,374.52,0.0
2022-05-09,368.81,368.81,362.55,0.0
2022-05-10,369.72,369.72,363.44,0.0
2022-05-11,363.64,363.64,357.46,0.0
2022-05-12,363.3,363.3,357.13,0.0
2022-05-13,372.01,372.01,365.69,0.0
2022-05-16,370.56,370.56,364.27,0.0
2022-05-17,378.06,378.06,371.64,0.0
2022-05-18,362.87,362.87,356.71,0.0
2022-05-19,360.79,360.79,354.66,0.0
2022-05-20,360.85,360.85,354.72,0.0
2022-05-23,367.59,367.59,361.35,0.0
2022-05-24,364.61,364.61,358.42,0.0
2022-05-25,368.06,368.06,361.81,0.0
2022-05-26,375.39,375.39,369.01,0.0
2022-05-27,384.75,384.75,378.21,0.0
2022-05-31,382.36,382.36,375.87,0.0
2022-06-01,379.54,379.54,373.09,0.0
2022-06-02,386.6,386.6,380.03,0.0
2022-06-03,380.31,380.31,373.85,0.0
2022-06-06,381.5,381.5,375.02,0.0
2022-06-07,385.15,385.15,378.61,0.0
2022-06-08,381.0,381.0,374.53,0.0
2022-06-09,371.97,371.97,365.65,0.0
2022-06-10,361.15,361.15,355.02,0.0
2022-06-13,347.16,347.16,341.26,0.0
2022-06-14,345.97,345.97,340.09,0.0
2022-06-15,351.03,351.03,345.07,0.0
2022-06-16,339.65,339.65,333.88,0.0
2022-06-17,340.4,340.4,334.62,0.0
2022-06-21,348.75,348.75,342.83,0.0
2022-06-22,348.3,348.3,342.38,0.0
2022-06-23,351.64,351.64,345.67,0.0
2022-06-24,362.39,362.39,356.23,0.0
2022-06-27,361.32,361.32,355.18,0.0
2022-06-28,352.61,352.61,348.0,0.0
2022-06-29,352.4,352.4,347.79,0.0
2022-06-30,349.37,349.37,344.8,0.0
2022-07-01,353.06,353.06,348.44,0.0
2022-07-05,353.68,353.68,349.06,0.0
2022-07-06,354.95,354.95,350.31,0.0
2022-07-07,360.31,360.31,355.6,0.0
2022-07-08,360.04,360.04,355.33,0.0
2022-07-11,355.89,355.89,351.24,0.0
2022-07-12,352.61,352.61,348.0,0.0
2022-07-13,351.04,351.04,346.45,0.0
2022-07-14,350.03,350.03,345.45,0.0
2022-07-15,356.75,356.75,352.09,0.0
2022-07-18,353.77,353.77,349.15,0.0
2022-07-19,363.56,363.56,358.81,0.0
2022-07-20,365.71,365.71,360.93,0.0
2022-07-21,369.35,369.35,364.52,0.0
2022-07-22,365.9,365.9,361.12,0.0
2022-07-25,366.38,366.38,361.59,0.0
2022-07-26,362.15,362.15,357.42,0.0
2022-07-27,371.63,371.63,366.77,0.0
2022-07-28,376.19,376.19,371.27,0.0
2022-07-29,381.57,381.57,376.58,0.0
2022-08-01,380.5,380.5,375.53,0.0
2022-08-02,377.96,377.96,373.02,0.0
2022-08-03,383.88,383.88,378.86,0.0
2022-08-04,383.61,383.61,378.6,0.0
2022-08-05,383.04,383.04,378.03,0.0
2022-08-08,382.57,382.57,377.57,0.0
2022-08-09,380.97,380.97,375.99,0.0
2022-08-10,389.09,389.09,384.0,0.0
2022-08-11,388.93,388.93,383.85,0.0
2022-08-12,395.71,395.71,390.54,0.0
2022-08-15,397.29,397.29,392.1,0.0
2022-08-16,398.06,398.06,392.86,0.0
2022-08-17,395.25,395.25,390.08,0.0
2022-08-18,396.21,396.21,391.03,0.0
2022-08-19,391.11,391.11,386.0,0.0
2022-08-22,382.78,382.78,377.78,0.0
2022-08-23,381.92,381.92,376.93,0.0
2022-08-24,383.04,383.04,378.03,0.0
2022-08-25,388.45,388.45,383.37,0.0
2022-08-26,375.37,375.37,370.46,0.0
2022-08-29,372.89,372.89,368.02,0.0
2022-08-30,368.8,368.8,363.98,0.0
2022-08-31,366.0,366.0,361.22,0.0
2022-09-01,367.16,367.16,362.36,0.0
2022-09-02,363.24,363.24,358.49,0.0
2022-09-06,361.77,361.77,357.04,0.0
2022-09-07,368.42,368.42,363.6,0.0
2022-09-08,370.9,370.9,366.05,0.0
2022-09-09,376.59,376.59,371.67,0.0
2022-09-12,380.58,380.58,375.61,0.0
2022-09-13,364.13,364.13,359.37,0.0
2022-09-14,365.47,365.47,360.69,0.0
2022-09-15,361.37,361.37,356.65,0.0
2022-09-16,358.77,358.77,354.08,0.0
2022-09-19,361.24,361.24,356.52,0.0
2022-09-20,357.17,357.17,352.5,0.0
2022-09-21,351.08,351.08,346.49,0.0
2022-09-22,348.13,348.13,343.58,0.0
2022-09-23,342.14,342.14,337.67,0.0
2022-09-26,338.6,338.6,334.17,0.0
2022-09-27,336.43,336.43,333.48,0.0
2022-09-28,343.07,343.07,340.06,0.0
2022-09-29,335.87,335.87,332.93,0.0
2022-09-30,330.83,330.83,327.93,0.0
2022-10-03,339.4,339.4,336.43,0.0
2022-10-04,349.8,349.8,346.73,0.0
2022-10-05,349.13,349.13,346.07,0.0
2022-10-06,345.64,345.64,342.61,0.0
2022-10-07,335.97,335.97,333.03,0.0
2022-10-10,333.45,333.45,330.53,0.0
2022-10-11,331.28,331.28,328.38,0.0
2022-10-12,330.2,330.2,327.31,0.0
2022-10-13,338.82,338.82,335.85,0.0
2022-10-14,330.82,330.82,327.92,0.0
2022-10-17,339.58,339.58,336.6,0.0
2022-10-18,343.46,343.46,340.45,0.0
2022-10-19,341.17,341.17,338.18,0.0
2022-10-20,338.49,338.49,335.52,0.0
2022-10-21,346.53,346.53,343.49,0.0
2022-10-24,350.65,350.65,347.58,0.0
2022-10-25,356.35,356.35,353.23,0.0
2022-10-26,353.73,353.73,350.63,0.0
2022-10-27,351.58,351.58,348.5,0.0
2022-10-28,360.27,360.27,357.11,0.0
2022-10-31,357.6,357.6,354.47,0.0
2022-11-01,356.13,356.13,353.01,0.0
2022-11-02,347.23,347.23,344.19,0.0
2022-11-03,343.6,343.6,340.59,0.0
2022-11-04,348.35,348.35,345.3,0.0
2022-11-07,351.71,351.71,348.63,0.0
2022-11-08,353.68,353.68,350.58,0.0
2022-11-09,346.4,346.4,343.36,0.0
2022-11-10,365.63,365.63,362.43,0.0
2022-11-11,369.01,369.01,365.78,0.0
2022-11-14,365.8,365.8,362.59,0.0
2022-11-15,369.01,369.01,365.78,0.0
2022-11-16,366.05,366.05,362.84,0.0
2022-11-17,364.99,364.99,361.79,0.0
2022-11-18,366.74,366.74,363.53,0.0
2022-11-21,365.36,365.36,362.16,0.0
2022-11-22,370.33,370.33,367.08,0.0
2022-11-23,372.54,372.54,369.27,0.0
2022-11-25,372.44,372.44,369.18,0.0
2022-11-28,366.69,366.69,363.48,0.0
2022-11-29,366.14,366.14,362.93,0.0
2022-11-30,377.57,377.57,374.26,0.0
2022-12-01,377.3,377.3,373.99,0.0
2022-12-02,376.88,376.88,373.58,0.0
2022-12-05,370.14,370.14,366.9,0.0
2022-12-06,364.82,364.82,361.62,0.0
2022-12-07,364.15,364.15,360.96,0.0
2022-12-08,366.94,366.94,363.72,0.0
2022-12-09,364.26,364.26,361.07,0.0
2022-12-12,369.46,369.46,366.22,0.0
2022-12-13,372.17,372.17,368.91,0.0
2022-12-14,369.99,369.99,366.75,0.0
2022-12-15,360.79,360.79,357.63,0.0
2022-12-16,356.8,356.8,353.67,0.0
2022-12-19,351.93,351.93,350.49,0.0
2022-12-20,352.31,352.31,350.87,0.0
2022-12-21,357.6,357.6,356.14,0.0
2022-12-22,352.43,352.43,350.99,0.0
2022-12-23,354.51,354.51,353.06,0.0
2022-12-27,353.1,353.1,351.66,0.0
2022-12-28,348.86,348.86,347.44,0.0
2022-12-29,355.01,355.01,353.56,0.0
2022-12-30,354.11,354.11,352.66,0.0
2023-01-03,352.71,352.71,351.27,0.0
2023-01-04,355.38,355.38,353.93,0.0
2023-01-05,351.3,351.3,349.87,0.0
2023-01-06,359.33,359.33,357.86,0.0
2023-01-09,359.12,359.12,357.65,0.0
2023-01-10,361.63,361.63,360.15,0.0
2023-01-11,366.28,366.28,364.78,0.0
2023-01-12,367.58,367.58,366.08,0.0
2023-01-13,369.06,369.06,367.55,0.0
2023-01-17,368.31,368.31,366.81,0.0
2023-01-18,362.57,362.57,361.09,0.0
2023-01-19,359.85,359.85,358.38,0.0
2023-01-20,366.67,366.67,365.17,0.0
2023-01-23,371.02,371.02,369.5,0.0
2023-01-24,370.77,370.77,369.26,0.0
2023-01-25,370.7,370.7,369.19,0.0
2023-01-26,374.81,374.81,373.28,0.0
2023-01-27,375.75,375.75,374.22,0.0
2023-01-30,370.91,370.91,369.4,0.0
2023-01-31,376.35,376.35,374.81,0.0
2023-02-01,380.28,380.28,378.73,0.0
2023-02-02,385.89,385.89,384.31,0.0
2023-02-03,381.91,381.91,380.35,0.0
2023-02-06,379.59,379.59,378.04,0.0
2023-02-07,384.49,384.49,382.92,0.0
2023-02-08,380.24,380.24,378.69,0.0
2023-02-09,376.94,376.94,375.4,0.0
2023-02-10,377.84,377.84,376.3,0.0
2023-02-13,382.22,382.22,380.66,0.0
2023-02-14,382.16,382.16,380.6,0.0
2023-02-15,383.32,383.32,381.75,0.0
2023-02-16,378.07,378.07,376.53,0.0
2023-02-17,377.09,377.09,375.55,0.0
2023-02-21,369.53,369.53,368.02,0.0
2023-02-22,368.96,368.96,367.45,0.0
2023-02-23,370.96,370.96,369.44,0.0
2023-02-24,367.06,367.06,365.56,0.0
2023-02-27,368.23,368.23,366.73,0.0
2023-02-28,367.15,367.15,365.65,0.0
2023-03-01,365.44,365.44,363.95,0.0
2023-03-02,368.27,368.27,366.77,0.0
2023-03-03,374.24,374.24,372.71,0.0
2023-03-06,374.51,374.51,372.98,0.0
2023-03-07,368.78,368.78,367.27,0.0
2023-03-08,369.34,369.34,367.83,0.0
2023-03-09,362.58,362.58,361.1,0.0
2023-03-10,357.29,357.29,355.83,0.0
2023-03-13,356.71,356.71,355.25,0.0
2023-03-14,362.79,362.79,361.31,0.0
2023-03-15,360.27,360.27,358.8,0.0
2023-03-16,366.65,366.65,365.15,0.0
2023-03-17,362.61,362.61,361.13,0.0
2023-03-20,365.85,365.85,364.36,0.0
2023-03-21,370.63,370.63,369.12,0.0
2023-03-22,364.55,364.55,363.06,0.0
2023-03-23,364.18,364.18,364.18,0.0
2023-03-24,366.24,366.24,366.24,0.0
2023-03-27,366.84,366.84,366.84,0.0
2023-03-28,366.27,366.27,366.27,0.0
2023-03-29,371.49,371.49,371.49,0.0
2023-03-30,373.66,373.66,373.66,0.0
2023-03-31,379.07,379.07,379.07,0.0
2023-04-03,380.47,380.47,380.47,0.0
2023-04-04,378.3,378.3,378.3,0.0
2023-04-05,377.4,377.4,377.4,0.0
2023-04-06,378.83,378.83,378.83,0.0
2023-04-10,379.21,379.21,379.21,0.0
2023-04-11,379.2,379.2,379.2,0.0
2023-04-12,377.64,377.64,377.64,0.0
2023-04-13,382.71,382.71,382.71,0.0
2023-04-14,381.91,381.91,381.91,0.0
2023-04-17,383.18,383.18,383.18,0.0
2023-04-18,383.51,383.51,383.51,0.0
2023-04-19,383.48,383.48,383.48,0.0
2023-04-20,381.23,381.23,381.23,0.0
2023-04-21,381.59,381.59,381.59,0.0
2023-04-24,381.91,381.91,381.91,0.0
2023-04-25,375.89,375.89,375.89,0.0
2023-04-26,374.44,374.44,374.44,0.0
2023-04-27,381.78,381.78,381.78,0.0
2023-04-28,384.97,384.97,384.97,0.0
2023-05-01,384.81,384.81,384.81,0.0
2023-05-02,380.36,380.36,380.36,0.0
2023-05-03,377.71,377.71,377.71,0.0
2023-05-04,375.02,375.02,375.02,0.0
2023-05-05,381.97,381.97,381.97,0.0
2023-05-08,382.15,382.15,382.15,0.0
2023-05-09,380.43,380.43,380.43,0.0
2023-05-10,382.14,382.14,382.14,0.0
2023-05-11,381.57,381.57,381.57,0.0
2023-05-12,381.06,381.06,381.06,0.0
2023-05-15,382.23,382.23,382.23,0.0
2023-05-16,379.81,379.81,379.81,0.0
2023-05-17,384.41,384.41,384.41,0.0
2023-05-18,388.11,388.11,388.11,0.0
2023-05-19,387.55,387.55,387.55,0.0
2023-05-22,387.66,387.66,387.66,0.0
2023-05-23,383.31,383.31,383.31,0.0
2023-05-24,380.51,380.51,380.51,0.0
2023-05-25,383.86,383.86,383.86,0.0
2023-05-26,388.89,388.89,388.89,0.0
2023-05-30,388.93,388.93,388.93,0.0
2023-05-31,386.63,386.63,386.63,0.0
2023-06-01,390.51,390.51,390.51,0.0
2023-06-02,396.21,396.21,396.21,0.0
2023-06-05,395.42,395.42,395.42,0.0
2023-06-06,396.36,396.36,396.36,0.0
2023-06-07,394.86,394.86,394.86,0.0
2023-06-08,397.35,397.35,397.35,0.0
2023-06-09,397.85,397.85,397.85,0.0
2023-06-12,401.52,401.52,401.52,0.0
2023-06-13,404.32,404.32,404.32,0.0
2023-06-14,404.75,404.75,404.75,0.0
2023-06-15,409.75,409.75,409.75,0.0
2023-06-16,408.25,408.25,408.25,0.0
2023-06-20,406.32,406.32,406.32,0.0
2023-06-21,404.21,404.21,404.21,0.0
2023-06-22,405.75,405.75,405.75,0.0
2023-06-23,402.64,402.64,402.64,0.0
2023-06-26,400.85,400.85,400.85,0.0
2023-06-27,405.44,405.44,405.44,0.0
2023-06-28,403.72,403.72,403.72,0.0
2023-06-29,405.57,405.57,405.57,0.0
2023-06-30,410.56,410.56,410.56,0.0
2023-07-03,411.06,411.06,411.06,0.0
2023-07-05,410.3,410.3,410.3,0.0
2023-07-06,407.08,407.08,407.08,0.0
2023-07-07,405.98,405.98,405.98,0.0
2023-07-10,406.96,406.96,406.96,0.0
2023-07-11,409.71,409.71,409.71,0.0
2023-07-12,412.75,412.75,412.75,0.0
2023-07-13,416.29,416.29,416.29,0.0
2023-07-14,415.88,415.88,415.88,0.0
2023-07-17,417.48,417.48,417.48,0.0
2023-07-18,420.45,420.45,420.45,0.0
2023-07-19,421.45,421.45,421.45,0.0
2023-07-20,418.64,418.64,418.64,0.0
2023-07-21,418.78,418.78,418.78,0.0
2023-07-24,420.47,420.47,420.47,0.0
2023-07-25,421.66,421.66,421.66,0.0
2023-07-26,421.6,421.6,421.6,0.0
2023-07-27,418.92,418.92,418.92,0.0
2023-07-28,423.1,423.1,423.1,0.0
2023-07-31,423.73,423.73,423.73,0.0
2023-08-01,422.61,422.61,422.61,0.0
2023-08-02,416.77,416.77,416.77,0.0
2023-08-03,415.72,415.72,415.72,0.0
2023-08-04,413.55,413.55,413.55,0.0
2023-08-07,417.29,417.29,417.29,0.0
2023-08-08,415.53,415.53,415.53,0.0
2023-08-09,412.64,412.64,412.64,0.0
2023-08-10,412.8,412.8,412.8,0.0
2023-08-11,412.42,412.42,412.42,0.0
2023-08-14,414.81,414.81,414.81,0.0
2023-08-15,410.08,410.08,410.08,0.0
2023-08-16,407.05,407.05,407.05,0.0
2023-08-17,403.99,403.99,403.99,0.0
2023-08-18,403.95,403.95,403.95,0.0
2023-08-21,406.74,406.74,406.74,0.0
2023-08-22,405.62,405.62,405.62,0.0
2023-08-23,410.1,410.1,410.1,0.0
2023-08-24,404.61,404.61,404.61,0.0
2023-08-25,407.38,407.38,407.38,0.0
2023-08-28,409.93,409.93,409.93,0.0
2023-08-29,415.89,415.89,415.89,0.0
2023-08-30,417.55,417.55,417.55,0.0
2023-08-31,416.98,416.98,416.98,0.0
2023-09-01,417.75,417.75,417.75,0.0
2023-09-05,416.02,416.02,416.02,0.0
2023-09-06,413.13,413.13,413.13,0.0
2023-09-07,411.86,411.86,411.86,0.0
2023-09-08,412.48,412.48,412.48,0.0
2023-09-11,415.25,415.25,415.25,0.0
2023-09-12,412.9,412.9,412.9,0.0
2023-09-13,413.41,413.41,413.41,0.0
2023-09-14,417.01,417.01,417.01,0.0
2023-09-15,411.96,411.96,411.96,0.0
2023-09-18,412.26,412.26,412.26,0.0
2023-09-19,411.37,411.37,411.37,0.0
2023-09-20,407.54,407.54,407.54,0.0
2023-09-21,400.86,400.86,400.86,0.0
2023-09-22,399.95,399.95,399.95,0.0
2023-09-25,401.56,401.56,401.56,0.0
2023-09-26,395.67,395.67,395.67,0.0
2023-09-27,394.28,394.28,394.28,0.0
2023-09-28,396.65,396.65,396.65,0.0
2023-09-29,395.59,395.59,395.59,0.0
2023-10-02,395.62,395.62,395.62,0.0
2023-10-03,390.21,390.21,390.21,0.0
2023-10-04,393.38,393.38,393.38,0.0
2023-10-05,392.94,392.94,392.94,0.0
2023-10-06,397.64,397.64,397.64,0.0
2023-10-09,400.15,400.15,400.15,0.0
2023-10-10,402.24,402.24,402.24,0.0
2023-10-11,403.98,403.98,403.98,0.0
2023-10-12,401.5,401.5,401.5,0.0
2023-10-13,399.49,399.49,399.49,0.0
2023-10-16,403.74,403.74,403.74,0.0
2023-10-17,403.7,403.7,403.7,0.0
2023-10-18,398.29,398.29,398.29,0.0
2023-10-19,394.94,394.94,394.94,0.0
2023-10-20,389.98,389.98,389.98,0.0
2023-10-23,389.32,389.32,389.32,0.0
2023-10-24,392.16,392.16,392.16,0.0
2023-10-25,386.54,386.54,386.54,0.0
2023-10-26,381.97,381.97,381.97,0.0
2023-10-27,380.14,380.14,380.14,0.0
2023-10-30,384.74,384.74,384.74,0.0
2023-10-31,387.26,387.26,387.26,0.0
2023-11-01,391.33,391.33,391.33,0.0
2023-11-02,398.73,398.73,398.73,0.0
2023-11-03,402.5,402.5,402.5,0.0
2023-11-06,403.22,403.22,403.22,0.0
2023-11-07,404.37,404.37,404.37,0.0
2023-11-08,404.79,404.79,404.79,0.0
2023-11-09,401.6,401.6,401.6,0.0
2023-11-10,407.93,407.93,407.93,0.0
2023-11-13,407.61,407.61,407.61,0.0
2023-11-14,415.47,415.47,415.47,0.0
2023-11-15,416.21,416.21,416.21,0.0
2023-11-16,416.81,416.81,416.81,0.0
2023-11-17,417.35,417.35,417.35,0.0
2023-11-20,420.48,420.48,420.48,0.0
2023-11-21,419.64,419.64,419.64,0.0
2023-11-22,421.36,421.36,421.36,0.0
2023-11-24,421.62,421.62,421.62,0.0
2023-11-27,420.8,420.8,420.8,0.0
2023-11-28,421.22,421.22,421.22,0.0
2023-11-29,420.89,420.89,420.89,0.0
2023-11-30,422.61,422.61,422.61,0.0
2023-12-01,425.13,425.13,425.13,0.0
2023-12-04,422.83,422.83,422.83,0.0
2023-12-05,422.61,422.61,422.61,0.0
2023-12-06,420.97,420.97,420.97,0.0
2023-12-07,424.39,424.39,424.39,0.0
2023-12-08,426.14,426.14,426.14,0.0
2023-12-11,427.81,427.81,427.81,0.0
2023-12-12,429.79,429.79,429.79,0.0
2023-12-13,435.67,435.67,435.67,0.0
2023-12-14,436.92,436.92,436.92,0.0
2023-12-15,436.91,436.91,436.91,0.0
2023-12-18,438.89,438.89,438.89,0.0
2023-12-19,439.69,439.69,439.69,0.0
2023-12-20,433.29,433.29,433.29,0.0
2023-12-21,437.75,437.75,437.75,0.0
2023-12-22,438.48,438.48,438.48,0.0
2023-12-26,440.34,440.34,440.34,0.0
2023-12-27,441.0,441.0,441.0,0.0
2023-12-28,441.21,441.21,441.21,0.0
2023-12-29,439.99,439.99,439.99,0.0
2024-01-02,437.51,437.51,437.51,0.0
2024-01-03,434.02,434.02,434.02,0.0
2024-01-04,432.59,432.59,432.59,0.0
2024-01-05,433.38,433.38,433.38,0.0
2024-01-08,439.5,439.5,439.5,0.0
2024-01-09,438.91,438.91,438.91,0.0
2024-01-10,441.4,441.4,441.4,0.0
2024-01-11,441.12,441.12,441.12,0.0
2024-01-12,441.49,441.49,441.49,0.0
2024-01-16,439.85,439.85,439.85,0.0
2024-01-17,437.39,437.39,437.39,0.0
2024-01-18,441.27,441.27,441.27,0.0
2024-01-19,446.73,446.73,446.73,0.0
2024-01-22,447.71,447.71,447.71,0.0
2024-01-23,449.03,449.03,449.03,0.0
2024-01-24,449.4,449.4,449.4,0.0
2024-01-25,451.79,451.79,451.79,0.0
2024-01-26,451.49,451.49,451.49,0.0
2024-01-29,454.91,454.91,454.91,0.0
2024-01-30,454.67,454.67,454.67,0.0
2024-01-31,447.36,447.36,447.36,0.0
2024-02-01,452.97,452.97,452.97,0.0
2024-02-02,457.84,457.84,457.84,0.0
2024-02-05,456.38,456.38,456.38,0.0
2024-02-06,457.45,457.45,457.45,0.0
2024-02-07,461.22,461.22,461.22,0.0
2024-02-08,461.54,461.54,461.54,0.0
2024-02-09,464.24,464.24,464.24,0.0
2024-02-12,463.8,463.8,463.8,0.0
2024-02-13,457.51,457.51,457.51,0.0
2024-02-14,461.98,461.98,461.98,0.0
2024-02-15,464.77,464.77,464.77,0.0
2024-02-16,462.61,462.61,462.61,0.0
2024-02-20,459.85,459.85,459.85,0.0
2024-02-21,460.45,460.45,460.45,0.0
2024-02-22,470.2,470.2,470.2,0.0
2024-02-23,470.38,470.38,470.38,0.0
2024-02-26,468.61,468.61,468.61,0.0
2024-02-27,469.42,469.42,469.42,0.0
2024-02-28,468.68,468.68,468.68,0.0
2024-02-29,471.23,471.23,471.23,0.0
2024-03-01,475.03,475.03,475.03,0.0
2024-03-04,474.48,474.48,474.48,0.0
2024-03-05,469.66,469.66,469.66,0.0
2024-03-06,472.11,472.11,472.11,0.0
2024-03-07,477.03,477.03,477.03,0.0
2024-03-08,473.95,473.95,473.95,0.0
2024-03-11,473.42,473.42,473.42,0.0
2024-03-12,478.74,478.74,478.74,0.0
2024-03-13,477.84,477.84,477.84,0.0
2024-03-14,476.58,476.58,476.58,0.0
2024-03-15,473.51,473.51,473.51,0.0
2024-03-18,476.5,476.5,476.5,0.0
2024-03-19,479.19,479.19,479.19,0.0
2024-03-20,483.52,483.52,483.52,0.0
2024-03-21,485.1,485.1,485.1,0.0
2024-03-22,482.9,482.9,482.9,0.0
2024-03-25,481.43,481.43,481.43,0.0
2024-03-26,480.08,480.08,480.08,0.0
2024-03-27,484.28,484.28,484.28,0.0
2024-03-28,484.83,484.83,484.83,0.0
2024-04-01,483.86,483.86,483.86,0.0
2024-04-02,480.37,480.37,480.37,0.0
2024-04-03,480.91,480.91,480.91,0.0
2024-04-04,475.04,475.04,475.04,0.0
2024-04-05,480.31,480.31,480.31,0.0
2024-04-08,480.14,480.14,480.14,0.0
2024-04-09,480.9,480.9,480.9,0.0
2024-04-10,476.36,476.36,476.36,0.0
2024-04-11,479.92,479.92,479.92,0.0
2024-04-12,472.99,472.99,472.99,0.0
2024-04-15,467.31,467.31,467.31,0.0
2024-04-16,466.35,466.35,466.35,0.0
2024-04-17,463.65,463.65,463.65,0.0
2024-04-18,462.66,462.66,462.66,0.0
2024-04-19,458.63,458.63,458.63,0.0
2024-04-22,462.63,462.63,462.63,0.0
2024-04-23,468.17,468.17,468.17,0.0
2024-04-24,468.28,468.28,468.28,0.0
2024-04-25,466.14,466.14,466.14,0.0
2024-04-26,470.91,470.91,470.91,0.0
2024-04-29,472.43,472.43,472.43,0.0
2024-04-30,465.01,465.01,465.01,0.0
2024-05-01,463.42,463.42,463.42,0.0
2024-05-02,467.65,467.65,467.65,0.0
2024-05-03,473.55,473.55,473.55,0.0
2024-05-06,478.45,478.45,478.45,0.0
2024-05-07,479.12,479.12,479.12,0.0
2024-05-08,479.11,479.11,479.11,0.0
2024-05-09,481.65,481.65,481.65,0.0
2024-05-10,482.51,482.51,482.51,0.0
2024-05-13,482.4,482.4,482.4,0.0
2024-05-14,484.81,484.81,484.81,0.0
2024-05-15,490.58,490.58,490.58,0.0
2024-05-16,489.66,489.66,489.66,0.0
2024-05-17,490.25,490.25,490.25,0.0
2024-05-20,490.74,490.74,490.74,0.0
2024-05-21,491.98,491.98,491.98,0.0
2024-05-22,490.65,490.65,490.65,0.0
2024-05-23,487.05,487.05,487.05,0.0
2024-05-24,490.47,490.47,490.47,0.0
2024-05-28,490.59,490.59,490.59,0.0
2024-05-29,486.98,486.98,486.98,0.0
2024-05-30,484.12,484.12,484.12,0.0
2024-05-31,488.05,488.05,488.05,0.0
2024-06-03,488.65,488.65,488.65,0.0
2024-06-04,489.41,489.41,489.41,0.0
2024-06-05,495.22,495.22,495.22,0.0
2024-06-06,495.12,495.12,495.12,0.0
2024-06-07,494.66,494.66,494.66,0.0
2024-06-10,495.98,495.98,495.98,0.0
2024-06-11,497.33,497.33,497.33,0.0
2024-06-12,501.57,501.57,501.57,0.0
2024-06-13,502.75,502.75,502.75,0.0
2024-06-14,502.67,502.67,502.67,0.0
2024-06-17,506.59,506.59,506.59,0.0
2024-06-18,507.88,507.88,507.88,0.0
2024-06-20,506.6,506.6,506.6,0.0
2024-06-21,505.83,505.83,505.83,0.0
2024-06-24,504.31,504.31,504.31,0.0
2024-06-25,506.29,506.29,506.29,0.0
2024-06-26,507.09,507.09,507.09,0.0
2024-06-27,507.56,507.56,507.56,0.0
2024-06-28,503.76,503.76,503.76,0.0
2024-07-01,505.12,505.12,505.12,0.0
2024-07-02,508.25,508.25,508.25,0.0
2024-07-03,510.85,510.85,510.85,0.0
2024-07-05,513.71,513.71,513.71,0.0
2024-07-08,514.25,514.25,514.25,0.0
2024-07-09,514.64,514.64,514.64,0.0
2024-07-10,519.96,519.96,519.96,0.0
2024-07-11,515.42,515.42,515.42,0.0
2024-07-12,518.27,518.27,518.27,0.0
2024-07-15,519.78,519.78,519.78,0.0
2024-07-16,523.1,523.1,523.1,0.0
2024-07-17,515.82,515.82,515.82,0.0
2024-07-18,511.79,511.79,511.79,0.0
2024-07-19,508.17,508.17,508.17,0.0
2024-07-22,513.67,513.67,513.67,0.0
2024-07-23,512.87,512.87,512.87,0.0
2024-07-24,501.0,501.0,501.0,0.0
2024-07-25,498.43,498.43,498.43,0.0
2024-07-26,503.99,503.99,503.99,0.0
2024-07-29,504.41,504.41,504.41,0.0
2024-07-30,501.91,501.91,501.91,0.0
2024-07-31,509.88,509.88,509.88,0.0
2024-08-01,502.91,502.91,502.91,0.0
2024-08-02,493.68,493.68,493.68,0.0
2024-08-05,478.9,478.9,478.9,0.0
2024-08-06,483.86,483.86,483.86,0.0
2024-08-07,480.14,480.14,480.14,0.0
2024-08-08,491.2,491.2,491.2,0.0
2024-08-09,493.56,493.56,493.56,0.0
2024-08-12,493.64,493.64,493.64,0.0
2024-08-13,501.97,501.97,501.97,0.0
2024-08-14,503.9,503.9,503.9,0.0
2024-08-15,512.18,512.18,512.18,0.0
2024-08-16,513.27,513.27,513.27,0.0
2024-08-19,518.31,518.31,518.31,0.0
2024-08-20,517.3,517.3,517.3,0.0
2024-08-21,519.51,519.51,519.51,0.0
2024-08-22,514.88,514.88,514.88,0.0
2024-08-23,520.8,520.8,520.8,0.0
2024-08-26,519.17,519.17,519.17,0.0
2024-08-27,520.04,520.04,520.04,0.0
2024-08-28,516.93,516.93,516.93,0.0
2024-08-29,516.94,516.94,516.94,0.0
2024-08-30,522.23,522.23,522.23,0.0
2024-09-03,511.23,511.23,511.23,0.0
2024-09-04,510.43,510.43,510.43,0.0
2024-09-05,508.91,508.91,508.91,0.0
2024-09-06,500.19,500.19,500.19,0.0
2024-09-09,506.03,506.03,506.03,0.0
2024-09-10,508.31,508.31,508.31,0.0
2024-09-11,513.73,513.73,513.73,0.0
2024-09-12,517.59,517.59,517.59,0.0
2024-09-13,520.48,520.48,520.48,0.0
2024-09-16,521.23,521.23,521.23,0.0
2024-09-17,521.38,521.38,521.38,0.0
2024-09-18,519.88,519.88,519.88,0.0
2024-09-19,528.73,528.73,528.73,0.0
2024-09-20,527.71,527.71,527.71,0.0
2024-09-23,529.2,529.2,529.2,0.0
2024-09-24,530.53,530.53,530.53,0.0
2024-09-25,529.54,529.54,529.54,0.0
2024-09-26,531.71,531.71,531.71,0.0
2024-09-27,529.42,529.42,529.42,0.0
2024-09-30,531.71,531.71,531.71,0.0
2024-10-01,526.77,526.77,526.77,0.0
2024-10-02,526.87,526.87,526.87,0.0
2024-10-03,525.99,525.99,525.99,0.0
2024-10-04,530.82,530.82,530.82,0.0
2024-10-07,525.73,525.73,525.73,0.0
2024-10-08,530.83,530.83,530.83,0.0
2024-10-09,534.62,534.62,534.62,0.0
2024-10-10,533.59,533.59,533.59,0.0
2024-10-11,536.82,536.82,536.82,0.0
2024-10-14,540.96,540.96,540.96,0.0
2024-10-15,536.89,536.89,536.89,0.0
2024-10-16,539.41,539.41,539.41,0.0
2024-10-17,539.32,539.32,539.32,0.0
2024-10-18,541.49,541.49,541.49,0.0
2024-10-21,540.52,540.52,540.52,0.0
2024-10-22,540.27,540.27,540.27,0.0
2024-10-23,535.31,535.31,535.31,0.0
2024-10-24,536.46,536.46,536.46,0.0
2024-10-25,536.3,536.3,536.3,0.0
2024-10-28,537.73,537.73,537.73,0.0
2024-10-29,538.6,538.6,538.6,0.0
2024-10-30,536.83,536.83,536.83,0.0
2024-10-31,526.88,526.88,526.88,0.0
2024-11-01,529.06,529.06,529.06,0.0
2024-11-04,527.6,527.6,527.6,0.0
2024-11-05,534.07,534.07,534.07,0.0
2024-11-06,547.58,547.58,547.58,0.0
2024-11-07,551.67,551.67,551.67,0.0
2024-11-08,553.86,553.86,553.86,0.0
2024-11-11,554.39,554.39,554.39,0.0
2024-11-12,552.82,552.82,552.82,0.0
2024-11-13,552.97,552.97,552.97,0.0
2024-11-14,549.69,549.69,549.69,0.0
2024-11-15,542.5,542.5,542.5,0.0
2024-11-18,544.71,544.71,544.71,0.0
2024-11-19,546.88,546.88,546.88,0.0
2024-11-20,546.9,546.9,546.9,0.0
2024-11-21,549.91,549.91,549.91,0.0
2024-11-22,551.84,551.84,551.84,0.0
2024-11-25,553.51,553.51,553.51,0.0
2024-11-26,556.71,556.71,556.71,0.0
2024-11-27,554.63,554.63,554.63,0.0
2024-11-29,557.79,557.79,557.79,0.0
2024-12-02,559.22,559.22,559.22,0.0
2024-12-03,559.48,559.48,559.48,0.0
2024-12-04,562.88,562.88,562.88,0.0
2024-12-05,561.86,561.86,561.86,0.0
2024-12-06,563.32,563.32,563.32,0.0
2024-12-09,559.94,559.94,559.94,0.0
2024-12-10,558.29,558.29,558.29,0.0
2024-12-11,562.85,562.85,562.85,0.0
2024-12-12,559.81,559.81,559.81,0.0
2024-12-13,559.86,559.86,559.86,0.0
2024-12-16,562.06,562.06,562.06,0.0
2024-12-17,559.9,559.9,559.9,0.0
2024-12-18,543.4,543.4,543.4,0.0
2024-12-19,542.93,542.93,542.93,0.0
2024-12-20,548.86,548.86,548.86,0.0
2024-12-23,551.15,551.15,551.15,0.0
2024-12-24,557.23,557.23,557.23,0.0
2024-12-26,557.05,557.05,557.05,0.0
2024-12-27,550.94,550.94,550.94,0.0
2024-12-30,545.04,545.04,545.04,0.0
2024-12-31,542.76,542.76,542.76,0.0
2025-01-02,541.57,541.57,541.57,0.0
2025-01-03,548.43,548.43,548.43,0.0
2025-01-06,551.51,551.51,551.51,0.0
2025-01-07,545.39,545.39,545.39,0.0
2025-01-08,546.25,546.25,546.25,0.0
2025-01-10,537.94,537.94,537.94,0.0
2025-01-13,538.78,538.78,538.78,0.0
2025-01-14,539.4,539.4,539.4,0.0
2025-01-15,549.33,549.33,549.33,0.0
2025-01-16,548.18,548.18,548.18,0.0
2025-01-17,553.67,553.67,553.67,0.0
2025-01-21,558.54,558.54,558.54,0.0
2025-01-22,561.98,561.98,561.98,0.0
2025-01-23,564.97,564.97,564.97,0.0
2025-01-24,563.41,563.41,563.41,0.0
2025-01-27,555.2,555.2,555.2,0.0
2025-01-28,560.31,560.31,560.31,0.0
2025-01-29,557.69,557.69,557.69,0.0
2025-01-30,560.65,560.65,560.65,0.0
2025-01-31,557.85,557.85,557.85,0.0
2025-02-03,553.64,553.64,553.64,0.0
2025-02-04,557.64,557.64,557.64,0.0
2025-02-05,559.84,559.84,559.84,0.0
2025-02-06,561.88,561.88,561.88,0.0
2025-02-07,556.58,556.58,556.58,0.0
2025-02-10,560.4,560.4,560.4,0.0
2025-02-11,560.6,560.6,560.6,0.0
2025-02-12,559.14,559.14,559.14,0.0
2025-02-13,564.97,564.97,564.97,0.0
2025-02-14,565.06,565.06,565.06,0.0
2025-02-18,564.59,564.59,564.59,0.0
2025-02-19,565.93,565.93,565.93,0.0
2025-02-20,563.55,563.55,563.55,0.0
2025-02-21,553.96,553.96,553.96,0.0
2025-02-24,551.22,551.22,551.22,0.0
2025-02-25,548.65,548.65,548.65,0.0
2025-02-26,548.74,548.74,548.74,0.0
2025-02-27,540.03,540.03,540.03,0.0
2025-02-28,548.66,548.66,548.66,0.0
2025-03-03,539.06,539.06,539.06,0.0
2025-03-04,532.48,532.48,532.48,0.0
2025-03-05,538.44,538.44,538.44,0.0
2025-03-06,528.85,528.85,528.85,0.0
2025-03-07,531.85,531.85,531.85,0.0
2025-03-10,517.6,517.6,517.6,0.0
2025-03-11,513.68,513.68,513.68,0.0
2025-03-12,516.2,516.2,516.2,0.0
2025-03-13,509.08,509.08,509.08,0.0
2025-03-14,520.01,520.01,520.01,0.0
2025-03-17,523.38,523.38,523.38,0.0
2025-03-18,517.82,517.82,517.82,0.0
2025-03-19,523.42,523.42,523.42,0.0
2025-03-20,522.33,522.33,522.33,0.0
2025-03-21,522.78,522.78,522.78,0.0
2025-03-24,532.01,532.01,532.01,0.0
2025-03-25,532.87,532.87,532.87,0.0
2025-03-26,526.92,526.92,526.92,0.0
2025-03-27,525.17,525.17,525.17,0.0
2025-03-28,514.82,514.82,514.82,0.0
2025-03-31,517.73,517.73,517.73,0.0
2025-04-01,519.7,519.7,519.7,0.0
2025-04-02,523.21,523.21,523.21,0.0
2025-04-03,497.91,497.91,497.91,0.0
2025-04-04,468.23,468.23,468.23,0.0
2025-04-07,467.14,467.14,467.14,0.0
2025-04-08,459.8,459.8,459.8,0.0
2025-04-09,503.56,503.56,503.56,0.0
2025-04-10,486.22,486.22,486.22,0.0
2025-04-11,495.03,495.03,495.03,0.0
2025-04-14,498.97,498.97,498.97,0.0
2025-04-15,498.15,498.15,498.15,0.0
2025-04-16,487.0,487.0,487.0,0.0
2025-04-17,487.66,487.66,487.66,0.0
2025-04-21,476.2,476.2,476.2,0.0
2025-04-22,488.17,488.17,488.17,0.0
2025-04-23,496.32,496.32,496.32,0.0
2025-04-24,506.37,506.37,506.37,0.0
2025-04-25,510.11,510.11,510.11,0.0
2025-04-28,510.44,510.44,510.44,0.0
2025-04-29,513.4,513.4,513.4,0.0
2025-04-30,514.2,514.2,514.2,0.0
2025-05-01,517.45,517.45,517.45,0.0
2025-05-02,525.08,525.08,525.08,0.0
2025-05-05,521.76,521.76,521.76,0.0
2025-05-06,517.75,517.75,517.75,0.0
2025-05-07,517.75,517.75,517.75,0.0
2025-05-08,523.02,523.02,523.02,0.0
2025-05-09,522.74,522.74,522.74,0.0
2025-05-12,539.82,539.82,539.82,0.0
2025-05-13,543.75,543.75,543.75,0.0
2025-05-14,544.33,544.33,544.33,0.0
2025-05-15,546.71,546.71,546.71,0.0
2025-05-16,550.61,550.61,550.61,0.0
2025-05-19,551.18,551.18,551.18,0.0
2025-05-20,549.05,549.05,549.05,0.0
2025-05-21,540.21,540.21,540.21,0.0
2025-05-22,539.98,539.98,539.98,0.0
2025-05-23,536.38,536.38,536.38,0.0
2025-05-27,547.4,547.4,547.4,0.0
2025-05-28,544.36,544.36,544.36,0.0
2025-05-29,546.55,546.55,546.55,0.0
2025-05-30,546.55,546.55,546.55,0.0
2025-06-02,548.86,548.86,548.86,0.0
2025-06-03,552.05,552.05,552.05,0.0
2025-06-04,552.11,552.11,552.11,0.0
2025-06-05,549.24,549.24,549.24,0.0
2025-06-06,554.95,554.95,554.95,0.0
2025-06-09,555.51,555.51,555.51,0.0
2025-06-10,558.58,558.58,558.58,0.0
2025-06-11,557.05,557.05,557.05,0.0
2025-06-12,559.18,559.18,559.18,0.0
2025-06-13,552.96,552.96,552.96,0.0
2025-06-16,558.24,558.24,558.24,0.0
2025-06-17,553.6,553.6,553.6,0.0
2025-06-18,553.44,553.44,553.44,0.0
2025-06-20,552.27,552.27,552.27,0.0
2025-06-23,557.58,557.58,557.58,0.0
2025-06-24,557.58,557.58,557.58,0.0
2025-06-25,563.8,563.8,563.8,0.0
2025-06-26,568.33,568.33,568.33,0.0
2025-06-27,571.33,571.33,571.33,0.0
2025-06-30,572.58,572.58,572.58,0.0
2025-07-01,571.96,571.96,571.96,0.0
2025-07-02,574.69,574.69,574.69,0.0
2025-07-03,579.57,579.57,579.57,0.0
2025-07-07,575.02,575.02,575.02,0.0
2025-07-08,574.61,574.61,574.61,0.0
2025-07-09,578.1,578.1,578.1,0.0
2025-07-10,579.77,579.77,579.77,0.0
2025-07-11,577.86,577.86,577.86,0.0
2025-07-14,578.67,578.67,578.67,0.0
2025-07-15,576.43,576.43,576.43,0.0
2025-07-16,578.27,578.27,578.27,0.0
2025-07-17,581.37,581.37,581.37,0.0
2025-07-18,581.35,581.35,581.35,0.0
2025-07-21,582.17,582.17,582.17,0.0
2025-07-22,582.56,582.56,582.56,0.0
2025-07-23,587.11,587.11,587.11,0.0
2025-07-24,587.53,587.53,587.53,0.0
2025-07-25,589.89,589.89,589.89,0.0
2025-07-28,590.0,590.0,590.0,0.0
2025-07-29,588.25,588.25,588.25,0.0
2025-07-30,587.52,587.52,587.52,0.0
2025-07-31,585.39,585.39,585.39,0.0
2025-08-01,576.06,576.06,576.06,0.0
2025-08-04,584.57,584.57,584.57,0.0
2025-08-05,581.73,581.73,581.73,0.0
2025-08-06,585.97,585.97,585.97,0.0
2025-08-07,585.53,585.53,585.53,0.0
2025-08-08,590.14,590.14,590.14,0.0
2025-08-11,588.72,588.72,588.72,0.0
2025-08-12,595.42,595.42,595.42,0.0
2025-08-13,597.36,597.36,597.36,0.0
2025-08-14,597.56,597.56,597.56,0.0
2025-08-15,595.96,595.96,595.96,0.0
2025-08-18,595.95,595.95,595.95,0.0
2025-08-19,592.51,592.51,592.51,0.0
2025-08-20,591.08,591.08,591.08,0.0
2025-08-21,588.79,588.79,588.79,0.0
2025-08-22,597.75,597.75,597.75,0.0
2025-08-25,595.21,595.21,595.21,0.0
2025-08-26,597.71,597.71,597.71,0.0
2025-08-27,599.14,599.14,599.14,0.0
2025-08-28,601.05,601.05,601.05,0.0
2025-08-29,597.25,597.25,597.25,0.0
2025-09-02,593.23,593.23,593.23,0.0
2025-09-03,596.27,596.27,596.27,0.0
2025-09-04,601.3,601.3,601.3,0.0
2025-09-05,599.48,599.48,599.48,0.0
2025-09-08,600.77,600.77,600.77,0.0
2025-09-09,602.4,602.4,602.4,0.0
2025-09-10,604.22,604.22,604.22,0.0
2025-09-11,609.35,609.35,609.35,0.0
2025-09-12,609.08,609.08,609.08,0.0
2025-09-15,612.09,612.09,612.09,0.0
2025-09-16,611.32,611.32,611.32,0.0
2025-09-17,610.73,610.73,610.73,0.0
2025-09-18,613.67,613.67,613.67,0.0
2025-09-19,616.67,616.67,616.67,0.0
2025-09-22,619.43,619.43,619.43,0.0
2025-09-23,616.02,616.02,616.02,0.0
2025-09-24,614.27,614.27,614.27,0.0
2025-09-25,611.2,611.2,611.2,0.0
2025-09-26,614.82,614.82,614.82,0.0
2025-09-29,614.71,614.71,614.71,0.0
2025-09-30,617.29,617.29,617.29,0.0
2025-10-01,619.41,619.41,619.41,0.0
2025-10-02,619.8,619.8,619.8,0.0
2025-10-03,619.91,619.91,619.91,0.0
2025-10-06,622.21,622.21,622.21,0.0
2025-10-07,619.84,619.84,619.84,0.0
2025-10-08,623.46,623.46,623.46,0.0
2025-10-09,621.76,621.76,621.76,0.0
2025-10-10,604.98,604.98,604.98,0.0
2025-10-13,614.41,614.41,614.41,0.0
2025-10-14,613.46,613.46,613.46,0.0
2025-10-15,615.98,615.98,615.98,0.0
2025-10-16,612.1,612.1,612.1,0.0
2025-10-17,615.34,615.34,615.34,0.0
2025-10-20,621.91,621.91,621.91,0.0
2025-10-21,621.93,621.93,621.93,0.0
2025-10-22,618.62,618.62,618.62,0.0
2025-10-23,622.24,622.24,622.24,0.0
2025-10-24,627.18,627.18,627.18,0.0
2025-10-27,634.89,634.89,634.89,0.0
2025-10-28,636.35,636.35,636.35,0.0
2025-10-29,636.32,636.32,636.32,0.0
2025-10-30,630.02,630.02,630.02,0.0
2025-10-31,631.72,631.72,631.72,0.0
2025-11-03,632.84,632.84,632.84,0.0
2025-11-04,625.42,625.42,625.42,0.0
2025-11-05,627.71,627.71,627.71,0.0
2025-11-06,620.69,620.69,620.69,0.0
2025-11-07,621.54,621.54,621.54,0.0
2025-11-10,631.19,631.19,631.19,0.0
2025-11-11,632.5,632.5,632.5,0.0
2025-11-12,632.92,632.92,632.92,0.0
2025-11-13,622.46,622.46,622.46,0.0
2025-11-14,622.28,622.28,622.28,0.0
2025-11-17,616.64,616.64,616.64,0.0
2025-11-18,611.59,611.59,611.59,0.0
2025-11-19,613.9,613.9,613.9,0.0
2025-11-20,604.43,604.43,604.43,0.0
2025-11-21,610.41,610.41,610.41,0.0
2025-11-24,619.86,619.86,619.86,0.0
2025-11-25,625.52,625.52,625.52,0.0
2025-11-26,629.85,629.85,629.85,0.0
2025-11-28,633.24,633.24,633.24,0.0
2025-12-01,629.95,629.95,629.95,0.0
2025-12-02,631.51,631.51,631.51,0.0
2025-12-03,633.41,633.41,633.41,0.0
2025-12-04,634.14,634.14,634.14,0.0
2025-12-05,635.46,635.46,635.46,0.0
2025-12-08,633.31,633.31,633.31,0.0
2025-12-09,632.76,632.76,632.76,0.0
2025-12-10,637.05,637.05,637.05,0.0
2025-12-11,638.38,638.38,638.38,0.0
2025-12-12,631.61,631.61,631.61,0.0
2025-12-15,630.7,630.7,630.7,0.0
2025-12-16,629.22,629.22,629.22,0.0
2025-12-17,621.94,621.94,621.94,0.0
2025-12-18,626.88,626.88,626.88,0.0
2025-12-19,632.42,632.42,632.42,0.0
2025-12-22,634.76,634.76,634.76,0.0
2025-12-23,637.65,637.65,637.65,0.0
2025-12-24,639.7,639.7,639.7,0.0
2025-12-26,639.57,639.57,639.57,0.0
2025-12-29,637.35,637.35,637.35,0.0
2025-12-30,636.48,636.48,636.48,0.0
2025-12-31,631.84,631.84,631.84,0.0
2026-01-02,633.18,633.18,633.18,0.0
2026-01-05,637.21,637.21,637.21,0.0
2026-01-06,641.2,641.2,641.2,0.0
2026-01-07,639.0,639.0,639.0,0.0
2026-01-08,639.05,639.05,639.05,0.0
2026-01-09,643.21,643.21,643.21,0.0
2026-01-12,644.28,644.28,644.28,0.0
2026-01-13,643.04,643.04,643.04,0.0
2026-01-14,639.62,639.62,639.62,0.0
2026-01-15,641.29,641.29,641.29,0.0
2026-01-16,640.92,640.92,640.92,0.0
2026-01-20,627.72,627.72,627.72,0.0
2026-01-21,635.0,635.0,635.0,0.0
2026-01-22,638.5,638.5,638.5,0.0
2026-01-23,638.76,638.76,638.76,0.0
2026-01-26,641.96,641.96,641.96,0.0
2026-01-27,644.58,644.58,644.58,0.0
2026-01-28,644.53,644.53,644.53,0.0
2026-01-29,643.71,643.71,643.71,0.0
2026-01-30,640.98,640.98,640.98,0.0
2026-02-02,644.46,644.46,644.46,0.0
2026-02-03,639.05,639.05,639.05,0.0
2026-02-04,635.81,635.81,635.81,0.0
2026-02-05,628.03,628.03,628.03,0.0
2026-02-06,640.42,640.42,640.42,0.0
2026-02-09,643.48,643.48,643.48,0.0
2026-02-10,641.39,641.39,641.39,0.0
2026-02-11,641.38,641.38,641.38,0.0
2026-02-12,631.39,631.39,631.39,0.0
2026-02-13,631.79,631.79,631.79,0.0
2026-02-17,632.53,632.53,632.53,0.0
2026-02-18,636.07,636.07,636.07,0.0
2026-02-19,634.36,634.36,634.36,0.0
2026-02-20,638.79,638.79,638.79,0.0
2026-02-23,632.17,632.17,632.17,0.0
2026-02-24,637.04,637.04,637.04,0.0
2026-02-25,642.25,642.25,642.25,0.0
2026-02-26,638.8,638.8,638.8,0.0
2026-02-27,636.09,636.09,636.09,0.0
2026-03-02,636.39,636.39,636.39,0.0
2026-03-03,630.41,630.41,630.41,0.0
2026-03-04,635.31,635.31,635.31,0.0
2026-03-05,631.74,631.74,631.74,0.0
2026-03-06,623.44,623.44,623.44,0.0
2026-03-09,628.68,628.68,628.68,0.0
2026-03-10,627.4,627.4,627.4,0.0
2026-03-11,626.9,626.9,626.9,0.0
2026-03-12,617.38,617.38,617.38,0.0
2026-03-13,613.72,613.72,613.72,0.0
2026-03-16,619.99,619.99,619.99,0.0
2026-03-17,621.56,621.56,621.56,0.0
2026-03-18,613.11,613.11,613.11,0.0
2026-03-19,611.46,611.46,611.46,0.0
2026-03-20,602.22,602.22,602.22,0.0
2026-03-23,609.15,609.15,609.15,0.0
2026-03-24,606.87,606.87,606.87,0.0
2026-03-25,610.18,610.18,610.18,0.0
2026-03-26,599.56,599.56,599.56,0.0
2026-03-27,587.68,587.68,587.68,0.0
2026-03-30,585.37,585.37,585.37,0.0
2026-03-31,602.47,602.47,602.47,0.0
2026-04-01,606.82,606.82,606.82,0.0
2026-04-02,607.54,607.54,607.54,0.0
2026-04-06,610.27,610.27,610.27,0.0
2026-04-07,610.74,610.74,610.74,0.0
2026-04-08,626.06,626.06,626.06,0.0
2026-04-09,629.96,629.96,629.96,0.0
2026-04-10,629.31,629.31,629.31,0.0
2026-04-13,635.71,635.71,635.71,0.0
2026-04-14,643.21,643.21,643.21,0.0
2026-04-15,648.39,648.39,648.39,0.0
2026-04-16,650.09,650.09,650.09,0.0
2026-04-17,657.92,657.92,657.92,0.0
2026-04-20,656.37,656.37,656.37,0.0
2026-04-21,652.21,652.21,652.21,0.0
2026-04-22,659.04,659.04,659.04,0.0
2026-04-23,656.32,656.32,656.32,0.0
2026-04-24,661.58,661.58,661.58,0.0
2026-04-27,662.4,662.4,662.4,0.0
2026-04-28,659.16,659.16,659.16,0.0
2026-04-29,658.9,658.9,658.9,0.0
2026-04-30,665.67,665.67,665.67,0.0
2026-05-01,667.63,667.63,667.63,0.0
2026-05-04,664.96,664.96,664.96,0.0
2026-05-05,670.38,670.38,670.38,0.0
2026-05-06,680.16,680.16,680.16,0.0
2026-05-07,677.57,677.57,677.57,0.0
2026-05-08,683.38,683.38,683.38,0.0
2026-05-11,684.72,684.72,684.72,0.0
2026-05-12,683.65,683.65,683.65,0.0
2026-05-13,687.67,687.67,687.67,0.0
2026-05-14,692.95,692.95,692.95,0.0
2026-05-15,684.52,684.52,684.52,0.0
2026-05-18,684.05,684.05,684.05,0.0
2026-05-19,679.53,679.53,679.53,0.0
2026-05-20,686.87,686.87,686.87,0.0
2026-05-21,688.14,688.14,688.14,0.0
2026-05-22,690.74,690.74,690.74,0.0
2026-05-26,695.0,695.0,695.0,0.0
2026-05-27,695.12,695.12,695.12,0.0
2026-05-28,699.13,699.13,699.13,0
2026-05-29,700.68,700.68,700.68,0
2026-06-01,702.57,702.57,702.57,0
2026-06-02,703.5,703.5,703.5,0
2026-06-03,698.33,698.33,698.33,0
2026-06-04,701.29,701.29,701.29,0
2026-06-05,682.84,682.84,682.84,0
2026-06-08,684.9,684.9,684.9,0
